<?xml version="1.0" encoding="utf-8" ?>
<kml xmlns="http://www.opengis.net/kml/2.2">
<Document id="root_doc">
<Schema name="interpolated_points" id="interpolated_points">
	<SimpleField name="fid" type="float"></SimpleField>
	<SimpleField name="id" type="string"></SimpleField>
	<SimpleField name="timestamp" type="string"></SimpleField>
	<SimpleField name="begin" type="string"></SimpleField>
	<SimpleField name="end" type="string"></SimpleField>
	<SimpleField name="altitudeMode" type="string"></SimpleField>
	<SimpleField name="tessellate" type="int"></SimpleField>
	<SimpleField name="extrude" type="int"></SimpleField>
	<SimpleField name="visibility" type="int"></SimpleField>
	<SimpleField name="drawOrder" type="int"></SimpleField>
	<SimpleField name="icon" type="string"></SimpleField>
	<SimpleField name="distance" type="float"></SimpleField>
	<SimpleField name="angle" type="float"></SimpleField>
	<SimpleField name="KM " type="string"></SimpleField>
	<SimpleField name="LATITUDE" type="float"></SimpleField>
	<SimpleField name="LONGITUDE" type="float"></SimpleField>
</Schema>
<Folder><name>interpolated_points</name>
  <Placemark id="interpolated_points.1">
	<name>LBR PASIR GUDANG</name>
	<ExtendedData><SchemaData schemaUrl="#interpolated_points">
		<SimpleData name="fid">1</SimpleData>
		<SimpleData name="tessellate">1</SimpleData>
		<SimpleData name="extrude">0</SimpleData>
		<SimpleData name="visibility">-1</SimpleData>
		<SimpleData name="distance">0</SimpleData>
		<SimpleData name="angle">44.6815659619888</SimpleData>
		<SimpleData name="KM ">KM 0.0</SimpleData>
		<SimpleData name="LATITUDE">1.494</SimpleData>
		<SimpleData name="LONGITUDE">103.677</SimpleData>
	</SchemaData></ExtendedData>
      <Point><coordinates>103.67696,1.49364,0</coordinates></Point>
  </Placemark>
  <Placemark id="interpolated_points.2">
	<name>LBR PASIR GUDANG</name>
	<ExtendedData><SchemaData schemaUrl="#interpolated_points">
		<SimpleData name="fid">1</SimpleData>
		<SimpleData name="tessellate">1</SimpleData>
		<SimpleData name="extrude">0</SimpleData>
		<SimpleData name="visibility">-1</SimpleData>
		<SimpleData name="distance">100</SimpleData>
		<SimpleData name="angle">36.4626041093603</SimpleData>
		<SimpleData name="KM ">KM 0.1</SimpleData>
		<SimpleData name="LATITUDE">1.494</SimpleData>
		<SimpleData name="LONGITUDE">103.678</SimpleData>
	</SchemaData></ExtendedData>
      <Point><coordinates>103.677575832338,1.49429704409768,0</coordinates></Point>
  </Placemark>
  <Placemark id="interpolated_points.3">
	<name>LBR PASIR GUDANG</name>
	<ExtendedData><SchemaData schemaUrl="#interpolated_points">
		<SimpleData name="fid">1</SimpleData>
		<SimpleData name="tessellate">1</SimpleData>
		<SimpleData name="extrude">0</SimpleData>
		<SimpleData name="visibility">-1</SimpleData>
		<SimpleData name="distance">200</SimpleData>
		<SimpleData name="angle">44.3355596848302</SimpleData>
		<SimpleData name="KM ">KM 0.2</SimpleData>
		<SimpleData name="LATITUDE">1.495</SimpleData>
		<SimpleData name="LONGITUDE">103.678</SimpleData>
	</SchemaData></ExtendedData>
      <Point><coordinates>103.678199744185,1.49494754869539,0</coordinates></Point>
  </Placemark>
  <Placemark id="interpolated_points.4">
	<name>LBR PASIR GUDANG</name>
	<ExtendedData><SchemaData schemaUrl="#interpolated_points">
		<SimpleData name="fid">1</SimpleData>
		<SimpleData name="tessellate">1</SimpleData>
		<SimpleData name="extrude">0</SimpleData>
		<SimpleData name="visibility">-1</SimpleData>
		<SimpleData name="distance">300</SimpleData>
		<SimpleData name="angle">44.671339704754</SimpleData>
		<SimpleData name="KM ">KM 0.3</SimpleData>
		<SimpleData name="LATITUDE">1.496</SimpleData>
		<SimpleData name="LONGITUDE">103.679</SimpleData>
	</SchemaData></ExtendedData>
      <Point><coordinates>103.678814435131,1.49560721274524,0</coordinates></Point>
  </Placemark>
  <Placemark id="interpolated_points.5">
	<name>LBR PASIR GUDANG</name>
	<ExtendedData><SchemaData schemaUrl="#interpolated_points">
		<SimpleData name="fid">1</SimpleData>
		<SimpleData name="tessellate">1</SimpleData>
		<SimpleData name="extrude">0</SimpleData>
		<SimpleData name="visibility">-1</SimpleData>
		<SimpleData name="distance">400</SimpleData>
		<SimpleData name="angle">45.217002264306</SimpleData>
		<SimpleData name="KM ">KM 0.4</SimpleData>
		<SimpleData name="LATITUDE">1.496</SimpleData>
		<SimpleData name="LONGITUDE">103.679</SimpleData>
	</SchemaData></ExtendedData>
      <Point><coordinates>103.679443336163,1.49625333616748,0</coordinates></Point>
  </Placemark>
  <Placemark id="interpolated_points.6">
	<name>LBR PASIR GUDANG</name>
	<ExtendedData><SchemaData schemaUrl="#interpolated_points">
		<SimpleData name="fid">1</SimpleData>
		<SimpleData name="tessellate">1</SimpleData>
		<SimpleData name="extrude">0</SimpleData>
		<SimpleData name="visibility">-1</SimpleData>
		<SimpleData name="distance">500</SimpleData>
		<SimpleData name="angle">45.217002264306</SimpleData>
		<SimpleData name="KM ">KM 0.5</SimpleData>
		<SimpleData name="LATITUDE">1.497</SimpleData>
		<SimpleData name="LONGITUDE">103.680</SimpleData>
	</SchemaData></ExtendedData>
      <Point><coordinates>103.680080861956,1.49689086204122,0</coordinates></Point>
  </Placemark>
  <Placemark id="interpolated_points.7">
	<name>LBR PASIR GUDANG</name>
	<ExtendedData><SchemaData schemaUrl="#interpolated_points">
		<SimpleData name="fid">1</SimpleData>
		<SimpleData name="tessellate">1</SimpleData>
		<SimpleData name="extrude">0</SimpleData>
		<SimpleData name="visibility">-1</SimpleData>
		<SimpleData name="distance">600</SimpleData>
		<SimpleData name="angle">45.2169907362362</SimpleData>
		<SimpleData name="KM ">KM 0.6</SimpleData>
		<SimpleData name="LATITUDE">1.498</SimpleData>
		<SimpleData name="LONGITUDE">103.681</SimpleData>
	</SchemaData></ExtendedData>
      <Point><coordinates>103.680718388084,1.49752838808974,0</coordinates></Point>
  </Placemark>
  <Placemark id="interpolated_points.8">
	<name>LBR PASIR GUDANG</name>
	<ExtendedData><SchemaData schemaUrl="#interpolated_points">
		<SimpleData name="fid">1</SimpleData>
		<SimpleData name="tessellate">1</SimpleData>
		<SimpleData name="extrude">0</SimpleData>
		<SimpleData name="visibility">-1</SimpleData>
		<SimpleData name="distance">700</SimpleData>
		<SimpleData name="angle">45.2169807102713</SimpleData>
		<SimpleData name="KM ">KM 0.7</SimpleData>
		<SimpleData name="LATITUDE">1.498</SimpleData>
		<SimpleData name="LONGITUDE">103.681</SimpleData>
	</SchemaData></ExtendedData>
      <Point><coordinates>103.681365556982,1.49815555698533,0</coordinates></Point>
  </Placemark>
  <Placemark id="interpolated_points.9">
	<name>LBR PASIR GUDANG</name>
	<ExtendedData><SchemaData schemaUrl="#interpolated_points">
		<SimpleData name="fid">1</SimpleData>
		<SimpleData name="tessellate">1</SimpleData>
		<SimpleData name="extrude">0</SimpleData>
		<SimpleData name="visibility">-1</SimpleData>
		<SimpleData name="distance">800</SimpleData>
		<SimpleData name="angle">44.3354972095845</SimpleData>
		<SimpleData name="KM ">KM 0.8</SimpleData>
		<SimpleData name="LATITUDE">1.499</SimpleData>
		<SimpleData name="LONGITUDE">103.682</SimpleData>
	</SchemaData></ExtendedData>
      <Point><coordinates>103.681995119138,1.49880090411863,0</coordinates></Point>
  </Placemark>
  <Placemark id="interpolated_points.10">
	<name>LBR PASIR GUDANG</name>
	<ExtendedData><SchemaData schemaUrl="#interpolated_points">
		<SimpleData name="fid">1</SimpleData>
		<SimpleData name="tessellate">1</SimpleData>
		<SimpleData name="extrude">0</SimpleData>
		<SimpleData name="visibility">-1</SimpleData>
		<SimpleData name="distance">900</SimpleData>
		<SimpleData name="angle">45.2169513338335</SimpleData>
		<SimpleData name="KM ">KM 0.9</SimpleData>
		<SimpleData name="LATITUDE">1.499</SimpleData>
		<SimpleData name="LONGITUDE">103.683</SimpleData>
	</SchemaData></ExtendedData>
      <Point><coordinates>103.682625542291,1.499445542293,0</coordinates></Point>
  </Placemark>
  <Placemark id="interpolated_points.11">
	<name>LBR PASIR GUDANG</name>
	<ExtendedData><SchemaData schemaUrl="#interpolated_points">
		<SimpleData name="fid">1</SimpleData>
		<SimpleData name="tessellate">1</SimpleData>
		<SimpleData name="extrude">0</SimpleData>
		<SimpleData name="visibility">-1</SimpleData>
		<SimpleData name="distance">1000</SimpleData>
		<SimpleData name="angle">45.2169513338335</SimpleData>
		<SimpleData name="KM ">KM 1.0</SimpleData>
		<SimpleData name="LATITUDE">1.500</SimpleData>
		<SimpleData name="LONGITUDE">103.683</SimpleData>
	</SchemaData></ExtendedData>
      <Point><coordinates>103.683263069373,1.5000830694293,0</coordinates></Point>
  </Placemark>
  <Placemark id="interpolated_points.12">
	<name>LBR PASIR GUDANG</name>
	<ExtendedData><SchemaData schemaUrl="#interpolated_points">
		<SimpleData name="fid">1</SimpleData>
		<SimpleData name="tessellate">1</SimpleData>
		<SimpleData name="extrude">0</SimpleData>
		<SimpleData name="visibility">-1</SimpleData>
		<SimpleData name="distance">1100</SimpleData>
		<SimpleData name="angle">44.7187097479535</SimpleData>
		<SimpleData name="KM ">KM 1.1</SimpleData>
		<SimpleData name="LATITUDE">1.501</SimpleData>
		<SimpleData name="LONGITUDE">103.684</SimpleData>
	</SchemaData></ExtendedData>
      <Point><coordinates>103.683897727759,1.50072347739185,0</coordinates></Point>
  </Placemark>
  <Placemark id="interpolated_points.13">
	<name>LBR PASIR GUDANG</name>
	<ExtendedData><SchemaData schemaUrl="#interpolated_points">
		<SimpleData name="fid">1</SimpleData>
		<SimpleData name="tessellate">1</SimpleData>
		<SimpleData name="extrude">0</SimpleData>
		<SimpleData name="visibility">-1</SimpleData>
		<SimpleData name="distance">1200</SimpleData>
		<SimpleData name="angle">44.0710447097987</SimpleData>
		<SimpleData name="KM ">KM 1.2</SimpleData>
		<SimpleData name="LATITUDE">1.501</SimpleData>
		<SimpleData name="LONGITUDE">103.685</SimpleData>
	</SchemaData></ExtendedData>
      <Point><coordinates>103.684525243817,1.50137096806675,0</coordinates></Point>
  </Placemark>
  <Placemark id="interpolated_points.14">
	<name>LBR PASIR GUDANG</name>
	<ExtendedData><SchemaData schemaUrl="#interpolated_points">
		<SimpleData name="fid">1</SimpleData>
		<SimpleData name="tessellate">1</SimpleData>
		<SimpleData name="extrude">0</SimpleData>
		<SimpleData name="visibility">-1</SimpleData>
		<SimpleData name="distance">1300</SimpleData>
		<SimpleData name="angle">63.6150953148908</SimpleData>
		<SimpleData name="KM ">KM 1.3</SimpleData>
		<SimpleData name="LATITUDE">1.502</SimpleData>
		<SimpleData name="LONGITUDE">103.685</SimpleData>
	</SchemaData></ExtendedData>
      <Point><coordinates>103.685211752978,1.50194587649105,0</coordinates></Point>
  </Placemark>
  <Placemark id="interpolated_points.15">
	<name>LBR PASIR GUDANG</name>
	<ExtendedData><SchemaData schemaUrl="#interpolated_points">
		<SimpleData name="fid">1</SimpleData>
		<SimpleData name="tessellate">1</SimpleData>
		<SimpleData name="extrude">0</SimpleData>
		<SimpleData name="visibility">-1</SimpleData>
		<SimpleData name="distance">1400</SimpleData>
		<SimpleData name="angle">86.6893118750239</SimpleData>
		<SimpleData name="KM ">KM 1.4</SimpleData>
		<SimpleData name="LATITUDE">1.502</SimpleData>
		<SimpleData name="LONGITUDE">103.686</SimpleData>
	</SchemaData></ExtendedData>
      <Point><coordinates>103.686061426821,1.50221067216634,0</coordinates></Point>
  </Placemark>
  <Placemark id="interpolated_points.16">
	<name>LBR PASIR GUDANG</name>
	<ExtendedData><SchemaData schemaUrl="#interpolated_points">
		<SimpleData name="fid">1</SimpleData>
		<SimpleData name="tessellate">1</SimpleData>
		<SimpleData name="extrude">0</SimpleData>
		<SimpleData name="visibility">-1</SimpleData>
		<SimpleData name="distance">1500</SimpleData>
		<SimpleData name="angle">99.4377561401829</SimpleData>
		<SimpleData name="KM ">KM 1.5</SimpleData>
		<SimpleData name="LATITUDE">1.502</SimpleData>
		<SimpleData name="LONGITUDE">103.687</SimpleData>
	</SchemaData></ExtendedData>
      <Point><coordinates>103.686955528491,1.50217407859113,0</coordinates></Point>
  </Placemark>
  <Placemark id="interpolated_points.17">
	<name>LBR PASIR GUDANG</name>
	<ExtendedData><SchemaData schemaUrl="#interpolated_points">
		<SimpleData name="fid">1</SimpleData>
		<SimpleData name="tessellate">1</SimpleData>
		<SimpleData name="extrude">0</SimpleData>
		<SimpleData name="visibility">-1</SimpleData>
		<SimpleData name="distance">1600</SimpleData>
		<SimpleData name="angle">102.223656249137</SimpleData>
		<SimpleData name="KM ">KM 1.6</SimpleData>
		<SimpleData name="LATITUDE">1.502</SimpleData>
		<SimpleData name="LONGITUDE">103.688</SimpleData>
	</SchemaData></ExtendedData>
      <Point><coordinates>103.687835344711,1.50199014249466,0</coordinates></Point>
  </Placemark>
  <Placemark id="interpolated_points.18">
	<name>LBR PASIR GUDANG</name>
	<ExtendedData><SchemaData schemaUrl="#interpolated_points">
		<SimpleData name="fid">1</SimpleData>
		<SimpleData name="tessellate">1</SimpleData>
		<SimpleData name="extrude">0</SimpleData>
		<SimpleData name="visibility">-1</SimpleData>
		<SimpleData name="distance">1700</SimpleData>
		<SimpleData name="angle">81.9552034134467</SimpleData>
		<SimpleData name="KM ">KM 1.7</SimpleData>
		<SimpleData name="LATITUDE">1.502</SimpleData>
		<SimpleData name="LONGITUDE">103.689</SimpleData>
	</SchemaData></ExtendedData>
      <Point><coordinates>103.688724095077,1.50192344215475,0</coordinates></Point>
  </Placemark>
  <Placemark id="interpolated_points.19">
	<name>LBR PASIR GUDANG</name>
	<ExtendedData><SchemaData schemaUrl="#interpolated_points">
		<SimpleData name="fid">1</SimpleData>
		<SimpleData name="tessellate">1</SimpleData>
		<SimpleData name="extrude">0</SimpleData>
		<SimpleData name="visibility">-1</SimpleData>
		<SimpleData name="distance">1800</SimpleData>
		<SimpleData name="angle">62.7266311182662</SimpleData>
		<SimpleData name="KM ">KM 1.8</SimpleData>
		<SimpleData name="LATITUDE">1.502</SimpleData>
		<SimpleData name="LONGITUDE">103.690</SimpleData>
	</SchemaData></ExtendedData>
      <Point><coordinates>103.68956344327,1.50222649507465,0</coordinates></Point>
  </Placemark>
  <Placemark id="interpolated_points.20">
	<name>LBR PASIR GUDANG</name>
	<ExtendedData><SchemaData schemaUrl="#interpolated_points">
		<SimpleData name="fid">1</SimpleData>
		<SimpleData name="tessellate">1</SimpleData>
		<SimpleData name="extrude">0</SimpleData>
		<SimpleData name="visibility">-1</SimpleData>
		<SimpleData name="distance">1900</SimpleData>
		<SimpleData name="angle">62.1609094639286</SimpleData>
		<SimpleData name="KM ">KM 1.9</SimpleData>
		<SimpleData name="LATITUDE">1.503</SimpleData>
		<SimpleData name="LONGITUDE">103.690</SimpleData>
	</SchemaData></ExtendedData>
      <Point><coordinates>103.690361914933,1.50264166440272,0</coordinates></Point>
  </Placemark>
  <Placemark id="interpolated_points.21">
	<name>LBR PASIR GUDANG</name>
	<ExtendedData><SchemaData schemaUrl="#interpolated_points">
		<SimpleData name="fid">1</SimpleData>
		<SimpleData name="tessellate">1</SimpleData>
		<SimpleData name="extrude">0</SimpleData>
		<SimpleData name="visibility">-1</SimpleData>
		<SimpleData name="distance">2000</SimpleData>
		<SimpleData name="angle">56.5124634758597</SimpleData>
		<SimpleData name="KM ">KM 2.0</SimpleData>
		<SimpleData name="LATITUDE">1.503</SimpleData>
		<SimpleData name="LONGITUDE">103.691</SimpleData>
	</SchemaData></ExtendedData>
      <Point><coordinates>103.691158720446,1.50305914696397,0</coordinates></Point>
  </Placemark>
  <Placemark id="interpolated_points.22">
	<name>LBR PASIR GUDANG</name>
	<ExtendedData><SchemaData schemaUrl="#interpolated_points">
		<SimpleData name="fid">1</SimpleData>
		<SimpleData name="tessellate">1</SimpleData>
		<SimpleData name="extrude">0</SimpleData>
		<SimpleData name="visibility">-1</SimpleData>
		<SimpleData name="distance">2100</SimpleData>
		<SimpleData name="angle">61.7740919666251</SimpleData>
		<SimpleData name="KM ">KM 2.1</SimpleData>
		<SimpleData name="LATITUDE">1.503</SimpleData>
		<SimpleData name="LONGITUDE">103.692</SimpleData>
	</SchemaData></ExtendedData>
      <Point><coordinates>103.691966652064,1.50345212326836,0</coordinates></Point>
  </Placemark>
  <Placemark id="interpolated_points.23">
	<name>LBR PASIR GUDANG</name>
	<ExtendedData><SchemaData schemaUrl="#interpolated_points">
		<SimpleData name="fid">1</SimpleData>
		<SimpleData name="tessellate">1</SimpleData>
		<SimpleData name="extrude">0</SimpleData>
		<SimpleData name="visibility">-1</SimpleData>
		<SimpleData name="distance">2200</SimpleData>
		<SimpleData name="angle">67.2328420247381</SimpleData>
		<SimpleData name="KM ">KM 2.2</SimpleData>
		<SimpleData name="LATITUDE">1.504</SimpleData>
		<SimpleData name="LONGITUDE">103.693</SimpleData>
	</SchemaData></ExtendedData>
      <Point><coordinates>103.692754883765,1.50388629697907,0</coordinates></Point>
  </Placemark>
  <Placemark id="interpolated_points.24">
	<name>LBR PASIR GUDANG</name>
	<ExtendedData><SchemaData schemaUrl="#interpolated_points">
		<SimpleData name="fid">1</SimpleData>
		<SimpleData name="tessellate">1</SimpleData>
		<SimpleData name="extrude">0</SimpleData>
		<SimpleData name="visibility">-1</SimpleData>
		<SimpleData name="distance">2300</SimpleData>
		<SimpleData name="angle">63.6149073387175</SimpleData>
		<SimpleData name="KM ">KM 2.3</SimpleData>
		<SimpleData name="LATITUDE">1.504</SimpleData>
		<SimpleData name="LONGITUDE">103.694</SimpleData>
	</SchemaData></ExtendedData>
      <Point><coordinates>103.693572133355,1.5042610666781,0</coordinates></Point>
  </Placemark>
  <Placemark id="interpolated_points.25">
	<name>LBR PASIR GUDANG</name>
	<ExtendedData><SchemaData schemaUrl="#interpolated_points">
		<SimpleData name="fid">1</SimpleData>
		<SimpleData name="tessellate">1</SimpleData>
		<SimpleData name="extrude">0</SimpleData>
		<SimpleData name="visibility">-1</SimpleData>
		<SimpleData name="distance">2400</SimpleData>
		<SimpleData name="angle">63.4408661060067</SimpleData>
		<SimpleData name="KM ">KM 2.4</SimpleData>
		<SimpleData name="LATITUDE">1.505</SimpleData>
		<SimpleData name="LONGITUDE">103.694</SimpleData>
	</SchemaData></ExtendedData>
      <Point><coordinates>103.694378514388,1.5046603966287,0</coordinates></Point>
  </Placemark>
  <Placemark id="interpolated_points.26">
	<name>LBR PASIR GUDANG</name>
	<ExtendedData><SchemaData schemaUrl="#interpolated_points">
		<SimpleData name="fid">1</SimpleData>
		<SimpleData name="tessellate">1</SimpleData>
		<SimpleData name="extrude">0</SimpleData>
		<SimpleData name="visibility">-1</SimpleData>
		<SimpleData name="distance">2500</SimpleData>
		<SimpleData name="angle">63.4408661060067</SimpleData>
		<SimpleData name="KM ">KM 2.5</SimpleData>
		<SimpleData name="LATITUDE">1.505</SimpleData>
		<SimpleData name="LONGITUDE">103.695</SimpleData>
	</SchemaData></ExtendedData>
      <Point><coordinates>103.695182180018,1.50506529685393,0</coordinates></Point>
  </Placemark>
  <Placemark id="interpolated_points.27">
	<name>LBR PASIR GUDANG</name>
	<ExtendedData><SchemaData schemaUrl="#interpolated_points">
		<SimpleData name="fid">1</SimpleData>
		<SimpleData name="tessellate">1</SimpleData>
		<SimpleData name="extrude">0</SimpleData>
		<SimpleData name="visibility">-1</SimpleData>
		<SimpleData name="distance">2600</SimpleData>
		<SimpleData name="angle">64.102655696252</SimpleData>
		<SimpleData name="KM ">KM 2.6</SimpleData>
		<SimpleData name="LATITUDE">1.505</SimpleData>
		<SimpleData name="LONGITUDE">103.696</SimpleData>
	</SchemaData></ExtendedData>
      <Point><coordinates>103.695989251746,1.50546325086392,0</coordinates></Point>
  </Placemark>
  <Placemark id="interpolated_points.28">
	<name>LBR PASIR GUDANG</name>
	<ExtendedData><SchemaData schemaUrl="#interpolated_points">
		<SimpleData name="fid">1</SimpleData>
		<SimpleData name="tessellate">1</SimpleData>
		<SimpleData name="extrude">0</SimpleData>
		<SimpleData name="visibility">-1</SimpleData>
		<SimpleData name="distance">2700</SimpleData>
		<SimpleData name="angle">66.2068598195683</SimpleData>
		<SimpleData name="KM ">KM 2.7</SimpleData>
		<SimpleData name="LATITUDE">1.506</SimpleData>
		<SimpleData name="LONGITUDE">103.697</SimpleData>
	</SchemaData></ExtendedData>
      <Point><coordinates>103.696799651755,1.50585428966942,0</coordinates></Point>
  </Placemark>
  <Placemark id="interpolated_points.29">
	<name>LBR PASIR GUDANG</name>
	<ExtendedData><SchemaData schemaUrl="#interpolated_points">
		<SimpleData name="fid">1</SimpleData>
		<SimpleData name="tessellate">1</SimpleData>
		<SimpleData name="extrude">0</SimpleData>
		<SimpleData name="visibility">-1</SimpleData>
		<SimpleData name="distance">2800</SimpleData>
		<SimpleData name="angle">72.2128779052372</SimpleData>
		<SimpleData name="KM ">KM 2.8</SimpleData>
		<SimpleData name="LATITUDE">1.506</SimpleData>
		<SimpleData name="LONGITUDE">103.698</SimpleData>
	</SchemaData></ExtendedData>
      <Point><coordinates>103.697629040174,1.50619880711979,0</coordinates></Point>
  </Placemark>
  <Placemark id="interpolated_points.30">
	<name>LBR PASIR GUDANG</name>
	<ExtendedData><SchemaData schemaUrl="#interpolated_points">
		<SimpleData name="fid">1</SimpleData>
		<SimpleData name="tessellate">1</SimpleData>
		<SimpleData name="extrude">0</SimpleData>
		<SimpleData name="visibility">-1</SimpleData>
		<SimpleData name="distance">2900</SimpleData>
		<SimpleData name="angle">76.0835677857166</SimpleData>
		<SimpleData name="KM ">KM 2.9</SimpleData>
		<SimpleData name="LATITUDE">1.506</SimpleData>
		<SimpleData name="LONGITUDE">103.698</SimpleData>
	</SchemaData></ExtendedData>
      <Point><coordinates>103.698493360674,1.50644584017061,0</coordinates></Point>
  </Placemark>
  <Placemark id="interpolated_points.31">
	<name>LBR PASIR GUDANG</name>
	<ExtendedData><SchemaData schemaUrl="#interpolated_points">
		<SimpleData name="fid">1</SimpleData>
		<SimpleData name="tessellate">1</SimpleData>
		<SimpleData name="extrude">0</SimpleData>
		<SimpleData name="visibility">-1</SimpleData>
		<SimpleData name="distance">3000</SimpleData>
		<SimpleData name="angle">83.2344482261262</SimpleData>
		<SimpleData name="KM ">KM 3.0</SimpleData>
		<SimpleData name="LATITUDE">1.507</SimpleData>
		<SimpleData name="LONGITUDE">103.699</SimpleData>
	</SchemaData></ExtendedData>
      <Point><coordinates>103.699377433862,1.50660129206624,0</coordinates></Point>
  </Placemark>
  <Placemark id="interpolated_points.32">
	<name>LBR PASIR GUDANG</name>
	<ExtendedData><SchemaData schemaUrl="#interpolated_points">
		<SimpleData name="fid">1</SimpleData>
		<SimpleData name="tessellate">1</SimpleData>
		<SimpleData name="extrude">0</SimpleData>
		<SimpleData name="visibility">-1</SimpleData>
		<SimpleData name="distance">3100</SimpleData>
		<SimpleData name="angle">88.0017405582098</SimpleData>
		<SimpleData name="KM ">KM 3.1</SimpleData>
		<SimpleData name="LATITUDE">1.507</SimpleData>
		<SimpleData name="LONGITUDE">103.700</SimpleData>
	</SchemaData></ExtendedData>
      <Point><coordinates>103.700273424702,1.50666405088647,0</coordinates></Point>
  </Placemark>
  <Placemark id="interpolated_points.33">
	<name>LBR PASIR GUDANG</name>
	<ExtendedData><SchemaData schemaUrl="#interpolated_points">
		<SimpleData name="fid">1</SimpleData>
		<SimpleData name="tessellate">1</SimpleData>
		<SimpleData name="extrude">0</SimpleData>
		<SimpleData name="visibility">-1</SimpleData>
		<SimpleData name="distance">3200</SimpleData>
		<SimpleData name="angle">91.3734935575258</SimpleData>
		<SimpleData name="KM ">KM 3.2</SimpleData>
		<SimpleData name="LATITUDE">1.507</SimpleData>
		<SimpleData name="LONGITUDE">103.701</SimpleData>
	</SchemaData></ExtendedData>
      <Point><coordinates>103.701171771083,1.50666937013462,0</coordinates></Point>
  </Placemark>
  <Placemark id="interpolated_points.34">
	<name>LBR PASIR GUDANG</name>
	<ExtendedData><SchemaData schemaUrl="#interpolated_points">
		<SimpleData name="fid">1</SimpleData>
		<SimpleData name="tessellate">1</SimpleData>
		<SimpleData name="extrude">0</SimpleData>
		<SimpleData name="visibility">-1</SimpleData>
		<SimpleData name="distance">3300</SimpleData>
		<SimpleData name="angle">90.6150499092793</SimpleData>
		<SimpleData name="KM ">KM 3.3</SimpleData>
		<SimpleData name="LATITUDE">1.507</SimpleData>
		<SimpleData name="LONGITUDE">103.702</SimpleData>
	</SchemaData></ExtendedData>
      <Point><coordinates>103.702070394485,1.50665622051707,0</coordinates></Point>
  </Placemark>
  <Placemark id="interpolated_points.35">
	<name>LBR PASIR GUDANG</name>
	<ExtendedData><SchemaData schemaUrl="#interpolated_points">
		<SimpleData name="fid">1</SimpleData>
		<SimpleData name="tessellate">1</SimpleData>
		<SimpleData name="extrude">0</SimpleData>
		<SimpleData name="visibility">-1</SimpleData>
		<SimpleData name="distance">3400</SimpleData>
		<SimpleData name="angle">90.0341070052456</SimpleData>
		<SimpleData name="KM ">KM 3.4</SimpleData>
		<SimpleData name="LATITUDE">1.507</SimpleData>
		<SimpleData name="LONGITUDE">103.703</SimpleData>
	</SchemaData></ExtendedData>
      <Point><coordinates>103.702969114736,1.50665000002811,0</coordinates></Point>
  </Placemark>
  <Placemark id="interpolated_points.36">
	<name>LBR PASIR GUDANG</name>
	<ExtendedData><SchemaData schemaUrl="#interpolated_points">
		<SimpleData name="fid">1</SimpleData>
		<SimpleData name="tessellate">1</SimpleData>
		<SimpleData name="extrude">0</SimpleData>
		<SimpleData name="visibility">-1</SimpleData>
		<SimpleData name="distance">3500</SimpleData>
		<SimpleData name="angle">90.9522715266339</SimpleData>
		<SimpleData name="KM ">KM 3.5</SimpleData>
		<SimpleData name="LATITUDE">1.507</SimpleData>
		<SimpleData name="LONGITUDE">103.704</SimpleData>
	</SchemaData></ExtendedData>
      <Point><coordinates>103.703867805282,1.50664229347911,0</coordinates></Point>
  </Placemark>
  <Placemark id="interpolated_points.37">
	<name>LBR PASIR GUDANG</name>
	<ExtendedData><SchemaData schemaUrl="#interpolated_points">
		<SimpleData name="fid">1</SimpleData>
		<SimpleData name="tessellate">1</SimpleData>
		<SimpleData name="extrude">0</SimpleData>
		<SimpleData name="visibility">-1</SimpleData>
		<SimpleData name="distance">3600</SimpleData>
		<SimpleData name="angle">87.4479945106253</SimpleData>
		<SimpleData name="KM ">KM 3.6</SimpleData>
		<SimpleData name="LATITUDE">1.507</SimpleData>
		<SimpleData name="LONGITUDE">103.705</SimpleData>
	</SchemaData></ExtendedData>
      <Point><coordinates>103.704766267793,1.50665210309183,0</coordinates></Point>
  </Placemark>
  <Placemark id="interpolated_points.38">
	<name>LBR PASIR GUDANG</name>
	<ExtendedData><SchemaData schemaUrl="#interpolated_points">
		<SimpleData name="fid">1</SimpleData>
		<SimpleData name="tessellate">1</SimpleData>
		<SimpleData name="extrude">0</SimpleData>
		<SimpleData name="visibility">-1</SimpleData>
		<SimpleData name="distance">3700</SimpleData>
		<SimpleData name="angle">81.1174379203763</SimpleData>
		<SimpleData name="KM ">KM 3.7</SimpleData>
		<SimpleData name="LATITUDE">1.507</SimpleData>
		<SimpleData name="LONGITUDE">103.706</SimpleData>
	</SchemaData></ExtendedData>
      <Point><coordinates>103.705660858025,1.50672750390059,0</coordinates></Point>
  </Placemark>
  <Placemark id="interpolated_points.39">
	<name>LBR PASIR GUDANG</name>
	<ExtendedData><SchemaData schemaUrl="#interpolated_points">
		<SimpleData name="fid">1</SimpleData>
		<SimpleData name="tessellate">1</SimpleData>
		<SimpleData name="extrude">0</SimpleData>
		<SimpleData name="visibility">-1</SimpleData>
		<SimpleData name="distance">3800</SimpleData>
		<SimpleData name="angle">79.7931851982551</SimpleData>
		<SimpleData name="KM ">KM 3.8</SimpleData>
		<SimpleData name="LATITUDE">1.507</SimpleData>
		<SimpleData name="LONGITUDE">103.707</SimpleData>
	</SchemaData></ExtendedData>
      <Point><coordinates>103.706547671012,1.50687230382386,0</coordinates></Point>
  </Placemark>
  <Placemark id="interpolated_points.40">
	<name>LBR PASIR GUDANG</name>
	<ExtendedData><SchemaData schemaUrl="#interpolated_points">
		<SimpleData name="fid">1</SimpleData>
		<SimpleData name="tessellate">1</SimpleData>
		<SimpleData name="extrude">0</SimpleData>
		<SimpleData name="visibility">-1</SimpleData>
		<SimpleData name="distance">3900</SimpleData>
		<SimpleData name="angle">70.9164816018076</SimpleData>
		<SimpleData name="KM ">KM 3.9</SimpleData>
		<SimpleData name="LATITUDE">1.507</SimpleData>
		<SimpleData name="LONGITUDE">103.707</SimpleData>
	</SchemaData></ExtendedData>
      <Point><coordinates>103.707416905783,1.50709985085891,0</coordinates></Point>
  </Placemark>
  <Placemark id="interpolated_points.41">
	<name>LBR PASIR GUDANG</name>
	<ExtendedData><SchemaData schemaUrl="#interpolated_points">
		<SimpleData name="fid">1</SimpleData>
		<SimpleData name="tessellate">1</SimpleData>
		<SimpleData name="extrude">0</SimpleData>
		<SimpleData name="visibility">-1</SimpleData>
		<SimpleData name="distance">4000</SimpleData>
		<SimpleData name="angle">66.9671697481095</SimpleData>
		<SimpleData name="KM ">KM 4.0</SimpleData>
		<SimpleData name="LATITUDE">1.507</SimpleData>
		<SimpleData name="LONGITUDE">103.708</SimpleData>
	</SchemaData></ExtendedData>
      <Point><coordinates>103.708264046717,1.50740030573695,0</coordinates></Point>
  </Placemark>
  <Placemark id="interpolated_points.42">
	<name>LBR PASIR GUDANG</name>
	<ExtendedData><SchemaData schemaUrl="#interpolated_points">
		<SimpleData name="fid">1</SimpleData>
		<SimpleData name="tessellate">1</SimpleData>
		<SimpleData name="extrude">0</SimpleData>
		<SimpleData name="visibility">-1</SimpleData>
		<SimpleData name="distance">4100</SimpleData>
		<SimpleData name="angle">66.3624405368168</SimpleData>
		<SimpleData name="KM ">KM 4.1</SimpleData>
		<SimpleData name="LATITUDE">1.508</SimpleData>
		<SimpleData name="LONGITUDE">103.709</SimpleData>
	</SchemaData></ExtendedData>
      <Point><coordinates>103.70908503731,1.50776810470071,0</coordinates></Point>
  </Placemark>
  <Placemark id="interpolated_points.43">
	<name>LBR PASIR GUDANG</name>
	<ExtendedData><SchemaData schemaUrl="#interpolated_points">
		<SimpleData name="fid">1</SimpleData>
		<SimpleData name="tessellate">1</SimpleData>
		<SimpleData name="extrude">0</SimpleData>
		<SimpleData name="visibility">-1</SimpleData>
		<SimpleData name="distance">4200</SimpleData>
		<SimpleData name="angle">59.2308745406732</SimpleData>
		<SimpleData name="KM ">KM 4.2</SimpleData>
		<SimpleData name="LATITUDE">1.508</SimpleData>
		<SimpleData name="LONGITUDE">103.710</SimpleData>
	</SchemaData></ExtendedData>
      <Point><coordinates>103.709876305577,1.50819578335008,0</coordinates></Point>
  </Placemark>
  <Placemark id="interpolated_points.44">
	<name>LBR PASIR GUDANG</name>
	<ExtendedData><SchemaData schemaUrl="#interpolated_points">
		<SimpleData name="fid">1</SimpleData>
		<SimpleData name="tessellate">1</SimpleData>
		<SimpleData name="extrude">0</SimpleData>
		<SimpleData name="visibility">-1</SimpleData>
		<SimpleData name="distance">4300</SimpleData>
		<SimpleData name="angle">52.9314003434761</SimpleData>
		<SimpleData name="KM ">KM 4.3</SimpleData>
		<SimpleData name="LATITUDE">1.509</SimpleData>
		<SimpleData name="LONGITUDE">103.711</SimpleData>
	</SchemaData></ExtendedData>
      <Point><coordinates>103.710619280663,1.50870363157021,0</coordinates></Point>
  </Placemark>
  <Placemark id="interpolated_points.45">
	<name>LBR PASIR GUDANG</name>
	<ExtendedData><SchemaData schemaUrl="#interpolated_points">
		<SimpleData name="fid">1</SimpleData>
		<SimpleData name="tessellate">1</SimpleData>
		<SimpleData name="extrude">0</SimpleData>
		<SimpleData name="visibility">-1</SimpleData>
		<SimpleData name="distance">4400</SimpleData>
		<SimpleData name="angle">50.4076356457684</SimpleData>
		<SimpleData name="KM ">KM 4.4</SimpleData>
		<SimpleData name="LATITUDE">1.509</SimpleData>
		<SimpleData name="LONGITUDE">103.711</SimpleData>
	</SchemaData></ExtendedData>
      <Point><coordinates>103.711329368451,1.50925780704521,0</coordinates></Point>
  </Placemark>
  <Placemark id="interpolated_points.46">
	<name>LBR PASIR GUDANG</name>
	<ExtendedData><SchemaData schemaUrl="#interpolated_points">
		<SimpleData name="fid">1</SimpleData>
		<SimpleData name="tessellate">1</SimpleData>
		<SimpleData name="extrude">0</SimpleData>
		<SimpleData name="visibility">-1</SimpleData>
		<SimpleData name="distance">4500</SimpleData>
		<SimpleData name="angle">57.1764975230007</SimpleData>
		<SimpleData name="KM ">KM 4.5</SimpleData>
		<SimpleData name="LATITUDE">1.510</SimpleData>
		<SimpleData name="LONGITUDE">103.712</SimpleData>
	</SchemaData></ExtendedData>
      <Point><coordinates>103.71204753921,1.50980090048828,0</coordinates></Point>
  </Placemark>
  <Placemark id="interpolated_points.47">
	<name>LBR PASIR GUDANG</name>
	<ExtendedData><SchemaData schemaUrl="#interpolated_points">
		<SimpleData name="fid">1</SimpleData>
		<SimpleData name="tessellate">1</SimpleData>
		<SimpleData name="extrude">0</SimpleData>
		<SimpleData name="visibility">-1</SimpleData>
		<SimpleData name="distance">4600</SimpleData>
		<SimpleData name="angle">55.9876003384002</SimpleData>
		<SimpleData name="KM ">KM 4.6</SimpleData>
		<SimpleData name="LATITUDE">1.510</SimpleData>
		<SimpleData name="LONGITUDE">103.713</SimpleData>
	</SchemaData></ExtendedData>
      <Point><coordinates>103.712795043937,1.51030302993922,0</coordinates></Point>
  </Placemark>
  <Placemark id="interpolated_points.48">
	<name>LBR PASIR GUDANG</name>
	<ExtendedData><SchemaData schemaUrl="#interpolated_points">
		<SimpleData name="fid">1</SimpleData>
		<SimpleData name="tessellate">1</SimpleData>
		<SimpleData name="extrude">0</SimpleData>
		<SimpleData name="visibility">-1</SimpleData>
		<SimpleData name="distance">4700</SimpleData>
		<SimpleData name="angle">54.5164654217786</SimpleData>
		<SimpleData name="KM ">KM 4.7</SimpleData>
		<SimpleData name="LATITUDE">1.511</SimpleData>
		<SimpleData name="LONGITUDE">103.714</SimpleData>
	</SchemaData></ExtendedData>
      <Point><coordinates>103.713535856334,1.51081505179974,0</coordinates></Point>
  </Placemark>
  <Placemark id="interpolated_points.49">
	<name>LBR PASIR GUDANG</name>
	<ExtendedData><SchemaData schemaUrl="#interpolated_points">
		<SimpleData name="fid">1</SimpleData>
		<SimpleData name="tessellate">1</SimpleData>
		<SimpleData name="extrude">0</SimpleData>
		<SimpleData name="visibility">-1</SimpleData>
		<SimpleData name="distance">4800</SimpleData>
		<SimpleData name="angle">54.5164654217786</SimpleData>
		<SimpleData name="KM ">KM 4.8</SimpleData>
		<SimpleData name="LATITUDE">1.511</SimpleData>
		<SimpleData name="LONGITUDE">103.714</SimpleData>
	</SchemaData></ExtendedData>
      <Point><coordinates>103.714267389691,1.51134051947032,0</coordinates></Point>
  </Placemark>
  <Placemark id="interpolated_points.50">
	<name>LBR PASIR GUDANG</name>
	<ExtendedData><SchemaData schemaUrl="#interpolated_points">
		<SimpleData name="fid">1</SimpleData>
		<SimpleData name="tessellate">1</SimpleData>
		<SimpleData name="extrude">0</SimpleData>
		<SimpleData name="visibility">-1</SimpleData>
		<SimpleData name="distance">4900</SimpleData>
		<SimpleData name="angle">54.6685102703064</SimpleData>
		<SimpleData name="KM ">KM 4.9</SimpleData>
		<SimpleData name="LATITUDE">1.512</SimpleData>
		<SimpleData name="LONGITUDE">103.715</SimpleData>
	</SchemaData></ExtendedData>
      <Point><coordinates>103.71500399667,1.51185856905577,0</coordinates></Point>
  </Placemark>
  <Placemark id="interpolated_points.51">
	<name>LBR PASIR GUDANG</name>
	<ExtendedData><SchemaData schemaUrl="#interpolated_points">
		<SimpleData name="fid">1</SimpleData>
		<SimpleData name="tessellate">1</SimpleData>
		<SimpleData name="extrude">0</SimpleData>
		<SimpleData name="visibility">-1</SimpleData>
		<SimpleData name="distance">5000</SimpleData>
		<SimpleData name="angle">56.5119085730658</SimpleData>
		<SimpleData name="KM ">KM 5.0</SimpleData>
		<SimpleData name="LATITUDE">1.512</SimpleData>
		<SimpleData name="LONGITUDE">103.716</SimpleData>
	</SchemaData></ExtendedData>
      <Point><coordinates>103.715743539199,1.51237235952003,0</coordinates></Point>
  </Placemark>
  <Placemark id="interpolated_points.52">
	<name>LBR PASIR GUDANG</name>
	<ExtendedData><SchemaData schemaUrl="#interpolated_points">
		<SimpleData name="fid">1</SimpleData>
		<SimpleData name="tessellate">1</SimpleData>
		<SimpleData name="extrude">0</SimpleData>
		<SimpleData name="visibility">-1</SimpleData>
		<SimpleData name="distance">5100</SimpleData>
		<SimpleData name="angle">58.0728626935377</SimpleData>
		<SimpleData name="KM ">KM 5.1</SimpleData>
		<SimpleData name="LATITUDE">1.513</SimpleData>
		<SimpleData name="LONGITUDE">103.716</SimpleData>
	</SchemaData></ExtendedData>
      <Point><coordinates>103.716493390959,1.51287096641918,0</coordinates></Point>
  </Placemark>
  <Placemark id="interpolated_points.53">
	<name>LBR PASIR GUDANG</name>
	<ExtendedData><SchemaData schemaUrl="#interpolated_points">
		<SimpleData name="fid">1</SimpleData>
		<SimpleData name="tessellate">1</SimpleData>
		<SimpleData name="extrude">0</SimpleData>
		<SimpleData name="visibility">-1</SimpleData>
		<SimpleData name="distance">5200</SimpleData>
		<SimpleData name="angle">59.781719385865</SimpleData>
		<SimpleData name="KM ">KM 5.2</SimpleData>
		<SimpleData name="LATITUDE">1.513</SimpleData>
		<SimpleData name="LONGITUDE">103.717</SimpleData>
	</SchemaData></ExtendedData>
      <Point><coordinates>103.717260924532,1.51334141223757,0</coordinates></Point>
  </Placemark>
  <Placemark id="interpolated_points.54">
	<name>LBR PASIR GUDANG</name>
	<ExtendedData><SchemaData schemaUrl="#interpolated_points">
		<SimpleData name="fid">1</SimpleData>
		<SimpleData name="tessellate">1</SimpleData>
		<SimpleData name="extrude">0</SimpleData>
		<SimpleData name="visibility">-1</SimpleData>
		<SimpleData name="distance">5300</SimpleData>
		<SimpleData name="angle">61.5764122508955</SimpleData>
		<SimpleData name="KM ">KM 5.3</SimpleData>
		<SimpleData name="LATITUDE">1.514</SimpleData>
		<SimpleData name="LONGITUDE">103.718</SimpleData>
	</SchemaData></ExtendedData>
      <Point><coordinates>103.718041332476,1.5137898177204,0</coordinates></Point>
  </Placemark>
  <Placemark id="interpolated_points.55">
	<name>LBR PASIR GUDANG</name>
	<ExtendedData><SchemaData schemaUrl="#interpolated_points">
		<SimpleData name="fid">1</SimpleData>
		<SimpleData name="tessellate">1</SimpleData>
		<SimpleData name="extrude">0</SimpleData>
		<SimpleData name="visibility">-1</SimpleData>
		<SimpleData name="distance">5400</SimpleData>
		<SimpleData name="angle">62.324565967751</SimpleData>
		<SimpleData name="KM ">KM 5.4</SimpleData>
		<SimpleData name="LATITUDE">1.514</SimpleData>
		<SimpleData name="LONGITUDE">103.719</SimpleData>
	</SchemaData></ExtendedData>
      <Point><coordinates>103.718836121644,1.51421209287407,0</coordinates></Point>
  </Placemark>
  <Placemark id="interpolated_points.56">
	<name>LBR PASIR GUDANG</name>
	<ExtendedData><SchemaData schemaUrl="#interpolated_points">
		<SimpleData name="fid">1</SimpleData>
		<SimpleData name="tessellate">1</SimpleData>
		<SimpleData name="extrude">0</SimpleData>
		<SimpleData name="visibility">-1</SimpleData>
		<SimpleData name="distance">5500</SimpleData>
		<SimpleData name="angle">62.6709308472881</SimpleData>
		<SimpleData name="KM ">KM 5.5</SimpleData>
		<SimpleData name="LATITUDE">1.515</SimpleData>
		<SimpleData name="LONGITUDE">103.720</SimpleData>
	</SchemaData></ExtendedData>
      <Point><coordinates>103.719632943044,1.51463049118143,0</coordinates></Point>
  </Placemark>
  <Placemark id="interpolated_points.57">
	<name>LBR PASIR GUDANG</name>
	<ExtendedData><SchemaData schemaUrl="#interpolated_points">
		<SimpleData name="fid">1</SimpleData>
		<SimpleData name="tessellate">1</SimpleData>
		<SimpleData name="extrude">0</SimpleData>
		<SimpleData name="visibility">-1</SimpleData>
		<SimpleData name="distance">5600</SimpleData>
		<SimpleData name="angle">61.8849859799052</SimpleData>
		<SimpleData name="KM ">KM 5.6</SimpleData>
		<SimpleData name="LATITUDE">1.515</SimpleData>
		<SimpleData name="LONGITUDE">103.720</SimpleData>
	</SchemaData></ExtendedData>
      <Point><coordinates>103.720431793636,1.51504481198002,0</coordinates></Point>
  </Placemark>
  <Placemark id="interpolated_points.58">
	<name>LBR PASIR GUDANG</name>
	<ExtendedData><SchemaData schemaUrl="#interpolated_points">
		<SimpleData name="fid">1</SimpleData>
		<SimpleData name="tessellate">1</SimpleData>
		<SimpleData name="extrude">0</SimpleData>
		<SimpleData name="visibility">-1</SimpleData>
		<SimpleData name="distance">5700</SimpleData>
		<SimpleData name="angle">61.3011709144134</SimpleData>
		<SimpleData name="KM ">KM 5.7</SimpleData>
		<SimpleData name="LATITUDE">1.515</SimpleData>
		<SimpleData name="LONGITUDE">103.721</SimpleData>
	</SchemaData></ExtendedData>
      <Point><coordinates>103.72122233873,1.5154750834417,0</coordinates></Point>
  </Placemark>
  <Placemark id="interpolated_points.59">
	<name>LBR PASIR GUDANG</name>
	<ExtendedData><SchemaData schemaUrl="#interpolated_points">
		<SimpleData name="fid">1</SimpleData>
		<SimpleData name="tessellate">1</SimpleData>
		<SimpleData name="extrude">0</SimpleData>
		<SimpleData name="visibility">-1</SimpleData>
		<SimpleData name="distance">5800</SimpleData>
		<SimpleData name="angle">63.0463619456727</SimpleData>
		<SimpleData name="KM ">KM 5.8</SimpleData>
		<SimpleData name="LATITUDE">1.516</SimpleData>
		<SimpleData name="LONGITUDE">103.722</SimpleData>
	</SchemaData></ExtendedData>
      <Point><coordinates>103.722021321011,1.51588917703666,0</coordinates></Point>
  </Placemark>
  <Placemark id="interpolated_points.60">
	<name>LBR PASIR GUDANG</name>
	<ExtendedData><SchemaData schemaUrl="#interpolated_points">
		<SimpleData name="fid">1</SimpleData>
		<SimpleData name="tessellate">1</SimpleData>
		<SimpleData name="extrude">0</SimpleData>
		<SimpleData name="visibility">-1</SimpleData>
		<SimpleData name="distance">5900</SimpleData>
		<SimpleData name="angle">59.935765034787</SimpleData>
		<SimpleData name="KM ">KM 5.9</SimpleData>
		<SimpleData name="LATITUDE">1.516</SimpleData>
		<SimpleData name="LONGITUDE">103.723</SimpleData>
	</SchemaData></ExtendedData>
      <Point><coordinates>103.722806609518,1.51632885555962,0</coordinates></Point>
  </Placemark>
  <Placemark id="interpolated_points.61">
	<name>LBR PASIR GUDANG</name>
	<ExtendedData><SchemaData schemaUrl="#interpolated_points">
		<SimpleData name="fid">1</SimpleData>
		<SimpleData name="tessellate">1</SimpleData>
		<SimpleData name="extrude">0</SimpleData>
		<SimpleData name="visibility">-1</SimpleData>
		<SimpleData name="distance">6000</SimpleData>
		<SimpleData name="angle">59.3662881965868</SimpleData>
		<SimpleData name="KM ">KM 6.0</SimpleData>
		<SimpleData name="LATITUDE">1.517</SimpleData>
		<SimpleData name="LONGITUDE">103.724</SimpleData>
	</SchemaData></ExtendedData>
      <Point><coordinates>103.723580328228,1.51678906686843,0</coordinates></Point>
  </Placemark>
  <Placemark id="interpolated_points.62">
	<name>LBR PASIR GUDANG</name>
	<ExtendedData><SchemaData schemaUrl="#interpolated_points">
		<SimpleData name="fid">1</SimpleData>
		<SimpleData name="tessellate">1</SimpleData>
		<SimpleData name="extrude">0</SimpleData>
		<SimpleData name="visibility">-1</SimpleData>
		<SimpleData name="distance">6100</SimpleData>
		<SimpleData name="angle">56.1567256186189</SimpleData>
		<SimpleData name="KM ">KM 6.1</SimpleData>
		<SimpleData name="LATITUDE">1.517</SimpleData>
		<SimpleData name="LONGITUDE">103.724</SimpleData>
	</SchemaData></ExtendedData>
      <Point><coordinates>103.724337468489,1.51727585709375,0</coordinates></Point>
  </Placemark>
  <Placemark id="interpolated_points.63">
	<name>LBR PASIR GUDANG</name>
	<ExtendedData><SchemaData schemaUrl="#interpolated_points">
		<SimpleData name="fid">1</SimpleData>
		<SimpleData name="tessellate">1</SimpleData>
		<SimpleData name="extrude">0</SimpleData>
		<SimpleData name="visibility">-1</SimpleData>
		<SimpleData name="distance">6200</SimpleData>
		<SimpleData name="angle">55.9873492800717</SimpleData>
		<SimpleData name="KM ">KM 6.2</SimpleData>
		<SimpleData name="LATITUDE">1.518</SimpleData>
		<SimpleData name="LONGITUDE">103.725</SimpleData>
	</SchemaData></ExtendedData>
      <Point><coordinates>103.725084360354,1.51777896505604,0</coordinates></Point>
  </Placemark>
  <Placemark id="interpolated_points.64">
	<name>LBR PASIR GUDANG</name>
	<ExtendedData><SchemaData schemaUrl="#interpolated_points">
		<SimpleData name="fid">1</SimpleData>
		<SimpleData name="tessellate">1</SimpleData>
		<SimpleData name="extrude">0</SimpleData>
		<SimpleData name="visibility">-1</SimpleData>
		<SimpleData name="distance">6300</SimpleData>
		<SimpleData name="angle">52.9743500232748</SimpleData>
		<SimpleData name="KM ">KM 6.3</SimpleData>
		<SimpleData name="LATITUDE">1.518</SimpleData>
		<SimpleData name="LONGITUDE">103.726</SimpleData>
	</SchemaData></ExtendedData>
      <Point><coordinates>103.725823664926,1.51829318535476,0</coordinates></Point>
  </Placemark>
  <Placemark id="interpolated_points.65">
	<name>LBR PASIR GUDANG</name>
	<ExtendedData><SchemaData schemaUrl="#interpolated_points">
		<SimpleData name="fid">1</SimpleData>
		<SimpleData name="tessellate">1</SimpleData>
		<SimpleData name="extrude">0</SimpleData>
		<SimpleData name="visibility">-1</SimpleData>
		<SimpleData name="distance">6400</SimpleData>
		<SimpleData name="angle">52.9743500232748</SimpleData>
		<SimpleData name="KM ">KM 6.4</SimpleData>
		<SimpleData name="LATITUDE">1.519</SimpleData>
		<SimpleData name="LONGITUDE">103.727</SimpleData>
	</SchemaData></ExtendedData>
      <Point><coordinates>103.726540889204,1.51883827584393,0</coordinates></Point>
  </Placemark>
  <Placemark id="interpolated_points.66">
	<name>LBR PASIR GUDANG</name>
	<ExtendedData><SchemaData schemaUrl="#interpolated_points">
		<SimpleData name="fid">1</SimpleData>
		<SimpleData name="tessellate">1</SimpleData>
		<SimpleData name="extrude">0</SimpleData>
		<SimpleData name="visibility">-1</SimpleData>
		<SimpleData name="distance">6500</SimpleData>
		<SimpleData name="angle">52.7054803499575</SimpleData>
		<SimpleData name="KM ">KM 6.5</SimpleData>
		<SimpleData name="LATITUDE">1.519</SimpleData>
		<SimpleData name="LONGITUDE">103.727</SimpleData>
	</SchemaData></ExtendedData>
      <Point><coordinates>103.727258830644,1.51938235841009,0</coordinates></Point>
  </Placemark>
  <Placemark id="interpolated_points.67">
	<name>LBR PASIR GUDANG</name>
	<ExtendedData><SchemaData schemaUrl="#interpolated_points">
		<SimpleData name="fid">1</SimpleData>
		<SimpleData name="tessellate">1</SimpleData>
		<SimpleData name="extrude">0</SimpleData>
		<SimpleData name="visibility">-1</SimpleData>
		<SimpleData name="distance">6600</SimpleData>
		<SimpleData name="angle">52.9538921392473</SimpleData>
		<SimpleData name="KM ">KM 6.6</SimpleData>
		<SimpleData name="LATITUDE">1.520</SimpleData>
		<SimpleData name="LONGITUDE">103.728</SimpleData>
	</SchemaData></ExtendedData>
      <Point><coordinates>103.727973638382,1.51993023212951,0</coordinates></Point>
  </Placemark>
  <Placemark id="interpolated_points.68">
	<name>LBR PASIR GUDANG</name>
	<ExtendedData><SchemaData schemaUrl="#interpolated_points">
		<SimpleData name="fid">1</SimpleData>
		<SimpleData name="tessellate">1</SimpleData>
		<SimpleData name="extrude">0</SimpleData>
		<SimpleData name="visibility">-1</SimpleData>
		<SimpleData name="distance">6700</SimpleData>
		<SimpleData name="angle">52.9538921392473</SimpleData>
		<SimpleData name="KM ">KM 6.7</SimpleData>
		<SimpleData name="LATITUDE">1.520</SimpleData>
		<SimpleData name="LONGITUDE">103.729</SimpleData>
	</SchemaData></ExtendedData>
      <Point><coordinates>103.728690670557,1.52047558049727,0</coordinates></Point>
  </Placemark>
  <Placemark id="interpolated_points.69">
	<name>LBR PASIR GUDANG</name>
	<ExtendedData><SchemaData schemaUrl="#interpolated_points">
		<SimpleData name="fid">1</SimpleData>
		<SimpleData name="tessellate">1</SimpleData>
		<SimpleData name="extrude">0</SimpleData>
		<SimpleData name="visibility">-1</SimpleData>
		<SimpleData name="distance">6800</SimpleData>
		<SimpleData name="angle">51.7167353433499</SimpleData>
		<SimpleData name="KM ">KM 6.8</SimpleData>
		<SimpleData name="LATITUDE">1.521</SimpleData>
		<SimpleData name="LONGITUDE">103.729</SimpleData>
	</SchemaData></ExtendedData>
      <Point><coordinates>103.729405353794,1.52102402153978,0</coordinates></Point>
  </Placemark>
  <Placemark id="interpolated_points.70">
	<name>LBR PASIR GUDANG</name>
	<ExtendedData><SchemaData schemaUrl="#interpolated_points">
		<SimpleData name="fid">1</SimpleData>
		<SimpleData name="tessellate">1</SimpleData>
		<SimpleData name="extrude">0</SimpleData>
		<SimpleData name="visibility">-1</SimpleData>
		<SimpleData name="distance">6900</SimpleData>
		<SimpleData name="angle">51.7167353433499</SimpleData>
		<SimpleData name="KM ">KM 6.9</SimpleData>
		<SimpleData name="LATITUDE">1.522</SimpleData>
		<SimpleData name="LONGITUDE">103.730</SimpleData>
	</SchemaData></ExtendedData>
      <Point><coordinates>103.730110519855,1.52158482298413,0</coordinates></Point>
  </Placemark>
  <Placemark id="interpolated_points.71">
	<name>LBR PASIR GUDANG</name>
	<ExtendedData><SchemaData schemaUrl="#interpolated_points">
		<SimpleData name="fid">1</SimpleData>
		<SimpleData name="tessellate">1</SimpleData>
		<SimpleData name="extrude">0</SimpleData>
		<SimpleData name="visibility">-1</SimpleData>
		<SimpleData name="distance">7000</SimpleData>
		<SimpleData name="angle">53.2546885260959</SimpleData>
		<SimpleData name="KM ">KM 7.0</SimpleData>
		<SimpleData name="LATITUDE">1.522</SimpleData>
		<SimpleData name="LONGITUDE">103.731</SimpleData>
	</SchemaData></ExtendedData>
      <Point><coordinates>103.730819766209,1.52214028288403,0</coordinates></Point>
  </Placemark>
  <Placemark id="interpolated_points.72">
	<name>LBR PASIR GUDANG</name>
	<ExtendedData><SchemaData schemaUrl="#interpolated_points">
		<SimpleData name="fid">1</SimpleData>
		<SimpleData name="tessellate">1</SimpleData>
		<SimpleData name="extrude">0</SimpleData>
		<SimpleData name="visibility">-1</SimpleData>
		<SimpleData name="distance">7100</SimpleData>
		<SimpleData name="angle">53.2546885260959</SimpleData>
		<SimpleData name="KM ">KM 7.1</SimpleData>
		<SimpleData name="LATITUDE">1.523</SimpleData>
		<SimpleData name="LONGITUDE">103.732</SimpleData>
	</SchemaData></ExtendedData>
      <Point><coordinates>103.731539635137,1.52268183564984,0</coordinates></Point>
  </Placemark>
  <Placemark id="interpolated_points.73">
	<name>LBR PASIR GUDANG</name>
	<ExtendedData><SchemaData schemaUrl="#interpolated_points">
		<SimpleData name="fid">1</SimpleData>
		<SimpleData name="tessellate">1</SimpleData>
		<SimpleData name="extrude">0</SimpleData>
		<SimpleData name="visibility">-1</SimpleData>
		<SimpleData name="distance">7200</SimpleData>
		<SimpleData name="angle">54.2461850512434</SimpleData>
		<SimpleData name="KM ">KM 7.2</SimpleData>
		<SimpleData name="LATITUDE">1.523</SimpleData>
		<SimpleData name="LONGITUDE">103.732</SimpleData>
	</SchemaData></ExtendedData>
      <Point><coordinates>103.732267083938,1.52321298248081,0</coordinates></Point>
  </Placemark>
  <Placemark id="interpolated_points.74">
	<name>LBR PASIR GUDANG</name>
	<ExtendedData><SchemaData schemaUrl="#interpolated_points">
		<SimpleData name="fid">1</SimpleData>
		<SimpleData name="tessellate">1</SimpleData>
		<SimpleData name="extrude">0</SimpleData>
		<SimpleData name="visibility">-1</SimpleData>
		<SimpleData name="distance">7300</SimpleData>
		<SimpleData name="angle">54.8941407636493</SimpleData>
		<SimpleData name="KM ">KM 7.3</SimpleData>
		<SimpleData name="LATITUDE">1.524</SimpleData>
		<SimpleData name="LONGITUDE">103.733</SimpleData>
	</SchemaData></ExtendedData>
      <Point><coordinates>103.733000879577,1.52373520636974,0</coordinates></Point>
  </Placemark>
  <Placemark id="interpolated_points.75">
	<name>LBR PASIR GUDANG</name>
	<ExtendedData><SchemaData schemaUrl="#interpolated_points">
		<SimpleData name="fid">1</SimpleData>
		<SimpleData name="tessellate">1</SimpleData>
		<SimpleData name="extrude">0</SimpleData>
		<SimpleData name="visibility">-1</SimpleData>
		<SimpleData name="distance">7400</SimpleData>
		<SimpleData name="angle">57.8175446793846</SimpleData>
		<SimpleData name="KM ">KM 7.4</SimpleData>
		<SimpleData name="LATITUDE">1.524</SimpleData>
		<SimpleData name="LONGITUDE">103.734</SimpleData>
	</SchemaData></ExtendedData>
      <Point><coordinates>103.733736850927,1.52425434449091,0</coordinates></Point>
  </Placemark>
  <Placemark id="interpolated_points.76">
	<name>LBR PASIR GUDANG</name>
	<ExtendedData><SchemaData schemaUrl="#interpolated_points">
		<SimpleData name="fid">1</SimpleData>
		<SimpleData name="tessellate">1</SimpleData>
		<SimpleData name="extrude">0</SimpleData>
		<SimpleData name="visibility">-1</SimpleData>
		<SimpleData name="distance">7500</SimpleData>
		<SimpleData name="angle">59.5425334776044</SimpleData>
		<SimpleData name="KM ">KM 7.5</SimpleData>
		<SimpleData name="LATITUDE">1.525</SimpleData>
		<SimpleData name="LONGITUDE">103.735</SimpleData>
	</SchemaData></ExtendedData>
      <Point><coordinates>103.734503460457,1.52472353212616,0</coordinates></Point>
  </Placemark>
  <Placemark id="interpolated_points.77">
	<name>LBR PASIR GUDANG</name>
	<ExtendedData><SchemaData schemaUrl="#interpolated_points">
		<SimpleData name="fid">1</SimpleData>
		<SimpleData name="tessellate">1</SimpleData>
		<SimpleData name="extrude">0</SimpleData>
		<SimpleData name="visibility">-1</SimpleData>
		<SimpleData name="distance">7600</SimpleData>
		<SimpleData name="angle">61.447188517797</SimpleData>
		<SimpleData name="KM ">KM 7.6</SimpleData>
		<SimpleData name="LATITUDE">1.525</SimpleData>
		<SimpleData name="LONGITUDE">103.735</SimpleData>
	</SchemaData></ExtendedData>
      <Point><coordinates>103.735290534126,1.52515997033234,0</coordinates></Point>
  </Placemark>
  <Placemark id="interpolated_points.78">
	<name>LBR PASIR GUDANG</name>
	<ExtendedData><SchemaData schemaUrl="#interpolated_points">
		<SimpleData name="fid">1</SimpleData>
		<SimpleData name="tessellate">1</SimpleData>
		<SimpleData name="extrude">0</SimpleData>
		<SimpleData name="visibility">-1</SimpleData>
		<SimpleData name="distance">7700</SimpleData>
		<SimpleData name="angle">62.804422660418</SimpleData>
		<SimpleData name="KM ">KM 7.7</SimpleData>
		<SimpleData name="LATITUDE">1.526</SimpleData>
		<SimpleData name="LONGITUDE">103.736</SimpleData>
	</SchemaData></ExtendedData>
      <Point><coordinates>103.736077575862,1.52559570894004,0</coordinates></Point>
  </Placemark>
  <Placemark id="interpolated_points.79">
	<name>LBR PASIR GUDANG</name>
	<ExtendedData><SchemaData schemaUrl="#interpolated_points">
		<SimpleData name="fid">1</SimpleData>
		<SimpleData name="tessellate">1</SimpleData>
		<SimpleData name="extrude">0</SimpleData>
		<SimpleData name="visibility">-1</SimpleData>
		<SimpleData name="distance">7800</SimpleData>
		<SimpleData name="angle">67.582915701334</SimpleData>
		<SimpleData name="KM ">KM 7.8</SimpleData>
		<SimpleData name="LATITUDE">1.526</SimpleData>
		<SimpleData name="LONGITUDE">103.737</SimpleData>
	</SchemaData></ExtendedData>
      <Point><coordinates>103.736887207764,1.52598695772666,0</coordinates></Point>
  </Placemark>
  <Placemark id="interpolated_points.80">
	<name>LBR PASIR GUDANG</name>
	<ExtendedData><SchemaData schemaUrl="#interpolated_points">
		<SimpleData name="fid">1</SimpleData>
		<SimpleData name="tessellate">1</SimpleData>
		<SimpleData name="extrude">0</SimpleData>
		<SimpleData name="visibility">-1</SimpleData>
		<SimpleData name="distance">7900</SimpleData>
		<SimpleData name="angle">68.3575268721144</SimpleData>
		<SimpleData name="KM ">KM 7.9</SimpleData>
		<SimpleData name="LATITUDE">1.526</SimpleData>
		<SimpleData name="LONGITUDE">103.738</SimpleData>
	</SchemaData></ExtendedData>
      <Point><coordinates>103.737718288075,1.52633131523818,0</coordinates></Point>
  </Placemark>
  <Placemark id="interpolated_points.81">
	<name>LBR PASIR GUDANG</name>
	<ExtendedData><SchemaData schemaUrl="#interpolated_points">
		<SimpleData name="fid">1</SimpleData>
		<SimpleData name="tessellate">1</SimpleData>
		<SimpleData name="extrude">0</SimpleData>
		<SimpleData name="visibility">-1</SimpleData>
		<SimpleData name="distance">8000</SimpleData>
		<SimpleData name="angle">71.3663102346458</SimpleData>
		<SimpleData name="KM ">KM 8.0</SimpleData>
		<SimpleData name="LATITUDE">1.527</SimpleData>
		<SimpleData name="LONGITUDE">103.739</SimpleData>
	</SchemaData></ExtendedData>
      <Point><coordinates>103.738560587866,1.52664599988482,0</coordinates></Point>
  </Placemark>
  <Placemark id="interpolated_points.82">
	<name>LBR PASIR GUDANG</name>
	<ExtendedData><SchemaData schemaUrl="#interpolated_points">
		<SimpleData name="fid">1</SimpleData>
		<SimpleData name="tessellate">1</SimpleData>
		<SimpleData name="extrude">0</SimpleData>
		<SimpleData name="visibility">-1</SimpleData>
		<SimpleData name="distance">8100</SimpleData>
		<SimpleData name="angle">74.0029457497473</SimpleData>
		<SimpleData name="KM ">KM 8.1</SimpleData>
		<SimpleData name="LATITUDE">1.527</SimpleData>
		<SimpleData name="LONGITUDE">103.739</SimpleData>
	</SchemaData></ExtendedData>
      <Point><coordinates>103.739411058341,1.52693789640717,0</coordinates></Point>
  </Placemark>
  <Placemark id="interpolated_points.83">
	<name>LBR PASIR GUDANG</name>
	<ExtendedData><SchemaData schemaUrl="#interpolated_points">
		<SimpleData name="fid">1</SimpleData>
		<SimpleData name="tessellate">1</SimpleData>
		<SimpleData name="extrude">0</SimpleData>
		<SimpleData name="visibility">-1</SimpleData>
		<SimpleData name="distance">8200</SimpleData>
		<SimpleData name="angle">76.9799208020941</SimpleData>
		<SimpleData name="KM ">KM 8.2</SimpleData>
		<SimpleData name="LATITUDE">1.527</SimpleData>
		<SimpleData name="LONGITUDE">103.740</SimpleData>
	</SchemaData></ExtendedData>
      <Point><coordinates>103.74027711981,1.52717899463769,0</coordinates></Point>
  </Placemark>
  <Placemark id="interpolated_points.84">
	<name>LBR PASIR GUDANG</name>
	<ExtendedData><SchemaData schemaUrl="#interpolated_points">
		<SimpleData name="fid">1</SimpleData>
		<SimpleData name="tessellate">1</SimpleData>
		<SimpleData name="extrude">0</SimpleData>
		<SimpleData name="visibility">-1</SimpleData>
		<SimpleData name="distance">8300</SimpleData>
		<SimpleData name="angle">76.0827788473506</SimpleData>
		<SimpleData name="KM ">KM 8.3</SimpleData>
		<SimpleData name="LATITUDE">1.527</SimpleData>
		<SimpleData name="LONGITUDE">103.741</SimpleData>
	</SchemaData></ExtendedData>
      <Point><coordinates>103.741151006902,1.52739025172923,0</coordinates></Point>
  </Placemark>
  <Placemark id="interpolated_points.85">
	<name>LBR PASIR GUDANG</name>
	<ExtendedData><SchemaData schemaUrl="#interpolated_points">
		<SimpleData name="fid">1</SimpleData>
		<SimpleData name="tessellate">1</SimpleData>
		<SimpleData name="extrude">0</SimpleData>
		<SimpleData name="visibility">-1</SimpleData>
		<SimpleData name="distance">8400</SimpleData>
		<SimpleData name="angle">80.4337161681406</SimpleData>
		<SimpleData name="KM ">KM 8.4</SimpleData>
		<SimpleData name="LATITUDE">1.528</SimpleData>
		<SimpleData name="LONGITUDE">103.742</SimpleData>
	</SchemaData></ExtendedData>
      <Point><coordinates>103.7420333365,1.52756163175551,0</coordinates></Point>
  </Placemark>
  <Placemark id="interpolated_points.86">
	<name>LBR PASIR GUDANG</name>
	<ExtendedData><SchemaData schemaUrl="#interpolated_points">
		<SimpleData name="fid">1</SimpleData>
		<SimpleData name="tessellate">1</SimpleData>
		<SimpleData name="extrude">0</SimpleData>
		<SimpleData name="visibility">-1</SimpleData>
		<SimpleData name="distance">8500</SimpleData>
		<SimpleData name="angle">80.9998982985969</SimpleData>
		<SimpleData name="KM ">KM 8.5</SimpleData>
		<SimpleData name="LATITUDE">1.528</SimpleData>
		<SimpleData name="LONGITUDE">103.743</SimpleData>
	</SchemaData></ExtendedData>
      <Point><coordinates>103.742920692316,1.52770531077508,0</coordinates></Point>
  </Placemark>
  <Placemark id="interpolated_points.87">
	<name>LBR PASIR GUDANG</name>
	<ExtendedData><SchemaData schemaUrl="#interpolated_points">
		<SimpleData name="fid">1</SimpleData>
		<SimpleData name="tessellate">1</SimpleData>
		<SimpleData name="extrude">0</SimpleData>
		<SimpleData name="visibility">-1</SimpleData>
		<SimpleData name="distance">8600</SimpleData>
		<SimpleData name="angle">85.4272835409816</SimpleData>
		<SimpleData name="KM ">KM 8.6</SimpleData>
		<SimpleData name="LATITUDE">1.528</SimpleData>
		<SimpleData name="LONGITUDE">103.744</SimpleData>
	</SchemaData></ExtendedData>
      <Point><coordinates>103.743814557198,1.52779712626191,0</coordinates></Point>
  </Placemark>
  <Placemark id="interpolated_points.88">
	<name>LBR PASIR GUDANG</name>
	<ExtendedData><SchemaData schemaUrl="#interpolated_points">
		<SimpleData name="fid">1</SimpleData>
		<SimpleData name="tessellate">1</SimpleData>
		<SimpleData name="extrude">0</SimpleData>
		<SimpleData name="visibility">-1</SimpleData>
		<SimpleData name="distance">8700</SimpleData>
		<SimpleData name="angle">87.3244091661679</SimpleData>
		<SimpleData name="KM ">KM 8.7</SimpleData>
		<SimpleData name="LATITUDE">1.528</SimpleData>
		<SimpleData name="LONGITUDE">103.745</SimpleData>
	</SchemaData></ExtendedData>
      <Point><coordinates>103.744711609613,1.52785245763484,0</coordinates></Point>
  </Placemark>
  <Placemark id="interpolated_points.89">
	<name>LBR PASIR GUDANG</name>
	<ExtendedData><SchemaData schemaUrl="#interpolated_points">
		<SimpleData name="fid">1</SimpleData>
		<SimpleData name="tessellate">1</SimpleData>
		<SimpleData name="extrude">0</SimpleData>
		<SimpleData name="visibility">-1</SimpleData>
		<SimpleData name="distance">8800</SimpleData>
		<SimpleData name="angle">88.0933021288737</SimpleData>
		<SimpleData name="KM ">KM 8.8</SimpleData>
		<SimpleData name="LATITUDE">1.528</SimpleData>
		<SimpleData name="LONGITUDE">103.746</SimpleData>
	</SchemaData></ExtendedData>
      <Point><coordinates>103.745609554534,1.52789089394544,0</coordinates></Point>
  </Placemark>
  <Placemark id="interpolated_points.90">
	<name>LBR PASIR GUDANG</name>
	<ExtendedData><SchemaData schemaUrl="#interpolated_points">
		<SimpleData name="fid">1</SimpleData>
		<SimpleData name="tessellate">1</SimpleData>
		<SimpleData name="extrude">0</SimpleData>
		<SimpleData name="visibility">-1</SimpleData>
		<SimpleData name="distance">8900</SimpleData>
		<SimpleData name="angle">88.1363654234199</SimpleData>
		<SimpleData name="KM ">KM 8.9</SimpleData>
		<SimpleData name="LATITUDE">1.528</SimpleData>
		<SimpleData name="LONGITUDE">103.747</SimpleData>
	</SchemaData></ExtendedData>
      <Point><coordinates>103.746507823474,1.52792126080268,0</coordinates></Point>
  </Placemark>
  <Placemark id="interpolated_points.91">
	<name>LBR PASIR GUDANG</name>
	<ExtendedData><SchemaData schemaUrl="#interpolated_points">
		<SimpleData name="fid">1</SimpleData>
		<SimpleData name="tessellate">1</SimpleData>
		<SimpleData name="extrude">0</SimpleData>
		<SimpleData name="visibility">-1</SimpleData>
		<SimpleData name="distance">9000</SimpleData>
		<SimpleData name="angle">87.9640230317023</SimpleData>
		<SimpleData name="KM ">KM 9.0</SimpleData>
		<SimpleData name="LATITUDE">1.528</SimpleData>
		<SimpleData name="LONGITUDE">103.747</SimpleData>
	</SchemaData></ExtendedData>
      <Point><coordinates>103.74740573968,1.52795784509569,0</coordinates></Point>
  </Placemark>
  <Placemark id="interpolated_points.92">
	<name>LBR PASIR GUDANG</name>
	<ExtendedData><SchemaData schemaUrl="#interpolated_points">
		<SimpleData name="fid">1</SimpleData>
		<SimpleData name="tessellate">1</SimpleData>
		<SimpleData name="extrude">0</SimpleData>
		<SimpleData name="visibility">-1</SimpleData>
		<SimpleData name="distance">9100</SimpleData>
		<SimpleData name="angle">87.1890758262046</SimpleData>
		<SimpleData name="KM ">KM 9.1</SimpleData>
		<SimpleData name="LATITUDE">1.528</SimpleData>
		<SimpleData name="LONGITUDE">103.748</SimpleData>
	</SchemaData></ExtendedData>
      <Point><coordinates>103.748303602674,1.52799818029109,0</coordinates></Point>
  </Placemark>
  <Placemark id="interpolated_points.93">
	<name>LBR PASIR GUDANG</name>
	<ExtendedData><SchemaData schemaUrl="#interpolated_points">
		<SimpleData name="fid">1</SimpleData>
		<SimpleData name="tessellate">1</SimpleData>
		<SimpleData name="extrude">0</SimpleData>
		<SimpleData name="visibility">-1</SimpleData>
		<SimpleData name="distance">9200</SimpleData>
		<SimpleData name="angle">87.1890758262046</SimpleData>
		<SimpleData name="KM ">KM 9.2</SimpleData>
		<SimpleData name="LATITUDE">1.528</SimpleData>
		<SimpleData name="LONGITUDE">103.749</SimpleData>
	</SchemaData></ExtendedData>
      <Point><coordinates>103.749201272087,1.52804306371616,0</coordinates></Point>
  </Placemark>
  <Placemark id="interpolated_points.94">
	<name>LBR PASIR GUDANG</name>
	<ExtendedData><SchemaData schemaUrl="#interpolated_points">
		<SimpleData name="fid">1</SimpleData>
		<SimpleData name="tessellate">1</SimpleData>
		<SimpleData name="extrude">0</SimpleData>
		<SimpleData name="visibility">-1</SimpleData>
		<SimpleData name="distance">9300</SimpleData>
		<SimpleData name="angle">87.2272266416479</SimpleData>
		<SimpleData name="KM ">KM 9.3</SimpleData>
		<SimpleData name="LATITUDE">1.528</SimpleData>
		<SimpleData name="LONGITUDE">103.750</SimpleData>
	</SchemaData></ExtendedData>
      <Point><coordinates>103.750098960213,1.5280875722395,0</coordinates></Point>
  </Placemark>
  <Placemark id="interpolated_points.95">
	<name>LBR PASIR GUDANG</name>
	<ExtendedData><SchemaData schemaUrl="#interpolated_points">
		<SimpleData name="fid">1</SimpleData>
		<SimpleData name="tessellate">1</SimpleData>
		<SimpleData name="extrude">0</SimpleData>
		<SimpleData name="visibility">-1</SimpleData>
		<SimpleData name="distance">9400</SimpleData>
		<SimpleData name="angle">87.2272266416479</SimpleData>
		<SimpleData name="KM ">KM 9.4</SimpleData>
		<SimpleData name="LATITUDE">1.528</SimpleData>
		<SimpleData name="LONGITUDE">103.751</SimpleData>
	</SchemaData></ExtendedData>
      <Point><coordinates>103.750996659813,1.52813185342922,0</coordinates></Point>
  </Placemark>
  <Placemark id="interpolated_points.96">
	<name>LBR PASIR GUDANG</name>
	<ExtendedData><SchemaData schemaUrl="#interpolated_points">
		<SimpleData name="fid">1</SimpleData>
		<SimpleData name="tessellate">1</SimpleData>
		<SimpleData name="extrude">0</SimpleData>
		<SimpleData name="visibility">-1</SimpleData>
		<SimpleData name="distance">9500</SimpleData>
		<SimpleData name="angle">87.5594925665645</SimpleData>
		<SimpleData name="KM ">KM 9.5</SimpleData>
		<SimpleData name="LATITUDE">1.528</SimpleData>
		<SimpleData name="LONGITUDE">103.752</SimpleData>
	</SchemaData></ExtendedData>
      <Point><coordinates>103.751894393015,1.52817540839496,0</coordinates></Point>
  </Placemark>
  <Placemark id="interpolated_points.97">
	<name>LBR PASIR GUDANG</name>
	<ExtendedData><SchemaData schemaUrl="#interpolated_points">
		<SimpleData name="fid">1</SimpleData>
		<SimpleData name="tessellate">1</SimpleData>
		<SimpleData name="extrude">0</SimpleData>
		<SimpleData name="visibility">-1</SimpleData>
		<SimpleData name="distance">9600</SimpleData>
		<SimpleData name="angle">86.586960303858</SimpleData>
		<SimpleData name="KM ">KM 9.6</SimpleData>
		<SimpleData name="LATITUDE">1.528</SimpleData>
		<SimpleData name="LONGITUDE">103.753</SimpleData>
	</SchemaData></ExtendedData>
      <Point><coordinates>103.752792464662,1.52820984634928,0</coordinates></Point>
  </Placemark>
  <Placemark id="interpolated_points.98">
	<name>LBR PASIR GUDANG</name>
	<ExtendedData><SchemaData schemaUrl="#interpolated_points">
		<SimpleData name="fid">1</SimpleData>
		<SimpleData name="tessellate">1</SimpleData>
		<SimpleData name="extrude">0</SimpleData>
		<SimpleData name="visibility">-1</SimpleData>
		<SimpleData name="distance">9700</SimpleData>
		<SimpleData name="angle">80.087405679202</SimpleData>
		<SimpleData name="KM ">KM 9.7</SimpleData>
		<SimpleData name="LATITUDE">1.528</SimpleData>
		<SimpleData name="LONGITUDE">103.754</SimpleData>
	</SchemaData></ExtendedData>
      <Point><coordinates>103.753685631827,1.52830334679737,0</coordinates></Point>
  </Placemark>
  <Placemark id="interpolated_points.99">
	<name>LBR PASIR GUDANG</name>
	<ExtendedData><SchemaData schemaUrl="#interpolated_points">
		<SimpleData name="fid">1</SimpleData>
		<SimpleData name="tessellate">1</SimpleData>
		<SimpleData name="extrude">0</SimpleData>
		<SimpleData name="visibility">-1</SimpleData>
		<SimpleData name="distance">9800</SimpleData>
		<SimpleData name="angle">78.4713164464834</SimpleData>
		<SimpleData name="KM ">KM 9.8</SimpleData>
		<SimpleData name="LATITUDE">1.528</SimpleData>
		<SimpleData name="LONGITUDE">103.755</SimpleData>
	</SchemaData></ExtendedData>
      <Point><coordinates>103.754568982197,1.52846979045237,0</coordinates></Point>
  </Placemark>
  <Placemark id="interpolated_points.100">
	<name>LBR PASIR GUDANG</name>
	<ExtendedData><SchemaData schemaUrl="#interpolated_points">
		<SimpleData name="fid">1</SimpleData>
		<SimpleData name="tessellate">1</SimpleData>
		<SimpleData name="extrude">0</SimpleData>
		<SimpleData name="visibility">-1</SimpleData>
		<SimpleData name="distance">9900</SimpleData>
		<SimpleData name="angle">69.3814265656622</SimpleData>
		<SimpleData name="KM ">KM 9.9</SimpleData>
		<SimpleData name="LATITUDE">1.529</SimpleData>
		<SimpleData name="LONGITUDE">103.755</SimpleData>
	</SchemaData></ExtendedData>
      <Point><coordinates>103.755429242577,1.52872867822138,0</coordinates></Point>
  </Placemark>
  <Placemark id="interpolated_points.101">
	<name>LBR PASIR GUDANG</name>
	<ExtendedData><SchemaData schemaUrl="#interpolated_points">
		<SimpleData name="fid">1</SimpleData>
		<SimpleData name="tessellate">1</SimpleData>
		<SimpleData name="extrude">0</SimpleData>
		<SimpleData name="visibility">-1</SimpleData>
		<SimpleData name="distance">10000</SimpleData>
		<SimpleData name="angle">68.0504448036529</SimpleData>
		<SimpleData name="KM ">KM 10.0</SimpleData>
		<SimpleData name="LATITUDE">1.529</SimpleData>
		<SimpleData name="LONGITUDE">103.756</SimpleData>
	</SchemaData></ExtendedData>
      <Point><coordinates>103.756266748293,1.52905649149596,0</coordinates></Point>
  </Placemark>
  <Placemark id="interpolated_points.102">
	<name>LBR PASIR GUDANG</name>
	<ExtendedData><SchemaData schemaUrl="#interpolated_points">
		<SimpleData name="fid">1</SimpleData>
		<SimpleData name="tessellate">1</SimpleData>
		<SimpleData name="extrude">0</SimpleData>
		<SimpleData name="visibility">-1</SimpleData>
		<SimpleData name="distance">10100</SimpleData>
		<SimpleData name="angle">61.947254003439</SimpleData>
		<SimpleData name="KM ">KM 10.1</SimpleData>
		<SimpleData name="LATITUDE">1.529</SimpleData>
		<SimpleData name="LONGITUDE">103.757</SimpleData>
	</SchemaData></ExtendedData>
      <Point><coordinates>103.757090919697,1.52941567910984,0</coordinates></Point>
  </Placemark>
  <Placemark id="interpolated_points.103">
	<name>LBR PASIR GUDANG</name>
	<ExtendedData><SchemaData schemaUrl="#interpolated_points">
		<SimpleData name="fid">1</SimpleData>
		<SimpleData name="tessellate">1</SimpleData>
		<SimpleData name="extrude">0</SimpleData>
		<SimpleData name="visibility">-1</SimpleData>
		<SimpleData name="distance">10200</SimpleData>
		<SimpleData name="angle">57.9217058075326</SimpleData>
		<SimpleData name="KM ">KM 10.2</SimpleData>
		<SimpleData name="LATITUDE">1.530</SimpleData>
		<SimpleData name="LONGITUDE">103.758</SimpleData>
	</SchemaData></ExtendedData>
      <Point><coordinates>103.757883312782,1.52984156596949,0</coordinates></Point>
  </Placemark>
  <Placemark id="interpolated_points.104">
	<name>LBR PASIR GUDANG</name>
	<ExtendedData><SchemaData schemaUrl="#interpolated_points">
		<SimpleData name="fid">1</SimpleData>
		<SimpleData name="tessellate">1</SimpleData>
		<SimpleData name="extrude">0</SimpleData>
		<SimpleData name="visibility">-1</SimpleData>
		<SimpleData name="distance">10300</SimpleData>
		<SimpleData name="angle">55.5082308280009</SimpleData>
		<SimpleData name="KM ">KM 10.3</SimpleData>
		<SimpleData name="LATITUDE">1.530</SimpleData>
		<SimpleData name="LONGITUDE">103.759</SimpleData>
	</SchemaData></ExtendedData>
      <Point><coordinates>103.758630802904,1.53034363278047,0</coordinates></Point>
  </Placemark>
  <Placemark id="interpolated_points.105">
	<name>LBR PASIR GUDANG</name>
	<ExtendedData><SchemaData schemaUrl="#interpolated_points">
		<SimpleData name="fid">1</SimpleData>
		<SimpleData name="tessellate">1</SimpleData>
		<SimpleData name="extrude">0</SimpleData>
		<SimpleData name="visibility">-1</SimpleData>
		<SimpleData name="distance">10400</SimpleData>
		<SimpleData name="angle">51.9199465969406</SimpleData>
		<SimpleData name="KM ">KM 10.4</SimpleData>
		<SimpleData name="LATITUDE">1.531</SimpleData>
		<SimpleData name="LONGITUDE">103.759</SimpleData>
	</SchemaData></ExtendedData>
      <Point><coordinates>103.759350645223,1.5308847199135,0</coordinates></Point>
  </Placemark>
  <Placemark id="interpolated_points.106">
	<name>LBR PASIR GUDANG</name>
	<ExtendedData><SchemaData schemaUrl="#interpolated_points">
		<SimpleData name="fid">1</SimpleData>
		<SimpleData name="tessellate">1</SimpleData>
		<SimpleData name="extrude">0</SimpleData>
		<SimpleData name="visibility">-1</SimpleData>
		<SimpleData name="distance">10500</SimpleData>
		<SimpleData name="angle">52.7326291801764</SimpleData>
		<SimpleData name="KM ">KM 10.5</SimpleData>
		<SimpleData name="LATITUDE">1.531</SimpleData>
		<SimpleData name="LONGITUDE">103.760</SimpleData>
	</SchemaData></ExtendedData>
      <Point><coordinates>103.760052327549,1.53144978446022,0</coordinates></Point>
  </Placemark>
  <Placemark id="interpolated_points.107">
	<name>LBR PASIR GUDANG</name>
	<ExtendedData><SchemaData schemaUrl="#interpolated_points">
		<SimpleData name="fid">1</SimpleData>
		<SimpleData name="tessellate">1</SimpleData>
		<SimpleData name="extrude">0</SimpleData>
		<SimpleData name="visibility">-1</SimpleData>
		<SimpleData name="distance">10600</SimpleData>
		<SimpleData name="angle">48.5803185971606</SimpleData>
		<SimpleData name="KM ">KM 10.6</SimpleData>
		<SimpleData name="LATITUDE">1.532</SimpleData>
		<SimpleData name="LONGITUDE">103.761</SimpleData>
	</SchemaData></ExtendedData>
      <Point><coordinates>103.760749738391,1.53201865634821,0</coordinates></Point>
  </Placemark>
  <Placemark id="interpolated_points.108">
	<name>LBR PASIR GUDANG</name>
	<ExtendedData><SchemaData schemaUrl="#interpolated_points">
		<SimpleData name="fid">1</SimpleData>
		<SimpleData name="tessellate">1</SimpleData>
		<SimpleData name="extrude">0</SimpleData>
		<SimpleData name="visibility">-1</SimpleData>
		<SimpleData name="distance">10700</SimpleData>
		<SimpleData name="angle">50.8422378694314</SimpleData>
		<SimpleData name="KM ">KM 10.7</SimpleData>
		<SimpleData name="LATITUDE">1.533</SimpleData>
		<SimpleData name="LONGITUDE">103.761</SimpleData>
	</SchemaData></ExtendedData>
      <Point><coordinates>103.761445214452,1.53259145801586,0</coordinates></Point>
  </Placemark>
  <Placemark id="interpolated_points.109">
	<name>LBR PASIR GUDANG</name>
	<ExtendedData><SchemaData schemaUrl="#interpolated_points">
		<SimpleData name="fid">1</SimpleData>
		<SimpleData name="tessellate">1</SimpleData>
		<SimpleData name="extrude">0</SimpleData>
		<SimpleData name="visibility">-1</SimpleData>
		<SimpleData name="distance">10800</SimpleData>
		<SimpleData name="angle">54.0482008761312</SimpleData>
		<SimpleData name="KM ">KM 10.8</SimpleData>
		<SimpleData name="LATITUDE">1.533</SimpleData>
		<SimpleData name="LONGITUDE">103.762</SimpleData>
	</SchemaData></ExtendedData>
      <Point><coordinates>103.762154453392,1.53314671594286,0</coordinates></Point>
  </Placemark>
  <Placemark id="interpolated_points.110">
	<name>LBR PASIR GUDANG</name>
	<ExtendedData><SchemaData schemaUrl="#interpolated_points">
		<SimpleData name="fid">1</SimpleData>
		<SimpleData name="tessellate">1</SimpleData>
		<SimpleData name="extrude">0</SimpleData>
		<SimpleData name="visibility">-1</SimpleData>
		<SimpleData name="distance">10900</SimpleData>
		<SimpleData name="angle">57.1753803516111</SimpleData>
		<SimpleData name="KM ">KM 10.9</SimpleData>
		<SimpleData name="LATITUDE">1.534</SimpleData>
		<SimpleData name="LONGITUDE">103.763</SimpleData>
	</SchemaData></ExtendedData>
      <Point><coordinates>103.762895955987,1.53365737140215,0</coordinates></Point>
  </Placemark>
  <Placemark id="interpolated_points.111">
	<name>LBR PASIR GUDANG</name>
	<ExtendedData><SchemaData schemaUrl="#interpolated_points">
		<SimpleData name="fid">1</SimpleData>
		<SimpleData name="tessellate">1</SimpleData>
		<SimpleData name="extrude">0</SimpleData>
		<SimpleData name="visibility">-1</SimpleData>
		<SimpleData name="distance">11000</SimpleData>
		<SimpleData name="angle">59.7264022861895</SimpleData>
		<SimpleData name="KM ">KM 11.0</SimpleData>
		<SimpleData name="LATITUDE">1.534</SimpleData>
		<SimpleData name="LONGITUDE">103.764</SimpleData>
	</SchemaData></ExtendedData>
      <Point><coordinates>103.763666245518,1.53412308561451,0</coordinates></Point>
  </Placemark>
  <Placemark id="interpolated_points.112">
	<name>LBR PASIR GUDANG</name>
	<ExtendedData><SchemaData schemaUrl="#interpolated_points">
		<SimpleData name="fid">1</SimpleData>
		<SimpleData name="tessellate">1</SimpleData>
		<SimpleData name="extrude">0</SimpleData>
		<SimpleData name="visibility">-1</SimpleData>
		<SimpleData name="distance">11100</SimpleData>
		<SimpleData name="angle">62.774000679959</SimpleData>
		<SimpleData name="KM ">KM 11.1</SimpleData>
		<SimpleData name="LATITUDE">1.535</SimpleData>
		<SimpleData name="LONGITUDE">103.764</SimpleData>
	</SchemaData></ExtendedData>
      <Point><coordinates>103.764459900378,1.5345466150148,0</coordinates></Point>
  </Placemark>
  <Placemark id="interpolated_points.113">
	<name>LBR PASIR GUDANG</name>
	<ExtendedData><SchemaData schemaUrl="#interpolated_points">
		<SimpleData name="fid">1</SimpleData>
		<SimpleData name="tessellate">1</SimpleData>
		<SimpleData name="extrude">0</SimpleData>
		<SimpleData name="visibility">-1</SimpleData>
		<SimpleData name="distance">11200</SimpleData>
		<SimpleData name="angle">65.3961565407709</SimpleData>
		<SimpleData name="KM ">KM 11.2</SimpleData>
		<SimpleData name="LATITUDE">1.535</SimpleData>
		<SimpleData name="LONGITUDE">103.765</SimpleData>
	</SchemaData></ExtendedData>
      <Point><coordinates>103.76527509151,1.53492696531976,0</coordinates></Point>
  </Placemark>
  <Placemark id="interpolated_points.114">
	<name>LBR PASIR GUDANG</name>
	<ExtendedData><SchemaData schemaUrl="#interpolated_points">
		<SimpleData name="fid">1</SimpleData>
		<SimpleData name="tessellate">1</SimpleData>
		<SimpleData name="extrude">0</SimpleData>
		<SimpleData name="visibility">-1</SimpleData>
		<SimpleData name="distance">11300</SimpleData>
		<SimpleData name="angle">69.8685805390758</SimpleData>
		<SimpleData name="KM ">KM 11.3</SimpleData>
		<SimpleData name="LATITUDE">1.535</SimpleData>
		<SimpleData name="LONGITUDE">103.766</SimpleData>
	</SchemaData></ExtendedData>
      <Point><coordinates>103.766116470003,1.53524391283122,0</coordinates></Point>
  </Placemark>
  <Placemark id="interpolated_points.115">
	<name>LBR PASIR GUDANG</name>
	<ExtendedData><SchemaData schemaUrl="#interpolated_points">
		<SimpleData name="fid">1</SimpleData>
		<SimpleData name="tessellate">1</SimpleData>
		<SimpleData name="extrude">0</SimpleData>
		<SimpleData name="visibility">-1</SimpleData>
		<SimpleData name="distance">11400</SimpleData>
		<SimpleData name="angle">73.7417754577095</SimpleData>
		<SimpleData name="KM ">KM 11.4</SimpleData>
		<SimpleData name="LATITUDE">1.536</SimpleData>
		<SimpleData name="LONGITUDE">103.767</SimpleData>
	</SchemaData></ExtendedData>
      <Point><coordinates>103.766974218088,1.53551359357952,0</coordinates></Point>
  </Placemark>
  <Placemark id="interpolated_points.116">
	<name>LBR PASIR GUDANG</name>
	<ExtendedData><SchemaData schemaUrl="#interpolated_points">
		<SimpleData name="fid">1</SimpleData>
		<SimpleData name="tessellate">1</SimpleData>
		<SimpleData name="extrude">0</SimpleData>
		<SimpleData name="visibility">-1</SimpleData>
		<SimpleData name="distance">11500</SimpleData>
		<SimpleData name="angle">74.3957553630604</SimpleData>
		<SimpleData name="KM ">KM 11.5</SimpleData>
		<SimpleData name="LATITUDE">1.536</SimpleData>
		<SimpleData name="LONGITUDE">103.768</SimpleData>
	</SchemaData></ExtendedData>
      <Point><coordinates>103.767838077744,1.53576326135126,0</coordinates></Point>
  </Placemark>
  <Placemark id="interpolated_points.117">
	<name>LBR PASIR GUDANG</name>
	<ExtendedData><SchemaData schemaUrl="#interpolated_points">
		<SimpleData name="fid">1</SimpleData>
		<SimpleData name="tessellate">1</SimpleData>
		<SimpleData name="extrude">0</SimpleData>
		<SimpleData name="visibility">-1</SimpleData>
		<SimpleData name="distance">11600</SimpleData>
		<SimpleData name="angle">74.8700357476605</SimpleData>
		<SimpleData name="KM ">KM 11.6</SimpleData>
		<SimpleData name="LATITUDE">1.536</SimpleData>
		<SimpleData name="LONGITUDE">103.769</SimpleData>
	</SchemaData></ExtendedData>
      <Point><coordinates>103.76870422251,1.53600478796711,0</coordinates></Point>
  </Placemark>
  <Placemark id="interpolated_points.118">
	<name>LBR PASIR GUDANG</name>
	<ExtendedData><SchemaData schemaUrl="#interpolated_points">
		<SimpleData name="fid">1</SimpleData>
		<SimpleData name="tessellate">1</SimpleData>
		<SimpleData name="extrude">0</SimpleData>
		<SimpleData name="visibility">-1</SimpleData>
		<SimpleData name="distance">11700</SimpleData>
		<SimpleData name="angle">75.8695558398081</SimpleData>
		<SimpleData name="KM ">KM 11.7</SimpleData>
		<SimpleData name="LATITUDE">1.536</SimpleData>
		<SimpleData name="LONGITUDE">103.770</SimpleData>
	</SchemaData></ExtendedData>
      <Point><coordinates>103.769568648235,1.53625108528702,0</coordinates></Point>
  </Placemark>
  <Placemark id="interpolated_points.119">
	<name>LBR PASIR GUDANG</name>
	<ExtendedData><SchemaData schemaUrl="#interpolated_points">
		<SimpleData name="fid">1</SimpleData>
		<SimpleData name="tessellate">1</SimpleData>
		<SimpleData name="extrude">0</SimpleData>
		<SimpleData name="visibility">-1</SimpleData>
		<SimpleData name="distance">11800</SimpleData>
		<SimpleData name="angle">75.5471485956515</SimpleData>
		<SimpleData name="KM ">KM 11.8</SimpleData>
		<SimpleData name="LATITUDE">1.536</SimpleData>
		<SimpleData name="LONGITUDE">103.770</SimpleData>
	</SchemaData></ExtendedData>
      <Point><coordinates>103.770439252355,1.53647580572842,0</coordinates></Point>
  </Placemark>
  <Placemark id="interpolated_points.120">
	<name>LBR PASIR GUDANG</name>
	<ExtendedData><SchemaData schemaUrl="#interpolated_points">
		<SimpleData name="fid">1</SimpleData>
		<SimpleData name="tessellate">1</SimpleData>
		<SimpleData name="extrude">0</SimpleData>
		<SimpleData name="visibility">-1</SimpleData>
		<SimpleData name="distance">11900</SimpleData>
		<SimpleData name="angle">75.5471485956515</SimpleData>
		<SimpleData name="KM ">KM 11.9</SimpleData>
		<SimpleData name="LATITUDE">1.537</SimpleData>
		<SimpleData name="LONGITUDE">103.771</SimpleData>
	</SchemaData></ExtendedData>
      <Point><coordinates>103.771309467298,1.53670206150719,0</coordinates></Point>
  </Placemark>
  <Placemark id="interpolated_points.121">
	<name>LBR PASIR GUDANG</name>
	<ExtendedData><SchemaData schemaUrl="#interpolated_points">
		<SimpleData name="fid">1</SimpleData>
		<SimpleData name="tessellate">1</SimpleData>
		<SimpleData name="extrude">0</SimpleData>
		<SimpleData name="visibility">-1</SimpleData>
		<SimpleData name="distance">12000</SimpleData>
		<SimpleData name="angle">74.6943105733216</SimpleData>
		<SimpleData name="KM ">KM 12.0</SimpleData>
		<SimpleData name="LATITUDE">1.537</SimpleData>
		<SimpleData name="LONGITUDE">103.772</SimpleData>
	</SchemaData></ExtendedData>
      <Point><coordinates>103.772176360758,1.53694087061296,0</coordinates></Point>
  </Placemark>
  <Placemark id="interpolated_points.122">
	<name>LBR PASIR GUDANG</name>
	<ExtendedData><SchemaData schemaUrl="#interpolated_points">
		<SimpleData name="fid">1</SimpleData>
		<SimpleData name="tessellate">1</SimpleData>
		<SimpleData name="extrude">0</SimpleData>
		<SimpleData name="visibility">-1</SimpleData>
		<SimpleData name="distance">12100</SimpleData>
		<SimpleData name="angle">74.6943105733216</SimpleData>
		<SimpleData name="KM ">KM 12.1</SimpleData>
		<SimpleData name="LATITUDE">1.537</SimpleData>
		<SimpleData name="LONGITUDE">103.773</SimpleData>
	</SchemaData></ExtendedData>
      <Point><coordinates>103.773043133879,1.53718013599418,0</coordinates></Point>
  </Placemark>
  <Placemark id="interpolated_points.123">
	<name>LBR PASIR GUDANG</name>
	<ExtendedData><SchemaData schemaUrl="#interpolated_points">
		<SimpleData name="fid">1</SimpleData>
		<SimpleData name="tessellate">1</SimpleData>
		<SimpleData name="extrude">0</SimpleData>
		<SimpleData name="visibility">-1</SimpleData>
		<SimpleData name="distance">12200</SimpleData>
		<SimpleData name="angle">74.4066382480762</SimpleData>
		<SimpleData name="KM ">KM 12.2</SimpleData>
		<SimpleData name="LATITUDE">1.537</SimpleData>
		<SimpleData name="LONGITUDE">103.774</SimpleData>
	</SchemaData></ExtendedData>
      <Point><coordinates>103.773909004228,1.53742268276975,0</coordinates></Point>
  </Placemark>
  <Placemark id="interpolated_points.124">
	<name>LBR PASIR GUDANG</name>
	<ExtendedData><SchemaData schemaUrl="#interpolated_points">
		<SimpleData name="fid">1</SimpleData>
		<SimpleData name="tessellate">1</SimpleData>
		<SimpleData name="extrude">0</SimpleData>
		<SimpleData name="visibility">-1</SimpleData>
		<SimpleData name="distance">12300</SimpleData>
		<SimpleData name="angle">75.1053565249143</SimpleData>
		<SimpleData name="KM ">KM 12.3</SimpleData>
		<SimpleData name="LATITUDE">1.538</SimpleData>
		<SimpleData name="LONGITUDE">103.775</SimpleData>
	</SchemaData></ExtendedData>
      <Point><coordinates>103.774775122731,1.53766430122917,0</coordinates></Point>
  </Placemark>
  <Placemark id="interpolated_points.125">
	<name>LBR PASIR GUDANG</name>
	<ExtendedData><SchemaData schemaUrl="#interpolated_points">
		<SimpleData name="fid">1</SimpleData>
		<SimpleData name="tessellate">1</SimpleData>
		<SimpleData name="extrude">0</SimpleData>
		<SimpleData name="visibility">-1</SimpleData>
		<SimpleData name="distance">12400</SimpleData>
		<SimpleData name="angle">74.5651518395044</SimpleData>
		<SimpleData name="KM ">KM 12.4</SimpleData>
		<SimpleData name="LATITUDE">1.538</SimpleData>
		<SimpleData name="LONGITUDE">103.776</SimpleData>
	</SchemaData></ExtendedData>
      <Point><coordinates>103.775644898727,1.53789161740062,0</coordinates></Point>
  </Placemark>
  <Placemark id="interpolated_points.126">
	<name>LBR PASIR GUDANG</name>
	<ExtendedData><SchemaData schemaUrl="#interpolated_points">
		<SimpleData name="fid">1</SimpleData>
		<SimpleData name="tessellate">1</SimpleData>
		<SimpleData name="extrude">0</SimpleData>
		<SimpleData name="visibility">-1</SimpleData>
		<SimpleData name="distance">12500</SimpleData>
		<SimpleData name="angle">74.1833207324916</SimpleData>
		<SimpleData name="KM ">KM 12.5</SimpleData>
		<SimpleData name="LATITUDE">1.538</SimpleData>
		<SimpleData name="LONGITUDE">103.777</SimpleData>
	</SchemaData></ExtendedData>
      <Point><coordinates>103.776512008751,1.53812914538843,0</coordinates></Point>
  </Placemark>
  <Placemark id="interpolated_points.127">
	<name>LBR PASIR GUDANG</name>
	<ExtendedData><SchemaData schemaUrl="#interpolated_points">
		<SimpleData name="fid">1</SimpleData>
		<SimpleData name="tessellate">1</SimpleData>
		<SimpleData name="extrude">0</SimpleData>
		<SimpleData name="visibility">-1</SimpleData>
		<SimpleData name="distance">12600</SimpleData>
		<SimpleData name="angle">76.0819750246547</SimpleData>
		<SimpleData name="KM ">KM 12.6</SimpleData>
		<SimpleData name="LATITUDE">1.538</SimpleData>
		<SimpleData name="LONGITUDE">103.777</SimpleData>
	</SchemaData></ExtendedData>
      <Point><coordinates>103.777376549357,1.53836913735659,0</coordinates></Point>
  </Placemark>
  <Placemark id="interpolated_points.128">
	<name>LBR PASIR GUDANG</name>
	<ExtendedData><SchemaData schemaUrl="#interpolated_points">
		<SimpleData name="fid">1</SimpleData>
		<SimpleData name="tessellate">1</SimpleData>
		<SimpleData name="extrude">0</SimpleData>
		<SimpleData name="visibility">-1</SimpleData>
		<SimpleData name="distance">12700</SimpleData>
		<SimpleData name="angle">73.0321037271745</SimpleData>
		<SimpleData name="KM ">KM 12.7</SimpleData>
		<SimpleData name="LATITUDE">1.539</SimpleData>
		<SimpleData name="LONGITUDE">103.778</SimpleData>
	</SchemaData></ExtendedData>
      <Point><coordinates>103.778244016227,1.53860508191681,0</coordinates></Point>
  </Placemark>
  <Placemark id="interpolated_points.129">
	<name>LBR PASIR GUDANG</name>
	<ExtendedData><SchemaData schemaUrl="#interpolated_points">
		<SimpleData name="fid">1</SimpleData>
		<SimpleData name="tessellate">1</SimpleData>
		<SimpleData name="extrude">0</SimpleData>
		<SimpleData name="visibility">-1</SimpleData>
		<SimpleData name="distance">12800</SimpleData>
		<SimpleData name="angle">75.1052569697103</SimpleData>
		<SimpleData name="KM ">KM 12.8</SimpleData>
		<SimpleData name="LATITUDE">1.539</SimpleData>
		<SimpleData name="LONGITUDE">103.779</SimpleData>
	</SchemaData></ExtendedData>
      <Point><coordinates>103.7791081735,1.53885341243796,0</coordinates></Point>
  </Placemark>
  <Placemark id="interpolated_points.130">
	<name>LBR PASIR GUDANG</name>
	<ExtendedData><SchemaData schemaUrl="#interpolated_points">
		<SimpleData name="fid">1</SimpleData>
		<SimpleData name="tessellate">1</SimpleData>
		<SimpleData name="extrude">0</SimpleData>
		<SimpleData name="visibility">-1</SimpleData>
		<SimpleData name="distance">12900</SimpleData>
		<SimpleData name="angle">78.0123564514498</SimpleData>
		<SimpleData name="KM ">KM 12.9</SimpleData>
		<SimpleData name="LATITUDE">1.539</SimpleData>
		<SimpleData name="LONGITUDE">103.780</SimpleData>
	</SchemaData></ExtendedData>
      <Point><coordinates>103.779977380897,1.53908301019292,0</coordinates></Point>
  </Placemark>
  <Placemark id="interpolated_points.131">
	<name>LBR PASIR GUDANG</name>
	<ExtendedData><SchemaData schemaUrl="#interpolated_points">
		<SimpleData name="fid">1</SimpleData>
		<SimpleData name="tessellate">1</SimpleData>
		<SimpleData name="extrude">0</SimpleData>
		<SimpleData name="visibility">-1</SimpleData>
		<SimpleData name="distance">13000</SimpleData>
		<SimpleData name="angle">82.1989074790949</SimpleData>
		<SimpleData name="KM ">KM 13.0</SimpleData>
		<SimpleData name="LATITUDE">1.539</SimpleData>
		<SimpleData name="LONGITUDE">103.781</SimpleData>
	</SchemaData></ExtendedData>
      <Point><coordinates>103.780864255939,1.53922643544129,0</coordinates></Point>
  </Placemark>
  <Placemark id="interpolated_points.132">
	<name>LBR PASIR GUDANG</name>
	<ExtendedData><SchemaData schemaUrl="#interpolated_points">
		<SimpleData name="fid">1</SimpleData>
		<SimpleData name="tessellate">1</SimpleData>
		<SimpleData name="extrude">0</SimpleData>
		<SimpleData name="visibility">-1</SimpleData>
		<SimpleData name="distance">13100</SimpleData>
		<SimpleData name="angle">86.2924545038768</SimpleData>
		<SimpleData name="KM ">KM 13.1</SimpleData>
		<SimpleData name="LATITUDE">1.539</SimpleData>
		<SimpleData name="LONGITUDE">103.782</SimpleData>
	</SchemaData></ExtendedData>
      <Point><coordinates>103.781759516972,1.5393020736121,0</coordinates></Point>
  </Placemark>
  <Placemark id="interpolated_points.133">
	<name>LBR PASIR GUDANG</name>
	<ExtendedData><SchemaData schemaUrl="#interpolated_points">
		<SimpleData name="fid">1</SimpleData>
		<SimpleData name="tessellate">1</SimpleData>
		<SimpleData name="extrude">0</SimpleData>
		<SimpleData name="visibility">-1</SimpleData>
		<SimpleData name="distance">13200</SimpleData>
		<SimpleData name="angle">96.7004459567238</SimpleData>
		<SimpleData name="KM ">KM 13.2</SimpleData>
		<SimpleData name="LATITUDE">1.539</SimpleData>
		<SimpleData name="LONGITUDE">103.783</SimpleData>
	</SchemaData></ExtendedData>
      <Point><coordinates>103.782656319166,1.53935808009873,0</coordinates></Point>
  </Placemark>
  <Placemark id="interpolated_points.134">
	<name>LBR PASIR GUDANG</name>
	<ExtendedData><SchemaData schemaUrl="#interpolated_points">
		<SimpleData name="fid">1</SimpleData>
		<SimpleData name="tessellate">1</SimpleData>
		<SimpleData name="extrude">0</SimpleData>
		<SimpleData name="visibility">-1</SimpleData>
		<SimpleData name="distance">13300</SimpleData>
		<SimpleData name="angle">97.1130438918882</SimpleData>
		<SimpleData name="KM ">KM 13.3</SimpleData>
		<SimpleData name="LATITUDE">1.539</SimpleData>
		<SimpleData name="LONGITUDE">103.784</SimpleData>
	</SchemaData></ExtendedData>
      <Point><coordinates>103.783551653362,1.53927979332986,0</coordinates></Point>
  </Placemark>
  <Placemark id="interpolated_points.135">
	<name>LBR PASIR GUDANG</name>
	<ExtendedData><SchemaData schemaUrl="#interpolated_points">
		<SimpleData name="fid">1</SimpleData>
		<SimpleData name="tessellate">1</SimpleData>
		<SimpleData name="extrude">0</SimpleData>
		<SimpleData name="visibility">-1</SimpleData>
		<SimpleData name="distance">13400</SimpleData>
		<SimpleData name="angle">96.3330331634657</SimpleData>
		<SimpleData name="KM ">KM 13.4</SimpleData>
		<SimpleData name="LATITUDE">1.539</SimpleData>
		<SimpleData name="LONGITUDE">103.784</SimpleData>
	</SchemaData></ExtendedData>
      <Point><coordinates>103.784443859347,1.53917068230143,0</coordinates></Point>
  </Placemark>
  <Placemark id="interpolated_points.136">
	<name>LBR PASIR GUDANG</name>
	<ExtendedData><SchemaData schemaUrl="#interpolated_points">
		<SimpleData name="fid">1</SimpleData>
		<SimpleData name="tessellate">1</SimpleData>
		<SimpleData name="extrude">0</SimpleData>
		<SimpleData name="visibility">-1</SimpleData>
		<SimpleData name="distance">13500</SimpleData>
		<SimpleData name="angle">99.2307653790907</SimpleData>
		<SimpleData name="KM ">KM 13.5</SimpleData>
		<SimpleData name="LATITUDE">1.539</SimpleData>
		<SimpleData name="LONGITUDE">103.785</SimpleData>
	</SchemaData></ExtendedData>
      <Point><coordinates>103.78533175529,1.53903097333567,0</coordinates></Point>
  </Placemark>
  <Placemark id="interpolated_points.137">
	<name>LBR PASIR GUDANG</name>
	<ExtendedData><SchemaData schemaUrl="#interpolated_points">
		<SimpleData name="fid">1</SimpleData>
		<SimpleData name="tessellate">1</SimpleData>
		<SimpleData name="extrude">0</SimpleData>
		<SimpleData name="visibility">-1</SimpleData>
		<SimpleData name="distance">13600</SimpleData>
		<SimpleData name="angle">101.458288879238</SimpleData>
		<SimpleData name="KM ">KM 13.6</SimpleData>
		<SimpleData name="LATITUDE">1.539</SimpleData>
		<SimpleData name="LONGITUDE">103.786</SimpleData>
	</SchemaData></ExtendedData>
      <Point><coordinates>103.786221895333,1.53890961450886,0</coordinates></Point>
  </Placemark>
  <Placemark id="interpolated_points.138">
	<name>LBR PASIR GUDANG</name>
	<ExtendedData><SchemaData schemaUrl="#interpolated_points">
		<SimpleData name="fid">1</SimpleData>
		<SimpleData name="tessellate">1</SimpleData>
		<SimpleData name="extrude">0</SimpleData>
		<SimpleData name="visibility">-1</SimpleData>
		<SimpleData name="distance">13700</SimpleData>
		<SimpleData name="angle">98.8788221269666</SimpleData>
		<SimpleData name="KM ">KM 13.7</SimpleData>
		<SimpleData name="LATITUDE">1.539</SimpleData>
		<SimpleData name="LONGITUDE">103.787</SimpleData>
	</SchemaData></ExtendedData>
      <Point><coordinates>103.787105244569,1.53874375691857,0</coordinates></Point>
  </Placemark>
  <Placemark id="interpolated_points.139">
	<name>LBR PASIR GUDANG</name>
	<ExtendedData><SchemaData schemaUrl="#interpolated_points">
		<SimpleData name="fid">1</SimpleData>
		<SimpleData name="tessellate">1</SimpleData>
		<SimpleData name="extrude">0</SimpleData>
		<SimpleData name="visibility">-1</SimpleData>
		<SimpleData name="distance">13800</SimpleData>
		<SimpleData name="angle">99.5472679179498</SimpleData>
		<SimpleData name="KM ">KM 13.8</SimpleData>
		<SimpleData name="LATITUDE">1.539</SimpleData>
		<SimpleData name="LONGITUDE">103.788</SimpleData>
	</SchemaData></ExtendedData>
      <Point><coordinates>103.787992681631,1.53860051157944,0</coordinates></Point>
  </Placemark>
  <Placemark id="interpolated_points.140">
	<name>LBR PASIR GUDANG</name>
	<ExtendedData><SchemaData schemaUrl="#interpolated_points">
		<SimpleData name="fid">1</SimpleData>
		<SimpleData name="tessellate">1</SimpleData>
		<SimpleData name="extrude">0</SimpleData>
		<SimpleData name="visibility">-1</SimpleData>
		<SimpleData name="distance">13900</SimpleData>
		<SimpleData name="angle">98.9492543362036</SimpleData>
		<SimpleData name="KM ">KM 13.9</SimpleData>
		<SimpleData name="LATITUDE">1.538</SimpleData>
		<SimpleData name="LONGITUDE">103.789</SimpleData>
	</SchemaData></ExtendedData>
      <Point><coordinates>103.788879374996,1.53845273028625,0</coordinates></Point>
  </Placemark>
  <Placemark id="interpolated_points.141">
	<name>LBR PASIR GUDANG</name>
	<ExtendedData><SchemaData schemaUrl="#interpolated_points">
		<SimpleData name="fid">1</SimpleData>
		<SimpleData name="tessellate">1</SimpleData>
		<SimpleData name="extrude">0</SimpleData>
		<SimpleData name="visibility">-1</SimpleData>
		<SimpleData name="distance">14000</SimpleData>
		<SimpleData name="angle">100.405309166481</SimpleData>
		<SimpleData name="KM ">KM 14.0</SimpleData>
		<SimpleData name="LATITUDE">1.538</SimpleData>
		<SimpleData name="LONGITUDE">103.790</SimpleData>
	</SchemaData></ExtendedData>
      <Point><coordinates>103.789766339948,1.53831041109384,0</coordinates></Point>
  </Placemark>
  <Placemark id="interpolated_points.142">
	<name>LBR PASIR GUDANG</name>
	<ExtendedData><SchemaData schemaUrl="#interpolated_points">
		<SimpleData name="fid">1</SimpleData>
		<SimpleData name="tessellate">1</SimpleData>
		<SimpleData name="extrude">0</SimpleData>
		<SimpleData name="visibility">-1</SimpleData>
		<SimpleData name="distance">14100</SimpleData>
		<SimpleData name="angle">100.405309166481</SimpleData>
		<SimpleData name="KM ">KM 14.1</SimpleData>
		<SimpleData name="LATITUDE">1.538</SimpleData>
		<SimpleData name="LONGITUDE">103.791</SimpleData>
	</SchemaData></ExtendedData>
      <Point><coordinates>103.790650445865,1.5381475494885,0</coordinates></Point>
  </Placemark>
  <Placemark id="interpolated_points.143">
	<name>LBR PASIR GUDANG</name>
	<ExtendedData><SchemaData schemaUrl="#interpolated_points">
		<SimpleData name="fid">1</SimpleData>
		<SimpleData name="tessellate">1</SimpleData>
		<SimpleData name="extrude">0</SimpleData>
		<SimpleData name="visibility">-1</SimpleData>
		<SimpleData name="distance">14200</SimpleData>
		<SimpleData name="angle">103.832544730186</SimpleData>
		<SimpleData name="KM ">KM 14.2</SimpleData>
		<SimpleData name="LATITUDE">1.538</SimpleData>
		<SimpleData name="LONGITUDE">103.792</SimpleData>
	</SchemaData></ExtendedData>
      <Point><coordinates>103.791527140571,1.53794902156611,0</coordinates></Point>
  </Placemark>
  <Placemark id="interpolated_points.144">
	<name>LBR PASIR GUDANG</name>
	<ExtendedData><SchemaData schemaUrl="#interpolated_points">
		<SimpleData name="fid">1</SimpleData>
		<SimpleData name="tessellate">1</SimpleData>
		<SimpleData name="extrude">0</SimpleData>
		<SimpleData name="visibility">-1</SimpleData>
		<SimpleData name="distance">14300</SimpleData>
		<SimpleData name="angle">103.832544730186</SimpleData>
		<SimpleData name="KM ">KM 14.3</SimpleData>
		<SimpleData name="LATITUDE">1.538</SimpleData>
		<SimpleData name="LONGITUDE">103.792</SimpleData>
	</SchemaData></ExtendedData>
      <Point><coordinates>103.792399991122,1.53773326084663,0</coordinates></Point>
  </Placemark>
  <Placemark id="interpolated_points.145">
	<name>LBR PASIR GUDANG</name>
	<ExtendedData><SchemaData schemaUrl="#interpolated_points">
		<SimpleData name="fid">1</SimpleData>
		<SimpleData name="tessellate">1</SimpleData>
		<SimpleData name="extrude">0</SimpleData>
		<SimpleData name="visibility">-1</SimpleData>
		<SimpleData name="distance">14400</SimpleData>
		<SimpleData name="angle">110.00129771002</SimpleData>
		<SimpleData name="KM ">KM 14.4</SimpleData>
		<SimpleData name="LATITUDE">1.537</SimpleData>
		<SimpleData name="LONGITUDE">103.793</SimpleData>
	</SchemaData></ExtendedData>
      <Point><coordinates>103.793264704147,1.53749051873324,0</coordinates></Point>
  </Placemark>
  <Placemark id="interpolated_points.146">
	<name>LBR PASIR GUDANG</name>
	<ExtendedData><SchemaData schemaUrl="#interpolated_points">
		<SimpleData name="fid">1</SimpleData>
		<SimpleData name="tessellate">1</SimpleData>
		<SimpleData name="extrude">0</SimpleData>
		<SimpleData name="visibility">-1</SimpleData>
		<SimpleData name="distance">14500</SimpleData>
		<SimpleData name="angle">110.00129771002</SimpleData>
		<SimpleData name="KM ">KM 14.5</SimpleData>
		<SimpleData name="LATITUDE">1.537</SimpleData>
		<SimpleData name="LONGITUDE">103.794</SimpleData>
	</SchemaData></ExtendedData>
      <Point><coordinates>103.794109462445,1.53718161458135,0</coordinates></Point>
  </Placemark>
  <Placemark id="interpolated_points.147">
	<name>LBR PASIR GUDANG</name>
	<ExtendedData><SchemaData schemaUrl="#interpolated_points">
		<SimpleData name="fid">1</SimpleData>
		<SimpleData name="tessellate">1</SimpleData>
		<SimpleData name="extrude">0</SimpleData>
		<SimpleData name="visibility">-1</SimpleData>
		<SimpleData name="distance">14600</SimpleData>
		<SimpleData name="angle">113.486183886445</SimpleData>
		<SimpleData name="KM ">KM 14.6</SimpleData>
		<SimpleData name="LATITUDE">1.537</SimpleData>
		<SimpleData name="LONGITUDE">103.795</SimpleData>
	</SchemaData></ExtendedData>
      <Point><coordinates>103.794939997532,1.53683676167271,0</coordinates></Point>
  </Placemark>
  <Placemark id="interpolated_points.148">
	<name>LBR PASIR GUDANG</name>
	<ExtendedData><SchemaData schemaUrl="#interpolated_points">
		<SimpleData name="fid">1</SimpleData>
		<SimpleData name="tessellate">1</SimpleData>
		<SimpleData name="extrude">0</SimpleData>
		<SimpleData name="visibility">-1</SimpleData>
		<SimpleData name="distance">14700</SimpleData>
		<SimpleData name="angle">116.146826886209</SimpleData>
		<SimpleData name="KM ">KM 14.7</SimpleData>
		<SimpleData name="LATITUDE">1.536</SimpleData>
		<SimpleData name="LONGITUDE">103.796</SimpleData>
	</SchemaData></ExtendedData>
      <Point><coordinates>103.795751289311,1.53644776399629,0</coordinates></Point>
  </Placemark>
  <Placemark id="interpolated_points.149">
	<name>LBR PASIR GUDANG</name>
	<ExtendedData><SchemaData schemaUrl="#interpolated_points">
		<SimpleData name="fid">1</SimpleData>
		<SimpleData name="tessellate">1</SimpleData>
		<SimpleData name="extrude">0</SimpleData>
		<SimpleData name="visibility">-1</SimpleData>
		<SimpleData name="distance">14800</SimpleData>
		<SimpleData name="angle">118.412218819039</SimpleData>
		<SimpleData name="KM ">KM 14.8</SimpleData>
		<SimpleData name="LATITUDE">1.536</SimpleData>
		<SimpleData name="LONGITUDE">103.797</SimpleData>
	</SchemaData></ExtendedData>
      <Point><coordinates>103.796545375079,1.53602445629951,0</coordinates></Point>
  </Placemark>
  <Placemark id="interpolated_points.150">
	<name>LBR PASIR GUDANG</name>
	<ExtendedData><SchemaData schemaUrl="#interpolated_points">
		<SimpleData name="fid">1</SimpleData>
		<SimpleData name="tessellate">1</SimpleData>
		<SimpleData name="extrude">0</SimpleData>
		<SimpleData name="visibility">-1</SimpleData>
		<SimpleData name="distance">14900</SimpleData>
		<SimpleData name="angle">118.412218819039</SimpleData>
		<SimpleData name="KM ">KM 14.9</SimpleData>
		<SimpleData name="LATITUDE">1.536</SimpleData>
		<SimpleData name="LONGITUDE">103.797</SimpleData>
	</SchemaData></ExtendedData>
      <Point><coordinates>103.797336149252,1.53559452087014,0</coordinates></Point>
  </Placemark>
  <Placemark id="interpolated_points.151">
	<name>LBR PASIR GUDANG</name>
	<ExtendedData><SchemaData schemaUrl="#interpolated_points">
		<SimpleData name="fid">1</SimpleData>
		<SimpleData name="tessellate">1</SimpleData>
		<SimpleData name="extrude">0</SimpleData>
		<SimpleData name="visibility">-1</SimpleData>
		<SimpleData name="distance">15000</SimpleData>
		<SimpleData name="angle">118.306072753154</SimpleData>
		<SimpleData name="KM ">KM 15.0</SimpleData>
		<SimpleData name="LATITUDE">1.535</SimpleData>
		<SimpleData name="LONGITUDE">103.798</SimpleData>
	</SchemaData></ExtendedData>
      <Point><coordinates>103.79813035391,1.53517164344007,0</coordinates></Point>
  </Placemark>
  <Placemark id="interpolated_points.152">
	<name>LBR PASIR GUDANG</name>
	<ExtendedData><SchemaData schemaUrl="#interpolated_points">
		<SimpleData name="fid">1</SimpleData>
		<SimpleData name="tessellate">1</SimpleData>
		<SimpleData name="extrude">0</SimpleData>
		<SimpleData name="visibility">-1</SimpleData>
		<SimpleData name="distance">15100</SimpleData>
		<SimpleData name="angle">117.435968191406</SimpleData>
		<SimpleData name="KM ">KM 15.1</SimpleData>
		<SimpleData name="LATITUDE">1.535</SimpleData>
		<SimpleData name="LONGITUDE">103.799</SimpleData>
	</SchemaData></ExtendedData>
      <Point><coordinates>103.798923060655,1.53474535968015,0</coordinates></Point>
  </Placemark>
  <Placemark id="interpolated_points.153">
	<name>LBR PASIR GUDANG</name>
	<ExtendedData><SchemaData schemaUrl="#interpolated_points">
		<SimpleData name="fid">1</SimpleData>
		<SimpleData name="tessellate">1</SimpleData>
		<SimpleData name="extrude">0</SimpleData>
		<SimpleData name="visibility">-1</SimpleData>
		<SimpleData name="distance">15200</SimpleData>
		<SimpleData name="angle">116.755472574686</SimpleData>
		<SimpleData name="KM ">KM 15.2</SimpleData>
		<SimpleData name="LATITUDE">1.534</SimpleData>
		<SimpleData name="LONGITUDE">103.800</SimpleData>
	</SchemaData></ExtendedData>
      <Point><coordinates>103.799723926158,1.53433481080735,0</coordinates></Point>
  </Placemark>
  <Placemark id="interpolated_points.154">
	<name>LBR PASIR GUDANG</name>
	<ExtendedData><SchemaData schemaUrl="#interpolated_points">
		<SimpleData name="fid">1</SimpleData>
		<SimpleData name="tessellate">1</SimpleData>
		<SimpleData name="extrude">0</SimpleData>
		<SimpleData name="visibility">-1</SimpleData>
		<SimpleData name="distance">15300</SimpleData>
		<SimpleData name="angle">116.45182506873</SimpleData>
		<SimpleData name="KM ">KM 15.3</SimpleData>
		<SimpleData name="LATITUDE">1.534</SimpleData>
		<SimpleData name="LONGITUDE">103.801</SimpleData>
	</SchemaData></ExtendedData>
      <Point><coordinates>103.800521979791,1.53391901011049,0</coordinates></Point>
  </Placemark>
  <Placemark id="interpolated_points.155">
	<name>LBR PASIR GUDANG</name>
	<ExtendedData><SchemaData schemaUrl="#interpolated_points">
		<SimpleData name="fid">1</SimpleData>
		<SimpleData name="tessellate">1</SimpleData>
		<SimpleData name="extrude">0</SimpleData>
		<SimpleData name="visibility">-1</SimpleData>
		<SimpleData name="distance">15400</SimpleData>
		<SimpleData name="angle">117.987347102664</SimpleData>
		<SimpleData name="KM ">KM 15.4</SimpleData>
		<SimpleData name="LATITUDE">1.533</SimpleData>
		<SimpleData name="LONGITUDE">103.801</SimpleData>
	</SchemaData></ExtendedData>
      <Point><coordinates>103.801318059979,1.53349921804238,0</coordinates></Point>
  </Placemark>
  <Placemark id="interpolated_points.156">
	<name>LBR PASIR GUDANG</name>
	<ExtendedData><SchemaData schemaUrl="#interpolated_points">
		<SimpleData name="fid">1</SimpleData>
		<SimpleData name="tessellate">1</SimpleData>
		<SimpleData name="extrude">0</SimpleData>
		<SimpleData name="visibility">-1</SimpleData>
		<SimpleData name="distance">15500</SimpleData>
		<SimpleData name="angle">118.489733463539</SimpleData>
		<SimpleData name="KM ">KM 15.5</SimpleData>
		<SimpleData name="LATITUDE">1.533</SimpleData>
		<SimpleData name="LONGITUDE">103.802</SimpleData>
	</SchemaData></ExtendedData>
      <Point><coordinates>103.802110519316,1.53307244401447,0</coordinates></Point>
  </Placemark>
  <Placemark id="interpolated_points.157">
	<name>LBR PASIR GUDANG</name>
	<ExtendedData><SchemaData schemaUrl="#interpolated_points">
		<SimpleData name="fid">1</SimpleData>
		<SimpleData name="tessellate">1</SimpleData>
		<SimpleData name="extrude">0</SimpleData>
		<SimpleData name="visibility">-1</SimpleData>
		<SimpleData name="distance">15600</SimpleData>
		<SimpleData name="angle">119.692202269653</SimpleData>
		<SimpleData name="KM ">KM 15.6</SimpleData>
		<SimpleData name="LATITUDE">1.533</SimpleData>
		<SimpleData name="LONGITUDE">103.803</SimpleData>
	</SchemaData></ExtendedData>
      <Point><coordinates>103.802892241588,1.53262608414502,0</coordinates></Point>
  </Placemark>
  <Placemark id="interpolated_points.158">
	<name>LBR PASIR GUDANG</name>
	<ExtendedData><SchemaData schemaUrl="#interpolated_points">
		<SimpleData name="fid">1</SimpleData>
		<SimpleData name="tessellate">1</SimpleData>
		<SimpleData name="extrude">0</SimpleData>
		<SimpleData name="visibility">-1</SimpleData>
		<SimpleData name="distance">15700</SimpleData>
		<SimpleData name="angle">119.692202269653</SimpleData>
		<SimpleData name="KM ">KM 15.7</SimpleData>
		<SimpleData name="LATITUDE">1.532</SimpleData>
		<SimpleData name="LONGITUDE">103.804</SimpleData>
	</SchemaData></ExtendedData>
      <Point><coordinates>103.803673274047,1.53217847468683,0</coordinates></Point>
  </Placemark>
  <Placemark id="interpolated_points.159">
	<name>LBR PASIR GUDANG</name>
	<ExtendedData><SchemaData schemaUrl="#interpolated_points">
		<SimpleData name="fid">1</SimpleData>
		<SimpleData name="tessellate">1</SimpleData>
		<SimpleData name="extrude">0</SimpleData>
		<SimpleData name="visibility">-1</SimpleData>
		<SimpleData name="distance">15800</SimpleData>
		<SimpleData name="angle">118.489626854526</SimpleData>
		<SimpleData name="KM ">KM 15.8</SimpleData>
		<SimpleData name="LATITUDE">1.532</SimpleData>
		<SimpleData name="LONGITUDE">103.804</SimpleData>
	</SchemaData></ExtendedData>
      <Point><coordinates>103.804461043764,1.53174306718968,0</coordinates></Point>
  </Placemark>
  <Placemark id="interpolated_points.160">
	<name>LBR PASIR GUDANG</name>
	<ExtendedData><SchemaData schemaUrl="#interpolated_points">
		<SimpleData name="fid">1</SimpleData>
		<SimpleData name="tessellate">1</SimpleData>
		<SimpleData name="extrude">0</SimpleData>
		<SimpleData name="visibility">-1</SimpleData>
		<SimpleData name="distance">15900</SimpleData>
		<SimpleData name="angle">118.411842839139</SimpleData>
		<SimpleData name="KM ">KM 15.9</SimpleData>
		<SimpleData name="LATITUDE">1.531</SimpleData>
		<SimpleData name="LONGITUDE">103.805</SimpleData>
	</SchemaData></ExtendedData>
      <Point><coordinates>103.805251437844,1.53131242224634,0</coordinates></Point>
  </Placemark>
  <Placemark id="interpolated_points.161">
	<name>LBR PASIR GUDANG</name>
	<ExtendedData><SchemaData schemaUrl="#interpolated_points">
		<SimpleData name="fid">1</SimpleData>
		<SimpleData name="tessellate">1</SimpleData>
		<SimpleData name="extrude">0</SimpleData>
		<SimpleData name="visibility">-1</SimpleData>
		<SimpleData name="distance">16000</SimpleData>
		<SimpleData name="angle">118.764720858405</SimpleData>
		<SimpleData name="KM ">KM 16.0</SimpleData>
		<SimpleData name="LATITUDE">1.531</SimpleData>
		<SimpleData name="LONGITUDE">103.806</SimpleData>
	</SchemaData></ExtendedData>
      <Point><coordinates>103.806042105353,1.53088228671056,0</coordinates></Point>
  </Placemark>
  <Placemark id="interpolated_points.162">
	<name>LBR PASIR GUDANG</name>
	<ExtendedData><SchemaData schemaUrl="#interpolated_points">
		<SimpleData name="fid">1</SimpleData>
		<SimpleData name="tessellate">1</SimpleData>
		<SimpleData name="extrude">0</SimpleData>
		<SimpleData name="visibility">-1</SimpleData>
		<SimpleData name="distance">16100</SimpleData>
		<SimpleData name="angle">119.234285204564</SimpleData>
		<SimpleData name="KM ">KM 16.1</SimpleData>
		<SimpleData name="LATITUDE">1.530</SimpleData>
		<SimpleData name="LONGITUDE">103.807</SimpleData>
	</SchemaData></ExtendedData>
      <Point><coordinates>103.80682914694,1.53044547989578,0</coordinates></Point>
  </Placemark>
  <Placemark id="interpolated_points.163">
	<name>LBR PASIR GUDANG</name>
	<ExtendedData><SchemaData schemaUrl="#interpolated_points">
		<SimpleData name="fid">1</SimpleData>
		<SimpleData name="tessellate">1</SimpleData>
		<SimpleData name="extrude">0</SimpleData>
		<SimpleData name="visibility">-1</SimpleData>
		<SimpleData name="distance">16200</SimpleData>
		<SimpleData name="angle">120.97980976721</SimpleData>
		<SimpleData name="KM ">KM 16.2</SimpleData>
		<SimpleData name="LATITUDE">1.530</SimpleData>
		<SimpleData name="LONGITUDE">103.808</SimpleData>
	</SchemaData></ExtendedData>
      <Point><coordinates>103.807606997446,1.52999250158371,0</coordinates></Point>
  </Placemark>
  <Placemark id="interpolated_points.164">
	<name>LBR PASIR GUDANG</name>
	<ExtendedData><SchemaData schemaUrl="#interpolated_points">
		<SimpleData name="fid">1</SimpleData>
		<SimpleData name="tessellate">1</SimpleData>
		<SimpleData name="extrude">0</SimpleData>
		<SimpleData name="visibility">-1</SimpleData>
		<SimpleData name="distance">16300</SimpleData>
		<SimpleData name="angle">123.822334810769</SimpleData>
		<SimpleData name="KM ">KM 16.3</SimpleData>
		<SimpleData name="LATITUDE">1.530</SimpleData>
		<SimpleData name="LONGITUDE">103.808</SimpleData>
	</SchemaData></ExtendedData>
      <Point><coordinates>103.808370338878,1.52951528206644,0</coordinates></Point>
  </Placemark>
  <Placemark id="interpolated_points.165">
	<name>LBR PASIR GUDANG</name>
	<ExtendedData><SchemaData schemaUrl="#interpolated_points">
		<SimpleData name="fid">1</SimpleData>
		<SimpleData name="tessellate">1</SimpleData>
		<SimpleData name="extrude">0</SimpleData>
		<SimpleData name="visibility">-1</SimpleData>
		<SimpleData name="distance">16400</SimpleData>
		<SimpleData name="angle">123.822334810769</SimpleData>
		<SimpleData name="KM ">KM 16.4</SimpleData>
		<SimpleData name="LATITUDE">1.529</SimpleData>
		<SimpleData name="LONGITUDE">103.809</SimpleData>
	</SchemaData></ExtendedData>
      <Point><coordinates>103.809117308065,1.52901222113495,0</coordinates></Point>
  </Placemark>
  <Placemark id="interpolated_points.166">
	<name>LBR PASIR GUDANG</name>
	<ExtendedData><SchemaData schemaUrl="#interpolated_points">
		<SimpleData name="fid">1</SimpleData>
		<SimpleData name="tessellate">1</SimpleData>
		<SimpleData name="extrude">0</SimpleData>
		<SimpleData name="visibility">-1</SimpleData>
		<SimpleData name="distance">16500</SimpleData>
		<SimpleData name="angle">125.234780817411</SimpleData>
		<SimpleData name="KM ">KM 16.5</SimpleData>
		<SimpleData name="LATITUDE">1.528</SimpleData>
		<SimpleData name="LONGITUDE">103.810</SimpleData>
	</SchemaData></ExtendedData>
      <Point><coordinates>103.809852781666,1.52849232516357,0</coordinates></Point>
  </Placemark>
  <Placemark id="interpolated_points.167">
	<name>LBR PASIR GUDANG</name>
	<ExtendedData><SchemaData schemaUrl="#interpolated_points">
		<SimpleData name="fid">1</SimpleData>
		<SimpleData name="tessellate">1</SimpleData>
		<SimpleData name="extrude">0</SimpleData>
		<SimpleData name="visibility">-1</SimpleData>
		<SimpleData name="distance">16600</SimpleData>
		<SimpleData name="angle">127.461788315165</SimpleData>
		<SimpleData name="KM ">KM 16.6</SimpleData>
		<SimpleData name="LATITUDE">1.528</SimpleData>
		<SimpleData name="LONGITUDE">103.811</SimpleData>
	</SchemaData></ExtendedData>
      <Point><coordinates>103.810575730842,1.52795518039704,0</coordinates></Point>
  </Placemark>
  <Placemark id="interpolated_points.168">
	<name>LBR PASIR GUDANG</name>
	<ExtendedData><SchemaData schemaUrl="#interpolated_points">
		<SimpleData name="fid">1</SimpleData>
		<SimpleData name="tessellate">1</SimpleData>
		<SimpleData name="extrude">0</SimpleData>
		<SimpleData name="visibility">-1</SimpleData>
		<SimpleData name="distance">16700</SimpleData>
		<SimpleData name="angle">127.212780652092</SimpleData>
		<SimpleData name="KM ">KM 16.7</SimpleData>
		<SimpleData name="LATITUDE">1.527</SimpleData>
		<SimpleData name="LONGITUDE">103.811</SimpleData>
	</SchemaData></ExtendedData>
      <Point><coordinates>103.81129068739,1.52740703277943,0</coordinates></Point>
  </Placemark>
  <Placemark id="interpolated_points.169">
	<name>LBR PASIR GUDANG</name>
	<ExtendedData><SchemaData schemaUrl="#interpolated_points">
		<SimpleData name="fid">1</SimpleData>
		<SimpleData name="tessellate">1</SimpleData>
		<SimpleData name="extrude">0</SimpleData>
		<SimpleData name="visibility">-1</SimpleData>
		<SimpleData name="distance">16800</SimpleData>
		<SimpleData name="angle">127.212780652092</SimpleData>
		<SimpleData name="KM ">KM 16.8</SimpleData>
		<SimpleData name="LATITUDE">1.527</SimpleData>
		<SimpleData name="LONGITUDE">103.812</SimpleData>
	</SchemaData></ExtendedData>
      <Point><coordinates>103.812006785572,1.52686039286924,0</coordinates></Point>
  </Placemark>
  <Placemark id="interpolated_points.170">
	<name>LBR PASIR GUDANG</name>
	<ExtendedData><SchemaData schemaUrl="#interpolated_points">
		<SimpleData name="fid">1</SimpleData>
		<SimpleData name="tessellate">1</SimpleData>
		<SimpleData name="extrude">0</SimpleData>
		<SimpleData name="visibility">-1</SimpleData>
		<SimpleData name="distance">16900</SimpleData>
		<SimpleData name="angle">129.222447297273</SimpleData>
		<SimpleData name="KM ">KM 16.9</SimpleData>
		<SimpleData name="LATITUDE">1.526</SimpleData>
		<SimpleData name="LONGITUDE">103.813</SimpleData>
	</SchemaData></ExtendedData>
      <Point><coordinates>103.812703330516,1.52628931857394,0</coordinates></Point>
  </Placemark>
  <Placemark id="interpolated_points.171">
	<name>LBR PASIR GUDANG</name>
	<ExtendedData><SchemaData schemaUrl="#interpolated_points">
		<SimpleData name="fid">1</SimpleData>
		<SimpleData name="tessellate">1</SimpleData>
		<SimpleData name="extrude">0</SimpleData>
		<SimpleData name="visibility">-1</SimpleData>
		<SimpleData name="distance">17000</SimpleData>
		<SimpleData name="angle">128.594872738542</SimpleData>
		<SimpleData name="KM ">KM 17.0</SimpleData>
		<SimpleData name="LATITUDE">1.526</SimpleData>
		<SimpleData name="LONGITUDE">103.813</SimpleData>
	</SchemaData></ExtendedData>
      <Point><coordinates>103.813400830428,1.52571886871203,0</coordinates></Point>
  </Placemark>
  <Placemark id="interpolated_points.172">
	<name>LBR PASIR GUDANG</name>
	<ExtendedData><SchemaData schemaUrl="#interpolated_points">
		<SimpleData name="fid">1</SimpleData>
		<SimpleData name="tessellate">1</SimpleData>
		<SimpleData name="extrude">0</SimpleData>
		<SimpleData name="visibility">-1</SimpleData>
		<SimpleData name="distance">17100</SimpleData>
		<SimpleData name="angle">131.837710034246</SimpleData>
		<SimpleData name="KM ">KM 17.1</SimpleData>
		<SimpleData name="LATITUDE">1.525</SimpleData>
		<SimpleData name="LONGITUDE">103.814</SimpleData>
	</SchemaData></ExtendedData>
      <Point><coordinates>103.814101581176,1.52515257694399,0</coordinates></Point>
  </Placemark>
  <Placemark id="interpolated_points.173">
	<name>LBR PASIR GUDANG</name>
	<ExtendedData><SchemaData schemaUrl="#interpolated_points">
		<SimpleData name="fid">1</SimpleData>
		<SimpleData name="tessellate">1</SimpleData>
		<SimpleData name="extrude">0</SimpleData>
		<SimpleData name="visibility">-1</SimpleData>
		<SimpleData name="distance">17200</SimpleData>
		<SimpleData name="angle">128.627972372222</SimpleData>
		<SimpleData name="KM ">KM 17.2</SimpleData>
		<SimpleData name="LATITUDE">1.525</SimpleData>
		<SimpleData name="LONGITUDE">103.815</SimpleData>
	</SchemaData></ExtendedData>
      <Point><coordinates>103.81480167647,1.52458553864381,0</coordinates></Point>
  </Placemark>
  <Placemark id="interpolated_points.174">
	<name>LBR PASIR GUDANG</name>
	<ExtendedData><SchemaData schemaUrl="#interpolated_points">
		<SimpleData name="fid">1</SimpleData>
		<SimpleData name="tessellate">1</SimpleData>
		<SimpleData name="extrude">0</SimpleData>
		<SimpleData name="visibility">-1</SimpleData>
		<SimpleData name="distance">17300</SimpleData>
		<SimpleData name="angle">126.416999815658</SimpleData>
		<SimpleData name="KM ">KM 17.3</SimpleData>
		<SimpleData name="LATITUDE">1.524</SimpleData>
		<SimpleData name="LONGITUDE">103.816</SimpleData>
	</SchemaData></ExtendedData>
      <Point><coordinates>103.81551718523,1.52403837963086,0</coordinates></Point>
  </Placemark>
  <Placemark id="interpolated_points.175">
	<name>LBR PASIR GUDANG</name>
	<ExtendedData><SchemaData schemaUrl="#interpolated_points">
		<SimpleData name="fid">1</SimpleData>
		<SimpleData name="tessellate">1</SimpleData>
		<SimpleData name="extrude">0</SimpleData>
		<SimpleData name="visibility">-1</SimpleData>
		<SimpleData name="distance">17400</SimpleData>
		<SimpleData name="angle">127.320650730146</SimpleData>
		<SimpleData name="KM ">KM 17.4</SimpleData>
		<SimpleData name="LATITUDE">1.523</SimpleData>
		<SimpleData name="LONGITUDE">103.816</SimpleData>
	</SchemaData></ExtendedData>
      <Point><coordinates>103.816237458901,1.52349736810483,0</coordinates></Point>
  </Placemark>
  <Placemark id="interpolated_points.176">
	<name>LBR PASIR GUDANG</name>
	<ExtendedData><SchemaData schemaUrl="#interpolated_points">
		<SimpleData name="fid">1</SimpleData>
		<SimpleData name="tessellate">1</SimpleData>
		<SimpleData name="extrude">0</SimpleData>
		<SimpleData name="visibility">-1</SimpleData>
		<SimpleData name="distance">17500</SimpleData>
		<SimpleData name="angle">127.320650730146</SimpleData>
		<SimpleData name="KM ">KM 17.5</SimpleData>
		<SimpleData name="LATITUDE">1.523</SimpleData>
		<SimpleData name="LONGITUDE">103.817</SimpleData>
	</SchemaData></ExtendedData>
      <Point><coordinates>103.816952531157,1.52294936870185,0</coordinates></Point>
  </Placemark>
  <Placemark id="interpolated_points.177">
	<name>LBR PASIR GUDANG</name>
	<ExtendedData><SchemaData schemaUrl="#interpolated_points">
		<SimpleData name="fid">1</SimpleData>
		<SimpleData name="tessellate">1</SimpleData>
		<SimpleData name="extrude">0</SimpleData>
		<SimpleData name="visibility">-1</SimpleData>
		<SimpleData name="distance">17600</SimpleData>
		<SimpleData name="angle">126.726570387088</SimpleData>
		<SimpleData name="KM ">KM 17.6</SimpleData>
		<SimpleData name="LATITUDE">1.522</SimpleData>
		<SimpleData name="LONGITUDE">103.818</SimpleData>
	</SchemaData></ExtendedData>
      <Point><coordinates>103.817664128602,1.52239690364606,0</coordinates></Point>
  </Placemark>
  <Placemark id="interpolated_points.178">
	<name>LBR PASIR GUDANG</name>
	<ExtendedData><SchemaData schemaUrl="#interpolated_points">
		<SimpleData name="fid">1</SimpleData>
		<SimpleData name="tessellate">1</SimpleData>
		<SimpleData name="extrude">0</SimpleData>
		<SimpleData name="visibility">-1</SimpleData>
		<SimpleData name="distance">17700</SimpleData>
		<SimpleData name="angle">131.176261330948</SimpleData>
		<SimpleData name="KM ">KM 17.7</SimpleData>
		<SimpleData name="LATITUDE">1.522</SimpleData>
		<SimpleData name="LONGITUDE">103.818</SimpleData>
	</SchemaData></ExtendedData>
      <Point><coordinates>103.818382081966,1.52185299691218,0</coordinates></Point>
  </Placemark>
  <Placemark id="interpolated_points.179">
	<name>LBR PASIR GUDANG</name>
	<ExtendedData><SchemaData schemaUrl="#interpolated_points">
		<SimpleData name="fid">1</SimpleData>
		<SimpleData name="tessellate">1</SimpleData>
		<SimpleData name="extrude">0</SimpleData>
		<SimpleData name="visibility">-1</SimpleData>
		<SimpleData name="distance">17800</SimpleData>
		<SimpleData name="angle">130.21617733836</SimpleData>
		<SimpleData name="KM ">KM 17.8</SimpleData>
		<SimpleData name="LATITUDE">1.521</SimpleData>
		<SimpleData name="LONGITUDE">103.819</SimpleData>
	</SchemaData></ExtendedData>
      <Point><coordinates>103.819060933965,1.52126020613654,0</coordinates></Point>
  </Placemark>
  <Placemark id="interpolated_points.180">
	<name>LBR PASIR GUDANG</name>
	<ExtendedData><SchemaData schemaUrl="#interpolated_points">
		<SimpleData name="fid">1</SimpleData>
		<SimpleData name="tessellate">1</SimpleData>
		<SimpleData name="extrude">0</SimpleData>
		<SimpleData name="visibility">-1</SimpleData>
		<SimpleData name="distance">17900</SimpleData>
		<SimpleData name="angle">126.45368135757</SimpleData>
		<SimpleData name="KM ">KM 17.9</SimpleData>
		<SimpleData name="LATITUDE">1.521</SimpleData>
		<SimpleData name="LONGITUDE">103.820</SimpleData>
	</SchemaData></ExtendedData>
      <Point><coordinates>103.81976569504,1.5206992364393,0</coordinates></Point>
  </Placemark>
  <Placemark id="interpolated_points.181">
	<name>LBR PASIR GUDANG</name>
	<ExtendedData><SchemaData schemaUrl="#interpolated_points">
		<SimpleData name="fid">1</SimpleData>
		<SimpleData name="tessellate">1</SimpleData>
		<SimpleData name="extrude">0</SimpleData>
		<SimpleData name="visibility">-1</SimpleData>
		<SimpleData name="distance">18000</SimpleData>
		<SimpleData name="angle">126.45368135757</SimpleData>
		<SimpleData name="KM ">KM 18.0</SimpleData>
		<SimpleData name="LATITUDE">1.520</SimpleData>
		<SimpleData name="LONGITUDE">103.820</SimpleData>
	</SchemaData></ExtendedData>
      <Point><coordinates>103.820488923182,1.52016218584623,0</coordinates></Point>
  </Placemark>
  <Placemark id="interpolated_points.182">
	<name>LBR PASIR GUDANG</name>
	<ExtendedData><SchemaData schemaUrl="#interpolated_points">
		<SimpleData name="fid">1</SimpleData>
		<SimpleData name="tessellate">1</SimpleData>
		<SimpleData name="extrude">0</SimpleData>
		<SimpleData name="visibility">-1</SimpleData>
		<SimpleData name="distance">18100</SimpleData>
		<SimpleData name="angle">126.597291072061</SimpleData>
		<SimpleData name="KM ">KM 18.1</SimpleData>
		<SimpleData name="LATITUDE">1.520</SimpleData>
		<SimpleData name="LONGITUDE">103.821</SimpleData>
	</SchemaData></ExtendedData>
      <Point><coordinates>103.821198263183,1.51960735292149,0</coordinates></Point>
  </Placemark>
  <Placemark id="interpolated_points.183">
	<name>LBR PASIR GUDANG</name>
	<ExtendedData><SchemaData schemaUrl="#interpolated_points">
		<SimpleData name="fid">1</SimpleData>
		<SimpleData name="tessellate">1</SimpleData>
		<SimpleData name="extrude">0</SimpleData>
		<SimpleData name="visibility">-1</SimpleData>
		<SimpleData name="distance">18200</SimpleData>
		<SimpleData name="angle">127.343235034461</SimpleData>
		<SimpleData name="KM ">KM 18.2</SimpleData>
		<SimpleData name="LATITUDE">1.519</SimpleData>
		<SimpleData name="LONGITUDE">103.822</SimpleData>
	</SchemaData></ExtendedData>
      <Point><coordinates>103.82191712963,1.51906443471637,0</coordinates></Point>
  </Placemark>
  <Placemark id="interpolated_points.184">
	<name>LBR PASIR GUDANG</name>
	<ExtendedData><SchemaData schemaUrl="#interpolated_points">
		<SimpleData name="fid">1</SimpleData>
		<SimpleData name="tessellate">1</SimpleData>
		<SimpleData name="extrude">0</SimpleData>
		<SimpleData name="visibility">-1</SimpleData>
		<SimpleData name="distance">18300</SimpleData>
		<SimpleData name="angle">127.343235034461</SimpleData>
		<SimpleData name="KM ">KM 18.3</SimpleData>
		<SimpleData name="LATITUDE">1.519</SimpleData>
		<SimpleData name="LONGITUDE">103.823</SimpleData>
	</SchemaData></ExtendedData>
      <Point><coordinates>103.822631984902,1.51851614750831,0</coordinates></Point>
  </Placemark>
  <Placemark id="interpolated_points.185">
	<name>LBR PASIR GUDANG</name>
	<ExtendedData><SchemaData schemaUrl="#interpolated_points">
		<SimpleData name="fid">1</SimpleData>
		<SimpleData name="tessellate">1</SimpleData>
		<SimpleData name="extrude">0</SimpleData>
		<SimpleData name="visibility">-1</SimpleData>
		<SimpleData name="distance">18400</SimpleData>
		<SimpleData name="angle">128.513313623956</SimpleData>
		<SimpleData name="KM ">KM 18.4</SimpleData>
		<SimpleData name="LATITUDE">1.518</SimpleData>
		<SimpleData name="LONGITUDE">103.823</SimpleData>
	</SchemaData></ExtendedData>
      <Point><coordinates>103.82331364294,1.51792708564831,0</coordinates></Point>
  </Placemark>
  <Placemark id="interpolated_points.186">
	<name>LBR PASIR GUDANG</name>
	<ExtendedData><SchemaData schemaUrl="#interpolated_points">
		<SimpleData name="fid">1</SimpleData>
		<SimpleData name="tessellate">1</SimpleData>
		<SimpleData name="extrude">0</SimpleData>
		<SimpleData name="visibility">-1</SimpleData>
		<SimpleData name="distance">18500</SimpleData>
		<SimpleData name="angle">123.553191134284</SimpleData>
		<SimpleData name="KM ">KM 18.5</SimpleData>
		<SimpleData name="LATITUDE">1.517</SimpleData>
		<SimpleData name="LONGITUDE">103.824</SimpleData>
	</SchemaData></ExtendedData>
      <Point><coordinates>103.824034487662,1.51738700822581,0</coordinates></Point>
  </Placemark>
  <Placemark id="interpolated_points.187">
	<name>LBR PASIR GUDANG</name>
	<ExtendedData><SchemaData schemaUrl="#interpolated_points">
		<SimpleData name="fid">1</SimpleData>
		<SimpleData name="tessellate">1</SimpleData>
		<SimpleData name="extrude">0</SimpleData>
		<SimpleData name="visibility">-1</SimpleData>
		<SimpleData name="distance">18600</SimpleData>
		<SimpleData name="angle">126.184143924204</SimpleData>
		<SimpleData name="KM ">KM 18.6</SimpleData>
		<SimpleData name="LATITUDE">1.517</SimpleData>
		<SimpleData name="LONGITUDE">103.825</SimpleData>
	</SchemaData></ExtendedData>
      <Point><coordinates>103.824758036462,1.51685114967967,0</coordinates></Point>
  </Placemark>
  <Placemark id="interpolated_points.188">
	<name>LBR PASIR GUDANG</name>
	<ExtendedData><SchemaData schemaUrl="#interpolated_points">
		<SimpleData name="fid">1</SimpleData>
		<SimpleData name="tessellate">1</SimpleData>
		<SimpleData name="extrude">0</SimpleData>
		<SimpleData name="visibility">-1</SimpleData>
		<SimpleData name="distance">18700</SimpleData>
		<SimpleData name="angle">128.513176609387</SimpleData>
		<SimpleData name="KM ">KM 18.7</SimpleData>
		<SimpleData name="LATITUDE">1.516</SimpleData>
		<SimpleData name="LONGITUDE">103.825</SimpleData>
	</SchemaData></ExtendedData>
      <Point><coordinates>103.825466494228,1.51629480462329,0</coordinates></Point>
  </Placemark>
  <Placemark id="interpolated_points.189">
	<name>LBR PASIR GUDANG</name>
	<ExtendedData><SchemaData schemaUrl="#interpolated_points">
		<SimpleData name="fid">1</SimpleData>
		<SimpleData name="tessellate">1</SimpleData>
		<SimpleData name="extrude">0</SimpleData>
		<SimpleData name="visibility">-1</SimpleData>
		<SimpleData name="distance">18800</SimpleData>
		<SimpleData name="angle">128.513176609387</SimpleData>
		<SimpleData name="KM ">KM 18.8</SimpleData>
		<SimpleData name="LATITUDE">1.516</SimpleData>
		<SimpleData name="LONGITUDE">103.826</SimpleData>
	</SchemaData></ExtendedData>
      <Point><coordinates>103.826170075105,1.51573194012718,0</coordinates></Point>
  </Placemark>
  <Placemark id="interpolated_points.190">
	<name>LBR PASIR GUDANG</name>
	<ExtendedData><SchemaData schemaUrl="#interpolated_points">
		<SimpleData name="fid">1</SimpleData>
		<SimpleData name="tessellate">1</SimpleData>
		<SimpleData name="extrude">0</SimpleData>
		<SimpleData name="visibility">-1</SimpleData>
		<SimpleData name="distance">18900</SimpleData>
		<SimpleData name="angle">129.026282816397</SimpleData>
		<SimpleData name="KM ">KM 18.9</SimpleData>
		<SimpleData name="LATITUDE">1.515</SimpleData>
		<SimpleData name="LONGITUDE">103.827</SimpleData>
	</SchemaData></ExtendedData>
      <Point><coordinates>103.826869497372,1.51516411330948,0</coordinates></Point>
  </Placemark>
  <Placemark id="interpolated_points.191">
	<name>LBR PASIR GUDANG</name>
	<ExtendedData><SchemaData schemaUrl="#interpolated_points">
		<SimpleData name="fid">1</SimpleData>
		<SimpleData name="tessellate">1</SimpleData>
		<SimpleData name="extrude">0</SimpleData>
		<SimpleData name="visibility">-1</SimpleData>
		<SimpleData name="distance">19000</SimpleData>
		<SimpleData name="angle">125.396431341604</SimpleData>
		<SimpleData name="KM ">KM 19.0</SimpleData>
		<SimpleData name="LATITUDE">1.515</SimpleData>
		<SimpleData name="LONGITUDE">103.828</SimpleData>
	</SchemaData></ExtendedData>
      <Point><coordinates>103.82759010818,1.51462420849292,0</coordinates></Point>
  </Placemark>
  <Placemark id="interpolated_points.192">
	<name>LBR PASIR GUDANG</name>
	<ExtendedData><SchemaData schemaUrl="#interpolated_points">
		<SimpleData name="fid">1</SimpleData>
		<SimpleData name="tessellate">1</SimpleData>
		<SimpleData name="extrude">0</SimpleData>
		<SimpleData name="visibility">-1</SimpleData>
		<SimpleData name="distance">19100</SimpleData>
		<SimpleData name="angle">128.513054908535</SimpleData>
		<SimpleData name="KM ">KM 19.1</SimpleData>
		<SimpleData name="LATITUDE">1.514</SimpleData>
		<SimpleData name="LONGITUDE">103.828</SimpleData>
	</SchemaData></ExtendedData>
      <Point><coordinates>103.828306567721,1.51407874591625,0</coordinates></Point>
  </Placemark>
  <Placemark id="interpolated_points.193">
	<name>LBR PASIR GUDANG</name>
	<ExtendedData><SchemaData schemaUrl="#interpolated_points">
		<SimpleData name="fid">1</SimpleData>
		<SimpleData name="tessellate">1</SimpleData>
		<SimpleData name="extrude">0</SimpleData>
		<SimpleData name="visibility">-1</SimpleData>
		<SimpleData name="distance">19200</SimpleData>
		<SimpleData name="angle">127.423475492218</SimpleData>
		<SimpleData name="KM ">KM 19.2</SimpleData>
		<SimpleData name="LATITUDE">1.514</SimpleData>
		<SimpleData name="LONGITUDE">103.829</SimpleData>
	</SchemaData></ExtendedData>
      <Point><coordinates>103.829015079447,1.51352224665558,0</coordinates></Point>
  </Placemark>
  <Placemark id="interpolated_points.194">
	<name>LBR PASIR GUDANG</name>
	<ExtendedData><SchemaData schemaUrl="#interpolated_points">
		<SimpleData name="fid">1</SimpleData>
		<SimpleData name="tessellate">1</SimpleData>
		<SimpleData name="extrude">0</SimpleData>
		<SimpleData name="visibility">-1</SimpleData>
		<SimpleData name="distance">19300</SimpleData>
		<SimpleData name="angle">126.326031738418</SimpleData>
		<SimpleData name="KM ">KM 19.3</SimpleData>
		<SimpleData name="LATITUDE">1.513</SimpleData>
		<SimpleData name="LONGITUDE">103.830</SimpleData>
	</SchemaData></ExtendedData>
      <Point><coordinates>103.829734938575,1.51298069759011,0</coordinates></Point>
  </Placemark>
  <Placemark id="interpolated_points.195">
	<name>LBR PASIR GUDANG</name>
	<ExtendedData><SchemaData schemaUrl="#interpolated_points">
		<SimpleData name="fid">1</SimpleData>
		<SimpleData name="tessellate">1</SimpleData>
		<SimpleData name="extrude">0</SimpleData>
		<SimpleData name="visibility">-1</SimpleData>
		<SimpleData name="distance">19400</SimpleData>
		<SimpleData name="angle">123.552858766352</SimpleData>
		<SimpleData name="KM ">KM 19.4</SimpleData>
		<SimpleData name="LATITUDE">1.512</SimpleData>
		<SimpleData name="LONGITUDE">103.830</SimpleData>
	</SchemaData></ExtendedData>
      <Point><coordinates>103.830482350511,1.51247843299274,0</coordinates></Point>
  </Placemark>
  <Placemark id="interpolated_points.196">
	<name>LBR PASIR GUDANG</name>
	<ExtendedData><SchemaData schemaUrl="#interpolated_points">
		<SimpleData name="fid">1</SimpleData>
		<SimpleData name="tessellate">1</SimpleData>
		<SimpleData name="extrude">0</SimpleData>
		<SimpleData name="visibility">-1</SimpleData>
		<SimpleData name="distance">19500</SimpleData>
		<SimpleData name="angle">122.213704246226</SimpleData>
		<SimpleData name="KM ">KM 19.5</SimpleData>
		<SimpleData name="LATITUDE">1.512</SimpleData>
		<SimpleData name="LONGITUDE">103.831</SimpleData>
	</SchemaData></ExtendedData>
      <Point><coordinates>103.831240348398,1.51199244602134,0</coordinates></Point>
  </Placemark>
  <Placemark id="interpolated_points.197">
	<name>LBR PASIR GUDANG</name>
	<ExtendedData><SchemaData schemaUrl="#interpolated_points">
		<SimpleData name="fid">1</SimpleData>
		<SimpleData name="tessellate">1</SimpleData>
		<SimpleData name="extrude">0</SimpleData>
		<SimpleData name="visibility">-1</SimpleData>
		<SimpleData name="distance">19600</SimpleData>
		<SimpleData name="angle">118.930882172556</SimpleData>
		<SimpleData name="KM ">KM 19.6</SimpleData>
		<SimpleData name="LATITUDE">1.512</SimpleData>
		<SimpleData name="LONGITUDE">103.832</SimpleData>
	</SchemaData></ExtendedData>
      <Point><coordinates>103.832017304045,1.51153816442337,0</coordinates></Point>
  </Placemark>
  <Placemark id="interpolated_points.198">
	<name>LBR PASIR GUDANG</name>
	<ExtendedData><SchemaData schemaUrl="#interpolated_points">
		<SimpleData name="fid">1</SimpleData>
		<SimpleData name="tessellate">1</SimpleData>
		<SimpleData name="extrude">0</SimpleData>
		<SimpleData name="visibility">-1</SimpleData>
		<SimpleData name="distance">19700</SimpleData>
		<SimpleData name="angle">118.9308459331</SimpleData>
		<SimpleData name="KM ">KM 19.7</SimpleData>
		<SimpleData name="LATITUDE">1.511</SimpleData>
		<SimpleData name="LONGITUDE">103.833</SimpleData>
	</SchemaData></ExtendedData>
      <Point><coordinates>103.832798897429,1.51109172371336,0</coordinates></Point>
  </Placemark>
  <Placemark id="interpolated_points.199">
	<name>LBR PASIR GUDANG</name>
	<ExtendedData><SchemaData schemaUrl="#interpolated_points">
		<SimpleData name="fid">1</SimpleData>
		<SimpleData name="tessellate">1</SimpleData>
		<SimpleData name="extrude">0</SimpleData>
		<SimpleData name="visibility">-1</SimpleData>
		<SimpleData name="distance">19800</SimpleData>
		<SimpleData name="angle">117.338550848121</SimpleData>
		<SimpleData name="KM ">KM 19.8</SimpleData>
		<SimpleData name="LATITUDE">1.511</SimpleData>
		<SimpleData name="LONGITUDE">103.834</SimpleData>
	</SchemaData></ExtendedData>
      <Point><coordinates>103.833592618202,1.51066746311944,0</coordinates></Point>
  </Placemark>
  <Placemark id="interpolated_points.200">
	<name>LBR PASIR GUDANG</name>
	<ExtendedData><SchemaData schemaUrl="#interpolated_points">
		<SimpleData name="fid">1</SimpleData>
		<SimpleData name="tessellate">1</SimpleData>
		<SimpleData name="extrude">0</SimpleData>
		<SimpleData name="visibility">-1</SimpleData>
		<SimpleData name="distance">19900</SimpleData>
		<SimpleData name="angle">117.338550848121</SimpleData>
		<SimpleData name="KM ">KM 19.9</SimpleData>
		<SimpleData name="LATITUDE">1.510</SimpleData>
		<SimpleData name="LONGITUDE">103.834</SimpleData>
	</SchemaData></ExtendedData>
      <Point><coordinates>103.834391249173,1.51025248823961,0</coordinates></Point>
  </Placemark>
  <Placemark id="interpolated_points.201">
	<name>LBR PASIR GUDANG</name>
	<ExtendedData><SchemaData schemaUrl="#interpolated_points">
		<SimpleData name="fid">1</SimpleData>
		<SimpleData name="tessellate">1</SimpleData>
		<SimpleData name="extrude">0</SimpleData>
		<SimpleData name="visibility">-1</SimpleData>
		<SimpleData name="distance">20000</SimpleData>
		<SimpleData name="angle">114.483114965587</SimpleData>
		<SimpleData name="KM ">KM 20.0</SimpleData>
		<SimpleData name="LATITUDE">1.510</SimpleData>
		<SimpleData name="LONGITUDE">103.835</SimpleData>
	</SchemaData></ExtendedData>
      <Point><coordinates>103.835204384854,1.5098674849223,0</coordinates></Point>
  </Placemark>
  <Placemark id="interpolated_points.202">
	<name>LBR PASIR GUDANG</name>
	<ExtendedData><SchemaData schemaUrl="#interpolated_points">
		<SimpleData name="fid">1</SimpleData>
		<SimpleData name="tessellate">1</SimpleData>
		<SimpleData name="extrude">0</SimpleData>
		<SimpleData name="visibility">-1</SimpleData>
		<SimpleData name="distance">20100</SimpleData>
		<SimpleData name="angle">114.584105038317</SimpleData>
		<SimpleData name="KM ">KM 20.1</SimpleData>
		<SimpleData name="LATITUDE">1.509</SimpleData>
		<SimpleData name="LONGITUDE">103.836</SimpleData>
	</SchemaData></ExtendedData>
      <Point><coordinates>103.83602200917,1.50949183491728,0</coordinates></Point>
  </Placemark>
  <Placemark id="interpolated_points.203">
	<name>LBR PASIR GUDANG</name>
	<ExtendedData><SchemaData schemaUrl="#interpolated_points">
		<SimpleData name="fid">1</SimpleData>
		<SimpleData name="tessellate">1</SimpleData>
		<SimpleData name="extrude">0</SimpleData>
		<SimpleData name="visibility">-1</SimpleData>
		<SimpleData name="distance">20200</SimpleData>
		<SimpleData name="angle">113.997195595518</SimpleData>
		<SimpleData name="KM ">KM 20.2</SimpleData>
		<SimpleData name="LATITUDE">1.509</SimpleData>
		<SimpleData name="LONGITUDE">103.837</SimpleData>
	</SchemaData></ExtendedData>
      <Point><coordinates>103.836844601789,1.50912741506287,0</coordinates></Point>
  </Placemark>
  <Placemark id="interpolated_points.204">
	<name>LBR PASIR GUDANG</name>
	<ExtendedData><SchemaData schemaUrl="#interpolated_points">
		<SimpleData name="fid">1</SimpleData>
		<SimpleData name="tessellate">1</SimpleData>
		<SimpleData name="extrude">0</SimpleData>
		<SimpleData name="visibility">-1</SimpleData>
		<SimpleData name="distance">20300</SimpleData>
		<SimpleData name="angle">113.997195595518</SimpleData>
		<SimpleData name="KM ">KM 20.3</SimpleData>
		<SimpleData name="LATITUDE">1.509</SimpleData>
		<SimpleData name="LONGITUDE">103.838</SimpleData>
	</SchemaData></ExtendedData>
      <Point><coordinates>103.83766590793,1.50875998861434,0</coordinates></Point>
  </Placemark>
  <Placemark id="interpolated_points.205">
	<name>LBR PASIR GUDANG</name>
	<ExtendedData><SchemaData schemaUrl="#interpolated_points">
		<SimpleData name="fid">1</SimpleData>
		<SimpleData name="tessellate">1</SimpleData>
		<SimpleData name="extrude">0</SimpleData>
		<SimpleData name="visibility">-1</SimpleData>
		<SimpleData name="distance">20400</SimpleData>
		<SimpleData name="angle">114.667222889952</SimpleData>
		<SimpleData name="KM ">KM 20.4</SimpleData>
		<SimpleData name="LATITUDE">1.508</SimpleData>
		<SimpleData name="LONGITUDE">103.838</SimpleData>
	</SchemaData></ExtendedData>
      <Point><coordinates>103.838487026929,1.50839214142104,0</coordinates></Point>
  </Placemark>
  <Placemark id="interpolated_points.206">
	<name>LBR PASIR GUDANG</name>
	<ExtendedData><SchemaData schemaUrl="#interpolated_points">
		<SimpleData name="fid">1</SimpleData>
		<SimpleData name="tessellate">1</SimpleData>
		<SimpleData name="extrude">0</SimpleData>
		<SimpleData name="visibility">-1</SimpleData>
		<SimpleData name="distance">20500</SimpleData>
		<SimpleData name="angle">112.152041199658</SimpleData>
		<SimpleData name="KM ">KM 20.5</SimpleData>
		<SimpleData name="LATITUDE">1.508</SimpleData>
		<SimpleData name="LONGITUDE">103.839</SimpleData>
	</SchemaData></ExtendedData>
      <Point><coordinates>103.839308909659,1.50802635514017,0</coordinates></Point>
  </Placemark>
  <Placemark id="interpolated_points.207">
	<name>LBR PASIR GUDANG</name>
	<ExtendedData><SchemaData schemaUrl="#interpolated_points">
		<SimpleData name="fid">1</SimpleData>
		<SimpleData name="tessellate">1</SimpleData>
		<SimpleData name="extrude">0</SimpleData>
		<SimpleData name="visibility">-1</SimpleData>
		<SimpleData name="distance">20600</SimpleData>
		<SimpleData name="angle">109.418464392395</SimpleData>
		<SimpleData name="KM ">KM 20.6</SimpleData>
		<SimpleData name="LATITUDE">1.508</SimpleData>
		<SimpleData name="LONGITUDE">103.840</SimpleData>
	</SchemaData></ExtendedData>
      <Point><coordinates>103.840147024879,1.50769980369748,0</coordinates></Point>
  </Placemark>
  <Placemark id="interpolated_points.208">
	<name>LBR PASIR GUDANG</name>
	<ExtendedData><SchemaData schemaUrl="#interpolated_points">
		<SimpleData name="fid">1</SimpleData>
		<SimpleData name="tessellate">1</SimpleData>
		<SimpleData name="extrude">0</SimpleData>
		<SimpleData name="visibility">-1</SimpleData>
		<SimpleData name="distance">20700</SimpleData>
		<SimpleData name="angle">108.088668014808</SimpleData>
		<SimpleData name="KM ">KM 20.7</SimpleData>
		<SimpleData name="LATITUDE">1.507</SimpleData>
		<SimpleData name="LONGITUDE">103.841</SimpleData>
	</SchemaData></ExtendedData>
      <Point><coordinates>103.840996702478,1.50740498826895,0</coordinates></Point>
  </Placemark>
  <Placemark id="interpolated_points.209">
	<name>LBR PASIR GUDANG</name>
	<ExtendedData><SchemaData schemaUrl="#interpolated_points">
		<SimpleData name="fid">1</SimpleData>
		<SimpleData name="tessellate">1</SimpleData>
		<SimpleData name="extrude">0</SimpleData>
		<SimpleData name="visibility">-1</SimpleData>
		<SimpleData name="distance">20800</SimpleData>
		<SimpleData name="angle">105.879765575579</SimpleData>
		<SimpleData name="KM ">KM 20.8</SimpleData>
		<SimpleData name="LATITUDE">1.507</SimpleData>
		<SimpleData name="LONGITUDE">103.842</SimpleData>
	</SchemaData></ExtendedData>
      <Point><coordinates>103.841853881913,1.50713317659817,0</coordinates></Point>
  </Placemark>
  <Placemark id="interpolated_points.210">
	<name>LBR PASIR GUDANG</name>
	<ExtendedData><SchemaData schemaUrl="#interpolated_points">
		<SimpleData name="fid">1</SimpleData>
		<SimpleData name="tessellate">1</SimpleData>
		<SimpleData name="extrude">0</SimpleData>
		<SimpleData name="visibility">-1</SimpleData>
		<SimpleData name="distance">20900</SimpleData>
		<SimpleData name="angle">106.551475573403</SimpleData>
		<SimpleData name="KM ">KM 20.9</SimpleData>
		<SimpleData name="LATITUDE">1.507</SimpleData>
		<SimpleData name="LONGITUDE">103.843</SimpleData>
	</SchemaData></ExtendedData>
      <Point><coordinates>103.842715421738,1.50687554577097,0</coordinates></Point>
  </Placemark>
  <Placemark id="interpolated_points.211">
	<name>LBR PASIR GUDANG</name>
	<ExtendedData><SchemaData schemaUrl="#interpolated_points">
		<SimpleData name="fid">1</SimpleData>
		<SimpleData name="tessellate">1</SimpleData>
		<SimpleData name="extrude">0</SimpleData>
		<SimpleData name="visibility">-1</SimpleData>
		<SimpleData name="distance">21000</SimpleData>
		<SimpleData name="angle">106.321467987993</SimpleData>
		<SimpleData name="KM ">KM 21.0</SimpleData>
		<SimpleData name="LATITUDE">1.507</SimpleData>
		<SimpleData name="LONGITUDE">103.844</SimpleData>
	</SchemaData></ExtendedData>
      <Point><coordinates>103.843579856801,1.50662827741307,0</coordinates></Point>
  </Placemark>
  <Placemark id="interpolated_points.212">
	<name>LBR PASIR GUDANG</name>
	<ExtendedData><SchemaData schemaUrl="#interpolated_points">
		<SimpleData name="fid">1</SimpleData>
		<SimpleData name="tessellate">1</SimpleData>
		<SimpleData name="extrude">0</SimpleData>
		<SimpleData name="visibility">-1</SimpleData>
		<SimpleData name="distance">21100</SimpleData>
		<SimpleData name="angle">106.246151097346</SimpleData>
		<SimpleData name="KM ">KM 21.1</SimpleData>
		<SimpleData name="LATITUDE">1.506</SimpleData>
		<SimpleData name="LONGITUDE">103.844</SimpleData>
	</SchemaData></ExtendedData>
      <Point><coordinates>103.844444134628,1.50638000938123,0</coordinates></Point>
  </Placemark>
  <Placemark id="interpolated_points.213">
	<name>LBR PASIR GUDANG</name>
	<ExtendedData><SchemaData schemaUrl="#interpolated_points">
		<SimpleData name="fid">1</SimpleData>
		<SimpleData name="tessellate">1</SimpleData>
		<SimpleData name="extrude">0</SimpleData>
		<SimpleData name="visibility">-1</SimpleData>
		<SimpleData name="distance">21200</SimpleData>
		<SimpleData name="angle">107.168821845538</SimpleData>
		<SimpleData name="KM ">KM 21.2</SimpleData>
		<SimpleData name="LATITUDE">1.506</SimpleData>
		<SimpleData name="LONGITUDE">103.845</SimpleData>
	</SchemaData></ExtendedData>
      <Point><coordinates>103.845304832325,1.50611953485843,0</coordinates></Point>
  </Placemark>
  <Placemark id="interpolated_points.214">
	<name>LBR PASIR GUDANG</name>
	<ExtendedData><SchemaData schemaUrl="#interpolated_points">
		<SimpleData name="fid">1</SimpleData>
		<SimpleData name="tessellate">1</SimpleData>
		<SimpleData name="extrude">0</SimpleData>
		<SimpleData name="visibility">-1</SimpleData>
		<SimpleData name="distance">21300</SimpleData>
		<SimpleData name="angle">108.356107108271</SimpleData>
		<SimpleData name="KM ">KM 21.3</SimpleData>
		<SimpleData name="LATITUDE">1.506</SimpleData>
		<SimpleData name="LONGITUDE">103.846</SimpleData>
	</SchemaData></ExtendedData>
      <Point><coordinates>103.846156436707,1.50583118778631,0</coordinates></Point>
  </Placemark>
  <Placemark id="interpolated_points.215">
	<name>LBR PASIR GUDANG</name>
	<ExtendedData><SchemaData schemaUrl="#interpolated_points">
		<SimpleData name="fid">1</SimpleData>
		<SimpleData name="tessellate">1</SimpleData>
		<SimpleData name="extrude">0</SimpleData>
		<SimpleData name="visibility">-1</SimpleData>
		<SimpleData name="distance">21400</SimpleData>
		<SimpleData name="angle">110.234908726035</SimpleData>
		<SimpleData name="KM ">KM 21.4</SimpleData>
		<SimpleData name="LATITUDE">1.506</SimpleData>
		<SimpleData name="LONGITUDE">103.847</SimpleData>
	</SchemaData></ExtendedData>
      <Point><coordinates>103.847006123991,1.50553662077053,0</coordinates></Point>
  </Placemark>
  <Placemark id="interpolated_points.216">
	<name>LBR PASIR GUDANG</name>
	<ExtendedData><SchemaData schemaUrl="#interpolated_points">
		<SimpleData name="fid">1</SimpleData>
		<SimpleData name="tessellate">1</SimpleData>
		<SimpleData name="extrude">0</SimpleData>
		<SimpleData name="visibility">-1</SimpleData>
		<SimpleData name="distance">21500</SimpleData>
		<SimpleData name="angle">114.430463872197</SimpleData>
		<SimpleData name="KM ">KM 21.5</SimpleData>
		<SimpleData name="LATITUDE">1.505</SimpleData>
		<SimpleData name="LONGITUDE">103.848</SimpleData>
	</SchemaData></ExtendedData>
      <Point><coordinates>103.84783317639,1.5051835499315,0</coordinates></Point>
  </Placemark>
  <Placemark id="interpolated_points.217">
	<name>LBR PASIR GUDANG</name>
	<ExtendedData><SchemaData schemaUrl="#interpolated_points">
		<SimpleData name="fid">1</SimpleData>
		<SimpleData name="tessellate">1</SimpleData>
		<SimpleData name="extrude">0</SimpleData>
		<SimpleData name="visibility">-1</SimpleData>
		<SimpleData name="distance">21600</SimpleData>
		<SimpleData name="angle">117.579841239316</SimpleData>
		<SimpleData name="KM ">KM 21.6</SimpleData>
		<SimpleData name="LATITUDE">1.505</SimpleData>
		<SimpleData name="LONGITUDE">103.849</SimpleData>
	</SchemaData></ExtendedData>
      <Point><coordinates>103.848648054977,1.5048035211514,0</coordinates></Point>
  </Placemark>
  <Placemark id="interpolated_points.218">
	<name>LBR PASIR GUDANG</name>
	<ExtendedData><SchemaData schemaUrl="#interpolated_points">
		<SimpleData name="fid">1</SimpleData>
		<SimpleData name="tessellate">1</SimpleData>
		<SimpleData name="extrude">0</SimpleData>
		<SimpleData name="visibility">-1</SimpleData>
		<SimpleData name="distance">21700</SimpleData>
		<SimpleData name="angle">114.251400631587</SimpleData>
		<SimpleData name="KM ">KM 21.7</SimpleData>
		<SimpleData name="LATITUDE">1.504</SimpleData>
		<SimpleData name="LONGITUDE">103.849</SimpleData>
	</SchemaData></ExtendedData>
      <Point><coordinates>103.849464816743,1.50442637688929,0</coordinates></Point>
  </Placemark>
  <Placemark id="interpolated_points.219">
	<name>LBR PASIR GUDANG</name>
	<ExtendedData><SchemaData schemaUrl="#interpolated_points">
		<SimpleData name="fid">1</SimpleData>
		<SimpleData name="tessellate">1</SimpleData>
		<SimpleData name="extrude">0</SimpleData>
		<SimpleData name="visibility">-1</SimpleData>
		<SimpleData name="distance">21800</SimpleData>
		<SimpleData name="angle">114.251400631587</SimpleData>
		<SimpleData name="KM ">KM 21.8</SimpleData>
		<SimpleData name="LATITUDE">1.504</SimpleData>
		<SimpleData name="LONGITUDE">103.850</SimpleData>
	</SchemaData></ExtendedData>
      <Point><coordinates>103.850284494143,1.50405527907816,0</coordinates></Point>
  </Placemark>
  <Placemark id="interpolated_points.220">
	<name>LBR PASIR GUDANG</name>
	<ExtendedData><SchemaData schemaUrl="#interpolated_points">
		<SimpleData name="fid">1</SimpleData>
		<SimpleData name="tessellate">1</SimpleData>
		<SimpleData name="extrude">0</SimpleData>
		<SimpleData name="visibility">-1</SimpleData>
		<SimpleData name="distance">21900</SimpleData>
		<SimpleData name="angle">115.529110857086</SimpleData>
		<SimpleData name="KM ">KM 21.9</SimpleData>
		<SimpleData name="LATITUDE">1.504</SimpleData>
		<SimpleData name="LONGITUDE">103.851</SimpleData>
	</SchemaData></ExtendedData>
      <Point><coordinates>103.851100633414,1.5036764959853,0</coordinates></Point>
  </Placemark>
  <Placemark id="interpolated_points.221">
	<name>LBR PASIR GUDANG</name>
	<ExtendedData><SchemaData schemaUrl="#interpolated_points">
		<SimpleData name="fid">1</SimpleData>
		<SimpleData name="tessellate">1</SimpleData>
		<SimpleData name="extrude">0</SimpleData>
		<SimpleData name="visibility">-1</SimpleData>
		<SimpleData name="distance">22000</SimpleData>
		<SimpleData name="angle">115.490417705638</SimpleData>
		<SimpleData name="KM ">KM 22.0</SimpleData>
		<SimpleData name="LATITUDE">1.503</SimpleData>
		<SimpleData name="LONGITUDE">103.852</SimpleData>
	</SchemaData></ExtendedData>
      <Point><coordinates>103.851912094261,1.50328753825504,0</coordinates></Point>
  </Placemark>
  <Placemark id="interpolated_points.222">
	<name>LBR PASIR GUDANG</name>
	<ExtendedData><SchemaData schemaUrl="#interpolated_points">
		<SimpleData name="fid">1</SimpleData>
		<SimpleData name="tessellate">1</SimpleData>
		<SimpleData name="extrude">0</SimpleData>
		<SimpleData name="visibility">-1</SimpleData>
		<SimpleData name="distance">22100</SimpleData>
		<SimpleData name="angle">113.781787878733</SimpleData>
		<SimpleData name="KM ">KM 22.1</SimpleData>
		<SimpleData name="LATITUDE">1.503</SimpleData>
		<SimpleData name="LONGITUDE">103.853</SimpleData>
	</SchemaData></ExtendedData>
      <Point><coordinates>103.852733918919,1.50292197881037,0</coordinates></Point>
  </Placemark>
  <Placemark id="interpolated_points.223">
	<name>LBR PASIR GUDANG</name>
	<ExtendedData><SchemaData schemaUrl="#interpolated_points">
		<SimpleData name="fid">1</SimpleData>
		<SimpleData name="tessellate">1</SimpleData>
		<SimpleData name="extrude">0</SimpleData>
		<SimpleData name="visibility">-1</SimpleData>
		<SimpleData name="distance">22200</SimpleData>
		<SimpleData name="angle">112.520679387572</SimpleData>
		<SimpleData name="KM ">KM 22.2</SimpleData>
		<SimpleData name="LATITUDE">1.503</SimpleData>
		<SimpleData name="LONGITUDE">103.854</SimpleData>
	</SchemaData></ExtendedData>
      <Point><coordinates>103.853559365437,1.50256443106843,0</coordinates></Point>
  </Placemark>
  <Placemark id="interpolated_points.224">
	<name>LBR PASIR GUDANG</name>
	<ExtendedData><SchemaData schemaUrl="#interpolated_points">
		<SimpleData name="fid">1</SimpleData>
		<SimpleData name="tessellate">1</SimpleData>
		<SimpleData name="extrude">0</SimpleData>
		<SimpleData name="visibility">-1</SimpleData>
		<SimpleData name="distance">22300</SimpleData>
		<SimpleData name="angle">118.487367582692</SimpleData>
		<SimpleData name="KM ">KM 22.3</SimpleData>
		<SimpleData name="LATITUDE">1.502</SimpleData>
		<SimpleData name="LONGITUDE">103.854</SimpleData>
	</SchemaData></ExtendedData>
      <Point><coordinates>103.854370811383,1.50217683016827,0</coordinates></Point>
  </Placemark>
  <Placemark id="interpolated_points.225">
	<name>LBR PASIR GUDANG</name>
	<ExtendedData><SchemaData schemaUrl="#interpolated_points">
		<SimpleData name="fid">1</SimpleData>
		<SimpleData name="tessellate">1</SimpleData>
		<SimpleData name="extrude">0</SimpleData>
		<SimpleData name="visibility">-1</SimpleData>
		<SimpleData name="distance">22400</SimpleData>
		<SimpleData name="angle">116.017004270458</SimpleData>
		<SimpleData name="KM ">KM 22.4</SimpleData>
		<SimpleData name="LATITUDE">1.502</SimpleData>
		<SimpleData name="LONGITUDE">103.855</SimpleData>
	</SchemaData></ExtendedData>
      <Point><coordinates>103.855176670893,1.50177672761193,0</coordinates></Point>
  </Placemark>
  <Placemark id="interpolated_points.226">
	<name>LBR PASIR GUDANG</name>
	<ExtendedData><SchemaData schemaUrl="#interpolated_points">
		<SimpleData name="fid">1</SimpleData>
		<SimpleData name="tessellate">1</SimpleData>
		<SimpleData name="extrude">0</SimpleData>
		<SimpleData name="visibility">-1</SimpleData>
		<SimpleData name="distance">22500</SimpleData>
		<SimpleData name="angle">116.449343007459</SimpleData>
		<SimpleData name="KM ">KM 22.5</SimpleData>
		<SimpleData name="LATITUDE">1.501</SimpleData>
		<SimpleData name="LONGITUDE">103.856</SimpleData>
	</SchemaData></ExtendedData>
      <Point><coordinates>103.855983542278,1.50137822890154,0</coordinates></Point>
  </Placemark>
  <Placemark id="interpolated_points.227">
	<name>LBR PASIR GUDANG</name>
	<ExtendedData><SchemaData schemaUrl="#interpolated_points">
		<SimpleData name="fid">1</SimpleData>
		<SimpleData name="tessellate">1</SimpleData>
		<SimpleData name="extrude">0</SimpleData>
		<SimpleData name="visibility">-1</SimpleData>
		<SimpleData name="distance">22600</SimpleData>
		<SimpleData name="angle">114.072989649657</SimpleData>
		<SimpleData name="KM ">KM 22.6</SimpleData>
		<SimpleData name="LATITUDE">1.501</SimpleData>
		<SimpleData name="LONGITUDE">103.857</SimpleData>
	</SchemaData></ExtendedData>
      <Point><coordinates>103.856798116274,1.50099635605892,0</coordinates></Point>
  </Placemark>
  <Placemark id="interpolated_points.228">
	<name>LBR PASIR GUDANG</name>
	<ExtendedData><SchemaData schemaUrl="#interpolated_points">
		<SimpleData name="fid">1</SimpleData>
		<SimpleData name="tessellate">1</SimpleData>
		<SimpleData name="extrude">0</SimpleData>
		<SimpleData name="visibility">-1</SimpleData>
		<SimpleData name="distance">22700</SimpleData>
		<SimpleData name="angle">114.121394733835</SimpleData>
		<SimpleData name="KM ">KM 22.7</SimpleData>
		<SimpleData name="LATITUDE">1.501</SimpleData>
		<SimpleData name="LONGITUDE">103.858</SimpleData>
	</SchemaData></ExtendedData>
      <Point><coordinates>103.85761880921,1.50062753586437,0</coordinates></Point>
  </Placemark>
  <Placemark id="interpolated_points.229">
	<name>LBR PASIR GUDANG</name>
	<ExtendedData><SchemaData schemaUrl="#interpolated_points">
		<SimpleData name="fid">1</SimpleData>
		<SimpleData name="tessellate">1</SimpleData>
		<SimpleData name="extrude">0</SimpleData>
		<SimpleData name="visibility">-1</SimpleData>
		<SimpleData name="distance">22800</SimpleData>
		<SimpleData name="angle">114.708245634392</SimpleData>
		<SimpleData name="KM ">KM 22.8</SimpleData>
		<SimpleData name="LATITUDE">1.500</SimpleData>
		<SimpleData name="LONGITUDE">103.858</SimpleData>
	</SchemaData></ExtendedData>
      <Point><coordinates>103.858432791662,1.50024408478977,0</coordinates></Point>
  </Placemark>
  <Placemark id="interpolated_points.230">
	<name>LBR PASIR GUDANG</name>
	<ExtendedData><SchemaData schemaUrl="#interpolated_points">
		<SimpleData name="fid">1</SimpleData>
		<SimpleData name="tessellate">1</SimpleData>
		<SimpleData name="extrude">0</SimpleData>
		<SimpleData name="visibility">-1</SimpleData>
		<SimpleData name="distance">22900</SimpleData>
		<SimpleData name="angle">114.708245634392</SimpleData>
		<SimpleData name="KM ">KM 22.9</SimpleData>
		<SimpleData name="LATITUDE">1.500</SimpleData>
		<SimpleData name="LONGITUDE">103.859</SimpleData>
	</SchemaData></ExtendedData>
      <Point><coordinates>103.859249501818,1.49986641566224,0</coordinates></Point>
  </Placemark>
  <Placemark id="interpolated_points.231">
	<name>LBR PASIR GUDANG</name>
	<ExtendedData><SchemaData schemaUrl="#interpolated_points">
		<SimpleData name="fid">1</SimpleData>
		<SimpleData name="tessellate">1</SimpleData>
		<SimpleData name="extrude">0</SimpleData>
		<SimpleData name="visibility">-1</SimpleData>
		<SimpleData name="distance">23000</SimpleData>
		<SimpleData name="angle">114.708245634392</SimpleData>
		<SimpleData name="KM ">KM 23.0</SimpleData>
		<SimpleData name="LATITUDE">1.499</SimpleData>
		<SimpleData name="LONGITUDE">103.860</SimpleData>
	</SchemaData></ExtendedData>
      <Point><coordinates>103.860066211878,1.49948874601095,0</coordinates></Point>
  </Placemark>
  <Placemark id="interpolated_points.232">
	<name>LBR PASIR GUDANG</name>
	<ExtendedData><SchemaData schemaUrl="#interpolated_points">
		<SimpleData name="fid">1</SimpleData>
		<SimpleData name="tessellate">1</SimpleData>
		<SimpleData name="extrude">0</SimpleData>
		<SimpleData name="visibility">-1</SimpleData>
		<SimpleData name="distance">23100</SimpleData>
		<SimpleData name="angle">114.666366701356</SimpleData>
		<SimpleData name="KM ">KM 23.1</SimpleData>
		<SimpleData name="LATITUDE">1.499</SimpleData>
		<SimpleData name="LONGITUDE">103.861</SimpleData>
	</SchemaData></ExtendedData>
      <Point><coordinates>103.860881709479,1.49910844179432,0</coordinates></Point>
  </Placemark>
  <Placemark id="interpolated_points.233">
	<name>LBR PASIR GUDANG</name>
	<ExtendedData><SchemaData schemaUrl="#interpolated_points">
		<SimpleData name="fid">1</SimpleData>
		<SimpleData name="tessellate">1</SimpleData>
		<SimpleData name="extrude">0</SimpleData>
		<SimpleData name="visibility">-1</SimpleData>
		<SimpleData name="distance">23200</SimpleData>
		<SimpleData name="angle">115.860746677659</SimpleData>
		<SimpleData name="KM ">KM 23.2</SimpleData>
		<SimpleData name="LATITUDE">1.499</SimpleData>
		<SimpleData name="LONGITUDE">103.862</SimpleData>
	</SchemaData></ExtendedData>
      <Point><coordinates>103.861695429278,1.4987245344712,0</coordinates></Point>
  </Placemark>
  <Placemark id="interpolated_points.234">
	<name>LBR PASIR GUDANG</name>
	<ExtendedData><SchemaData schemaUrl="#interpolated_points">
		<SimpleData name="fid">1</SimpleData>
		<SimpleData name="tessellate">1</SimpleData>
		<SimpleData name="extrude">0</SimpleData>
		<SimpleData name="visibility">-1</SimpleData>
		<SimpleData name="distance">23300</SimpleData>
		<SimpleData name="angle">114.827411663738</SimpleData>
		<SimpleData name="KM ">KM 23.3</SimpleData>
		<SimpleData name="LATITUDE">1.498</SimpleData>
		<SimpleData name="LONGITUDE">103.863</SimpleData>
	</SchemaData></ExtendedData>
      <Point><coordinates>103.862509518447,1.49834124326377,0</coordinates></Point>
  </Placemark>
  <Placemark id="interpolated_points.235">
	<name>LBR PASIR GUDANG</name>
	<ExtendedData><SchemaData schemaUrl="#interpolated_points">
		<SimpleData name="fid">1</SimpleData>
		<SimpleData name="tessellate">1</SimpleData>
		<SimpleData name="extrude">0</SimpleData>
		<SimpleData name="visibility">-1</SimpleData>
		<SimpleData name="distance">23400</SimpleData>
		<SimpleData name="angle">114.827411663738</SimpleData>
		<SimpleData name="KM ">KM 23.4</SimpleData>
		<SimpleData name="LATITUDE">1.498</SimpleData>
		<SimpleData name="LONGITUDE">103.863</SimpleData>
	</SchemaData></ExtendedData>
      <Point><coordinates>103.863325445838,1.49796186285651,0</coordinates></Point>
  </Placemark>
  <Placemark id="interpolated_points.236">
	<name>LBR PASIR GUDANG</name>
	<ExtendedData><SchemaData schemaUrl="#interpolated_points">
		<SimpleData name="fid">1</SimpleData>
		<SimpleData name="tessellate">1</SimpleData>
		<SimpleData name="extrude">0</SimpleData>
		<SimpleData name="visibility">-1</SimpleData>
		<SimpleData name="distance">23500</SimpleData>
		<SimpleData name="angle">115.004533685486</SimpleData>
		<SimpleData name="KM ">KM 23.5</SimpleData>
		<SimpleData name="LATITUDE">1.498</SimpleData>
		<SimpleData name="LONGITUDE">103.864</SimpleData>
	</SchemaData></ExtendedData>
      <Point><coordinates>103.86414042536,1.49758042578844,0</coordinates></Point>
  </Placemark>
  <Placemark id="interpolated_points.237">
	<name>LBR PASIR GUDANG</name>
	<ExtendedData><SchemaData schemaUrl="#interpolated_points">
		<SimpleData name="fid">1</SimpleData>
		<SimpleData name="tessellate">1</SimpleData>
		<SimpleData name="extrude">0</SimpleData>
		<SimpleData name="visibility">-1</SimpleData>
		<SimpleData name="distance">23600</SimpleData>
		<SimpleData name="angle">115.379591802975</SimpleData>
		<SimpleData name="KM ">KM 23.6</SimpleData>
		<SimpleData name="LATITUDE">1.497</SimpleData>
		<SimpleData name="LONGITUDE">103.865</SimpleData>
	</SchemaData></ExtendedData>
      <Point><coordinates>103.864954584015,1.49719722383922,0</coordinates></Point>
  </Placemark>
  <Placemark id="interpolated_points.238">
	<name>LBR PASIR GUDANG</name>
	<ExtendedData><SchemaData schemaUrl="#interpolated_points">
		<SimpleData name="fid">1</SimpleData>
		<SimpleData name="tessellate">1</SimpleData>
		<SimpleData name="extrude">0</SimpleData>
		<SimpleData name="visibility">-1</SimpleData>
		<SimpleData name="distance">23700</SimpleData>
		<SimpleData name="angle">115.379591802975</SimpleData>
		<SimpleData name="KM ">KM 23.7</SimpleData>
		<SimpleData name="LATITUDE">1.497</SimpleData>
		<SimpleData name="LONGITUDE">103.866</SimpleData>
	</SchemaData></ExtendedData>
      <Point><coordinates>103.86576684025,1.4968099459629,0</coordinates></Point>
  </Placemark>
  <Placemark id="interpolated_points.239">
	<name>LBR PASIR GUDANG</name>
	<ExtendedData><SchemaData schemaUrl="#interpolated_points">
		<SimpleData name="fid">1</SimpleData>
		<SimpleData name="tessellate">1</SimpleData>
		<SimpleData name="extrude">0</SimpleData>
		<SimpleData name="visibility">-1</SimpleData>
		<SimpleData name="distance">23800</SimpleData>
		<SimpleData name="angle">115.379591802975</SimpleData>
		<SimpleData name="KM ">KM 23.8</SimpleData>
		<SimpleData name="LATITUDE">1.496</SimpleData>
		<SimpleData name="LONGITUDE">103.867</SimpleData>
	</SchemaData></ExtendedData>
      <Point><coordinates>103.866579096378,1.49642266756368,0</coordinates></Point>
  </Placemark>
  <Placemark id="interpolated_points.240">
	<name>LBR PASIR GUDANG</name>
	<ExtendedData><SchemaData schemaUrl="#interpolated_points">
		<SimpleData name="fid">1</SimpleData>
		<SimpleData name="tessellate">1</SimpleData>
		<SimpleData name="extrude">0</SimpleData>
		<SimpleData name="visibility">-1</SimpleData>
		<SimpleData name="distance">23900</SimpleData>
		<SimpleData name="angle">114.039140931657</SimpleData>
		<SimpleData name="KM ">KM 23.9</SimpleData>
		<SimpleData name="LATITUDE">1.496</SimpleData>
		<SimpleData name="LONGITUDE">103.867</SimpleData>
	</SchemaData></ExtendedData>
      <Point><coordinates>103.867394177416,1.49604157567573,0</coordinates></Point>
  </Placemark>
  <Placemark id="interpolated_points.241">
	<name>LBR PASIR GUDANG</name>
	<ExtendedData><SchemaData schemaUrl="#interpolated_points">
		<SimpleData name="fid">1</SimpleData>
		<SimpleData name="tessellate">1</SimpleData>
		<SimpleData name="extrude">0</SimpleData>
		<SimpleData name="visibility">-1</SimpleData>
		<SimpleData name="distance">24000</SimpleData>
		<SimpleData name="angle">119.770936470166</SimpleData>
		<SimpleData name="KM ">KM 24.0</SimpleData>
		<SimpleData name="LATITUDE">1.496</SimpleData>
		<SimpleData name="LONGITUDE">103.868</SimpleData>
	</SchemaData></ExtendedData>
      <Point><coordinates>103.868197103216,1.49563666571198,0</coordinates></Point>
  </Placemark>
  <Placemark id="interpolated_points.242">
	<name>LBR PASIR GUDANG</name>
	<ExtendedData><SchemaData schemaUrl="#interpolated_points">
		<SimpleData name="fid">1</SimpleData>
		<SimpleData name="tessellate">1</SimpleData>
		<SimpleData name="extrude">0</SimpleData>
		<SimpleData name="visibility">-1</SimpleData>
		<SimpleData name="distance">24100</SimpleData>
		<SimpleData name="angle">118.854746306954</SimpleData>
		<SimpleData name="KM ">KM 24.1</SimpleData>
		<SimpleData name="LATITUDE">1.495</SimpleData>
		<SimpleData name="LONGITUDE">103.869</SimpleData>
	</SchemaData></ExtendedData>
      <Point><coordinates>103.868979108407,1.49519080153954,0</coordinates></Point>
  </Placemark>
  <Placemark id="interpolated_points.243">
	<name>LBR PASIR GUDANG</name>
	<ExtendedData><SchemaData schemaUrl="#interpolated_points">
		<SimpleData name="fid">1</SimpleData>
		<SimpleData name="tessellate">1</SimpleData>
		<SimpleData name="extrude">0</SimpleData>
		<SimpleData name="visibility">-1</SimpleData>
		<SimpleData name="distance">24200</SimpleData>
		<SimpleData name="angle">123.988669819131</SimpleData>
		<SimpleData name="KM ">KM 24.2</SimpleData>
		<SimpleData name="LATITUDE">1.495</SimpleData>
		<SimpleData name="LONGITUDE">103.870</SimpleData>
	</SchemaData></ExtendedData>
      <Point><coordinates>103.869749685965,1.49472687962203,0</coordinates></Point>
  </Placemark>
  <Placemark id="interpolated_points.244">
	<name>LBR PASIR GUDANG</name>
	<ExtendedData><SchemaData schemaUrl="#interpolated_points">
		<SimpleData name="fid">1</SimpleData>
		<SimpleData name="tessellate">1</SimpleData>
		<SimpleData name="extrude">0</SimpleData>
		<SimpleData name="visibility">-1</SimpleData>
		<SimpleData name="distance">24300</SimpleData>
		<SimpleData name="angle">126.927072552749</SimpleData>
		<SimpleData name="KM ">KM 24.3</SimpleData>
		<SimpleData name="LATITUDE">1.494</SimpleData>
		<SimpleData name="LONGITUDE">103.870</SimpleData>
	</SchemaData></ExtendedData>
      <Point><coordinates>103.870489981642,1.49421423612268,0</coordinates></Point>
  </Placemark>
  <Placemark id="interpolated_points.245">
	<name>LBR PASIR GUDANG</name>
	<ExtendedData><SchemaData schemaUrl="#interpolated_points">
		<SimpleData name="fid">1</SimpleData>
		<SimpleData name="tessellate">1</SimpleData>
		<SimpleData name="extrude">0</SimpleData>
		<SimpleData name="visibility">-1</SimpleData>
		<SimpleData name="distance">24400</SimpleData>
		<SimpleData name="angle">130.335243208436</SimpleData>
		<SimpleData name="KM ">KM 24.4</SimpleData>
		<SimpleData name="LATITUDE">1.494</SimpleData>
		<SimpleData name="LONGITUDE">103.871</SimpleData>
	</SchemaData></ExtendedData>
      <Point><coordinates>103.871189795999,1.49364724732447,0</coordinates></Point>
  </Placemark>
  <Placemark id="interpolated_points.246">
	<name>LBR PASIR GUDANG</name>
	<ExtendedData><SchemaData schemaUrl="#interpolated_points">
		<SimpleData name="fid">1</SimpleData>
		<SimpleData name="tessellate">1</SimpleData>
		<SimpleData name="extrude">0</SimpleData>
		<SimpleData name="visibility">-1</SimpleData>
		<SimpleData name="distance">24500</SimpleData>
		<SimpleData name="angle">131.073033156691</SimpleData>
		<SimpleData name="KM ">KM 24.5</SimpleData>
		<SimpleData name="LATITUDE">1.493</SimpleData>
		<SimpleData name="LONGITUDE">103.872</SimpleData>
	</SchemaData></ExtendedData>
      <Point><coordinates>103.871867904184,1.49305355083802,0</coordinates></Point>
  </Placemark>
  <Placemark id="interpolated_points.247">
	<name>LBR PASIR GUDANG</name>
	<ExtendedData><SchemaData schemaUrl="#interpolated_points">
		<SimpleData name="fid">1</SimpleData>
		<SimpleData name="tessellate">1</SimpleData>
		<SimpleData name="extrude">0</SimpleData>
		<SimpleData name="visibility">-1</SimpleData>
		<SimpleData name="distance">24600</SimpleData>
		<SimpleData name="angle">133.255963671353</SimpleData>
		<SimpleData name="KM ">KM 24.6</SimpleData>
		<SimpleData name="LATITUDE">1.492</SimpleData>
		<SimpleData name="LONGITUDE">103.873</SimpleData>
	</SchemaData></ExtendedData>
      <Point><coordinates>103.872536104878,1.49244881983098,0</coordinates></Point>
  </Placemark>
  <Placemark id="interpolated_points.248">
	<name>LBR PASIR GUDANG</name>
	<ExtendedData><SchemaData schemaUrl="#interpolated_points">
		<SimpleData name="fid">1</SimpleData>
		<SimpleData name="tessellate">1</SimpleData>
		<SimpleData name="extrude">0</SimpleData>
		<SimpleData name="visibility">-1</SimpleData>
		<SimpleData name="distance">24700</SimpleData>
		<SimpleData name="angle">138.214393400955</SimpleData>
		<SimpleData name="KM ">KM 24.7</SimpleData>
		<SimpleData name="LATITUDE">1.492</SimpleData>
		<SimpleData name="LONGITUDE">103.873</SimpleData>
	</SchemaData></ExtendedData>
      <Point><coordinates>103.873174784482,1.49181336761087,0</coordinates></Point>
  </Placemark>
  <Placemark id="interpolated_points.249">
	<name>LBR PASIR GUDANG</name>
	<ExtendedData><SchemaData schemaUrl="#interpolated_points">
		<SimpleData name="fid">1</SimpleData>
		<SimpleData name="tessellate">1</SimpleData>
		<SimpleData name="extrude">0</SimpleData>
		<SimpleData name="visibility">-1</SimpleData>
		<SimpleData name="distance">24800</SimpleData>
		<SimpleData name="angle">138.214393400955</SimpleData>
		<SimpleData name="KM ">KM 24.8</SimpleData>
		<SimpleData name="LATITUDE">1.491</SimpleData>
		<SimpleData name="LONGITUDE">103.874</SimpleData>
	</SchemaData></ExtendedData>
      <Point><coordinates>103.873774040114,1.49113920497407,0</coordinates></Point>
  </Placemark>
  <Placemark id="interpolated_points.250">
	<name>LBR PASIR GUDANG</name>
	<ExtendedData><SchemaData schemaUrl="#interpolated_points">
		<SimpleData name="fid">1</SimpleData>
		<SimpleData name="tessellate">1</SimpleData>
		<SimpleData name="extrude">0</SimpleData>
		<SimpleData name="visibility">-1</SimpleData>
		<SimpleData name="distance">24900</SimpleData>
		<SimpleData name="angle">135.941492104796</SimpleData>
		<SimpleData name="KM ">KM 24.9</SimpleData>
		<SimpleData name="LATITUDE">1.490</SimpleData>
		<SimpleData name="LONGITUDE">103.874</SimpleData>
	</SchemaData></ExtendedData>
      <Point><coordinates>103.874394776622,1.49048516728964,0</coordinates></Point>
  </Placemark>
  <Placemark id="interpolated_points.251">
	<name>LBR PASIR GUDANG</name>
	<ExtendedData><SchemaData schemaUrl="#interpolated_points">
		<SimpleData name="fid">1</SimpleData>
		<SimpleData name="tessellate">1</SimpleData>
		<SimpleData name="extrude">0</SimpleData>
		<SimpleData name="visibility">-1</SimpleData>
		<SimpleData name="distance">25000</SimpleData>
		<SimpleData name="angle">137.373402407902</SimpleData>
		<SimpleData name="KM ">KM 25.0</SimpleData>
		<SimpleData name="LATITUDE">1.490</SimpleData>
		<SimpleData name="LONGITUDE">103.875</SimpleData>
	</SchemaData></ExtendedData>
      <Point><coordinates>103.875010462958,1.48982626393851,0</coordinates></Point>
  </Placemark>
  <Placemark id="interpolated_points.252">
	<name>LBR PASIR GUDANG</name>
	<ExtendedData><SchemaData schemaUrl="#interpolated_points">
		<SimpleData name="fid">1</SimpleData>
		<SimpleData name="tessellate">1</SimpleData>
		<SimpleData name="extrude">0</SimpleData>
		<SimpleData name="visibility">-1</SimpleData>
		<SimpleData name="distance">25100</SimpleData>
		<SimpleData name="angle">137.373402407902</SimpleData>
		<SimpleData name="KM ">KM 25.1</SimpleData>
		<SimpleData name="LATITUDE">1.489</SimpleData>
		<SimpleData name="LONGITUDE">103.876</SimpleData>
	</SchemaData></ExtendedData>
      <Point><coordinates>103.875619485057,1.48916102439308,0</coordinates></Point>
  </Placemark>
  <Placemark id="interpolated_points.253">
	<name>LBR PASIR GUDANG</name>
	<ExtendedData><SchemaData schemaUrl="#interpolated_points">
		<SimpleData name="fid">1</SimpleData>
		<SimpleData name="tessellate">1</SimpleData>
		<SimpleData name="extrude">0</SimpleData>
		<SimpleData name="visibility">-1</SimpleData>
		<SimpleData name="distance">25200</SimpleData>
		<SimpleData name="angle">137.510309599004</SimpleData>
		<SimpleData name="KM ">KM 25.2</SimpleData>
		<SimpleData name="LATITUDE">1.488</SimpleData>
		<SimpleData name="LONGITUDE">103.876</SimpleData>
	</SchemaData></ExtendedData>
      <Point><coordinates>103.876227783676,1.48849511552164,0</coordinates></Point>
  </Placemark>
  <Placemark id="interpolated_points.254">
	<name>LBR PASIR GUDANG</name>
	<ExtendedData><SchemaData schemaUrl="#interpolated_points">
		<SimpleData name="fid">1</SimpleData>
		<SimpleData name="tessellate">1</SimpleData>
		<SimpleData name="extrude">0</SimpleData>
		<SimpleData name="visibility">-1</SimpleData>
		<SimpleData name="distance">25300</SimpleData>
		<SimpleData name="angle">139.215390011216</SimpleData>
		<SimpleData name="KM ">KM 25.3</SimpleData>
		<SimpleData name="LATITUDE">1.488</SimpleData>
		<SimpleData name="LONGITUDE">103.877</SimpleData>
	</SchemaData></ExtendedData>
      <Point><coordinates>103.876819592216,1.48781441271096,0</coordinates></Point>
  </Placemark>
  <Placemark id="interpolated_points.255">
	<name>LBR PASIR GUDANG</name>
	<ExtendedData><SchemaData schemaUrl="#interpolated_points">
		<SimpleData name="fid">1</SimpleData>
		<SimpleData name="tessellate">1</SimpleData>
		<SimpleData name="extrude">0</SimpleData>
		<SimpleData name="visibility">-1</SimpleData>
		<SimpleData name="distance">25400</SimpleData>
		<SimpleData name="angle">139.215390011216</SimpleData>
		<SimpleData name="KM ">KM 25.4</SimpleData>
		<SimpleData name="LATITUDE">1.487</SimpleData>
		<SimpleData name="LONGITUDE">103.877</SimpleData>
	</SchemaData></ExtendedData>
      <Point><coordinates>103.877407051356,1.48712981447533,0</coordinates></Point>
  </Placemark>
  <Placemark id="interpolated_points.256">
	<name>LBR PASIR GUDANG</name>
	<ExtendedData><SchemaData schemaUrl="#interpolated_points">
		<SimpleData name="fid">1</SimpleData>
		<SimpleData name="tessellate">1</SimpleData>
		<SimpleData name="extrude">0</SimpleData>
		<SimpleData name="visibility">-1</SimpleData>
		<SimpleData name="distance">25500</SimpleData>
		<SimpleData name="angle">137.550147475217</SimpleData>
		<SimpleData name="KM ">KM 25.5</SimpleData>
		<SimpleData name="LATITUDE">1.486</SimpleData>
		<SimpleData name="LONGITUDE">103.878</SimpleData>
	</SchemaData></ExtendedData>
      <Point><coordinates>103.878006621874,1.48645605556665,0</coordinates></Point>
  </Placemark>
  <Placemark id="interpolated_points.257">
	<name>LBR PASIR GUDANG</name>
	<ExtendedData><SchemaData schemaUrl="#interpolated_points">
		<SimpleData name="fid">1</SimpleData>
		<SimpleData name="tessellate">1</SimpleData>
		<SimpleData name="extrude">0</SimpleData>
		<SimpleData name="visibility">-1</SimpleData>
		<SimpleData name="distance">25600</SimpleData>
		<SimpleData name="angle">137.550147475217</SimpleData>
		<SimpleData name="KM ">KM 25.6</SimpleData>
		<SimpleData name="LATITUDE">1.486</SimpleData>
		<SimpleData name="LONGITUDE">103.879</SimpleData>
	</SchemaData></ExtendedData>
      <Point><coordinates>103.878613600038,1.48578892623247,0</coordinates></Point>
  </Placemark>
  <Placemark id="interpolated_points.258">
	<name>LBR PASIR GUDANG</name>
	<ExtendedData><SchemaData schemaUrl="#interpolated_points">
		<SimpleData name="fid">1</SimpleData>
		<SimpleData name="tessellate">1</SimpleData>
		<SimpleData name="extrude">0</SimpleData>
		<SimpleData name="visibility">-1</SimpleData>
		<SimpleData name="distance">25700</SimpleData>
		<SimpleData name="angle">133.723240652261</SimpleData>
		<SimpleData name="KM ">KM 25.7</SimpleData>
		<SimpleData name="LATITUDE">1.485</SimpleData>
		<SimpleData name="LONGITUDE">103.879</SimpleData>
	</SchemaData></ExtendedData>
      <Point><coordinates>103.879251661469,1.48515224860348,0</coordinates></Point>
  </Placemark>
  <Placemark id="interpolated_points.259">
	<name>LBR PASIR GUDANG</name>
	<ExtendedData><SchemaData schemaUrl="#interpolated_points">
		<SimpleData name="fid">1</SimpleData>
		<SimpleData name="tessellate">1</SimpleData>
		<SimpleData name="extrude">0</SimpleData>
		<SimpleData name="visibility">-1</SimpleData>
		<SimpleData name="distance">25800</SimpleData>
		<SimpleData name="angle">131.545750883506</SimpleData>
		<SimpleData name="KM ">KM 25.8</SimpleData>
		<SimpleData name="LATITUDE">1.485</SimpleData>
		<SimpleData name="LONGITUDE">103.880</SimpleData>
	</SchemaData></ExtendedData>
      <Point><coordinates>103.879914720868,1.48454215782518,0</coordinates></Point>
  </Placemark>
  <Placemark id="interpolated_points.260">
	<name>LBR PASIR GUDANG</name>
	<ExtendedData><SchemaData schemaUrl="#interpolated_points">
		<SimpleData name="fid">1</SimpleData>
		<SimpleData name="tessellate">1</SimpleData>
		<SimpleData name="extrude">0</SimpleData>
		<SimpleData name="visibility">-1</SimpleData>
		<SimpleData name="distance">25900</SimpleData>
		<SimpleData name="angle">127.546588934654</SimpleData>
		<SimpleData name="KM ">KM 25.9</SimpleData>
		<SimpleData name="LATITUDE">1.484</SimpleData>
		<SimpleData name="LONGITUDE">103.881</SimpleData>
	</SchemaData></ExtendedData>
      <Point><coordinates>103.880599754149,1.4839570081659,0</coordinates></Point>
  </Placemark>
  <Placemark id="interpolated_points.261">
	<name>LBR PASIR GUDANG</name>
	<ExtendedData><SchemaData schemaUrl="#interpolated_points">
		<SimpleData name="fid">1</SimpleData>
		<SimpleData name="tessellate">1</SimpleData>
		<SimpleData name="extrude">0</SimpleData>
		<SimpleData name="visibility">-1</SimpleData>
		<SimpleData name="distance">26000</SimpleData>
		<SimpleData name="angle">126.56822229153</SimpleData>
		<SimpleData name="KM ">KM 26.0</SimpleData>
		<SimpleData name="LATITUDE">1.483</SimpleData>
		<SimpleData name="LONGITUDE">103.881</SimpleData>
	</SchemaData></ExtendedData>
      <Point><coordinates>103.88131657699,1.48341136637122,0</coordinates></Point>
  </Placemark>
  <Placemark id="interpolated_points.262">
	<name>LBR PASIR GUDANG</name>
	<ExtendedData><SchemaData schemaUrl="#interpolated_points">
		<SimpleData name="fid">1</SimpleData>
		<SimpleData name="tessellate">1</SimpleData>
		<SimpleData name="extrude">0</SimpleData>
		<SimpleData name="visibility">-1</SimpleData>
		<SimpleData name="distance">26100</SimpleData>
		<SimpleData name="angle">123.550573366745</SimpleData>
		<SimpleData name="KM ">KM 26.1</SimpleData>
		<SimpleData name="LATITUDE">1.483</SimpleData>
		<SimpleData name="LONGITUDE">103.882</SimpleData>
	</SchemaData></ExtendedData>
      <Point><coordinates>103.882055224313,1.48289651713103,0</coordinates></Point>
  </Placemark>
  <Placemark id="interpolated_points.263">
	<name>LBR PASIR GUDANG</name>
	<ExtendedData><SchemaData schemaUrl="#interpolated_points">
		<SimpleData name="fid">1</SimpleData>
		<SimpleData name="tessellate">1</SimpleData>
		<SimpleData name="extrude">0</SimpleData>
		<SimpleData name="visibility">-1</SimpleData>
		<SimpleData name="distance">26200</SimpleData>
		<SimpleData name="angle">118.105650297435</SimpleData>
		<SimpleData name="KM ">KM 26.2</SimpleData>
		<SimpleData name="LATITUDE">1.482</SimpleData>
		<SimpleData name="LONGITUDE">103.883</SimpleData>
	</SchemaData></ExtendedData>
      <Point><coordinates>103.882818616625,1.48241926898665,0</coordinates></Point>
  </Placemark>
  <Placemark id="interpolated_points.264">
	<name>LBR PASIR GUDANG</name>
	<ExtendedData><SchemaData schemaUrl="#interpolated_points">
		<SimpleData name="fid">1</SimpleData>
		<SimpleData name="tessellate">1</SimpleData>
		<SimpleData name="extrude">0</SimpleData>
		<SimpleData name="visibility">-1</SimpleData>
		<SimpleData name="distance">26300</SimpleData>
		<SimpleData name="angle">118.105650297435</SimpleData>
		<SimpleData name="KM ">KM 26.3</SimpleData>
		<SimpleData name="LATITUDE">1.482</SimpleData>
		<SimpleData name="LONGITUDE">103.884</SimpleData>
	</SchemaData></ExtendedData>
      <Point><coordinates>103.883611645436,1.48199353776001,0</coordinates></Point>
  </Placemark>
  <Placemark id="interpolated_points.265">
	<name>LBR PASIR GUDANG</name>
	<ExtendedData><SchemaData schemaUrl="#interpolated_points">
		<SimpleData name="fid">1</SimpleData>
		<SimpleData name="tessellate">1</SimpleData>
		<SimpleData name="extrude">0</SimpleData>
		<SimpleData name="visibility">-1</SimpleData>
		<SimpleData name="distance">26400</SimpleData>
		<SimpleData name="angle">114.63376615138</SimpleData>
		<SimpleData name="KM ">KM 26.4</SimpleData>
		<SimpleData name="LATITUDE">1.482</SimpleData>
		<SimpleData name="LONGITUDE">103.884</SimpleData>
	</SchemaData></ExtendedData>
      <Point><coordinates>103.884425230395,1.48160958960232,0</coordinates></Point>
  </Placemark>
  <Placemark id="interpolated_points.266">
	<name>LBR PASIR GUDANG</name>
	<ExtendedData><SchemaData schemaUrl="#interpolated_points">
		<SimpleData name="fid">1</SimpleData>
		<SimpleData name="tessellate">1</SimpleData>
		<SimpleData name="extrude">0</SimpleData>
		<SimpleData name="visibility">-1</SimpleData>
		<SimpleData name="distance">26500</SimpleData>
		<SimpleData name="angle">118.055564060624</SimpleData>
		<SimpleData name="KM ">KM 26.5</SimpleData>
		<SimpleData name="LATITUDE">1.481</SimpleData>
		<SimpleData name="LONGITUDE">103.885</SimpleData>
	</SchemaData></ExtendedData>
      <Point><coordinates>103.885231869264,1.48121149864345,0</coordinates></Point>
  </Placemark>
  <Placemark id="interpolated_points.267">
	<name>LBR PASIR GUDANG</name>
	<ExtendedData><SchemaData schemaUrl="#interpolated_points">
		<SimpleData name="fid">1</SimpleData>
		<SimpleData name="tessellate">1</SimpleData>
		<SimpleData name="extrude">0</SimpleData>
		<SimpleData name="visibility">-1</SimpleData>
		<SimpleData name="distance">26600</SimpleData>
		<SimpleData name="angle">116.190853644217</SimpleData>
		<SimpleData name="KM ">KM 26.6</SimpleData>
		<SimpleData name="LATITUDE">1.481</SimpleData>
		<SimpleData name="LONGITUDE">103.886</SimpleData>
	</SchemaData></ExtendedData>
      <Point><coordinates>103.886035094709,1.48080579595168,0</coordinates></Point>
  </Placemark>
  <Placemark id="interpolated_points.268">
	<name>LBR PASIR GUDANG</name>
	<ExtendedData><SchemaData schemaUrl="#interpolated_points">
		<SimpleData name="fid">1</SimpleData>
		<SimpleData name="tessellate">1</SimpleData>
		<SimpleData name="extrude">0</SimpleData>
		<SimpleData name="visibility">-1</SimpleData>
		<SimpleData name="distance">26700</SimpleData>
		<SimpleData name="angle">119.23061473916</SimpleData>
		<SimpleData name="KM ">KM 26.7</SimpleData>
		<SimpleData name="LATITUDE">1.480</SimpleData>
		<SimpleData name="LONGITUDE">103.887</SimpleData>
	</SchemaData></ExtendedData>
      <Point><coordinates>103.886838474579,1.4804008580493,0</coordinates></Point>
  </Placemark>
  <Placemark id="interpolated_points.269">
	<name>LBR PASIR GUDANG</name>
	<ExtendedData><SchemaData schemaUrl="#interpolated_points">
		<SimpleData name="fid">1</SimpleData>
		<SimpleData name="tessellate">1</SimpleData>
		<SimpleData name="extrude">0</SimpleData>
		<SimpleData name="visibility">-1</SimpleData>
		<SimpleData name="distance">26800</SimpleData>
		<SimpleData name="angle">123.836104906703</SimpleData>
		<SimpleData name="KM ">KM 26.8</SimpleData>
		<SimpleData name="LATITUDE">1.480</SimpleData>
		<SimpleData name="LONGITUDE">103.888</SimpleData>
	</SchemaData></ExtendedData>
      <Point><coordinates>103.887604447278,1.47993026391738,0</coordinates></Point>
  </Placemark>
  <Placemark id="interpolated_points.270">
	<name>LBR PASIR GUDANG</name>
	<ExtendedData><SchemaData schemaUrl="#interpolated_points">
		<SimpleData name="fid">1</SimpleData>
		<SimpleData name="tessellate">1</SimpleData>
		<SimpleData name="extrude">0</SimpleData>
		<SimpleData name="visibility">-1</SimpleData>
		<SimpleData name="distance">26900</SimpleData>
		<SimpleData name="angle">127.645795813248</SimpleData>
		<SimpleData name="KM ">KM 26.9</SimpleData>
		<SimpleData name="LATITUDE">1.479</SimpleData>
		<SimpleData name="LONGITUDE">103.888</SimpleData>
	</SchemaData></ExtendedData>
      <Point><coordinates>103.888337203491,1.47940727080308,0</coordinates></Point>
  </Placemark>
  <Placemark id="interpolated_points.271">
	<name>LBR PASIR GUDANG</name>
	<ExtendedData><SchemaData schemaUrl="#interpolated_points">
		<SimpleData name="fid">1</SimpleData>
		<SimpleData name="tessellate">1</SimpleData>
		<SimpleData name="extrude">0</SimpleData>
		<SimpleData name="visibility">-1</SimpleData>
		<SimpleData name="distance">27000</SimpleData>
		<SimpleData name="angle">136.936517574744</SimpleData>
		<SimpleData name="KM ">KM 27.0</SimpleData>
		<SimpleData name="LATITUDE">1.479</SimpleData>
		<SimpleData name="LONGITUDE">103.889</SimpleData>
	</SchemaData></ExtendedData>
      <Point><coordinates>103.88900746761,1.47880757282717,0</coordinates></Point>
  </Placemark>
  <Placemark id="interpolated_points.272">
	<name>LBR PASIR GUDANG</name>
	<ExtendedData><SchemaData schemaUrl="#interpolated_points">
		<SimpleData name="fid">1</SimpleData>
		<SimpleData name="tessellate">1</SimpleData>
		<SimpleData name="extrude">0</SimpleData>
		<SimpleData name="visibility">-1</SimpleData>
		<SimpleData name="distance">27100</SimpleData>
		<SimpleData name="angle">137.449151292315</SimpleData>
		<SimpleData name="KM ">KM 27.1</SimpleData>
		<SimpleData name="LATITUDE">1.478</SimpleData>
		<SimpleData name="LONGITUDE">103.890</SimpleData>
	</SchemaData></ExtendedData>
      <Point><coordinates>103.88962005051,1.47814565897569,0</coordinates></Point>
  </Placemark>
  <Placemark id="interpolated_points.273">
	<name>LBR PASIR GUDANG</name>
	<ExtendedData><SchemaData schemaUrl="#interpolated_points">
		<SimpleData name="fid">1</SimpleData>
		<SimpleData name="tessellate">1</SimpleData>
		<SimpleData name="extrude">0</SimpleData>
		<SimpleData name="visibility">-1</SimpleData>
		<SimpleData name="distance">27200</SimpleData>
		<SimpleData name="angle">148.903343931112</SimpleData>
		<SimpleData name="KM ">KM 27.2</SimpleData>
		<SimpleData name="LATITUDE">1.477</SimpleData>
		<SimpleData name="LONGITUDE">103.890</SimpleData>
	</SchemaData></ExtendedData>
      <Point><coordinates>103.89014886627,1.47741522288752,0</coordinates></Point>
  </Placemark>
  <Placemark id="interpolated_points.274">
	<name>LBR PASIR GUDANG</name>
	<ExtendedData><SchemaData schemaUrl="#interpolated_points">
		<SimpleData name="fid">1</SimpleData>
		<SimpleData name="tessellate">1</SimpleData>
		<SimpleData name="extrude">0</SimpleData>
		<SimpleData name="visibility">-1</SimpleData>
		<SimpleData name="distance">27300</SimpleData>
		<SimpleData name="angle">154.871321521446</SimpleData>
		<SimpleData name="KM ">KM 27.3</SimpleData>
		<SimpleData name="LATITUDE">1.477</SimpleData>
		<SimpleData name="LONGITUDE">103.891</SimpleData>
	</SchemaData></ExtendedData>
      <Point><coordinates>103.890580186587,1.47662245733349,0</coordinates></Point>
  </Placemark>
  <Placemark id="interpolated_points.275">
	<name>LBR PASIR GUDANG</name>
	<ExtendedData><SchemaData schemaUrl="#interpolated_points">
		<SimpleData name="fid">1</SimpleData>
		<SimpleData name="tessellate">1</SimpleData>
		<SimpleData name="extrude">0</SimpleData>
		<SimpleData name="visibility">-1</SimpleData>
		<SimpleData name="distance">27400</SimpleData>
		<SimpleData name="angle">159.211958124956</SimpleData>
		<SimpleData name="KM ">KM 27.4</SimpleData>
		<SimpleData name="LATITUDE">1.476</SimpleData>
		<SimpleData name="LONGITUDE">103.891</SimpleData>
	</SchemaData></ExtendedData>
      <Point><coordinates>103.890925193242,1.47578801805195,0</coordinates></Point>
  </Placemark>
  <Placemark id="interpolated_points.276">
	<name>LBR PASIR GUDANG</name>
	<ExtendedData><SchemaData schemaUrl="#interpolated_points">
		<SimpleData name="fid">1</SimpleData>
		<SimpleData name="tessellate">1</SimpleData>
		<SimpleData name="extrude">0</SimpleData>
		<SimpleData name="visibility">-1</SimpleData>
		<SimpleData name="distance">27500</SimpleData>
		<SimpleData name="angle">162.683316458682</SimpleData>
		<SimpleData name="KM ">KM 27.5</SimpleData>
		<SimpleData name="LATITUDE">1.475</SimpleData>
		<SimpleData name="LONGITUDE">103.891</SimpleData>
	</SchemaData></ExtendedData>
      <Point><coordinates>103.891232588485,1.47493832601204,0</coordinates></Point>
  </Placemark>
  <Placemark id="interpolated_points.277">
	<name>LBR PASIR GUDANG</name>
	<ExtendedData><SchemaData schemaUrl="#interpolated_points">
		<SimpleData name="fid">1</SimpleData>
		<SimpleData name="tessellate">1</SimpleData>
		<SimpleData name="extrude">0</SimpleData>
		<SimpleData name="visibility">-1</SimpleData>
		<SimpleData name="distance">27600</SimpleData>
		<SimpleData name="angle">171.405338488833</SimpleData>
		<SimpleData name="KM ">KM 27.6</SimpleData>
		<SimpleData name="LATITUDE">1.474</SimpleData>
		<SimpleData name="LONGITUDE">103.891</SimpleData>
	</SchemaData></ExtendedData>
      <Point><coordinates>103.891422395257,1.47405501347316,0</coordinates></Point>
  </Placemark>
  <Placemark id="interpolated_points.278">
	<name>LBR PASIR GUDANG</name>
	<ExtendedData><SchemaData schemaUrl="#interpolated_points">
		<SimpleData name="fid">1</SimpleData>
		<SimpleData name="tessellate">1</SimpleData>
		<SimpleData name="extrude">0</SimpleData>
		<SimpleData name="visibility">-1</SimpleData>
		<SimpleData name="distance">27700</SimpleData>
		<SimpleData name="angle">176.383892498367</SimpleData>
		<SimpleData name="KM ">KM 27.7</SimpleData>
		<SimpleData name="LATITUDE">1.473</SimpleData>
		<SimpleData name="LONGITUDE">103.892</SimpleData>
	</SchemaData></ExtendedData>
      <Point><coordinates>103.891524232767,1.47315712275871,0</coordinates></Point>
  </Placemark>
  <Placemark id="interpolated_points.279">
	<name>LBR PASIR GUDANG</name>
	<ExtendedData><SchemaData schemaUrl="#interpolated_points">
		<SimpleData name="fid">1</SimpleData>
		<SimpleData name="tessellate">1</SimpleData>
		<SimpleData name="extrude">0</SimpleData>
		<SimpleData name="visibility">-1</SimpleData>
		<SimpleData name="distance">27800</SimpleData>
		<SimpleData name="angle">185.029883130645</SimpleData>
		<SimpleData name="KM ">KM 27.8</SimpleData>
		<SimpleData name="LATITUDE">1.472</SimpleData>
		<SimpleData name="LONGITUDE">103.892</SimpleData>
	</SchemaData></ExtendedData>
      <Point><coordinates>103.891520810068,1.47225431576547,0</coordinates></Point>
  </Placemark>
  <Placemark id="interpolated_points.280">
	<name>LBR PASIR GUDANG</name>
	<ExtendedData><SchemaData schemaUrl="#interpolated_points">
		<SimpleData name="fid">1</SimpleData>
		<SimpleData name="tessellate">1</SimpleData>
		<SimpleData name="extrude">0</SimpleData>
		<SimpleData name="visibility">-1</SimpleData>
		<SimpleData name="distance">27900</SimpleData>
		<SimpleData name="angle">197.659327640752</SimpleData>
		<SimpleData name="KM ">KM 27.9</SimpleData>
		<SimpleData name="LATITUDE">1.471</SimpleData>
		<SimpleData name="LONGITUDE">103.891</SimpleData>
	</SchemaData></ExtendedData>
      <Point><coordinates>103.891314696188,1.47137653792748,0</coordinates></Point>
  </Placemark>
  <Placemark id="interpolated_points.281">
	<name>LBR PASIR GUDANG</name>
	<ExtendedData><SchemaData schemaUrl="#interpolated_points">
		<SimpleData name="fid">1</SimpleData>
		<SimpleData name="tessellate">1</SimpleData>
		<SimpleData name="extrude">0</SimpleData>
		<SimpleData name="visibility">-1</SimpleData>
		<SimpleData name="distance">28000</SimpleData>
		<SimpleData name="angle">200.471002668612</SimpleData>
		<SimpleData name="KM ">KM 28.0</SimpleData>
		<SimpleData name="LATITUDE">1.471</SimpleData>
		<SimpleData name="LONGITUDE">103.891</SimpleData>
	</SchemaData></ExtendedData>
      <Point><coordinates>103.891010733847,1.47052598138079,0</coordinates></Point>
  </Placemark>
  <Placemark id="interpolated_points.282">
	<name>LBR PASIR GUDANG</name>
	<ExtendedData><SchemaData schemaUrl="#interpolated_points">
		<SimpleData name="fid">1</SimpleData>
		<SimpleData name="tessellate">1</SimpleData>
		<SimpleData name="extrude">0</SimpleData>
		<SimpleData name="visibility">-1</SimpleData>
		<SimpleData name="distance">28100</SimpleData>
		<SimpleData name="angle">201.956275609865</SimpleData>
		<SimpleData name="KM ">KM 28.1</SimpleData>
		<SimpleData name="LATITUDE">1.470</SimpleData>
		<SimpleData name="LONGITUDE">103.891</SimpleData>
	</SchemaData></ExtendedData>
      <Point><coordinates>103.890683443006,1.46968360751425,0</coordinates></Point>
  </Placemark>
  <Placemark id="interpolated_points.283">
	<name>LBR PASIR GUDANG</name>
	<ExtendedData><SchemaData schemaUrl="#interpolated_points">
		<SimpleData name="fid">1</SimpleData>
		<SimpleData name="tessellate">1</SimpleData>
		<SimpleData name="extrude">0</SimpleData>
		<SimpleData name="visibility">-1</SimpleData>
		<SimpleData name="distance">28200</SimpleData>
		<SimpleData name="angle">206.740087913888</SimpleData>
		<SimpleData name="KM ">KM 28.2</SimpleData>
		<SimpleData name="LATITUDE">1.469</SimpleData>
		<SimpleData name="LONGITUDE">103.890</SimpleData>
	</SchemaData></ExtendedData>
      <Point><coordinates>103.8902942645,1.46886852901696,0</coordinates></Point>
  </Placemark>
  <Placemark id="interpolated_points.284">
	<name>LBR PASIR GUDANG</name>
	<ExtendedData><SchemaData schemaUrl="#interpolated_points">
		<SimpleData name="fid">1</SimpleData>
		<SimpleData name="tessellate">1</SimpleData>
		<SimpleData name="extrude">0</SimpleData>
		<SimpleData name="visibility">-1</SimpleData>
		<SimpleData name="distance">28300</SimpleData>
		<SimpleData name="angle">204.790845228596</SimpleData>
		<SimpleData name="KM ">KM 28.3</SimpleData>
		<SimpleData name="LATITUDE">1.468</SimpleData>
		<SimpleData name="LONGITUDE">103.890</SimpleData>
	</SchemaData></ExtendedData>
      <Point><coordinates>103.889897736016,1.46805687858048,0</coordinates></Point>
  </Placemark>
  <Placemark id="interpolated_points.285">
	<name>LBR PASIR GUDANG</name>
	<ExtendedData><SchemaData schemaUrl="#interpolated_points">
		<SimpleData name="fid">1</SimpleData>
		<SimpleData name="tessellate">1</SimpleData>
		<SimpleData name="extrude">0</SimpleData>
		<SimpleData name="visibility">-1</SimpleData>
		<SimpleData name="distance">28400</SimpleData>
		<SimpleData name="angle">200.471005051135</SimpleData>
		<SimpleData name="KM ">KM 28.4</SimpleData>
		<SimpleData name="LATITUDE">1.467</SimpleData>
		<SimpleData name="LONGITUDE">103.890</SimpleData>
	</SchemaData></ExtendedData>
      <Point><coordinates>103.889520516367,1.46723639419065,0</coordinates></Point>
  </Placemark>
  <Placemark id="interpolated_points.286">
	<name>LBR PASIR GUDANG</name>
	<ExtendedData><SchemaData schemaUrl="#interpolated_points">
		<SimpleData name="fid">1</SimpleData>
		<SimpleData name="tessellate">1</SimpleData>
		<SimpleData name="extrude">0</SimpleData>
		<SimpleData name="visibility">-1</SimpleData>
		<SimpleData name="distance">28500</SimpleData>
		<SimpleData name="angle">198.289714272572</SimpleData>
		<SimpleData name="KM ">KM 28.5</SimpleData>
		<SimpleData name="LATITUDE">1.466</SimpleData>
		<SimpleData name="LONGITUDE">103.889</SimpleData>
	</SchemaData></ExtendedData>
      <Point><coordinates>103.88923397822,1.46637913355515,0</coordinates></Point>
  </Placemark>
  <Placemark id="interpolated_points.287">
	<name>LBR PASIR GUDANG</name>
	<ExtendedData><SchemaData schemaUrl="#interpolated_points">
		<SimpleData name="fid">1</SimpleData>
		<SimpleData name="tessellate">1</SimpleData>
		<SimpleData name="extrude">0</SimpleData>
		<SimpleData name="visibility">-1</SimpleData>
		<SimpleData name="distance">28600</SimpleData>
		<SimpleData name="angle">198.289714272572</SimpleData>
		<SimpleData name="KM ">KM 28.6</SimpleData>
		<SimpleData name="LATITUDE">1.466</SimpleData>
		<SimpleData name="LONGITUDE">103.889</SimpleData>
	</SchemaData></ExtendedData>
      <Point><coordinates>103.888952339327,1.46552013492843,0</coordinates></Point>
  </Placemark>
  <Placemark id="interpolated_points.288">
	<name>LBR PASIR GUDANG</name>
	<ExtendedData><SchemaData schemaUrl="#interpolated_points">
		<SimpleData name="fid">1</SimpleData>
		<SimpleData name="tessellate">1</SimpleData>
		<SimpleData name="extrude">0</SimpleData>
		<SimpleData name="visibility">-1</SimpleData>
		<SimpleData name="distance">28700</SimpleData>
		<SimpleData name="angle">199.254863677618</SimpleData>
		<SimpleData name="KM ">KM 28.7</SimpleData>
		<SimpleData name="LATITUDE">1.465</SimpleData>
		<SimpleData name="LONGITUDE">103.889</SimpleData>
	</SchemaData></ExtendedData>
      <Point><coordinates>103.888659536759,1.46466494891709,0</coordinates></Point>
  </Placemark>
</Folder>
</Document></kml>
