<?xml version="1.0" encoding="utf-8" ?>
<kml xmlns="http://www.opengis.net/kml/2.2">
<Document id="root_doc">
<Schema name="interpolated_points_pg_hala_perling" id="interpolated_points_pg_hala_perling">
	<SimpleField name="fid" type="float"></SimpleField>
	<SimpleField name="id" type="string"></SimpleField>
	<SimpleField name="timestamp" type="string"></SimpleField>
	<SimpleField name="begin" type="string"></SimpleField>
	<SimpleField name="end" type="string"></SimpleField>
	<SimpleField name="altitudeMode" type="string"></SimpleField>
	<SimpleField name="tessellate" type="int"></SimpleField>
	<SimpleField name="extrude" type="int"></SimpleField>
	<SimpleField name="visibility" type="int"></SimpleField>
	<SimpleField name="drawOrder" type="int"></SimpleField>
	<SimpleField name="icon" type="string"></SimpleField>
	<SimpleField name="distance" type="float"></SimpleField>
	<SimpleField name="angle" type="float"></SimpleField>
	<SimpleField name="KM" type="string"></SimpleField>
	<SimpleField name="Latitude" type="float"></SimpleField>
	<SimpleField name="Longitude" type="float"></SimpleField>
</Schema>
<Folder><name>interpolated_points_pg_hala_perling</name>
  <Placemark id="interpolated_points_pg_hala_perling.1">
	<name>PG HALA ISKANDAR PUTERI</name>
	<ExtendedData><SchemaData schemaUrl="#interpolated_points_pg_hala_perling">
		<SimpleData name="fid">1</SimpleData>
		<SimpleData name="tessellate">1</SimpleData>
		<SimpleData name="extrude">0</SimpleData>
		<SimpleData name="visibility">-1</SimpleData>
		<SimpleData name="distance">0</SimpleData>
		<SimpleData name="angle">44.3866688630681</SimpleData>
		<SimpleData name="KM">KM 0.0</SimpleData>
		<SimpleData name="Latitude">1.494</SimpleData>
		<SimpleData name="Longitude">103.677</SimpleData>
	</SchemaData></ExtendedData>
      <Point><coordinates>103.67705,1.49354,0</coordinates></Point>
  </Placemark>
  <Placemark id="interpolated_points_pg_hala_perling.2">
	<name>PG HALA ISKANDAR PUTERI</name>
	<ExtendedData><SchemaData schemaUrl="#interpolated_points_pg_hala_perling">
		<SimpleData name="fid">1</SimpleData>
		<SimpleData name="tessellate">1</SimpleData>
		<SimpleData name="extrude">0</SimpleData>
		<SimpleData name="visibility">-1</SimpleData>
		<SimpleData name="distance">100</SimpleData>
		<SimpleData name="angle">45.2170347461318</SimpleData>
		<SimpleData name="KM">KM 0.1</SimpleData>
		<SimpleData name="Latitude">1.494</SimpleData>
		<SimpleData name="Longitude">103.678</SimpleData>
	</SchemaData></ExtendedData>
      <Point><coordinates>103.677677494178,1.49418749418508,0</coordinates></Point>
  </Placemark>
  <Placemark id="interpolated_points_pg_hala_perling.3">
	<name>PG HALA ISKANDAR PUTERI</name>
	<ExtendedData><SchemaData schemaUrl="#interpolated_points_pg_hala_perling">
		<SimpleData name="fid">1</SimpleData>
		<SimpleData name="tessellate">1</SimpleData>
		<SimpleData name="extrude">0</SimpleData>
		<SimpleData name="visibility">-1</SimpleData>
		<SimpleData name="distance">200</SimpleData>
		<SimpleData name="angle">47.1914864694116</SimpleData>
		<SimpleData name="KM">KM 0.2</SimpleData>
		<SimpleData name="Latitude">1.495</SimpleData>
		<SimpleData name="Longitude">103.678</SimpleData>
	</SchemaData></ExtendedData>
      <Point><coordinates>103.678316533777,1.49482343152662,0</coordinates></Point>
  </Placemark>
  <Placemark id="interpolated_points_pg_hala_perling.4">
	<name>PG HALA ISKANDAR PUTERI</name>
	<ExtendedData><SchemaData schemaUrl="#interpolated_points_pg_hala_perling">
		<SimpleData name="fid">1</SimpleData>
		<SimpleData name="tessellate">1</SimpleData>
		<SimpleData name="extrude">0</SimpleData>
		<SimpleData name="visibility">-1</SimpleData>
		<SimpleData name="distance">300</SimpleData>
		<SimpleData name="angle">43.4810112976411</SimpleData>
		<SimpleData name="KM">KM 0.3</SimpleData>
		<SimpleData name="Latitude">1.495</SimpleData>
		<SimpleData name="Longitude">103.679</SimpleData>
	</SchemaData></ExtendedData>
      <Point><coordinates>103.678948642549,1.49546605773707,0</coordinates></Point>
  </Placemark>
  <Placemark id="interpolated_points_pg_hala_perling.5">
	<name>PG HALA ISKANDAR PUTERI</name>
	<ExtendedData><SchemaData schemaUrl="#interpolated_points_pg_hala_perling">
		<SimpleData name="fid">1</SimpleData>
		<SimpleData name="tessellate">1</SimpleData>
		<SimpleData name="extrude">0</SimpleData>
		<SimpleData name="visibility">-1</SimpleData>
		<SimpleData name="distance">400</SimpleData>
		<SimpleData name="angle">43.7918274038656</SimpleData>
		<SimpleData name="KM">KM 0.4</SimpleData>
		<SimpleData name="Latitude">1.496</SimpleData>
		<SimpleData name="Longitude">103.680</SimpleData>
	</SchemaData></ExtendedData>
      <Point><coordinates>103.679579453122,1.49610993542688,0</coordinates></Point>
  </Placemark>
  <Placemark id="interpolated_points_pg_hala_perling.6">
	<name>PG HALA ISKANDAR PUTERI</name>
	<ExtendedData><SchemaData schemaUrl="#interpolated_points_pg_hala_perling">
		<SimpleData name="fid">1</SimpleData>
		<SimpleData name="tessellate">1</SimpleData>
		<SimpleData name="extrude">0</SimpleData>
		<SimpleData name="visibility">-1</SimpleData>
		<SimpleData name="distance">500</SimpleData>
		<SimpleData name="angle">43.7918274038656</SimpleData>
		<SimpleData name="KM">KM 0.5</SimpleData>
		<SimpleData name="Latitude">1.497</SimpleData>
		<SimpleData name="Longitude">103.680</SimpleData>
	</SchemaData></ExtendedData>
      <Point><coordinates>103.68020102629,1.49676322157322,0</coordinates></Point>
  </Placemark>
  <Placemark id="interpolated_points_pg_hala_perling.7">
	<name>PG HALA ISKANDAR PUTERI</name>
	<ExtendedData><SchemaData schemaUrl="#interpolated_points_pg_hala_perling">
		<SimpleData name="fid">1</SimpleData>
		<SimpleData name="tessellate">1</SimpleData>
		<SimpleData name="extrude">0</SimpleData>
		<SimpleData name="visibility">-1</SimpleData>
		<SimpleData name="distance">600</SimpleData>
		<SimpleData name="angle">45.216987586995</SimpleData>
		<SimpleData name="KM">KM 0.6</SimpleData>
		<SimpleData name="Latitude">1.497</SimpleData>
		<SimpleData name="Longitude">103.681</SimpleData>
	</SchemaData></ExtendedData>
      <Point><coordinates>103.680829596022,1.49740959603113,0</coordinates></Point>
  </Placemark>
  <Placemark id="interpolated_points_pg_hala_perling.8">
	<name>PG HALA ISKANDAR PUTERI</name>
	<ExtendedData><SchemaData schemaUrl="#interpolated_points_pg_hala_perling">
		<SimpleData name="fid">1</SimpleData>
		<SimpleData name="tessellate">1</SimpleData>
		<SimpleData name="extrude">0</SimpleData>
		<SimpleData name="visibility">-1</SimpleData>
		<SimpleData name="distance">700</SimpleData>
		<SimpleData name="angle">49.6134462116482</SimpleData>
		<SimpleData name="KM">KM 0.7</SimpleData>
		<SimpleData name="Latitude">1.498</SimpleData>
		<SimpleData name="Longitude">103.681</SimpleData>
	</SchemaData></ExtendedData>
      <Point><coordinates>103.681466445537,1.49804695331853,0</coordinates></Point>
  </Placemark>
  <Placemark id="interpolated_points_pg_hala_perling.9">
	<name>PG HALA ISKANDAR PUTERI</name>
	<ExtendedData><SchemaData schemaUrl="#interpolated_points_pg_hala_perling">
		<SimpleData name="fid">1</SimpleData>
		<SimpleData name="tessellate">1</SimpleData>
		<SimpleData name="extrude">0</SimpleData>
		<SimpleData name="visibility">-1</SimpleData>
		<SimpleData name="distance">800</SimpleData>
		<SimpleData name="angle">44.2458592304989</SimpleData>
		<SimpleData name="KM">KM 0.8</SimpleData>
		<SimpleData name="Latitude">1.499</SimpleData>
		<SimpleData name="Longitude">103.682</SimpleData>
	</SchemaData></ExtendedData>
      <Point><coordinates>103.682110076044,1.49867766487753,0</coordinates></Point>
  </Placemark>
  <Placemark id="interpolated_points_pg_hala_perling.10">
	<name>PG HALA ISKANDAR PUTERI</name>
	<ExtendedData><SchemaData schemaUrl="#interpolated_points_pg_hala_perling">
		<SimpleData name="fid">1</SimpleData>
		<SimpleData name="tessellate">1</SimpleData>
		<SimpleData name="extrude">0</SimpleData>
		<SimpleData name="visibility">-1</SimpleData>
		<SimpleData name="distance">900</SimpleData>
		<SimpleData name="angle">43.9979405223015</SimpleData>
		<SimpleData name="KM">KM 0.9</SimpleData>
		<SimpleData name="Latitude">1.499</SimpleData>
		<SimpleData name="Longitude">103.683</SimpleData>
	</SchemaData></ExtendedData>
      <Point><coordinates>103.682741985067,1.49932076702826,0</coordinates></Point>
  </Placemark>
  <Placemark id="interpolated_points_pg_hala_perling.11">
	<name>PG HALA ISKANDAR PUTERI</name>
	<ExtendedData><SchemaData schemaUrl="#interpolated_points_pg_hala_perling">
		<SimpleData name="fid">1</SimpleData>
		<SimpleData name="tessellate">1</SimpleData>
		<SimpleData name="extrude">0</SimpleData>
		<SimpleData name="visibility">-1</SimpleData>
		<SimpleData name="distance">1000</SimpleData>
		<SimpleData name="angle">44.3074929025313</SimpleData>
		<SimpleData name="KM">KM 1.0</SimpleData>
		<SimpleData name="Latitude">1.500</SimpleData>
		<SimpleData name="Longitude">103.683</SimpleData>
	</SchemaData></ExtendedData>
      <Point><coordinates>103.683369220548,1.49996855030106,0</coordinates></Point>
  </Placemark>
  <Placemark id="interpolated_points_pg_hala_perling.12">
	<name>PG HALA ISKANDAR PUTERI</name>
	<ExtendedData><SchemaData schemaUrl="#interpolated_points_pg_hala_perling">
		<SimpleData name="fid">1</SimpleData>
		<SimpleData name="tessellate">1</SimpleData>
		<SimpleData name="extrude">0</SimpleData>
		<SimpleData name="visibility">-1</SimpleData>
		<SimpleData name="distance">1100</SimpleData>
		<SimpleData name="angle">45.8199738482728</SimpleData>
		<SimpleData name="KM">KM 1.1</SimpleData>
		<SimpleData name="Latitude">1.501</SimpleData>
		<SimpleData name="Longitude">103.684</SimpleData>
	</SchemaData></ExtendedData>
      <Point><coordinates>103.684004539822,1.50060819525732,0</coordinates></Point>
  </Placemark>
  <Placemark id="interpolated_points_pg_hala_perling.13">
	<name>PG HALA ISKANDAR PUTERI</name>
	<ExtendedData><SchemaData schemaUrl="#interpolated_points_pg_hala_perling">
		<SimpleData name="fid">1</SimpleData>
		<SimpleData name="tessellate">1</SimpleData>
		<SimpleData name="extrude">0</SimpleData>
		<SimpleData name="visibility">-1</SimpleData>
		<SimpleData name="distance">1200</SimpleData>
		<SimpleData name="angle">43.3689723692766</SimpleData>
		<SimpleData name="KM">KM 1.2</SimpleData>
		<SimpleData name="Latitude">1.501</SimpleData>
		<SimpleData name="Longitude">103.685</SimpleData>
	</SchemaData></ExtendedData>
      <Point><coordinates>103.684634998821,1.50125266540989,0</coordinates></Point>
  </Placemark>
  <Placemark id="interpolated_points_pg_hala_perling.14">
	<name>PG HALA ISKANDAR PUTERI</name>
	<ExtendedData><SchemaData schemaUrl="#interpolated_points_pg_hala_perling">
		<SimpleData name="fid">1</SimpleData>
		<SimpleData name="tessellate">1</SimpleData>
		<SimpleData name="extrude">0</SimpleData>
		<SimpleData name="visibility">-1</SimpleData>
		<SimpleData name="distance">1300</SimpleData>
		<SimpleData name="angle">63.6150904994634</SimpleData>
		<SimpleData name="KM">KM 1.3</SimpleData>
		<SimpleData name="Latitude">1.502</SimpleData>
		<SimpleData name="Longitude">103.685</SimpleData>
	</SchemaData></ExtendedData>
      <Point><coordinates>103.685334938068,1.50181246903488,0</coordinates></Point>
  </Placemark>
  <Placemark id="interpolated_points_pg_hala_perling.15">
	<name>PG HALA ISKANDAR PUTERI</name>
	<ExtendedData><SchemaData schemaUrl="#interpolated_points_pg_hala_perling">
		<SimpleData name="fid">1</SimpleData>
		<SimpleData name="tessellate">1</SimpleData>
		<SimpleData name="extrude">0</SimpleData>
		<SimpleData name="visibility">-1</SimpleData>
		<SimpleData name="distance">1400</SimpleData>
		<SimpleData name="angle">90.0344448789671</SimpleData>
		<SimpleData name="KM">KM 1.4</SimpleData>
		<SimpleData name="Latitude">1.502</SimpleData>
		<SimpleData name="Longitude">103.686</SimpleData>
	</SchemaData></ExtendedData>
      <Point><coordinates>103.686187124078,1.50207000000017,0</coordinates></Point>
  </Placemark>
  <Placemark id="interpolated_points_pg_hala_perling.16">
	<name>PG HALA ISKANDAR PUTERI</name>
	<ExtendedData><SchemaData schemaUrl="#interpolated_points_pg_hala_perling">
		<SimpleData name="fid">1</SimpleData>
		<SimpleData name="tessellate">1</SimpleData>
		<SimpleData name="extrude">0</SimpleData>
		<SimpleData name="visibility">-1</SimpleData>
		<SimpleData name="distance">1500</SimpleData>
		<SimpleData name="angle">100.920593436123</SimpleData>
		<SimpleData name="KM">KM 1.5</SimpleData>
		<SimpleData name="Latitude">1.502</SimpleData>
		<SimpleData name="Longitude">103.687</SimpleData>
	</SchemaData></ExtendedData>
      <Point><coordinates>103.687074477218,1.50196913344291,0</coordinates></Point>
  </Placemark>
  <Placemark id="interpolated_points_pg_hala_perling.17">
	<name>PG HALA ISKANDAR PUTERI</name>
	<ExtendedData><SchemaData schemaUrl="#interpolated_points_pg_hala_perling">
		<SimpleData name="fid">1</SimpleData>
		<SimpleData name="tessellate">1</SimpleData>
		<SimpleData name="extrude">0</SimpleData>
		<SimpleData name="visibility">-1</SimpleData>
		<SimpleData name="distance">1600</SimpleData>
		<SimpleData name="angle">100.920593436123</SimpleData>
		<SimpleData name="KM">KM 1.6</SimpleData>
		<SimpleData name="Latitude">1.502</SimpleData>
		<SimpleData name="Longitude">103.688</SimpleData>
	</SchemaData></ExtendedData>
      <Point><coordinates>103.6879570479,1.50179831332071,0</coordinates></Point>
  </Placemark>
  <Placemark id="interpolated_points_pg_hala_perling.18">
	<name>PG HALA ISKANDAR PUTERI</name>
	<ExtendedData><SchemaData schemaUrl="#interpolated_points_pg_hala_perling">
		<SimpleData name="fid">1</SimpleData>
		<SimpleData name="tessellate">1</SimpleData>
		<SimpleData name="extrude">0</SimpleData>
		<SimpleData name="visibility">-1</SimpleData>
		<SimpleData name="distance">1700</SimpleData>
		<SimpleData name="angle">81.955196199241</SimpleData>
		<SimpleData name="KM">KM 1.7</SimpleData>
		<SimpleData name="Latitude">1.502</SimpleData>
		<SimpleData name="Longitude">103.689</SimpleData>
	</SchemaData></ExtendedData>
      <Point><coordinates>103.688850653191,1.50178580759957,0</coordinates></Point>
  </Placemark>
  <Placemark id="interpolated_points_pg_hala_perling.19">
	<name>PG HALA ISKANDAR PUTERI</name>
	<ExtendedData><SchemaData schemaUrl="#interpolated_points_pg_hala_perling">
		<SimpleData name="fid">1</SimpleData>
		<SimpleData name="tessellate">1</SimpleData>
		<SimpleData name="extrude">0</SimpleData>
		<SimpleData name="visibility">-1</SimpleData>
		<SimpleData name="distance">1800</SimpleData>
		<SimpleData name="angle">62.759896610439</SimpleData>
		<SimpleData name="KM">KM 1.8</SimpleData>
		<SimpleData name="Latitude">1.502</SimpleData>
		<SimpleData name="Longitude">103.690</SimpleData>
	</SchemaData></ExtendedData>
      <Point><coordinates>103.689682144023,1.50211196157298,0</coordinates></Point>
  </Placemark>
  <Placemark id="interpolated_points_pg_hala_perling.20">
	<name>PG HALA ISKANDAR PUTERI</name>
	<ExtendedData><SchemaData schemaUrl="#interpolated_points_pg_hala_perling">
		<SimpleData name="fid">1</SimpleData>
		<SimpleData name="tessellate">1</SimpleData>
		<SimpleData name="extrude">0</SimpleData>
		<SimpleData name="visibility">-1</SimpleData>
		<SimpleData name="distance">1900</SimpleData>
		<SimpleData name="angle">62.5380725890514</SimpleData>
		<SimpleData name="KM">KM 1.9</SimpleData>
		<SimpleData name="Latitude">1.503</SimpleData>
		<SimpleData name="Longitude">103.690</SimpleData>
	</SchemaData></ExtendedData>
      <Point><coordinates>103.690480866227,1.50252664421619,0</coordinates></Point>
  </Placemark>
  <Placemark id="interpolated_points_pg_hala_perling.21">
	<name>PG HALA ISKANDAR PUTERI</name>
	<ExtendedData><SchemaData schemaUrl="#interpolated_points_pg_hala_perling">
		<SimpleData name="fid">1</SimpleData>
		<SimpleData name="tessellate">1</SimpleData>
		<SimpleData name="extrude">0</SimpleData>
		<SimpleData name="visibility">-1</SimpleData>
		<SimpleData name="distance">2000</SimpleData>
		<SimpleData name="angle">63.6149486069084</SimpleData>
		<SimpleData name="KM">KM 2.0</SimpleData>
		<SimpleData name="Latitude">1.503</SimpleData>
		<SimpleData name="Longitude">103.691</SimpleData>
	</SchemaData></ExtendedData>
      <Point><coordinates>103.691289992351,1.50291999617561,0</coordinates></Point>
  </Placemark>
  <Placemark id="interpolated_points_pg_hala_perling.22">
	<name>PG HALA ISKANDAR PUTERI</name>
	<ExtendedData><SchemaData schemaUrl="#interpolated_points_pg_hala_perling">
		<SimpleData name="fid">1</SimpleData>
		<SimpleData name="tessellate">1</SimpleData>
		<SimpleData name="extrude">0</SimpleData>
		<SimpleData name="visibility">-1</SimpleData>
		<SimpleData name="distance">2100</SimpleData>
		<SimpleData name="angle">65.0594167451066</SimpleData>
		<SimpleData name="KM">KM 2.1</SimpleData>
		<SimpleData name="Latitude">1.503</SimpleData>
		<SimpleData name="Longitude">103.692</SimpleData>
	</SchemaData></ExtendedData>
      <Point><coordinates>103.692072697196,1.50336345181517,0</coordinates></Point>
  </Placemark>
  <Placemark id="interpolated_points_pg_hala_perling.23">
	<name>PG HALA ISKANDAR PUTERI</name>
	<ExtendedData><SchemaData schemaUrl="#interpolated_points_pg_hala_perling">
		<SimpleData name="fid">1</SimpleData>
		<SimpleData name="tessellate">1</SimpleData>
		<SimpleData name="extrude">0</SimpleData>
		<SimpleData name="visibility">-1</SimpleData>
		<SimpleData name="distance">2200</SimpleData>
		<SimpleData name="angle">65.0905111053965</SimpleData>
		<SimpleData name="KM">KM 2.2</SimpleData>
		<SimpleData name="Latitude">1.504</SimpleData>
		<SimpleData name="Longitude">103.693</SimpleData>
	</SchemaData></ExtendedData>
      <Point><coordinates>103.692882673264,1.50375529387152,0</coordinates></Point>
  </Placemark>
  <Placemark id="interpolated_points_pg_hala_perling.24">
	<name>PG HALA ISKANDAR PUTERI</name>
	<ExtendedData><SchemaData schemaUrl="#interpolated_points_pg_hala_perling">
		<SimpleData name="fid">1</SimpleData>
		<SimpleData name="tessellate">1</SimpleData>
		<SimpleData name="extrude">0</SimpleData>
		<SimpleData name="visibility">-1</SimpleData>
		<SimpleData name="distance">2300</SimpleData>
		<SimpleData name="angle">64.7676924477766</SimpleData>
		<SimpleData name="KM">KM 2.3</SimpleData>
		<SimpleData name="Latitude">1.504</SimpleData>
		<SimpleData name="Longitude">103.694</SimpleData>
	</SchemaData></ExtendedData>
      <Point><coordinates>103.693696591573,1.5041388809992,0</coordinates></Point>
  </Placemark>
  <Placemark id="interpolated_points_pg_hala_perling.25">
	<name>PG HALA ISKANDAR PUTERI</name>
	<ExtendedData><SchemaData schemaUrl="#interpolated_points_pg_hala_perling">
		<SimpleData name="fid">1</SimpleData>
		<SimpleData name="tessellate">1</SimpleData>
		<SimpleData name="extrude">0</SimpleData>
		<SimpleData name="visibility">-1</SimpleData>
		<SimpleData name="distance">2400</SimpleData>
		<SimpleData name="angle">63.4381669780868</SimpleData>
		<SimpleData name="KM">KM 2.4</SimpleData>
		<SimpleData name="Latitude">1.505</SimpleData>
		<SimpleData name="Longitude">103.694</SimpleData>
	</SchemaData></ExtendedData>
      <Point><coordinates>103.694499228473,1.5045455802956,0</coordinates></Point>
  </Placemark>
  <Placemark id="interpolated_points_pg_hala_perling.26">
	<name>PG HALA ISKANDAR PUTERI</name>
	<ExtendedData><SchemaData schemaUrl="#interpolated_points_pg_hala_perling">
		<SimpleData name="fid">1</SimpleData>
		<SimpleData name="tessellate">1</SimpleData>
		<SimpleData name="extrude">0</SimpleData>
		<SimpleData name="visibility">-1</SimpleData>
		<SimpleData name="distance">2500</SimpleData>
		<SimpleData name="angle">63.4381669780868</SimpleData>
		<SimpleData name="KM">KM 2.5</SimpleData>
		<SimpleData name="Latitude">1.505</SimpleData>
		<SimpleData name="Longitude">103.695</SimpleData>
	</SchemaData></ExtendedData>
      <Point><coordinates>103.695302875186,1.50495051856013,0</coordinates></Point>
  </Placemark>
  <Placemark id="interpolated_points_pg_hala_perling.27">
	<name>PG HALA ISKANDAR PUTERI</name>
	<ExtendedData><SchemaData schemaUrl="#interpolated_points_pg_hala_perling">
		<SimpleData name="fid">1</SimpleData>
		<SimpleData name="tessellate">1</SimpleData>
		<SimpleData name="extrude">0</SimpleData>
		<SimpleData name="visibility">-1</SimpleData>
		<SimpleData name="distance">2600</SimpleData>
		<SimpleData name="angle">62.8329813644303</SimpleData>
		<SimpleData name="KM">KM 2.6</SimpleData>
		<SimpleData name="Latitude">1.505</SimpleData>
		<SimpleData name="Longitude">103.696</SimpleData>
	</SchemaData></ExtendedData>
      <Point><coordinates>103.696103494849,1.5053614628549,0</coordinates></Point>
  </Placemark>
  <Placemark id="interpolated_points_pg_hala_perling.28">
	<name>PG HALA ISKANDAR PUTERI</name>
	<ExtendedData><SchemaData schemaUrl="#interpolated_points_pg_hala_perling">
		<SimpleData name="fid">1</SimpleData>
		<SimpleData name="tessellate">1</SimpleData>
		<SimpleData name="extrude">0</SimpleData>
		<SimpleData name="visibility">-1</SimpleData>
		<SimpleData name="distance">2700</SimpleData>
		<SimpleData name="angle">65.8962306929715</SimpleData>
		<SimpleData name="KM">KM 2.7</SimpleData>
		<SimpleData name="Latitude">1.506</SimpleData>
		<SimpleData name="Longitude">103.697</SimpleData>
	</SchemaData></ExtendedData>
      <Point><coordinates>103.696914117563,1.50575166087514,0</coordinates></Point>
  </Placemark>
  <Placemark id="interpolated_points_pg_hala_perling.29">
	<name>PG HALA ISKANDAR PUTERI</name>
	<ExtendedData><SchemaData schemaUrl="#interpolated_points_pg_hala_perling">
		<SimpleData name="fid">1</SimpleData>
		<SimpleData name="tessellate">1</SimpleData>
		<SimpleData name="extrude">0</SimpleData>
		<SimpleData name="visibility">-1</SimpleData>
		<SimpleData name="distance">2800</SimpleData>
		<SimpleData name="angle">72.2128746446544</SimpleData>
		<SimpleData name="KM">KM 2.8</SimpleData>
		<SimpleData name="Latitude">1.506</SimpleData>
		<SimpleData name="Longitude">103.698</SimpleData>
	</SchemaData></ExtendedData>
      <Point><coordinates>103.697746472316,1.50609062340223,0</coordinates></Point>
  </Placemark>
  <Placemark id="interpolated_points_pg_hala_perling.30">
	<name>PG HALA ISKANDAR PUTERI</name>
	<ExtendedData><SchemaData schemaUrl="#interpolated_points_pg_hala_perling">
		<SimpleData name="fid">1</SimpleData>
		<SimpleData name="tessellate">1</SimpleData>
		<SimpleData name="extrude">0</SimpleData>
		<SimpleData name="visibility">-1</SimpleData>
		<SimpleData name="distance">2900</SimpleData>
		<SimpleData name="angle">76.7236797446452</SimpleData>
		<SimpleData name="KM">KM 2.9</SimpleData>
		<SimpleData name="Latitude">1.506</SimpleData>
		<SimpleData name="Longitude">103.699</SimpleData>
	</SchemaData></ExtendedData>
      <Point><coordinates>103.698612457153,1.50633106122833,0</coordinates></Point>
  </Placemark>
  <Placemark id="interpolated_points_pg_hala_perling.31">
	<name>PG HALA ISKANDAR PUTERI</name>
	<ExtendedData><SchemaData schemaUrl="#interpolated_points_pg_hala_perling">
		<SimpleData name="fid">1</SimpleData>
		<SimpleData name="tessellate">1</SimpleData>
		<SimpleData name="extrude">0</SimpleData>
		<SimpleData name="visibility">-1</SimpleData>
		<SimpleData name="distance">3000</SimpleData>
		<SimpleData name="angle">83.234444367813</SimpleData>
		<SimpleData name="KM">KM 3.0</SimpleData>
		<SimpleData name="Latitude">1.506</SimpleData>
		<SimpleData name="Longitude">103.699</SimpleData>
	</SchemaData></ExtendedData>
      <Point><coordinates>103.699497915504,1.50647974986063,0</coordinates></Point>
  </Placemark>
  <Placemark id="interpolated_points_pg_hala_perling.32">
	<name>PG HALA ISKANDAR PUTERI</name>
	<ExtendedData><SchemaData schemaUrl="#interpolated_points_pg_hala_perling">
		<SimpleData name="fid">1</SimpleData>
		<SimpleData name="tessellate">1</SimpleData>
		<SimpleData name="extrude">0</SimpleData>
		<SimpleData name="visibility">-1</SimpleData>
		<SimpleData name="distance">3100</SimpleData>
		<SimpleData name="angle">92.7432102845715</SimpleData>
		<SimpleData name="KM">KM 3.1</SimpleData>
		<SimpleData name="Latitude">1.507</SimpleData>
		<SimpleData name="Longitude">103.700</SimpleData>
	</SchemaData></ExtendedData>
      <Point><coordinates>103.700394529547,1.50652168907069,0</coordinates></Point>
  </Placemark>
  <Placemark id="interpolated_points_pg_hala_perling.33">
	<name>PG HALA ISKANDAR PUTERI</name>
	<ExtendedData><SchemaData schemaUrl="#interpolated_points_pg_hala_perling">
		<SimpleData name="fid">1</SimpleData>
		<SimpleData name="tessellate">1</SimpleData>
		<SimpleData name="extrude">0</SimpleData>
		<SimpleData name="visibility">-1</SimpleData>
		<SimpleData name="distance">3200</SimpleData>
		<SimpleData name="angle">91.4936175398325</SimpleData>
		<SimpleData name="KM">KM 3.2</SimpleData>
		<SimpleData name="Latitude">1.507</SimpleData>
		<SimpleData name="Longitude">103.701</SimpleData>
	</SchemaData></ExtendedData>
      <Point><coordinates>103.701293139739,1.5065096630872,0</coordinates></Point>
  </Placemark>
  <Placemark id="interpolated_points_pg_hala_perling.34">
	<name>PG HALA ISKANDAR PUTERI</name>
	<ExtendedData><SchemaData schemaUrl="#interpolated_points_pg_hala_perling">
		<SimpleData name="fid">1</SimpleData>
		<SimpleData name="tessellate">1</SimpleData>
		<SimpleData name="extrude">0</SimpleData>
		<SimpleData name="visibility">-1</SimpleData>
		<SimpleData name="distance">3300</SimpleData>
		<SimpleData name="angle">91.4936175398325</SimpleData>
		<SimpleData name="KM">KM 3.3</SimpleData>
		<SimpleData name="Latitude">1.506</SimpleData>
		<SimpleData name="Longitude">103.702</SimpleData>
	</SchemaData></ExtendedData>
      <Point><coordinates>103.702191599418,1.50648662571163,0</coordinates></Point>
  </Placemark>
  <Placemark id="interpolated_points_pg_hala_perling.35">
	<name>PG HALA ISKANDAR PUTERI</name>
	<ExtendedData><SchemaData schemaUrl="#interpolated_points_pg_hala_perling">
		<SimpleData name="fid">1</SimpleData>
		<SimpleData name="tessellate">1</SimpleData>
		<SimpleData name="extrude">0</SimpleData>
		<SimpleData name="visibility">-1</SimpleData>
		<SimpleData name="distance">3400</SimpleData>
		<SimpleData name="angle">89.6848131345814</SimpleData>
		<SimpleData name="KM">KM 3.4</SimpleData>
		<SimpleData name="Latitude">1.506</SimpleData>
		<SimpleData name="Longitude">103.703</SimpleData>
	</SchemaData></ExtendedData>
      <Point><coordinates>103.703090151218,1.50649122798735,0</coordinates></Point>
  </Placemark>
  <Placemark id="interpolated_points_pg_hala_perling.36">
	<name>PG HALA ISKANDAR PUTERI</name>
	<ExtendedData><SchemaData schemaUrl="#interpolated_points_pg_hala_perling">
		<SimpleData name="fid">1</SimpleData>
		<SimpleData name="tessellate">1</SimpleData>
		<SimpleData name="extrude">0</SimpleData>
		<SimpleData name="visibility">-1</SimpleData>
		<SimpleData name="distance">3500</SimpleData>
		<SimpleData name="angle">89.6848131345814</SimpleData>
		<SimpleData name="KM">KM 3.5</SimpleData>
		<SimpleData name="Latitude">1.506</SimpleData>
		<SimpleData name="Longitude">103.704</SimpleData>
	</SchemaData></ExtendedData>
      <Point><coordinates>103.703988886404,1.50649674176851,0</coordinates></Point>
  </Placemark>
  <Placemark id="interpolated_points_pg_hala_perling.37">
	<name>PG HALA ISKANDAR PUTERI</name>
	<ExtendedData><SchemaData schemaUrl="#interpolated_points_pg_hala_perling">
		<SimpleData name="fid">1</SimpleData>
		<SimpleData name="tessellate">1</SimpleData>
		<SimpleData name="extrude">0</SimpleData>
		<SimpleData name="visibility">-1</SimpleData>
		<SimpleData name="distance">3600</SimpleData>
		<SimpleData name="angle">86.3660282231917</SimpleData>
		<SimpleData name="KM">KM 3.6</SimpleData>
		<SimpleData name="Latitude">1.507</SimpleData>
		<SimpleData name="Longitude">103.705</SimpleData>
	</SchemaData></ExtendedData>
      <Point><coordinates>103.704887066132,1.50652045587998,0</coordinates></Point>
  </Placemark>
  <Placemark id="interpolated_points_pg_hala_perling.38">
	<name>PG HALA ISKANDAR PUTERI</name>
	<ExtendedData><SchemaData schemaUrl="#interpolated_points_pg_hala_perling">
		<SimpleData name="fid">1</SimpleData>
		<SimpleData name="tessellate">1</SimpleData>
		<SimpleData name="extrude">0</SimpleData>
		<SimpleData name="visibility">-1</SimpleData>
		<SimpleData name="distance">3700</SimpleData>
		<SimpleData name="angle">84.3594445117656</SimpleData>
		<SimpleData name="KM">KM 3.7</SimpleData>
		<SimpleData name="Latitude">1.507</SimpleData>
		<SimpleData name="Longitude">103.706</SimpleData>
	</SchemaData></ExtendedData>
      <Point><coordinates>103.705779274051,1.50662392740561,0</coordinates></Point>
  </Placemark>
  <Placemark id="interpolated_points_pg_hala_perling.39">
	<name>PG HALA ISKANDAR PUTERI</name>
	<ExtendedData><SchemaData schemaUrl="#interpolated_points_pg_hala_perling">
		<SimpleData name="fid">1</SimpleData>
		<SimpleData name="tessellate">1</SimpleData>
		<SimpleData name="extrude">0</SimpleData>
		<SimpleData name="visibility">-1</SimpleData>
		<SimpleData name="distance">3800</SimpleData>
		<SimpleData name="angle">76.0833553313457</SimpleData>
		<SimpleData name="KM">KM 3.8</SimpleData>
		<SimpleData name="Latitude">1.507</SimpleData>
		<SimpleData name="Longitude">103.707</SimpleData>
	</SchemaData></ExtendedData>
      <Point><coordinates>103.70666324064,1.50678581016155,0</coordinates></Point>
  </Placemark>
  <Placemark id="interpolated_points_pg_hala_perling.40">
	<name>PG HALA ISKANDAR PUTERI</name>
	<ExtendedData><SchemaData schemaUrl="#interpolated_points_pg_hala_perling">
		<SimpleData name="fid">1</SimpleData>
		<SimpleData name="tessellate">1</SimpleData>
		<SimpleData name="extrude">0</SimpleData>
		<SimpleData name="visibility">-1</SimpleData>
		<SimpleData name="distance">3900</SimpleData>
		<SimpleData name="angle">72.8556940850097</SimpleData>
		<SimpleData name="KM">KM 3.9</SimpleData>
		<SimpleData name="Latitude">1.507</SimpleData>
		<SimpleData name="Longitude">103.708</SimpleData>
	</SchemaData></ExtendedData>
      <Point><coordinates>103.707531267216,1.50701950536646,0</coordinates></Point>
  </Placemark>
  <Placemark id="interpolated_points_pg_hala_perling.41">
	<name>PG HALA ISKANDAR PUTERI</name>
	<ExtendedData><SchemaData schemaUrl="#interpolated_points_pg_hala_perling">
		<SimpleData name="fid">1</SimpleData>
		<SimpleData name="tessellate">1</SimpleData>
		<SimpleData name="extrude">0</SimpleData>
		<SimpleData name="visibility">-1</SimpleData>
		<SimpleData name="distance">4000</SimpleData>
		<SimpleData name="angle">67.2738437608128</SimpleData>
		<SimpleData name="KM">KM 4.0</SimpleData>
		<SimpleData name="Latitude">1.507</SimpleData>
		<SimpleData name="Longitude">103.708</SimpleData>
	</SchemaData></ExtendedData>
      <Point><coordinates>103.708378483308,1.50732002629384,0</coordinates></Point>
  </Placemark>
  <Placemark id="interpolated_points_pg_hala_perling.42">
	<name>PG HALA ISKANDAR PUTERI</name>
	<ExtendedData><SchemaData schemaUrl="#interpolated_points_pg_hala_perling">
		<SimpleData name="fid">1</SimpleData>
		<SimpleData name="tessellate">1</SimpleData>
		<SimpleData name="extrude">0</SimpleData>
		<SimpleData name="visibility">-1</SimpleData>
		<SimpleData name="distance">4100</SimpleData>
		<SimpleData name="angle">62.708562875264</SimpleData>
		<SimpleData name="KM">KM 4.1</SimpleData>
		<SimpleData name="Latitude">1.508</SimpleData>
		<SimpleData name="Longitude">103.709</SimpleData>
	</SchemaData></ExtendedData>
      <Point><coordinates>103.70919495093,1.50769697448492,0</coordinates></Point>
  </Placemark>
  <Placemark id="interpolated_points_pg_hala_perling.43">
	<name>PG HALA ISKANDAR PUTERI</name>
	<ExtendedData><SchemaData schemaUrl="#interpolated_points_pg_hala_perling">
		<SimpleData name="fid">1</SimpleData>
		<SimpleData name="tessellate">1</SimpleData>
		<SimpleData name="extrude">0</SimpleData>
		<SimpleData name="visibility">-1</SimpleData>
		<SimpleData name="distance">4200</SimpleData>
		<SimpleData name="angle">58.9769865414348</SimpleData>
		<SimpleData name="KM">KM 4.2</SimpleData>
		<SimpleData name="Latitude">1.508</SimpleData>
		<SimpleData name="Longitude">103.710</SimpleData>
	</SchemaData></ExtendedData>
      <Point><coordinates>103.709973062166,1.5081494316199,0</coordinates></Point>
  </Placemark>
  <Placemark id="interpolated_points_pg_hala_perling.44">
	<name>PG HALA ISKANDAR PUTERI</name>
	<ExtendedData><SchemaData schemaUrl="#interpolated_points_pg_hala_perling">
		<SimpleData name="fid">1</SimpleData>
		<SimpleData name="tessellate">1</SimpleData>
		<SimpleData name="extrude">0</SimpleData>
		<SimpleData name="visibility">-1</SimpleData>
		<SimpleData name="distance">4300</SimpleData>
		<SimpleData name="angle">57.8980399747635</SimpleData>
		<SimpleData name="KM">KM 4.3</SimpleData>
		<SimpleData name="Latitude">1.509</SimpleData>
		<SimpleData name="Longitude">103.711</SimpleData>
	</SchemaData></ExtendedData>
      <Point><coordinates>103.710731395389,1.50863479023303,0</coordinates></Point>
  </Placemark>
  <Placemark id="interpolated_points_pg_hala_perling.45">
	<name>PG HALA ISKANDAR PUTERI</name>
	<ExtendedData><SchemaData schemaUrl="#interpolated_points_pg_hala_perling">
		<SimpleData name="fid">1</SimpleData>
		<SimpleData name="tessellate">1</SimpleData>
		<SimpleData name="extrude">0</SimpleData>
		<SimpleData name="visibility">-1</SimpleData>
		<SimpleData name="distance">4400</SimpleData>
		<SimpleData name="angle">57.7988695835067</SimpleData>
		<SimpleData name="KM">KM 4.4</SimpleData>
		<SimpleData name="Latitude">1.509</SimpleData>
		<SimpleData name="Longitude">103.711</SimpleData>
	</SchemaData></ExtendedData>
      <Point><coordinates>103.711492423954,1.50911596136337,0</coordinates></Point>
  </Placemark>
  <Placemark id="interpolated_points_pg_hala_perling.46">
	<name>PG HALA ISKANDAR PUTERI</name>
	<ExtendedData><SchemaData schemaUrl="#interpolated_points_pg_hala_perling">
		<SimpleData name="fid">1</SimpleData>
		<SimpleData name="tessellate">1</SimpleData>
		<SimpleData name="extrude">0</SimpleData>
		<SimpleData name="visibility">-1</SimpleData>
		<SimpleData name="distance">4500</SimpleData>
		<SimpleData name="angle">49.1869370219811</SimpleData>
		<SimpleData name="KM">KM 4.5</SimpleData>
		<SimpleData name="Latitude">1.510</SimpleData>
		<SimpleData name="Longitude">103.712</SimpleData>
	</SchemaData></ExtendedData>
      <Point><coordinates>103.712241366537,1.50961469556821,0</coordinates></Point>
  </Placemark>
  <Placemark id="interpolated_points_pg_hala_perling.47">
	<name>PG HALA ISKANDAR PUTERI</name>
	<ExtendedData><SchemaData schemaUrl="#interpolated_points_pg_hala_perling">
		<SimpleData name="fid">1</SimpleData>
		<SimpleData name="tessellate">1</SimpleData>
		<SimpleData name="extrude">0</SimpleData>
		<SimpleData name="visibility">-1</SimpleData>
		<SimpleData name="distance">4600</SimpleData>
		<SimpleData name="angle">49.1869370219811</SimpleData>
		<SimpleData name="KM">KM 4.6</SimpleData>
		<SimpleData name="Latitude">1.510</SimpleData>
		<SimpleData name="Longitude">103.713</SimpleData>
	</SchemaData></ExtendedData>
      <Point><coordinates>103.712921238883,1.51020627280207,0</coordinates></Point>
  </Placemark>
  <Placemark id="interpolated_points_pg_hala_perling.48">
	<name>PG HALA ISKANDAR PUTERI</name>
	<ExtendedData><SchemaData schemaUrl="#interpolated_points_pg_hala_perling">
		<SimpleData name="fid">1</SimpleData>
		<SimpleData name="tessellate">1</SimpleData>
		<SimpleData name="extrude">0</SimpleData>
		<SimpleData name="visibility">-1</SimpleData>
		<SimpleData name="distance">4700</SimpleData>
		<SimpleData name="angle">53.6793224875288</SimpleData>
		<SimpleData name="KM">KM 4.7</SimpleData>
		<SimpleData name="Latitude">1.511</SimpleData>
		<SimpleData name="Longitude">103.714</SimpleData>
	</SchemaData></ExtendedData>
      <Point><coordinates>103.71363830397,1.51075133627475,0</coordinates></Point>
  </Placemark>
  <Placemark id="interpolated_points_pg_hala_perling.49">
	<name>PG HALA ISKANDAR PUTERI</name>
	<ExtendedData><SchemaData schemaUrl="#interpolated_points_pg_hala_perling">
		<SimpleData name="fid">1</SimpleData>
		<SimpleData name="tessellate">1</SimpleData>
		<SimpleData name="extrude">0</SimpleData>
		<SimpleData name="visibility">-1</SimpleData>
		<SimpleData name="distance">4800</SimpleData>
		<SimpleData name="angle">53.6632137631861</SimpleData>
		<SimpleData name="KM">KM 4.8</SimpleData>
		<SimpleData name="Latitude">1.511</SimpleData>
		<SimpleData name="Longitude">103.714</SimpleData>
	</SchemaData></ExtendedData>
      <Point><coordinates>103.714361927597,1.51128778165542,0</coordinates></Point>
  </Placemark>
  <Placemark id="interpolated_points_pg_hala_perling.50">
	<name>PG HALA ISKANDAR PUTERI</name>
	<ExtendedData><SchemaData schemaUrl="#interpolated_points_pg_hala_perling">
		<SimpleData name="fid">1</SimpleData>
		<SimpleData name="tessellate">1</SimpleData>
		<SimpleData name="extrude">0</SimpleData>
		<SimpleData name="visibility">-1</SimpleData>
		<SimpleData name="distance">4900</SimpleData>
		<SimpleData name="angle">55.8232961449426</SimpleData>
		<SimpleData name="KM">KM 4.9</SimpleData>
		<SimpleData name="Latitude">1.512</SimpleData>
		<SimpleData name="Longitude">103.715</SimpleData>
	</SchemaData></ExtendedData>
      <Point><coordinates>103.715085756579,1.5118239387125,0</coordinates></Point>
  </Placemark>
  <Placemark id="interpolated_points_pg_hala_perling.51">
	<name>PG HALA ISKANDAR PUTERI</name>
	<ExtendedData><SchemaData schemaUrl="#interpolated_points_pg_hala_perling">
		<SimpleData name="fid">1</SimpleData>
		<SimpleData name="tessellate">1</SimpleData>
		<SimpleData name="extrude">0</SimpleData>
		<SimpleData name="visibility">-1</SimpleData>
		<SimpleData name="distance">5000</SimpleData>
		<SimpleData name="angle">56.3622905780863</SimpleData>
		<SimpleData name="KM">KM 5.0</SimpleData>
		<SimpleData name="Latitude">1.512</SimpleData>
		<SimpleData name="Longitude">103.716</SimpleData>
	</SchemaData></ExtendedData>
      <Point><coordinates>103.715832559142,1.51232717037847,0</coordinates></Point>
  </Placemark>
  <Placemark id="interpolated_points_pg_hala_perling.52">
	<name>PG HALA ISKANDAR PUTERI</name>
	<ExtendedData><SchemaData schemaUrl="#interpolated_points_pg_hala_perling">
		<SimpleData name="fid">1</SimpleData>
		<SimpleData name="tessellate">1</SimpleData>
		<SimpleData name="extrude">0</SimpleData>
		<SimpleData name="visibility">-1</SimpleData>
		<SimpleData name="distance">5100</SimpleData>
		<SimpleData name="angle">60.2377553979444</SimpleData>
		<SimpleData name="KM">KM 5.1</SimpleData>
		<SimpleData name="Latitude">1.513</SimpleData>
		<SimpleData name="Longitude">103.717</SimpleData>
	</SchemaData></ExtendedData>
      <Point><coordinates>103.716589572932,1.51281433017183,0</coordinates></Point>
  </Placemark>
  <Placemark id="interpolated_points_pg_hala_perling.53">
	<name>PG HALA ISKANDAR PUTERI</name>
	<ExtendedData><SchemaData schemaUrl="#interpolated_points_pg_hala_perling">
		<SimpleData name="fid">1</SimpleData>
		<SimpleData name="tessellate">1</SimpleData>
		<SimpleData name="extrude">0</SimpleData>
		<SimpleData name="visibility">-1</SimpleData>
		<SimpleData name="distance">5200</SimpleData>
		<SimpleData name="angle">59.6634598667856</SimpleData>
		<SimpleData name="KM">KM 5.2</SimpleData>
		<SimpleData name="Latitude">1.513</SimpleData>
		<SimpleData name="Longitude">103.717</SimpleData>
	</SchemaData></ExtendedData>
      <Point><coordinates>103.717368070821,1.51326629818509,0</coordinates></Point>
  </Placemark>
  <Placemark id="interpolated_points_pg_hala_perling.54">
	<name>PG HALA ISKANDAR PUTERI</name>
	<ExtendedData><SchemaData schemaUrl="#interpolated_points_pg_hala_perling">
		<SimpleData name="fid">1</SimpleData>
		<SimpleData name="tessellate">1</SimpleData>
		<SimpleData name="extrude">0</SimpleData>
		<SimpleData name="visibility">-1</SimpleData>
		<SimpleData name="distance">5300</SimpleData>
		<SimpleData name="angle">61.4302440176008</SimpleData>
		<SimpleData name="KM">KM 5.3</SimpleData>
		<SimpleData name="Latitude">1.514</SimpleData>
		<SimpleData name="Longitude">103.718</SimpleData>
	</SchemaData></ExtendedData>
      <Point><coordinates>103.718145307053,1.51372035144115,0</coordinates></Point>
  </Placemark>
  <Placemark id="interpolated_points_pg_hala_perling.55">
	<name>PG HALA ISKANDAR PUTERI</name>
	<ExtendedData><SchemaData schemaUrl="#interpolated_points_pg_hala_perling">
		<SimpleData name="fid">1</SimpleData>
		<SimpleData name="tessellate">1</SimpleData>
		<SimpleData name="extrude">0</SimpleData>
		<SimpleData name="visibility">-1</SimpleData>
		<SimpleData name="distance">5400</SimpleData>
		<SimpleData name="angle">63.2844196011093</SimpleData>
		<SimpleData name="KM">KM 5.4</SimpleData>
		<SimpleData name="Latitude">1.514</SimpleData>
		<SimpleData name="Longitude">103.719</SimpleData>
	</SchemaData></ExtendedData>
      <Point><coordinates>103.71893479342,1.51415257637601,0</coordinates></Point>
  </Placemark>
  <Placemark id="interpolated_points_pg_hala_perling.56">
	<name>PG HALA ISKANDAR PUTERI</name>
	<ExtendedData><SchemaData schemaUrl="#interpolated_points_pg_hala_perling">
		<SimpleData name="fid">1</SimpleData>
		<SimpleData name="tessellate">1</SimpleData>
		<SimpleData name="extrude">0</SimpleData>
		<SimpleData name="visibility">-1</SimpleData>
		<SimpleData name="distance">5500</SimpleData>
		<SimpleData name="angle">62.965729405713</SimpleData>
		<SimpleData name="KM">KM 5.5</SimpleData>
		<SimpleData name="Latitude">1.515</SimpleData>
		<SimpleData name="Longitude">103.720</SimpleData>
	</SchemaData></ExtendedData>
      <Point><coordinates>103.719736984595,1.5145604492268,0</coordinates></Point>
  </Placemark>
  <Placemark id="interpolated_points_pg_hala_perling.57">
	<name>PG HALA ISKANDAR PUTERI</name>
	<ExtendedData><SchemaData schemaUrl="#interpolated_points_pg_hala_perling">
		<SimpleData name="fid">1</SimpleData>
		<SimpleData name="tessellate">1</SimpleData>
		<SimpleData name="extrude">0</SimpleData>
		<SimpleData name="visibility">-1</SimpleData>
		<SimpleData name="distance">5600</SimpleData>
		<SimpleData name="angle">63.0005807861892</SimpleData>
		<SimpleData name="KM">KM 5.6</SimpleData>
		<SimpleData name="Latitude">1.515</SimpleData>
		<SimpleData name="Longitude">103.721</SimpleData>
	</SchemaData></ExtendedData>
      <Point><coordinates>103.720536489551,1.514970900064,0</coordinates></Point>
  </Placemark>
  <Placemark id="interpolated_points_pg_hala_perling.58">
	<name>PG HALA ISKANDAR PUTERI</name>
	<ExtendedData><SchemaData schemaUrl="#interpolated_points_pg_hala_perling">
		<SimpleData name="fid">1</SimpleData>
		<SimpleData name="tessellate">1</SimpleData>
		<SimpleData name="extrude">0</SimpleData>
		<SimpleData name="visibility">-1</SimpleData>
		<SimpleData name="distance">5700</SimpleData>
		<SimpleData name="angle">61.4474536424535</SimpleData>
		<SimpleData name="KM">KM 5.7</SimpleData>
		<SimpleData name="Latitude">1.515</SimpleData>
		<SimpleData name="Longitude">103.721</SimpleData>
	</SchemaData></ExtendedData>
      <Point><coordinates>103.721333405644,1.51538896438884,0</coordinates></Point>
  </Placemark>
  <Placemark id="interpolated_points_pg_hala_perling.59">
	<name>PG HALA ISKANDAR PUTERI</name>
	<ExtendedData><SchemaData schemaUrl="#interpolated_points_pg_hala_perling">
		<SimpleData name="fid">1</SimpleData>
		<SimpleData name="tessellate">1</SimpleData>
		<SimpleData name="extrude">0</SimpleData>
		<SimpleData name="visibility">-1</SimpleData>
		<SimpleData name="distance">5800</SimpleData>
		<SimpleData name="angle">62.8324174415351</SimpleData>
		<SimpleData name="KM">KM 5.8</SimpleData>
		<SimpleData name="Latitude">1.516</SimpleData>
		<SimpleData name="Longitude">103.722</SimpleData>
	</SchemaData></ExtendedData>
      <Point><coordinates>103.722132040501,1.51580381407379,0</coordinates></Point>
  </Placemark>
  <Placemark id="interpolated_points_pg_hala_perling.60">
	<name>PG HALA ISKANDAR PUTERI</name>
	<ExtendedData><SchemaData schemaUrl="#interpolated_points_pg_hala_perling">
		<SimpleData name="fid">1</SimpleData>
		<SimpleData name="tessellate">1</SimpleData>
		<SimpleData name="extrude">0</SimpleData>
		<SimpleData name="visibility">-1</SimpleData>
		<SimpleData name="distance">5900</SimpleData>
		<SimpleData name="angle">59.7939162869483</SimpleData>
		<SimpleData name="KM">KM 5.9</SimpleData>
		<SimpleData name="Latitude">1.516</SimpleData>
		<SimpleData name="Longitude">103.723</SimpleData>
	</SchemaData></ExtendedData>
      <Point><coordinates>103.722908883067,1.51625814476582,0</coordinates></Point>
  </Placemark>
  <Placemark id="interpolated_points_pg_hala_perling.61">
	<name>PG HALA ISKANDAR PUTERI</name>
	<ExtendedData><SchemaData schemaUrl="#interpolated_points_pg_hala_perling">
		<SimpleData name="fid">1</SimpleData>
		<SimpleData name="tessellate">1</SimpleData>
		<SimpleData name="extrude">0</SimpleData>
		<SimpleData name="visibility">-1</SimpleData>
		<SimpleData name="distance">6000</SimpleData>
		<SimpleData name="angle">61.5762938822039</SimpleData>
		<SimpleData name="KM">KM 6.0</SimpleData>
		<SimpleData name="Latitude">1.517</SimpleData>
		<SimpleData name="Longitude">103.724</SimpleData>
	</SchemaData></ExtendedData>
      <Point><coordinates>103.723686441216,1.51671169521108,0</coordinates></Point>
  </Placemark>
  <Placemark id="interpolated_points_pg_hala_perling.62">
	<name>PG HALA ISKANDAR PUTERI</name>
	<ExtendedData><SchemaData schemaUrl="#interpolated_points_pg_hala_perling">
		<SimpleData name="fid">1</SimpleData>
		<SimpleData name="tessellate">1</SimpleData>
		<SimpleData name="extrude">0</SimpleData>
		<SimpleData name="visibility">-1</SimpleData>
		<SimpleData name="distance">6100</SimpleData>
		<SimpleData name="angle">56.907239469912</SimpleData>
		<SimpleData name="KM">KM 6.1</SimpleData>
		<SimpleData name="Latitude">1.517</SimpleData>
		<SimpleData name="Longitude">103.724</SimpleData>
	</SchemaData></ExtendedData>
      <Point><coordinates>103.724451354603,1.51718596423746,0</coordinates></Point>
  </Placemark>
  <Placemark id="interpolated_points_pg_hala_perling.63">
	<name>PG HALA ISKANDAR PUTERI</name>
	<ExtendedData><SchemaData schemaUrl="#interpolated_points_pg_hala_perling">
		<SimpleData name="fid">1</SimpleData>
		<SimpleData name="tessellate">1</SimpleData>
		<SimpleData name="extrude">0</SimpleData>
		<SimpleData name="visibility">-1</SimpleData>
		<SimpleData name="distance">6200</SimpleData>
		<SimpleData name="angle">54.2646912396601</SimpleData>
		<SimpleData name="KM">KM 6.2</SimpleData>
		<SimpleData name="Latitude">1.518</SimpleData>
		<SimpleData name="Longitude">103.725</SimpleData>
	</SchemaData></ExtendedData>
      <Point><coordinates>103.725196436983,1.51769141682288,0</coordinates></Point>
  </Placemark>
  <Placemark id="interpolated_points_pg_hala_perling.64">
	<name>PG HALA ISKANDAR PUTERI</name>
	<ExtendedData><SchemaData schemaUrl="#interpolated_points_pg_hala_perling">
		<SimpleData name="fid">1</SimpleData>
		<SimpleData name="tessellate">1</SimpleData>
		<SimpleData name="extrude">0</SimpleData>
		<SimpleData name="visibility">-1</SimpleData>
		<SimpleData name="distance">6300</SimpleData>
		<SimpleData name="angle">52.8932964543355</SimpleData>
		<SimpleData name="KM">KM 6.3</SimpleData>
		<SimpleData name="Latitude">1.518</SimpleData>
		<SimpleData name="Longitude">103.726</SimpleData>
	</SchemaData></ExtendedData>
      <Point><coordinates>103.725928155789,1.51821621665313,0</coordinates></Point>
  </Placemark>
  <Placemark id="interpolated_points_pg_hala_perling.65">
	<name>PG HALA ISKANDAR PUTERI</name>
	<ExtendedData><SchemaData schemaUrl="#interpolated_points_pg_hala_perling">
		<SimpleData name="fid">1</SimpleData>
		<SimpleData name="tessellate">1</SimpleData>
		<SimpleData name="extrude">0</SimpleData>
		<SimpleData name="visibility">-1</SimpleData>
		<SimpleData name="distance">6400</SimpleData>
		<SimpleData name="angle">52.8932964543355</SimpleData>
		<SimpleData name="KM">KM 6.4</SimpleData>
		<SimpleData name="Latitude">1.519</SimpleData>
		<SimpleData name="Longitude">103.727</SimpleData>
	</SchemaData></ExtendedData>
      <Point><coordinates>103.726644613172,1.51876232765999,0</coordinates></Point>
  </Placemark>
  <Placemark id="interpolated_points_pg_hala_perling.66">
	<name>PG HALA ISKANDAR PUTERI</name>
	<ExtendedData><SchemaData schemaUrl="#interpolated_points_pg_hala_perling">
		<SimpleData name="fid">1</SimpleData>
		<SimpleData name="tessellate">1</SimpleData>
		<SimpleData name="extrude">0</SimpleData>
		<SimpleData name="visibility">-1</SimpleData>
		<SimpleData name="distance">6500</SimpleData>
		<SimpleData name="angle">53.9535327082204</SimpleData>
		<SimpleData name="KM">KM 6.5</SimpleData>
		<SimpleData name="Latitude">1.519</SimpleData>
		<SimpleData name="Longitude">103.727</SimpleData>
	</SchemaData></ExtendedData>
      <Point><coordinates>103.727361224262,1.51930823112568,0</coordinates></Point>
  </Placemark>
  <Placemark id="interpolated_points_pg_hala_perling.67">
	<name>PG HALA ISKANDAR PUTERI</name>
	<ExtendedData><SchemaData schemaUrl="#interpolated_points_pg_hala_perling">
		<SimpleData name="fid">1</SimpleData>
		<SimpleData name="tessellate">1</SimpleData>
		<SimpleData name="extrude">0</SimpleData>
		<SimpleData name="visibility">-1</SimpleData>
		<SimpleData name="distance">6600</SimpleData>
		<SimpleData name="angle">52.51567138764</SimpleData>
		<SimpleData name="KM">KM 6.6</SimpleData>
		<SimpleData name="Latitude">1.520</SimpleData>
		<SimpleData name="Longitude">103.728</SimpleData>
	</SchemaData></ExtendedData>
      <Point><coordinates>103.728075348315,1.51985731471571,0</coordinates></Point>
  </Placemark>
  <Placemark id="interpolated_points_pg_hala_perling.68">
	<name>PG HALA ISKANDAR PUTERI</name>
	<ExtendedData><SchemaData schemaUrl="#interpolated_points_pg_hala_perling">
		<SimpleData name="fid">1</SimpleData>
		<SimpleData name="tessellate">1</SimpleData>
		<SimpleData name="extrude">0</SimpleData>
		<SimpleData name="visibility">-1</SimpleData>
		<SimpleData name="distance">6700</SimpleData>
		<SimpleData name="angle">52.51567138764</SimpleData>
		<SimpleData name="KM">KM 6.7</SimpleData>
		<SimpleData name="Latitude">1.520</SimpleData>
		<SimpleData name="Longitude">103.729</SimpleData>
	</SchemaData></ExtendedData>
      <Point><coordinates>103.728788215007,1.5204081661844,0</coordinates></Point>
  </Placemark>
  <Placemark id="interpolated_points_pg_hala_perling.69">
	<name>PG HALA ISKANDAR PUTERI</name>
	<ExtendedData><SchemaData schemaUrl="#interpolated_points_pg_hala_perling">
		<SimpleData name="fid">1</SimpleData>
		<SimpleData name="tessellate">1</SimpleData>
		<SimpleData name="extrude">0</SimpleData>
		<SimpleData name="visibility">-1</SimpleData>
		<SimpleData name="distance">6800</SimpleData>
		<SimpleData name="angle">55.3798716602963</SimpleData>
		<SimpleData name="KM">KM 6.8</SimpleData>
		<SimpleData name="Latitude">1.521</SimpleData>
		<SimpleData name="Longitude">103.730</SimpleData>
	</SchemaData></ExtendedData>
      <Point><coordinates>103.729510917774,1.52094542107326,0</coordinates></Point>
  </Placemark>
  <Placemark id="interpolated_points_pg_hala_perling.70">
	<name>PG HALA ISKANDAR PUTERI</name>
	<ExtendedData><SchemaData schemaUrl="#interpolated_points_pg_hala_perling">
		<SimpleData name="fid">1</SimpleData>
		<SimpleData name="tessellate">1</SimpleData>
		<SimpleData name="extrude">0</SimpleData>
		<SimpleData name="visibility">-1</SimpleData>
		<SimpleData name="distance">6900</SimpleData>
		<SimpleData name="angle">52.198868800857</SimpleData>
		<SimpleData name="KM">KM 6.9</SimpleData>
		<SimpleData name="Latitude">1.521</SimpleData>
		<SimpleData name="Longitude">103.730</SimpleData>
	</SchemaData></ExtendedData>
      <Point><coordinates>103.730227893033,1.52149042218942,0</coordinates></Point>
  </Placemark>
  <Placemark id="interpolated_points_pg_hala_perling.71">
	<name>PG HALA ISKANDAR PUTERI</name>
	<ExtendedData><SchemaData schemaUrl="#interpolated_points_pg_hala_perling">
		<SimpleData name="fid">1</SimpleData>
		<SimpleData name="tessellate">1</SimpleData>
		<SimpleData name="extrude">0</SimpleData>
		<SimpleData name="visibility">-1</SimpleData>
		<SimpleData name="distance">7000</SimpleData>
		<SimpleData name="angle">53.1935700193802</SimpleData>
		<SimpleData name="KM">KM 7.0</SimpleData>
		<SimpleData name="Latitude">1.522</SimpleData>
		<SimpleData name="Longitude">103.731</SimpleData>
	</SchemaData></ExtendedData>
      <Point><coordinates>103.730942759492,1.52203858859609,0</coordinates></Point>
  </Placemark>
  <Placemark id="interpolated_points_pg_hala_perling.72">
	<name>PG HALA ISKANDAR PUTERI</name>
	<ExtendedData><SchemaData schemaUrl="#interpolated_points_pg_hala_perling">
		<SimpleData name="fid">1</SimpleData>
		<SimpleData name="tessellate">1</SimpleData>
		<SimpleData name="extrude">0</SimpleData>
		<SimpleData name="visibility">-1</SimpleData>
		<SimpleData name="distance">7100</SimpleData>
		<SimpleData name="angle">53.1935700193802</SimpleData>
		<SimpleData name="KM">KM 7.1</SimpleData>
		<SimpleData name="Latitude">1.523</SimpleData>
		<SimpleData name="Longitude">103.732</SimpleData>
	</SchemaData></ExtendedData>
      <Point><coordinates>103.73166205404,1.52258091380717,0</coordinates></Point>
  </Placemark>
  <Placemark id="interpolated_points_pg_hala_perling.73">
	<name>PG HALA ISKANDAR PUTERI</name>
	<ExtendedData><SchemaData schemaUrl="#interpolated_points_pg_hala_perling">
		<SimpleData name="fid">1</SimpleData>
		<SimpleData name="tessellate">1</SimpleData>
		<SimpleData name="extrude">0</SimpleData>
		<SimpleData name="visibility">-1</SimpleData>
		<SimpleData name="distance">7200</SimpleData>
		<SimpleData name="angle">53.3385241676883</SimpleData>
		<SimpleData name="KM">KM 7.2</SimpleData>
		<SimpleData name="Latitude">1.523</SimpleData>
		<SimpleData name="Longitude">103.732</SimpleData>
	</SchemaData></ExtendedData>
      <Point><coordinates>103.7323812179,1.52312341342988,0</coordinates></Point>
  </Placemark>
  <Placemark id="interpolated_points_pg_hala_perling.74">
	<name>PG HALA ISKANDAR PUTERI</name>
	<ExtendedData><SchemaData schemaUrl="#interpolated_points_pg_hala_perling">
		<SimpleData name="fid">1</SimpleData>
		<SimpleData name="tessellate">1</SimpleData>
		<SimpleData name="extrude">0</SimpleData>
		<SimpleData name="visibility">-1</SimpleData>
		<SimpleData name="distance">7300</SimpleData>
		<SimpleData name="angle">55.5088451565169</SimpleData>
		<SimpleData name="KM">KM 7.3</SimpleData>
		<SimpleData name="Latitude">1.524</SimpleData>
		<SimpleData name="Longitude">103.733</SimpleData>
	</SchemaData></ExtendedData>
      <Point><coordinates>103.733109006876,1.52365392783994,0</coordinates></Point>
  </Placemark>
  <Placemark id="interpolated_points_pg_hala_perling.75">
	<name>PG HALA ISKANDAR PUTERI</name>
	<ExtendedData><SchemaData schemaUrl="#interpolated_points_pg_hala_perling">
		<SimpleData name="fid">1</SimpleData>
		<SimpleData name="tessellate">1</SimpleData>
		<SimpleData name="extrude">0</SimpleData>
		<SimpleData name="visibility">-1</SimpleData>
		<SimpleData name="distance">7400</SimpleData>
		<SimpleData name="angle">57.2303844300595</SimpleData>
		<SimpleData name="KM">KM 7.4</SimpleData>
		<SimpleData name="Latitude">1.524</SimpleData>
		<SimpleData name="Longitude">103.734</SimpleData>
	</SchemaData></ExtendedData>
      <Point><coordinates>103.73384813182,1.52416824766974,0</coordinates></Point>
  </Placemark>
  <Placemark id="interpolated_points_pg_hala_perling.76">
	<name>PG HALA ISKANDAR PUTERI</name>
	<ExtendedData><SchemaData schemaUrl="#interpolated_points_pg_hala_perling">
		<SimpleData name="fid">1</SimpleData>
		<SimpleData name="tessellate">1</SimpleData>
		<SimpleData name="extrude">0</SimpleData>
		<SimpleData name="visibility">-1</SimpleData>
		<SimpleData name="distance">7500</SimpleData>
		<SimpleData name="angle">59.5425311781505</SimpleData>
		<SimpleData name="KM">KM 7.5</SimpleData>
		<SimpleData name="Latitude">1.525</SimpleData>
		<SimpleData name="Longitude">103.735</SimpleData>
	</SchemaData></ExtendedData>
      <Point><coordinates>103.734612211503,1.52464427348784,0</coordinates></Point>
  </Placemark>
  <Placemark id="interpolated_points_pg_hala_perling.77">
	<name>PG HALA ISKANDAR PUTERI</name>
	<ExtendedData><SchemaData schemaUrl="#interpolated_points_pg_hala_perling">
		<SimpleData name="fid">1</SimpleData>
		<SimpleData name="tessellate">1</SimpleData>
		<SimpleData name="extrude">0</SimpleData>
		<SimpleData name="visibility">-1</SimpleData>
		<SimpleData name="distance">7600</SimpleData>
		<SimpleData name="angle">60.650877715706</SimpleData>
		<SimpleData name="KM">KM 7.6</SimpleData>
		<SimpleData name="Latitude">1.525</SimpleData>
		<SimpleData name="Longitude">103.735</SimpleData>
	</SchemaData></ExtendedData>
      <Point><coordinates>103.73539193505,1.52509409652996,0</coordinates></Point>
  </Placemark>
  <Placemark id="interpolated_points_pg_hala_perling.78">
	<name>PG HALA ISKANDAR PUTERI</name>
	<ExtendedData><SchemaData schemaUrl="#interpolated_points_pg_hala_perling">
		<SimpleData name="fid">1</SimpleData>
		<SimpleData name="tessellate">1</SimpleData>
		<SimpleData name="extrude">0</SimpleData>
		<SimpleData name="visibility">-1</SimpleData>
		<SimpleData name="distance">7700</SimpleData>
		<SimpleData name="angle">64.0464060933874</SimpleData>
		<SimpleData name="KM">KM 7.7</SimpleData>
		<SimpleData name="Latitude">1.526</SimpleData>
		<SimpleData name="Longitude">103.736</SimpleData>
	</SchemaData></ExtendedData>
      <Point><coordinates>103.736193327354,1.52550314173432,0</coordinates></Point>
  </Placemark>
  <Placemark id="interpolated_points_pg_hala_perling.79">
	<name>PG HALA ISKANDAR PUTERI</name>
	<ExtendedData><SchemaData schemaUrl="#interpolated_points_pg_hala_perling">
		<SimpleData name="fid">1</SimpleData>
		<SimpleData name="tessellate">1</SimpleData>
		<SimpleData name="extrude">0</SimpleData>
		<SimpleData name="visibility">-1</SimpleData>
		<SimpleData name="distance">7800</SimpleData>
		<SimpleData name="angle">67.2733199600503</SimpleData>
		<SimpleData name="KM">KM 7.8</SimpleData>
		<SimpleData name="Latitude">1.526</SimpleData>
		<SimpleData name="Longitude">103.737</SimpleData>
	</SchemaData></ExtendedData>
      <Point><coordinates>103.737000932394,1.52589883812406,0</coordinates></Point>
  </Placemark>
  <Placemark id="interpolated_points_pg_hala_perling.80">
	<name>PG HALA ISKANDAR PUTERI</name>
	<ExtendedData><SchemaData schemaUrl="#interpolated_points_pg_hala_perling">
		<SimpleData name="fid">1</SimpleData>
		<SimpleData name="tessellate">1</SimpleData>
		<SimpleData name="extrude">0</SimpleData>
		<SimpleData name="visibility">-1</SimpleData>
		<SimpleData name="distance">7900</SimpleData>
		<SimpleData name="angle">68.1486194303839</SimpleData>
		<SimpleData name="KM">KM 7.9</SimpleData>
		<SimpleData name="Latitude">1.526</SimpleData>
		<SimpleData name="Longitude">103.738</SimpleData>
	</SchemaData></ExtendedData>
      <Point><coordinates>103.737832233351,1.52624260497773,0</coordinates></Point>
  </Placemark>
  <Placemark id="interpolated_points_pg_hala_perling.81">
	<name>PG HALA ISKANDAR PUTERI</name>
	<ExtendedData><SchemaData schemaUrl="#interpolated_points_pg_hala_perling">
		<SimpleData name="fid">1</SimpleData>
		<SimpleData name="tessellate">1</SimpleData>
		<SimpleData name="extrude">0</SimpleData>
		<SimpleData name="visibility">-1</SimpleData>
		<SimpleData name="distance">8000</SimpleData>
		<SimpleData name="angle">69.1178506696705</SimpleData>
		<SimpleData name="KM">KM 8.0</SimpleData>
		<SimpleData name="Latitude">1.527</SimpleData>
		<SimpleData name="Longitude">103.739</SimpleData>
	</SchemaData></ExtendedData>
      <Point><coordinates>103.73867309028,1.52656195780338,0</coordinates></Point>
  </Placemark>
  <Placemark id="interpolated_points_pg_hala_perling.82">
	<name>PG HALA ISKANDAR PUTERI</name>
	<ExtendedData><SchemaData schemaUrl="#interpolated_points_pg_hala_perling">
		<SimpleData name="fid">1</SimpleData>
		<SimpleData name="tessellate">1</SimpleData>
		<SimpleData name="extrude">0</SimpleData>
		<SimpleData name="visibility">-1</SimpleData>
		<SimpleData name="distance">8100</SimpleData>
		<SimpleData name="angle">73.1442898119256</SimpleData>
		<SimpleData name="KM">KM 8.1</SimpleData>
		<SimpleData name="Latitude">1.527</SimpleData>
		<SimpleData name="Longitude">103.740</SimpleData>
	</SchemaData></ExtendedData>
      <Point><coordinates>103.739529202395,1.52683697851602,0</coordinates></Point>
  </Placemark>
  <Placemark id="interpolated_points_pg_hala_perling.83">
	<name>PG HALA ISKANDAR PUTERI</name>
	<ExtendedData><SchemaData schemaUrl="#interpolated_points_pg_hala_perling">
		<SimpleData name="fid">1</SimpleData>
		<SimpleData name="tessellate">1</SimpleData>
		<SimpleData name="extrude">0</SimpleData>
		<SimpleData name="visibility">-1</SimpleData>
		<SimpleData name="distance">8200</SimpleData>
		<SimpleData name="angle">76.8299275892637</SimpleData>
		<SimpleData name="KM">KM 8.2</SimpleData>
		<SimpleData name="Latitude">1.527</SimpleData>
		<SimpleData name="Longitude">103.740</SimpleData>
	</SchemaData></ExtendedData>
      <Point><coordinates>103.740398869401,1.52706459418548,0</coordinates></Point>
  </Placemark>
  <Placemark id="interpolated_points_pg_hala_perling.84">
	<name>PG HALA ISKANDAR PUTERI</name>
	<ExtendedData><SchemaData schemaUrl="#interpolated_points_pg_hala_perling">
		<SimpleData name="fid">1</SimpleData>
		<SimpleData name="tessellate">1</SimpleData>
		<SimpleData name="extrude">0</SimpleData>
		<SimpleData name="visibility">-1</SimpleData>
		<SimpleData name="distance">8300</SimpleData>
		<SimpleData name="angle">76.6670932098461</SimpleData>
		<SimpleData name="KM">KM 8.3</SimpleData>
		<SimpleData name="Latitude">1.527</SimpleData>
		<SimpleData name="Longitude">103.741</SimpleData>
	</SchemaData></ExtendedData>
      <Point><coordinates>103.74127365266,1.52727217781852,0</coordinates></Point>
  </Placemark>
  <Placemark id="interpolated_points_pg_hala_perling.85">
	<name>PG HALA ISKANDAR PUTERI</name>
	<ExtendedData><SchemaData schemaUrl="#interpolated_points_pg_hala_perling">
		<SimpleData name="fid">1</SimpleData>
		<SimpleData name="tessellate">1</SimpleData>
		<SimpleData name="extrude">0</SimpleData>
		<SimpleData name="visibility">-1</SimpleData>
		<SimpleData name="distance">8400</SimpleData>
		<SimpleData name="angle">80.3119234511447</SimpleData>
		<SimpleData name="KM">KM 8.4</SimpleData>
		<SimpleData name="Latitude">1.527</SimpleData>
		<SimpleData name="Longitude">103.742</SimpleData>
	</SchemaData></ExtendedData>
      <Point><coordinates>103.742159066353,1.52742225283197,0</coordinates></Point>
  </Placemark>
  <Placemark id="interpolated_points_pg_hala_perling.86">
	<name>PG HALA ISKANDAR PUTERI</name>
	<ExtendedData><SchemaData schemaUrl="#interpolated_points_pg_hala_perling">
		<SimpleData name="fid">1</SimpleData>
		<SimpleData name="tessellate">1</SimpleData>
		<SimpleData name="extrude">0</SimpleData>
		<SimpleData name="visibility">-1</SimpleData>
		<SimpleData name="distance">8500</SimpleData>
		<SimpleData name="angle">82.7735501163313</SimpleData>
		<SimpleData name="KM">KM 8.5</SimpleData>
		<SimpleData name="Latitude">1.528</SimpleData>
		<SimpleData name="Longitude">103.743</SimpleData>
	</SchemaData></ExtendedData>
      <Point><coordinates>103.7430442919,1.5275772169177,0</coordinates></Point>
  </Placemark>
  <Placemark id="interpolated_points_pg_hala_perling.87">
	<name>PG HALA ISKANDAR PUTERI</name>
	<ExtendedData><SchemaData schemaUrl="#interpolated_points_pg_hala_perling">
		<SimpleData name="fid">1</SimpleData>
		<SimpleData name="tessellate">1</SimpleData>
		<SimpleData name="extrude">0</SimpleData>
		<SimpleData name="visibility">-1</SimpleData>
		<SimpleData name="distance">8600</SimpleData>
		<SimpleData name="angle">86.4797552851318</SimpleData>
		<SimpleData name="KM">KM 8.6</SimpleData>
		<SimpleData name="Latitude">1.528</SimpleData>
		<SimpleData name="Longitude">103.744</SimpleData>
	</SchemaData></ExtendedData>
      <Point><coordinates>103.743936990457,1.5276816869063,0</coordinates></Point>
  </Placemark>
  <Placemark id="interpolated_points_pg_hala_perling.88">
	<name>PG HALA ISKANDAR PUTERI</name>
	<ExtendedData><SchemaData schemaUrl="#interpolated_points_pg_hala_perling">
		<SimpleData name="fid">1</SimpleData>
		<SimpleData name="tessellate">1</SimpleData>
		<SimpleData name="extrude">0</SimpleData>
		<SimpleData name="visibility">-1</SimpleData>
		<SimpleData name="distance">8700</SimpleData>
		<SimpleData name="angle">86.9589752507299</SimpleData>
		<SimpleData name="KM">KM 8.7</SimpleData>
		<SimpleData name="Latitude">1.528</SimpleData>
		<SimpleData name="Longitude">103.745</SimpleData>
	</SchemaData></ExtendedData>
      <Point><coordinates>103.74483414449,1.52773265648559,0</coordinates></Point>
  </Placemark>
  <Placemark id="interpolated_points_pg_hala_perling.89">
	<name>PG HALA ISKANDAR PUTERI</name>
	<ExtendedData><SchemaData schemaUrl="#interpolated_points_pg_hala_perling">
		<SimpleData name="fid">1</SimpleData>
		<SimpleData name="tessellate">1</SimpleData>
		<SimpleData name="extrude">0</SimpleData>
		<SimpleData name="visibility">-1</SimpleData>
		<SimpleData name="distance">8800</SimpleData>
		<SimpleData name="angle">88.1150811645798</SimpleData>
		<SimpleData name="KM">KM 8.8</SimpleData>
		<SimpleData name="Latitude">1.528</SimpleData>
		<SimpleData name="Longitude">103.746</SimpleData>
	</SchemaData></ExtendedData>
      <Point><coordinates>103.745731970861,1.5277732125455,0</coordinates></Point>
  </Placemark>
  <Placemark id="interpolated_points_pg_hala_perling.90">
	<name>PG HALA ISKANDAR PUTERI</name>
	<ExtendedData><SchemaData schemaUrl="#interpolated_points_pg_hala_perling">
		<SimpleData name="fid">1</SimpleData>
		<SimpleData name="tessellate">1</SimpleData>
		<SimpleData name="extrude">0</SimpleData>
		<SimpleData name="visibility">-1</SimpleData>
		<SimpleData name="distance">8900</SimpleData>
		<SimpleData name="angle">87.5047269816829</SimpleData>
		<SimpleData name="KM">KM 8.9</SimpleData>
		<SimpleData name="Latitude">1.528</SimpleData>
		<SimpleData name="Longitude">103.747</SimpleData>
	</SchemaData></ExtendedData>
      <Point><coordinates>103.74663007728,1.52780778121696,0</coordinates></Point>
  </Placemark>
  <Placemark id="interpolated_points_pg_hala_perling.91">
	<name>PG HALA ISKANDAR PUTERI</name>
	<ExtendedData><SchemaData schemaUrl="#interpolated_points_pg_hala_perling">
		<SimpleData name="fid">1</SimpleData>
		<SimpleData name="tessellate">1</SimpleData>
		<SimpleData name="extrude">0</SimpleData>
		<SimpleData name="visibility">-1</SimpleData>
		<SimpleData name="distance">9000</SimpleData>
		<SimpleData name="angle">87.5232706194813</SimpleData>
		<SimpleData name="KM">KM 9.0</SimpleData>
		<SimpleData name="Latitude">1.528</SimpleData>
		<SimpleData name="Longitude">103.748</SimpleData>
	</SchemaData></ExtendedData>
      <Point><coordinates>103.747527964207,1.52784799844605,0</coordinates></Point>
  </Placemark>
  <Placemark id="interpolated_points_pg_hala_perling.92">
	<name>PG HALA ISKANDAR PUTERI</name>
	<ExtendedData><SchemaData schemaUrl="#interpolated_points_pg_hala_perling">
		<SimpleData name="fid">1</SimpleData>
		<SimpleData name="tessellate">1</SimpleData>
		<SimpleData name="extrude">0</SimpleData>
		<SimpleData name="visibility">-1</SimpleData>
		<SimpleData name="distance">9100</SimpleData>
		<SimpleData name="angle">87.173208483643</SimpleData>
		<SimpleData name="KM">KM 9.1</SimpleData>
		<SimpleData name="Latitude">1.528</SimpleData>
		<SimpleData name="Longitude">103.748</SimpleData>
	</SchemaData></ExtendedData>
      <Point><coordinates>103.748425698829,1.52789145988218,0</coordinates></Point>
  </Placemark>
  <Placemark id="interpolated_points_pg_hala_perling.93">
	<name>PG HALA ISKANDAR PUTERI</name>
	<ExtendedData><SchemaData schemaUrl="#interpolated_points_pg_hala_perling">
		<SimpleData name="fid">1</SimpleData>
		<SimpleData name="tessellate">1</SimpleData>
		<SimpleData name="extrude">0</SimpleData>
		<SimpleData name="visibility">-1</SimpleData>
		<SimpleData name="distance">9200</SimpleData>
		<SimpleData name="angle">87.173208483643</SimpleData>
		<SimpleData name="KM">KM 9.2</SimpleData>
		<SimpleData name="Latitude">1.528</SimpleData>
		<SimpleData name="Longitude">103.749</SimpleData>
	</SchemaData></ExtendedData>
      <Point><coordinates>103.749323355859,1.52793659340308,0</coordinates></Point>
  </Placemark>
  <Placemark id="interpolated_points_pg_hala_perling.94">
	<name>PG HALA ISKANDAR PUTERI</name>
	<ExtendedData><SchemaData schemaUrl="#interpolated_points_pg_hala_perling">
		<SimpleData name="fid">1</SimpleData>
		<SimpleData name="tessellate">1</SimpleData>
		<SimpleData name="extrude">0</SimpleData>
		<SimpleData name="visibility">-1</SimpleData>
		<SimpleData name="distance">9300</SimpleData>
		<SimpleData name="angle">87.8613659898615</SimpleData>
		<SimpleData name="KM">KM 9.3</SimpleData>
		<SimpleData name="Latitude">1.528</SimpleData>
		<SimpleData name="Longitude">103.750</SimpleData>
	</SchemaData></ExtendedData>
      <Point><coordinates>103.750221346353,1.52797409728658,0</coordinates></Point>
  </Placemark>
  <Placemark id="interpolated_points_pg_hala_perling.95">
	<name>PG HALA ISKANDAR PUTERI</name>
	<ExtendedData><SchemaData schemaUrl="#interpolated_points_pg_hala_perling">
		<SimpleData name="fid">1</SimpleData>
		<SimpleData name="tessellate">1</SimpleData>
		<SimpleData name="extrude">0</SimpleData>
		<SimpleData name="visibility">-1</SimpleData>
		<SimpleData name="distance">9400</SimpleData>
		<SimpleData name="angle">87.4704718675906</SimpleData>
		<SimpleData name="KM">KM 9.4</SimpleData>
		<SimpleData name="Latitude">1.528</SimpleData>
		<SimpleData name="Longitude">103.751</SimpleData>
	</SchemaData></ExtendedData>
      <Point><coordinates>103.751119416053,1.52800988365027,0</coordinates></Point>
  </Placemark>
  <Placemark id="interpolated_points_pg_hala_perling.96">
	<name>PG HALA ISKANDAR PUTERI</name>
	<ExtendedData><SchemaData schemaUrl="#interpolated_points_pg_hala_perling">
		<SimpleData name="fid">1</SimpleData>
		<SimpleData name="tessellate">1</SimpleData>
		<SimpleData name="extrude">0</SimpleData>
		<SimpleData name="visibility">-1</SimpleData>
		<SimpleData name="distance">9500</SimpleData>
		<SimpleData name="angle">87.4857291884252</SimpleData>
		<SimpleData name="KM">KM 9.5</SimpleData>
		<SimpleData name="Latitude">1.528</SimpleData>
		<SimpleData name="Longitude">103.752</SimpleData>
	</SchemaData></ExtendedData>
      <Point><coordinates>103.752017294789,1.52805032663346,0</coordinates></Point>
  </Placemark>
  <Placemark id="interpolated_points_pg_hala_perling.97">
	<name>PG HALA ISKANDAR PUTERI</name>
	<ExtendedData><SchemaData schemaUrl="#interpolated_points_pg_hala_perling">
		<SimpleData name="fid">1</SimpleData>
		<SimpleData name="tessellate">1</SimpleData>
		<SimpleData name="extrude">0</SimpleData>
		<SimpleData name="visibility">-1</SimpleData>
		<SimpleData name="distance">9600</SimpleData>
		<SimpleData name="angle">86.7834532546231</SimpleData>
		<SimpleData name="KM">KM 9.6</SimpleData>
		<SimpleData name="Latitude">1.528</SimpleData>
		<SimpleData name="Longitude">103.753</SimpleData>
	</SchemaData></ExtendedData>
      <Point><coordinates>103.752915038532,1.52809343077932,0</coordinates></Point>
  </Placemark>
  <Placemark id="interpolated_points_pg_hala_perling.98">
	<name>PG HALA ISKANDAR PUTERI</name>
	<ExtendedData><SchemaData schemaUrl="#interpolated_points_pg_hala_perling">
		<SimpleData name="fid">1</SimpleData>
		<SimpleData name="tessellate">1</SimpleData>
		<SimpleData name="extrude">0</SimpleData>
		<SimpleData name="visibility">-1</SimpleData>
		<SimpleData name="distance">9700</SimpleData>
		<SimpleData name="angle">80.4046870515172</SimpleData>
		<SimpleData name="KM">KM 9.7</SimpleData>
		<SimpleData name="Latitude">1.528</SimpleData>
		<SimpleData name="Longitude">103.754</SimpleData>
	</SchemaData></ExtendedData>
      <Point><coordinates>103.753805453526,1.52820605304388,0</coordinates></Point>
  </Placemark>
  <Placemark id="interpolated_points_pg_hala_perling.99">
	<name>PG HALA ISKANDAR PUTERI</name>
	<ExtendedData><SchemaData schemaUrl="#interpolated_points_pg_hala_perling">
		<SimpleData name="fid">1</SimpleData>
		<SimpleData name="tessellate">1</SimpleData>
		<SimpleData name="extrude">0</SimpleData>
		<SimpleData name="visibility">-1</SimpleData>
		<SimpleData name="distance">9800</SimpleData>
		<SimpleData name="angle">76.4098582542669</SimpleData>
		<SimpleData name="KM">KM 9.8</SimpleData>
		<SimpleData name="Latitude">1.528</SimpleData>
		<SimpleData name="Longitude">103.755</SimpleData>
	</SchemaData></ExtendedData>
      <Point><coordinates>103.754687659927,1.52837674632582,0</coordinates></Point>
  </Placemark>
  <Placemark id="interpolated_points_pg_hala_perling.100">
	<name>PG HALA ISKANDAR PUTERI</name>
	<ExtendedData><SchemaData schemaUrl="#interpolated_points_pg_hala_perling">
		<SimpleData name="fid">1</SimpleData>
		<SimpleData name="tessellate">1</SimpleData>
		<SimpleData name="extrude">0</SimpleData>
		<SimpleData name="visibility">-1</SimpleData>
		<SimpleData name="distance">9900</SimpleData>
		<SimpleData name="angle">71.7072286807941</SimpleData>
		<SimpleData name="KM">KM 9.9</SimpleData>
		<SimpleData name="Latitude">1.529</SimpleData>
		<SimpleData name="Longitude">103.756</SimpleData>
	</SchemaData></ExtendedData>
      <Point><coordinates>103.75555701873,1.5286056729108,0</coordinates></Point>
  </Placemark>
  <Placemark id="interpolated_points_pg_hala_perling.101">
	<name>PG HALA ISKANDAR PUTERI</name>
	<ExtendedData><SchemaData schemaUrl="#interpolated_points_pg_hala_perling">
		<SimpleData name="fid">1</SimpleData>
		<SimpleData name="tessellate">1</SimpleData>
		<SimpleData name="extrude">0</SimpleData>
		<SimpleData name="visibility">-1</SimpleData>
		<SimpleData name="distance">10000</SimpleData>
		<SimpleData name="angle">67.3294886465627</SimpleData>
		<SimpleData name="KM">KM 10.0</SimpleData>
		<SimpleData name="Latitude">1.529</SimpleData>
		<SimpleData name="Longitude">103.756</SimpleData>
	</SchemaData></ExtendedData>
      <Point><coordinates>103.756398175156,1.52892291585702,0</coordinates></Point>
  </Placemark>
  <Placemark id="interpolated_points_pg_hala_perling.102">
	<name>PG HALA ISKANDAR PUTERI</name>
	<ExtendedData><SchemaData schemaUrl="#interpolated_points_pg_hala_perling">
		<SimpleData name="fid">1</SimpleData>
		<SimpleData name="tessellate">1</SimpleData>
		<SimpleData name="extrude">0</SimpleData>
		<SimpleData name="visibility">-1</SimpleData>
		<SimpleData name="distance">10100</SimpleData>
		<SimpleData name="angle">63.613509180005</SimpleData>
		<SimpleData name="KM">KM 10.1</SimpleData>
		<SimpleData name="Latitude">1.529</SimpleData>
		<SimpleData name="Longitude">103.757</SimpleData>
	</SchemaData></ExtendedData>
      <Point><coordinates>103.757212178126,1.52930608906402,0</coordinates></Point>
  </Placemark>
  <Placemark id="interpolated_points_pg_hala_perling.103">
	<name>PG HALA ISKANDAR PUTERI</name>
	<ExtendedData><SchemaData schemaUrl="#interpolated_points_pg_hala_perling">
		<SimpleData name="fid">1</SimpleData>
		<SimpleData name="tessellate">1</SimpleData>
		<SimpleData name="extrude">0</SimpleData>
		<SimpleData name="visibility">-1</SimpleData>
		<SimpleData name="distance">10200</SimpleData>
		<SimpleData name="angle">57.0882247016702</SimpleData>
		<SimpleData name="KM">KM 10.2</SimpleData>
		<SimpleData name="Latitude">1.530</SimpleData>
		<SimpleData name="Longitude">103.758</SimpleData>
	</SchemaData></ExtendedData>
      <Point><coordinates>103.757998089741,1.52974353679858,0</coordinates></Point>
  </Placemark>
  <Placemark id="interpolated_points_pg_hala_perling.104">
	<name>PG HALA ISKANDAR PUTERI</name>
	<ExtendedData><SchemaData schemaUrl="#interpolated_points_pg_hala_perling">
		<SimpleData name="fid">1</SimpleData>
		<SimpleData name="tessellate">1</SimpleData>
		<SimpleData name="extrude">0</SimpleData>
		<SimpleData name="visibility">-1</SimpleData>
		<SimpleData name="distance">10300</SimpleData>
		<SimpleData name="angle">54.0482658880034</SimpleData>
		<SimpleData name="KM">KM 10.3</SimpleData>
		<SimpleData name="Latitude">1.530</SimpleData>
		<SimpleData name="Longitude">103.759</SimpleData>
	</SchemaData></ExtendedData>
      <Point><coordinates>103.758744284934,1.53024736207156,0</coordinates></Point>
  </Placemark>
  <Placemark id="interpolated_points_pg_hala_perling.105">
	<name>PG HALA ISKANDAR PUTERI</name>
	<ExtendedData><SchemaData schemaUrl="#interpolated_points_pg_hala_perling">
		<SimpleData name="fid">1</SimpleData>
		<SimpleData name="tessellate">1</SimpleData>
		<SimpleData name="extrude">0</SimpleData>
		<SimpleData name="visibility">-1</SimpleData>
		<SimpleData name="distance">10400</SimpleData>
		<SimpleData name="angle">50.6521537229573</SimpleData>
		<SimpleData name="KM">KM 10.4</SimpleData>
		<SimpleData name="Latitude">1.531</SimpleData>
		<SimpleData name="Longitude">103.759</SimpleData>
	</SchemaData></ExtendedData>
      <Point><coordinates>103.75945895097,1.53079565515176,0</coordinates></Point>
  </Placemark>
  <Placemark id="interpolated_points_pg_hala_perling.106">
	<name>PG HALA ISKANDAR PUTERI</name>
	<ExtendedData><SchemaData schemaUrl="#interpolated_points_pg_hala_perling">
		<SimpleData name="fid">1</SimpleData>
		<SimpleData name="tessellate">1</SimpleData>
		<SimpleData name="extrude">0</SimpleData>
		<SimpleData name="visibility">-1</SimpleData>
		<SimpleData name="distance">10500</SimpleData>
		<SimpleData name="angle">51.0376696533241</SimpleData>
		<SimpleData name="KM">KM 10.5</SimpleData>
		<SimpleData name="Latitude">1.531</SimpleData>
		<SimpleData name="Longitude">103.760</SimpleData>
	</SchemaData></ExtendedData>
      <Point><coordinates>103.760153141369,1.53136996704378,0</coordinates></Point>
  </Placemark>
  <Placemark id="interpolated_points_pg_hala_perling.107">
	<name>PG HALA ISKANDAR PUTERI</name>
	<ExtendedData><SchemaData schemaUrl="#interpolated_points_pg_hala_perling">
		<SimpleData name="fid">1</SimpleData>
		<SimpleData name="tessellate">1</SimpleData>
		<SimpleData name="extrude">0</SimpleData>
		<SimpleData name="visibility">-1</SimpleData>
		<SimpleData name="distance">10600</SimpleData>
		<SimpleData name="angle">51.2834385388837</SimpleData>
		<SimpleData name="KM">KM 10.6</SimpleData>
		<SimpleData name="Latitude">1.532</SimpleData>
		<SimpleData name="Longitude">103.761</SimpleData>
	</SchemaData></ExtendedData>
      <Point><coordinates>103.760855239352,1.53193423178431,0</coordinates></Point>
  </Placemark>
  <Placemark id="interpolated_points_pg_hala_perling.108">
	<name>PG HALA ISKANDAR PUTERI</name>
	<ExtendedData><SchemaData schemaUrl="#interpolated_points_pg_hala_perling">
		<SimpleData name="fid">1</SimpleData>
		<SimpleData name="tessellate">1</SimpleData>
		<SimpleData name="extrude">0</SimpleData>
		<SimpleData name="visibility">-1</SimpleData>
		<SimpleData name="distance">10700</SimpleData>
		<SimpleData name="angle">51.3994239128686</SimpleData>
		<SimpleData name="KM">KM 10.7</SimpleData>
		<SimpleData name="Latitude">1.532</SimpleData>
		<SimpleData name="Longitude">103.762</SimpleData>
	</SchemaData></ExtendedData>
      <Point><coordinates>103.761562537807,1.53249225867685,0</coordinates></Point>
  </Placemark>
  <Placemark id="interpolated_points_pg_hala_perling.109">
	<name>PG HALA ISKANDAR PUTERI</name>
	<ExtendedData><SchemaData schemaUrl="#interpolated_points_pg_hala_perling">
		<SimpleData name="fid">1</SimpleData>
		<SimpleData name="tessellate">1</SimpleData>
		<SimpleData name="extrude">0</SimpleData>
		<SimpleData name="visibility">-1</SimpleData>
		<SimpleData name="distance">10800</SimpleData>
		<SimpleData name="angle">54.49879173003</SimpleData>
		<SimpleData name="KM">KM 10.8</SimpleData>
		<SimpleData name="Latitude">1.533</SimpleData>
		<SimpleData name="Longitude">103.762</SimpleData>
	</SchemaData></ExtendedData>
      <Point><coordinates>103.762276926242,1.53304060323731,0</coordinates></Point>
  </Placemark>
  <Placemark id="interpolated_points_pg_hala_perling.110">
	<name>PG HALA ISKANDAR PUTERI</name>
	<ExtendedData><SchemaData schemaUrl="#interpolated_points_pg_hala_perling">
		<SimpleData name="fid">1</SimpleData>
		<SimpleData name="tessellate">1</SimpleData>
		<SimpleData name="extrude">0</SimpleData>
		<SimpleData name="visibility">-1</SimpleData>
		<SimpleData name="distance">10900</SimpleData>
		<SimpleData name="angle">57.2936906917925</SimpleData>
		<SimpleData name="KM">KM 10.9</SimpleData>
		<SimpleData name="Latitude">1.534</SimpleData>
		<SimpleData name="Longitude">103.763</SimpleData>
	</SchemaData></ExtendedData>
      <Point><coordinates>103.763014659666,1.53355595625566,0</coordinates></Point>
  </Placemark>
  <Placemark id="interpolated_points_pg_hala_perling.111">
	<name>PG HALA ISKANDAR PUTERI</name>
	<ExtendedData><SchemaData schemaUrl="#interpolated_points_pg_hala_perling">
		<SimpleData name="fid">1</SimpleData>
		<SimpleData name="tessellate">1</SimpleData>
		<SimpleData name="extrude">0</SimpleData>
		<SimpleData name="visibility">-1</SimpleData>
		<SimpleData name="distance">11000</SimpleData>
		<SimpleData name="angle">63.6133849375609</SimpleData>
		<SimpleData name="KM">KM 11.0</SimpleData>
		<SimpleData name="Latitude">1.534</SimpleData>
		<SimpleData name="Longitude">103.764</SimpleData>
	</SchemaData></ExtendedData>
      <Point><coordinates>103.763777654489,1.53403382724451,0</coordinates></Point>
  </Placemark>
  <Placemark id="interpolated_points_pg_hala_perling.112">
	<name>PG HALA ISKANDAR PUTERI</name>
	<ExtendedData><SchemaData schemaUrl="#interpolated_points_pg_hala_perling">
		<SimpleData name="fid">1</SimpleData>
		<SimpleData name="tessellate">1</SimpleData>
		<SimpleData name="extrude">0</SimpleData>
		<SimpleData name="visibility">-1</SimpleData>
		<SimpleData name="distance">11100</SimpleData>
		<SimpleData name="angle">65.9078730676766</SimpleData>
		<SimpleData name="KM">KM 11.1</SimpleData>
		<SimpleData name="Latitude">1.534</SimpleData>
		<SimpleData name="Longitude">103.765</SimpleData>
	</SchemaData></ExtendedData>
      <Point><coordinates>103.76458061459,1.53443943195246,0</coordinates></Point>
  </Placemark>
  <Placemark id="interpolated_points_pg_hala_perling.113">
	<name>PG HALA ISKANDAR PUTERI</name>
	<ExtendedData><SchemaData schemaUrl="#interpolated_points_pg_hala_perling">
		<SimpleData name="fid">1</SimpleData>
		<SimpleData name="tessellate">1</SimpleData>
		<SimpleData name="extrude">0</SimpleData>
		<SimpleData name="visibility">-1</SimpleData>
		<SimpleData name="distance">11200</SimpleData>
		<SimpleData name="angle">67.4817314391686</SimpleData>
		<SimpleData name="KM">KM 11.2</SimpleData>
		<SimpleData name="Latitude">1.535</SimpleData>
		<SimpleData name="Longitude">103.765</SimpleData>
	</SchemaData></ExtendedData>
      <Point><coordinates>103.765404839993,1.53479993315655,0</coordinates></Point>
  </Placemark>
  <Placemark id="interpolated_points_pg_hala_perling.114">
	<name>PG HALA ISKANDAR PUTERI</name>
	<ExtendedData><SchemaData schemaUrl="#interpolated_points_pg_hala_perling">
		<SimpleData name="fid">1</SimpleData>
		<SimpleData name="tessellate">1</SimpleData>
		<SimpleData name="extrude">0</SimpleData>
		<SimpleData name="visibility">-1</SimpleData>
		<SimpleData name="distance">11300</SimpleData>
		<SimpleData name="angle">70.2938393863148</SimpleData>
		<SimpleData name="KM">KM 11.3</SimpleData>
		<SimpleData name="Latitude">1.535</SimpleData>
		<SimpleData name="Longitude">103.766</SimpleData>
	</SchemaData></ExtendedData>
      <Point><coordinates>103.766241970399,1.53512876709189,0</coordinates></Point>
  </Placemark>
  <Placemark id="interpolated_points_pg_hala_perling.115">
	<name>PG HALA ISKANDAR PUTERI</name>
	<ExtendedData><SchemaData schemaUrl="#interpolated_points_pg_hala_perling">
		<SimpleData name="fid">1</SimpleData>
		<SimpleData name="tessellate">1</SimpleData>
		<SimpleData name="extrude">0</SimpleData>
		<SimpleData name="visibility">-1</SimpleData>
		<SimpleData name="distance">11400</SimpleData>
		<SimpleData name="angle">72.4537239597287</SimpleData>
		<SimpleData name="KM">KM 11.4</SimpleData>
		<SimpleData name="Latitude">1.535</SimpleData>
		<SimpleData name="Longitude">103.767</SimpleData>
	</SchemaData></ExtendedData>
      <Point><coordinates>103.76709761878,1.53540402340487,0</coordinates></Point>
  </Placemark>
  <Placemark id="interpolated_points_pg_hala_perling.116">
	<name>PG HALA ISKANDAR PUTERI</name>
	<ExtendedData><SchemaData schemaUrl="#interpolated_points_pg_hala_perling">
		<SimpleData name="fid">1</SimpleData>
		<SimpleData name="tessellate">1</SimpleData>
		<SimpleData name="extrude">0</SimpleData>
		<SimpleData name="visibility">-1</SimpleData>
		<SimpleData name="distance">11500</SimpleData>
		<SimpleData name="angle">74.4850283654829</SimpleData>
		<SimpleData name="KM">KM 11.5</SimpleData>
		<SimpleData name="Latitude">1.536</SimpleData>
		<SimpleData name="Longitude">103.768</SimpleData>
	</SchemaData></ExtendedData>
      <Point><coordinates>103.767960500206,1.53565654006107,0</coordinates></Point>
  </Placemark>
  <Placemark id="interpolated_points_pg_hala_perling.117">
	<name>PG HALA ISKANDAR PUTERI</name>
	<ExtendedData><SchemaData schemaUrl="#interpolated_points_pg_hala_perling">
		<SimpleData name="fid">1</SimpleData>
		<SimpleData name="tessellate">1</SimpleData>
		<SimpleData name="extrude">0</SimpleData>
		<SimpleData name="visibility">-1</SimpleData>
		<SimpleData name="distance">11600</SimpleData>
		<SimpleData name="angle">74.6477307541132</SimpleData>
		<SimpleData name="KM">KM 11.6</SimpleData>
		<SimpleData name="Latitude">1.536</SimpleData>
		<SimpleData name="Longitude">103.769</SimpleData>
	</SchemaData></ExtendedData>
      <Point><coordinates>103.768826983574,1.53589685707869,0</coordinates></Point>
  </Placemark>
  <Placemark id="interpolated_points_pg_hala_perling.118">
	<name>PG HALA ISKANDAR PUTERI</name>
	<ExtendedData><SchemaData schemaUrl="#interpolated_points_pg_hala_perling">
		<SimpleData name="fid">1</SimpleData>
		<SimpleData name="tessellate">1</SimpleData>
		<SimpleData name="extrude">0</SimpleData>
		<SimpleData name="visibility">-1</SimpleData>
		<SimpleData name="distance">11700</SimpleData>
		<SimpleData name="angle">75.0556201006073</SimpleData>
		<SimpleData name="KM">KM 11.7</SimpleData>
		<SimpleData name="Latitude">1.536</SimpleData>
		<SimpleData name="Longitude">103.770</SimpleData>
	</SchemaData></ExtendedData>
      <Point><coordinates>103.769694167624,1.53613458360503,0</coordinates></Point>
  </Placemark>
  <Placemark id="interpolated_points_pg_hala_perling.119">
	<name>PG HALA ISKANDAR PUTERI</name>
	<ExtendedData><SchemaData schemaUrl="#interpolated_points_pg_hala_perling">
		<SimpleData name="fid">1</SimpleData>
		<SimpleData name="tessellate">1</SimpleData>
		<SimpleData name="extrude">0</SimpleData>
		<SimpleData name="visibility">-1</SimpleData>
		<SimpleData name="distance">11800</SimpleData>
		<SimpleData name="angle">74.8378487865391</SimpleData>
		<SimpleData name="KM">KM 11.8</SimpleData>
		<SimpleData name="Latitude">1.536</SimpleData>
		<SimpleData name="Longitude">103.771</SimpleData>
	</SchemaData></ExtendedData>
      <Point><coordinates>103.770561743082,1.53637087656179,0</coordinates></Point>
  </Placemark>
  <Placemark id="interpolated_points_pg_hala_perling.120">
	<name>PG HALA ISKANDAR PUTERI</name>
	<ExtendedData><SchemaData schemaUrl="#interpolated_points_pg_hala_perling">
		<SimpleData name="fid">1</SimpleData>
		<SimpleData name="tessellate">1</SimpleData>
		<SimpleData name="extrude">0</SimpleData>
		<SimpleData name="visibility">-1</SimpleData>
		<SimpleData name="distance">11900</SimpleData>
		<SimpleData name="angle">75.3142410201394</SimpleData>
		<SimpleData name="KM">KM 11.9</SimpleData>
		<SimpleData name="Latitude">1.537</SimpleData>
		<SimpleData name="Longitude">103.771</SimpleData>
	</SchemaData></ExtendedData>
      <Point><coordinates>103.77142917294,1.5366077123971,0</coordinates></Point>
  </Placemark>
  <Placemark id="interpolated_points_pg_hala_perling.121">
	<name>PG HALA ISKANDAR PUTERI</name>
	<ExtendedData><SchemaData schemaUrl="#interpolated_points_pg_hala_perling">
		<SimpleData name="fid">1</SimpleData>
		<SimpleData name="tessellate">1</SimpleData>
		<SimpleData name="extrude">0</SimpleData>
		<SimpleData name="visibility">-1</SimpleData>
		<SimpleData name="distance">12000</SimpleData>
		<SimpleData name="angle">75.3142410201394</SimpleData>
		<SimpleData name="KM">KM 12.0</SimpleData>
		<SimpleData name="Latitude">1.537</SimpleData>
		<SimpleData name="Longitude">103.772</SimpleData>
	</SchemaData></ExtendedData>
      <Point><coordinates>103.772298467261,1.53683752599048,0</coordinates></Point>
  </Placemark>
  <Placemark id="interpolated_points_pg_hala_perling.122">
	<name>PG HALA ISKANDAR PUTERI</name>
	<ExtendedData><SchemaData schemaUrl="#interpolated_points_pg_hala_perling">
		<SimpleData name="fid">1</SimpleData>
		<SimpleData name="tessellate">1</SimpleData>
		<SimpleData name="extrude">0</SimpleData>
		<SimpleData name="visibility">-1</SimpleData>
		<SimpleData name="distance">12100</SimpleData>
		<SimpleData name="angle">75.0555250881121</SimpleData>
		<SimpleData name="KM">KM 12.1</SimpleData>
		<SimpleData name="Latitude">1.537</SimpleData>
		<SimpleData name="Longitude">103.773</SimpleData>
	</SchemaData></ExtendedData>
      <Point><coordinates>103.77316772882,1.53706746545909,0</coordinates></Point>
  </Placemark>
  <Placemark id="interpolated_points_pg_hala_perling.123">
	<name>PG HALA ISKANDAR PUTERI</name>
	<ExtendedData><SchemaData schemaUrl="#interpolated_points_pg_hala_perling">
		<SimpleData name="fid">1</SimpleData>
		<SimpleData name="tessellate">1</SimpleData>
		<SimpleData name="extrude">0</SimpleData>
		<SimpleData name="visibility">-1</SimpleData>
		<SimpleData name="distance">12200</SimpleData>
		<SimpleData name="angle">75.0555250881121</SimpleData>
		<SimpleData name="KM">KM 12.2</SimpleData>
		<SimpleData name="Latitude">1.537</SimpleData>
		<SimpleData name="Longitude">103.774</SimpleData>
	</SchemaData></ExtendedData>
      <Point><coordinates>103.774035984046,1.53730122655205,0</coordinates></Point>
  </Placemark>
  <Placemark id="interpolated_points_pg_hala_perling.124">
	<name>PG HALA ISKANDAR PUTERI</name>
	<ExtendedData><SchemaData schemaUrl="#interpolated_points_pg_hala_perling">
		<SimpleData name="fid">1</SimpleData>
		<SimpleData name="tessellate">1</SimpleData>
		<SimpleData name="extrude">0</SimpleData>
		<SimpleData name="visibility">-1</SimpleData>
		<SimpleData name="distance">12300</SimpleData>
		<SimpleData name="angle">73.8168773868315</SimpleData>
		<SimpleData name="KM">KM 12.3</SimpleData>
		<SimpleData name="Latitude">1.538</SimpleData>
		<SimpleData name="Longitude">103.775</SimpleData>
	</SchemaData></ExtendedData>
      <Point><coordinates>103.774900718572,1.53754752739579,0</coordinates></Point>
  </Placemark>
  <Placemark id="interpolated_points_pg_hala_perling.125">
	<name>PG HALA ISKANDAR PUTERI</name>
	<ExtendedData><SchemaData schemaUrl="#interpolated_points_pg_hala_perling">
		<SimpleData name="fid">1</SimpleData>
		<SimpleData name="tessellate">1</SimpleData>
		<SimpleData name="extrude">0</SimpleData>
		<SimpleData name="visibility">-1</SimpleData>
		<SimpleData name="distance">12400</SimpleData>
		<SimpleData name="angle">75.378615760405</SimpleData>
		<SimpleData name="KM">KM 12.4</SimpleData>
		<SimpleData name="Latitude">1.538</SimpleData>
		<SimpleData name="Longitude">103.776</SimpleData>
	</SchemaData></ExtendedData>
      <Point><coordinates>103.775766807169,1.53778915979681,0</coordinates></Point>
  </Placemark>
  <Placemark id="interpolated_points_pg_hala_perling.126">
	<name>PG HALA ISKANDAR PUTERI</name>
	<ExtendedData><SchemaData schemaUrl="#interpolated_points_pg_hala_perling">
		<SimpleData name="fid">1</SimpleData>
		<SimpleData name="tessellate">1</SimpleData>
		<SimpleData name="extrude">0</SimpleData>
		<SimpleData name="visibility">-1</SimpleData>
		<SimpleData name="distance">12500</SimpleData>
		<SimpleData name="angle">73.9211015348193</SimpleData>
		<SimpleData name="KM">KM 12.5</SimpleData>
		<SimpleData name="Latitude">1.538</SimpleData>
		<SimpleData name="Longitude">103.777</SimpleData>
	</SchemaData></ExtendedData>
      <Point><coordinates>103.776634579994,1.53802435468698,0</coordinates></Point>
  </Placemark>
  <Placemark id="interpolated_points_pg_hala_perling.127">
	<name>PG HALA ISKANDAR PUTERI</name>
	<ExtendedData><SchemaData schemaUrl="#interpolated_points_pg_hala_perling">
		<SimpleData name="fid">1</SimpleData>
		<SimpleData name="tessellate">1</SimpleData>
		<SimpleData name="extrude">0</SimpleData>
		<SimpleData name="visibility">-1</SimpleData>
		<SimpleData name="distance">12600</SimpleData>
		<SimpleData name="angle">74.8698301378249</SimpleData>
		<SimpleData name="KM">KM 12.6</SimpleData>
		<SimpleData name="Latitude">1.538</SimpleData>
		<SimpleData name="Longitude">103.777</SimpleData>
	</SchemaData></ExtendedData>
      <Point><coordinates>103.777499592248,1.53826988882625,0</coordinates></Point>
  </Placemark>
  <Placemark id="interpolated_points_pg_hala_perling.128">
	<name>PG HALA ISKANDAR PUTERI</name>
	<ExtendedData><SchemaData schemaUrl="#interpolated_points_pg_hala_perling">
		<SimpleData name="fid">1</SimpleData>
		<SimpleData name="tessellate">1</SimpleData>
		<SimpleData name="extrude">0</SimpleData>
		<SimpleData name="visibility">-1</SimpleData>
		<SimpleData name="distance">12700</SimpleData>
		<SimpleData name="angle">76.081945634391</SimpleData>
		<SimpleData name="KM">KM 12.7</SimpleData>
		<SimpleData name="Latitude">1.539</SimpleData>
		<SimpleData name="Longitude">103.778</SimpleData>
	</SchemaData></ExtendedData>
      <Point><coordinates>103.778366984381,1.5385067461029,0</coordinates></Point>
  </Placemark>
  <Placemark id="interpolated_points_pg_hala_perling.129">
	<name>PG HALA ISKANDAR PUTERI</name>
	<ExtendedData><SchemaData schemaUrl="#interpolated_points_pg_hala_perling">
		<SimpleData name="fid">1</SimpleData>
		<SimpleData name="tessellate">1</SimpleData>
		<SimpleData name="extrude">0</SimpleData>
		<SimpleData name="visibility">-1</SimpleData>
		<SimpleData name="distance">12800</SimpleData>
		<SimpleData name="angle">75.2366228239116</SimpleData>
		<SimpleData name="KM">KM 12.8</SimpleData>
		<SimpleData name="Latitude">1.539</SimpleData>
		<SimpleData name="Longitude">103.779</SimpleData>
	</SchemaData></ExtendedData>
      <Point><coordinates>103.779238428309,1.53872717717771,0</coordinates></Point>
  </Placemark>
  <Placemark id="interpolated_points_pg_hala_perling.130">
	<name>PG HALA ISKANDAR PUTERI</name>
	<ExtendedData><SchemaData schemaUrl="#interpolated_points_pg_hala_perling">
		<SimpleData name="fid">1</SimpleData>
		<SimpleData name="tessellate">1</SimpleData>
		<SimpleData name="extrude">0</SimpleData>
		<SimpleData name="visibility">-1</SimpleData>
		<SimpleData name="distance">12900</SimpleData>
		<SimpleData name="angle">78.0123484144455</SimpleData>
		<SimpleData name="KM">KM 12.9</SimpleData>
		<SimpleData name="Latitude">1.539</SimpleData>
		<SimpleData name="Longitude">103.780</SimpleData>
	</SchemaData></ExtendedData>
      <Point><coordinates>103.780114036772,1.53893015074053,0</coordinates></Point>
  </Placemark>
  <Placemark id="interpolated_points_pg_hala_perling.131">
	<name>PG HALA ISKANDAR PUTERI</name>
	<ExtendedData><SchemaData schemaUrl="#interpolated_points_pg_hala_perling">
		<SimpleData name="fid">1</SimpleData>
		<SimpleData name="tessellate">1</SimpleData>
		<SimpleData name="extrude">0</SimpleData>
		<SimpleData name="visibility">-1</SimpleData>
		<SimpleData name="distance">13000</SimpleData>
		<SimpleData name="angle">85.0403082387019</SimpleData>
		<SimpleData name="KM">KM 13.0</SimpleData>
		<SimpleData name="Latitude">1.539</SimpleData>
		<SimpleData name="Longitude">103.781</SimpleData>
	</SchemaData></ExtendedData>
      <Point><coordinates>103.781002821806,1.53905991842055,0</coordinates></Point>
  </Placemark>
  <Placemark id="interpolated_points_pg_hala_perling.132">
	<name>PG HALA ISKANDAR PUTERI</name>
	<ExtendedData><SchemaData schemaUrl="#interpolated_points_pg_hala_perling">
		<SimpleData name="fid">1</SimpleData>
		<SimpleData name="tessellate">1</SimpleData>
		<SimpleData name="extrude">0</SimpleData>
		<SimpleData name="visibility">-1</SimpleData>
		<SimpleData name="distance">13100</SimpleData>
		<SimpleData name="angle">88.937978866802</SimpleData>
		<SimpleData name="KM">KM 13.1</SimpleData>
		<SimpleData name="Latitude">1.539</SimpleData>
		<SimpleData name="Longitude">103.782</SimpleData>
	</SchemaData></ExtendedData>
      <Point><coordinates>103.781898560354,1.539131895413,0</coordinates></Point>
  </Placemark>
  <Placemark id="interpolated_points_pg_hala_perling.133">
	<name>PG HALA ISKANDAR PUTERI</name>
	<ExtendedData><SchemaData schemaUrl="#interpolated_points_pg_hala_perling">
		<SimpleData name="fid">1</SimpleData>
		<SimpleData name="tessellate">1</SimpleData>
		<SimpleData name="extrude">0</SimpleData>
		<SimpleData name="visibility">-1</SimpleData>
		<SimpleData name="distance">13200</SimpleData>
		<SimpleData name="angle">88.937978866802</SimpleData>
		<SimpleData name="KM">KM 13.2</SimpleData>
		<SimpleData name="Latitude">1.539</SimpleData>
		<SimpleData name="Longitude">103.783</SimpleData>
	</SchemaData></ExtendedData>
      <Point><coordinates>103.782797189006,1.53914917672158,0</coordinates></Point>
  </Placemark>
  <Placemark id="interpolated_points_pg_hala_perling.134">
	<name>PG HALA ISKANDAR PUTERI</name>
	<ExtendedData><SchemaData schemaUrl="#interpolated_points_pg_hala_perling">
		<SimpleData name="fid">1</SimpleData>
		<SimpleData name="tessellate">1</SimpleData>
		<SimpleData name="extrude">0</SimpleData>
		<SimpleData name="visibility">-1</SimpleData>
		<SimpleData name="distance">13300</SimpleData>
		<SimpleData name="angle">97.5797880394698</SimpleData>
		<SimpleData name="KM">KM 13.3</SimpleData>
		<SimpleData name="Latitude">1.539</SimpleData>
		<SimpleData name="Longitude">103.784</SimpleData>
	</SchemaData></ExtendedData>
      <Point><coordinates>103.783694107616,1.53910278565481,0</coordinates></Point>
  </Placemark>
  <Placemark id="interpolated_points_pg_hala_perling.135">
	<name>PG HALA ISKANDAR PUTERI</name>
	<ExtendedData><SchemaData schemaUrl="#interpolated_points_pg_hala_perling">
		<SimpleData name="fid">1</SimpleData>
		<SimpleData name="tessellate">1</SimpleData>
		<SimpleData name="extrude">0</SimpleData>
		<SimpleData name="visibility">-1</SimpleData>
		<SimpleData name="distance">13400</SimpleData>
		<SimpleData name="angle">99.0832729385764</SimpleData>
		<SimpleData name="KM">KM 13.4</SimpleData>
		<SimpleData name="Latitude">1.539</SimpleData>
		<SimpleData name="Longitude">103.785</SimpleData>
	</SchemaData></ExtendedData>
      <Point><coordinates>103.784582469941,1.53896586370655,0</coordinates></Point>
  </Placemark>
  <Placemark id="interpolated_points_pg_hala_perling.136">
	<name>PG HALA ISKANDAR PUTERI</name>
	<ExtendedData><SchemaData schemaUrl="#interpolated_points_pg_hala_perling">
		<SimpleData name="fid">1</SimpleData>
		<SimpleData name="tessellate">1</SimpleData>
		<SimpleData name="extrude">0</SimpleData>
		<SimpleData name="visibility">-1</SimpleData>
		<SimpleData name="distance">13500</SimpleData>
		<SimpleData name="angle">97.5093396438103</SimpleData>
		<SimpleData name="KM">KM 13.5</SimpleData>
		<SimpleData name="Latitude">1.539</SimpleData>
		<SimpleData name="Longitude">103.785</SimpleData>
	</SchemaData></ExtendedData>
      <Point><coordinates>103.785470233397,1.53882468616038,0</coordinates></Point>
  </Placemark>
  <Placemark id="interpolated_points_pg_hala_perling.137">
	<name>PG HALA ISKANDAR PUTERI</name>
	<ExtendedData><SchemaData schemaUrl="#interpolated_points_pg_hala_perling">
		<SimpleData name="fid">1</SimpleData>
		<SimpleData name="tessellate">1</SimpleData>
		<SimpleData name="extrude">0</SimpleData>
		<SimpleData name="visibility">-1</SimpleData>
		<SimpleData name="distance">13600</SimpleData>
		<SimpleData name="angle">99.6611893506029</SimpleData>
		<SimpleData name="KM">KM 13.6</SimpleData>
		<SimpleData name="Latitude">1.539</SimpleData>
		<SimpleData name="Longitude">103.786</SimpleData>
	</SchemaData></ExtendedData>
      <Point><coordinates>103.786359124414,1.53869185685487,0</coordinates></Point>
  </Placemark>
  <Placemark id="interpolated_points_pg_hala_perling.138">
	<name>PG HALA ISKANDAR PUTERI</name>
	<ExtendedData><SchemaData schemaUrl="#interpolated_points_pg_hala_perling">
		<SimpleData name="fid">1</SimpleData>
		<SimpleData name="tessellate">1</SimpleData>
		<SimpleData name="extrude">0</SimpleData>
		<SimpleData name="visibility">-1</SimpleData>
		<SimpleData name="distance">13700</SimpleData>
		<SimpleData name="angle">99.3191102767707</SimpleData>
		<SimpleData name="KM">KM 13.7</SimpleData>
		<SimpleData name="Latitude">1.539</SimpleData>
		<SimpleData name="Longitude">103.787</SimpleData>
	</SchemaData></ExtendedData>
      <Point><coordinates>103.787245719716,1.53854336262063,0</coordinates></Point>
  </Placemark>
  <Placemark id="interpolated_points_pg_hala_perling.139">
	<name>PG HALA ISKANDAR PUTERI</name>
	<ExtendedData><SchemaData schemaUrl="#interpolated_points_pg_hala_perling">
		<SimpleData name="fid">1</SimpleData>
		<SimpleData name="tessellate">1</SimpleData>
		<SimpleData name="extrude">0</SimpleData>
		<SimpleData name="visibility">-1</SimpleData>
		<SimpleData name="distance">13800</SimpleData>
		<SimpleData name="angle">100.019551659259</SimpleData>
		<SimpleData name="KM">KM 13.8</SimpleData>
		<SimpleData name="Latitude">1.538</SimpleData>
		<SimpleData name="Longitude">103.788</SimpleData>
	</SchemaData></ExtendedData>
      <Point><coordinates>103.788131567062,1.53839048182307,0</coordinates></Point>
  </Placemark>
  <Placemark id="interpolated_points_pg_hala_perling.140">
	<name>PG HALA ISKANDAR PUTERI</name>
	<ExtendedData><SchemaData schemaUrl="#interpolated_points_pg_hala_perling">
		<SimpleData name="fid">1</SimpleData>
		<SimpleData name="tessellate">1</SimpleData>
		<SimpleData name="extrude">0</SimpleData>
		<SimpleData name="visibility">-1</SimpleData>
		<SimpleData name="distance">13900</SimpleData>
		<SimpleData name="angle">99.0157050991881</SimpleData>
		<SimpleData name="KM">KM 13.9</SimpleData>
		<SimpleData name="Latitude">1.538</SimpleData>
		<SimpleData name="Longitude">103.789</SimpleData>
	</SchemaData></ExtendedData>
      <Point><coordinates>103.789018667422,1.53824521204156,0</coordinates></Point>
  </Placemark>
  <Placemark id="interpolated_points_pg_hala_perling.141">
	<name>PG HALA ISKANDAR PUTERI</name>
	<ExtendedData><SchemaData schemaUrl="#interpolated_points_pg_hala_perling">
		<SimpleData name="fid">1</SimpleData>
		<SimpleData name="tessellate">1</SimpleData>
		<SimpleData name="extrude">0</SimpleData>
		<SimpleData name="visibility">-1</SimpleData>
		<SimpleData name="distance">14000</SimpleData>
		<SimpleData name="angle">98.5943986442593</SimpleData>
		<SimpleData name="KM">KM 14.0</SimpleData>
		<SimpleData name="Latitude">1.538</SimpleData>
		<SimpleData name="Longitude">103.790</SimpleData>
	</SchemaData></ExtendedData>
      <Point><coordinates>103.789906594881,1.53810506138444,0</coordinates></Point>
  </Placemark>
  <Placemark id="interpolated_points_pg_hala_perling.142">
	<name>PG HALA ISKANDAR PUTERI</name>
	<ExtendedData><SchemaData schemaUrl="#interpolated_points_pg_hala_perling">
		<SimpleData name="fid">1</SimpleData>
		<SimpleData name="tessellate">1</SimpleData>
		<SimpleData name="extrude">0</SimpleData>
		<SimpleData name="visibility">-1</SimpleData>
		<SimpleData name="distance">14100</SimpleData>
		<SimpleData name="angle">100.131538055679</SimpleData>
		<SimpleData name="KM">KM 14.1</SimpleData>
		<SimpleData name="Latitude">1.538</SimpleData>
		<SimpleData name="Longitude">103.791</SimpleData>
	</SchemaData></ExtendedData>
      <Point><coordinates>103.790791610835,1.53794735282549,0</coordinates></Point>
  </Placemark>
  <Placemark id="interpolated_points_pg_hala_perling.143">
	<name>PG HALA ISKANDAR PUTERI</name>
	<ExtendedData><SchemaData schemaUrl="#interpolated_points_pg_hala_perling">
		<SimpleData name="fid">1</SimpleData>
		<SimpleData name="tessellate">1</SimpleData>
		<SimpleData name="extrude">0</SimpleData>
		<SimpleData name="visibility">-1</SimpleData>
		<SimpleData name="distance">14200</SimpleData>
		<SimpleData name="angle">105.195421559821</SimpleData>
		<SimpleData name="KM">KM 14.2</SimpleData>
		<SimpleData name="Latitude">1.538</SimpleData>
		<SimpleData name="Longitude">103.792</SimpleData>
	</SchemaData></ExtendedData>
      <Point><coordinates>103.791672953152,1.53777283096117,0</coordinates></Point>
  </Placemark>
  <Placemark id="interpolated_points_pg_hala_perling.144">
	<name>PG HALA ISKANDAR PUTERI</name>
	<ExtendedData><SchemaData schemaUrl="#interpolated_points_pg_hala_perling">
		<SimpleData name="fid">1</SimpleData>
		<SimpleData name="tessellate">1</SimpleData>
		<SimpleData name="extrude">0</SimpleData>
		<SimpleData name="visibility">-1</SimpleData>
		<SimpleData name="distance">14300</SimpleData>
		<SimpleData name="angle">103.839025907623</SimpleData>
		<SimpleData name="KM">KM 14.3</SimpleData>
		<SimpleData name="Latitude">1.538</SimpleData>
		<SimpleData name="Longitude">103.793</SimpleData>
	</SchemaData></ExtendedData>
      <Point><coordinates>103.792545490772,1.53755584639527,0</coordinates></Point>
  </Placemark>
  <Placemark id="interpolated_points_pg_hala_perling.145">
	<name>PG HALA ISKANDAR PUTERI</name>
	<ExtendedData><SchemaData schemaUrl="#interpolated_points_pg_hala_perling">
		<SimpleData name="fid">1</SimpleData>
		<SimpleData name="tessellate">1</SimpleData>
		<SimpleData name="extrude">0</SimpleData>
		<SimpleData name="visibility">-1</SimpleData>
		<SimpleData name="distance">14400</SimpleData>
		<SimpleData name="angle">108.358417305854</SimpleData>
		<SimpleData name="KM">KM 14.4</SimpleData>
		<SimpleData name="Latitude">1.537</SimpleData>
		<SimpleData name="Longitude">103.793</SimpleData>
	</SchemaData></ExtendedData>
      <Point><coordinates>103.793395926273,1.53726469124579,0</coordinates></Point>
  </Placemark>
  <Placemark id="interpolated_points_pg_hala_perling.146">
	<name>PG HALA ISKANDAR PUTERI</name>
	<ExtendedData><SchemaData schemaUrl="#interpolated_points_pg_hala_perling">
		<SimpleData name="fid">1</SimpleData>
		<SimpleData name="tessellate">1</SimpleData>
		<SimpleData name="extrude">0</SimpleData>
		<SimpleData name="visibility">-1</SimpleData>
		<SimpleData name="distance">14500</SimpleData>
		<SimpleData name="angle">109.898844492481</SimpleData>
		<SimpleData name="KM">KM 14.5</SimpleData>
		<SimpleData name="Latitude">1.537</SimpleData>
		<SimpleData name="Longitude">103.794</SimpleData>
	</SchemaData></ExtendedData>
      <Point><coordinates>103.794240969009,1.53695692036457,0</coordinates></Point>
  </Placemark>
  <Placemark id="interpolated_points_pg_hala_perling.147">
	<name>PG HALA ISKANDAR PUTERI</name>
	<ExtendedData><SchemaData schemaUrl="#interpolated_points_pg_hala_perling">
		<SimpleData name="fid">1</SimpleData>
		<SimpleData name="tessellate">1</SimpleData>
		<SimpleData name="extrude">0</SimpleData>
		<SimpleData name="visibility">-1</SimpleData>
		<SimpleData name="distance">14600</SimpleData>
		<SimpleData name="angle">114.669255663454</SimpleData>
		<SimpleData name="KM">KM 14.6</SimpleData>
		<SimpleData name="Latitude">1.537</SimpleData>
		<SimpleData name="Longitude">103.795</SimpleData>
	</SchemaData></ExtendedData>
      <Point><coordinates>103.7950698988,1.53660850825282,0</coordinates></Point>
  </Placemark>
  <Placemark id="interpolated_points_pg_hala_perling.148">
	<name>PG HALA ISKANDAR PUTERI</name>
	<ExtendedData><SchemaData schemaUrl="#interpolated_points_pg_hala_perling">
		<SimpleData name="fid">1</SimpleData>
		<SimpleData name="tessellate">1</SimpleData>
		<SimpleData name="extrude">0</SimpleData>
		<SimpleData name="visibility">-1</SimpleData>
		<SimpleData name="distance">14700</SimpleData>
		<SimpleData name="angle">116.697001155063</SimpleData>
		<SimpleData name="KM">KM 14.7</SimpleData>
		<SimpleData name="Latitude">1.536</SimpleData>
		<SimpleData name="Longitude">103.796</SimpleData>
	</SchemaData></ExtendedData>
      <Point><coordinates>103.795875972853,1.53620859445311,0</coordinates></Point>
  </Placemark>
  <Placemark id="interpolated_points_pg_hala_perling.149">
	<name>PG HALA ISKANDAR PUTERI</name>
	<ExtendedData><SchemaData schemaUrl="#interpolated_points_pg_hala_perling">
		<SimpleData name="fid">1</SimpleData>
		<SimpleData name="tessellate">1</SimpleData>
		<SimpleData name="extrude">0</SimpleData>
		<SimpleData name="visibility">-1</SimpleData>
		<SimpleData name="distance">14800</SimpleData>
		<SimpleData name="angle">119.554404538116</SimpleData>
		<SimpleData name="KM">KM 14.8</SimpleData>
		<SimpleData name="Latitude">1.536</SimpleData>
		<SimpleData name="Longitude">103.797</SimpleData>
	</SchemaData></ExtendedData>
      <Point><coordinates>103.796672059145,1.53578904162175,0</coordinates></Point>
  </Placemark>
  <Placemark id="interpolated_points_pg_hala_perling.150">
	<name>PG HALA ISKANDAR PUTERI</name>
	<ExtendedData><SchemaData schemaUrl="#interpolated_points_pg_hala_perling">
		<SimpleData name="fid">1</SimpleData>
		<SimpleData name="tessellate">1</SimpleData>
		<SimpleData name="extrude">0</SimpleData>
		<SimpleData name="visibility">-1</SimpleData>
		<SimpleData name="distance">14900</SimpleData>
		<SimpleData name="angle">119.554404538116</SimpleData>
		<SimpleData name="KM">KM 14.9</SimpleData>
		<SimpleData name="Latitude">1.535</SimpleData>
		<SimpleData name="Longitude">103.797</SimpleData>
	</SchemaData></ExtendedData>
      <Point><coordinates>103.797454160197,1.53534332806288,0</coordinates></Point>
  </Placemark>
  <Placemark id="interpolated_points_pg_hala_perling.151">
	<name>PG HALA ISKANDAR PUTERI</name>
	<ExtendedData><SchemaData schemaUrl="#interpolated_points_pg_hala_perling">
		<SimpleData name="fid">1</SimpleData>
		<SimpleData name="tessellate">1</SimpleData>
		<SimpleData name="extrude">0</SimpleData>
		<SimpleData name="visibility">-1</SimpleData>
		<SimpleData name="distance">15000</SimpleData>
		<SimpleData name="angle">118.80478300138</SimpleData>
		<SimpleData name="KM">KM 15.0</SimpleData>
		<SimpleData name="Latitude">1.535</SimpleData>
		<SimpleData name="Longitude">103.798</SimpleData>
	</SchemaData></ExtendedData>
      <Point><coordinates>103.798243086096,1.53491013679535,0</coordinates></Point>
  </Placemark>
  <Placemark id="interpolated_points_pg_hala_perling.152">
	<name>PG HALA ISKANDAR PUTERI</name>
	<ExtendedData><SchemaData schemaUrl="#interpolated_points_pg_hala_perling">
		<SimpleData name="fid">1</SimpleData>
		<SimpleData name="tessellate">1</SimpleData>
		<SimpleData name="extrude">0</SimpleData>
		<SimpleData name="visibility">-1</SimpleData>
		<SimpleData name="distance">15100</SimpleData>
		<SimpleData name="angle">118.780748897794</SimpleData>
		<SimpleData name="KM">KM 15.1</SimpleData>
		<SimpleData name="Latitude">1.534</SimpleData>
		<SimpleData name="Longitude">103.799</SimpleData>
	</SchemaData></ExtendedData>
      <Point><coordinates>103.799030978912,1.53447487632296,0</coordinates></Point>
  </Placemark>
  <Placemark id="interpolated_points_pg_hala_perling.153">
	<name>PG HALA ISKANDAR PUTERI</name>
	<ExtendedData><SchemaData schemaUrl="#interpolated_points_pg_hala_perling">
		<SimpleData name="fid">1</SimpleData>
		<SimpleData name="tessellate">1</SimpleData>
		<SimpleData name="extrude">0</SimpleData>
		<SimpleData name="visibility">-1</SimpleData>
		<SimpleData name="distance">15200</SimpleData>
		<SimpleData name="angle">118.93244384603</SimpleData>
		<SimpleData name="KM">KM 15.2</SimpleData>
		<SimpleData name="Latitude">1.534</SimpleData>
		<SimpleData name="Longitude">103.800</SimpleData>
	</SchemaData></ExtendedData>
      <Point><coordinates>103.799818829612,1.53403953913868,0</coordinates></Point>
  </Placemark>
  <Placemark id="interpolated_points_pg_hala_perling.154">
	<name>PG HALA ISKANDAR PUTERI</name>
	<ExtendedData><SchemaData schemaUrl="#interpolated_points_pg_hala_perling">
		<SimpleData name="fid">1</SimpleData>
		<SimpleData name="tessellate">1</SimpleData>
		<SimpleData name="extrude">0</SimpleData>
		<SimpleData name="visibility">-1</SimpleData>
		<SimpleData name="distance">15300</SimpleData>
		<SimpleData name="angle">118.489772995224</SimpleData>
		<SimpleData name="KM">KM 15.3</SimpleData>
		<SimpleData name="Latitude">1.534</SimpleData>
		<SimpleData name="Longitude">103.801</SimpleData>
	</SchemaData></ExtendedData>
      <Point><coordinates>103.800597711385,1.53358943016777,0</coordinates></Point>
  </Placemark>
  <Placemark id="interpolated_points_pg_hala_perling.155">
	<name>PG HALA ISKANDAR PUTERI</name>
	<ExtendedData><SchemaData schemaUrl="#interpolated_points_pg_hala_perling">
		<SimpleData name="fid">1</SimpleData>
		<SimpleData name="tessellate">1</SimpleData>
		<SimpleData name="extrude">0</SimpleData>
		<SimpleData name="visibility">-1</SimpleData>
		<SimpleData name="distance">15400</SimpleData>
		<SimpleData name="angle">117.706145471385</SimpleData>
		<SimpleData name="KM">KM 15.4</SimpleData>
		<SimpleData name="Latitude">1.533</SimpleData>
		<SimpleData name="Longitude">103.801</SimpleData>
	</SchemaData></ExtendedData>
      <Point><coordinates>103.801388329478,1.53315921501677,0</coordinates></Point>
  </Placemark>
  <Placemark id="interpolated_points_pg_hala_perling.156">
	<name>PG HALA ISKANDAR PUTERI</name>
	<ExtendedData><SchemaData schemaUrl="#interpolated_points_pg_hala_perling">
		<SimpleData name="fid">1</SimpleData>
		<SimpleData name="tessellate">1</SimpleData>
		<SimpleData name="extrude">0</SimpleData>
		<SimpleData name="visibility">-1</SimpleData>
		<SimpleData name="distance">15500</SimpleData>
		<SimpleData name="angle">116.451742076666</SimpleData>
		<SimpleData name="KM">KM 15.5</SimpleData>
		<SimpleData name="Latitude">1.533</SimpleData>
		<SimpleData name="Longitude">103.802</SimpleData>
	</SchemaData></ExtendedData>
      <Point><coordinates>103.802185816891,1.53274209157145,0</coordinates></Point>
  </Placemark>
  <Placemark id="interpolated_points_pg_hala_perling.157">
	<name>PG HALA ISKANDAR PUTERI</name>
	<ExtendedData><SchemaData schemaUrl="#interpolated_points_pg_hala_perling">
		<SimpleData name="fid">1</SimpleData>
		<SimpleData name="tessellate">1</SimpleData>
		<SimpleData name="extrude">0</SimpleData>
		<SimpleData name="visibility">-1</SimpleData>
		<SimpleData name="distance">15600</SimpleData>
		<SimpleData name="angle">116.451713105631</SimpleData>
		<SimpleData name="KM">KM 15.6</SimpleData>
		<SimpleData name="Latitude">1.532</SimpleData>
		<SimpleData name="Longitude">103.803</SimpleData>
	</SchemaData></ExtendedData>
      <Point><coordinates>103.802990742238,1.5323396289867,0</coordinates></Point>
  </Placemark>
  <Placemark id="interpolated_points_pg_hala_perling.158">
	<name>PG HALA ISKANDAR PUTERI</name>
	<ExtendedData><SchemaData schemaUrl="#interpolated_points_pg_hala_perling">
		<SimpleData name="fid">1</SimpleData>
		<SimpleData name="tessellate">1</SimpleData>
		<SimpleData name="extrude">0</SimpleData>
		<SimpleData name="visibility">-1</SimpleData>
		<SimpleData name="distance">15700</SimpleData>
		<SimpleData name="angle">118.530870822266</SimpleData>
		<SimpleData name="KM">KM 15.7</SimpleData>
		<SimpleData name="Latitude">1.532</SimpleData>
		<SimpleData name="Longitude">103.804</SimpleData>
	</SchemaData></ExtendedData>
      <Point><coordinates>103.80378846189,1.53192321165766,0</coordinates></Point>
  </Placemark>
  <Placemark id="interpolated_points_pg_hala_perling.159">
	<name>PG HALA ISKANDAR PUTERI</name>
	<ExtendedData><SchemaData schemaUrl="#interpolated_points_pg_hala_perling">
		<SimpleData name="fid">1</SimpleData>
		<SimpleData name="tessellate">1</SimpleData>
		<SimpleData name="extrude">0</SimpleData>
		<SimpleData name="visibility">-1</SimpleData>
		<SimpleData name="distance">15800</SimpleData>
		<SimpleData name="angle">114.339032909354</SimpleData>
		<SimpleData name="KM">KM 15.8</SimpleData>
		<SimpleData name="Latitude">1.531</SimpleData>
		<SimpleData name="Longitude">103.805</SimpleData>
	</SchemaData></ExtendedData>
      <Point><coordinates>103.80457896667,1.53149319696937,0</coordinates></Point>
  </Placemark>
  <Placemark id="interpolated_points_pg_hala_perling.160">
	<name>PG HALA ISKANDAR PUTERI</name>
	<ExtendedData><SchemaData schemaUrl="#interpolated_points_pg_hala_perling">
		<SimpleData name="fid">1</SimpleData>
		<SimpleData name="tessellate">1</SimpleData>
		<SimpleData name="extrude">0</SimpleData>
		<SimpleData name="visibility">-1</SimpleData>
		<SimpleData name="distance">15900</SimpleData>
		<SimpleData name="angle">117.183367152945</SimpleData>
		<SimpleData name="KM">KM 15.9</SimpleData>
		<SimpleData name="Latitude">1.531</SimpleData>
		<SimpleData name="Longitude">103.805</SimpleData>
	</SchemaData></ExtendedData>
      <Point><coordinates>103.805372259789,1.53107270463314,0</coordinates></Point>
  </Placemark>
  <Placemark id="interpolated_points_pg_hala_perling.161">
	<name>PG HALA ISKANDAR PUTERI</name>
	<ExtendedData><SchemaData schemaUrl="#interpolated_points_pg_hala_perling">
		<SimpleData name="fid">1</SimpleData>
		<SimpleData name="tessellate">1</SimpleData>
		<SimpleData name="extrude">0</SimpleData>
		<SimpleData name="visibility">-1</SimpleData>
		<SimpleData name="distance">16000</SimpleData>
		<SimpleData name="angle">117.860778114306</SimpleData>
		<SimpleData name="KM">KM 16.0</SimpleData>
		<SimpleData name="Latitude">1.531</SimpleData>
		<SimpleData name="Longitude">103.806</SimpleData>
	</SchemaData></ExtendedData>
      <Point><coordinates>103.806163533189,1.53064406049732,0</coordinates></Point>
  </Placemark>
  <Placemark id="interpolated_points_pg_hala_perling.162">
	<name>PG HALA ISKANDAR PUTERI</name>
	<ExtendedData><SchemaData schemaUrl="#interpolated_points_pg_hala_perling">
		<SimpleData name="fid">1</SimpleData>
		<SimpleData name="tessellate">1</SimpleData>
		<SimpleData name="extrude">0</SimpleData>
		<SimpleData name="visibility">-1</SimpleData>
		<SimpleData name="distance">16100</SimpleData>
		<SimpleData name="angle">118.932140997064</SimpleData>
		<SimpleData name="KM">KM 16.1</SimpleData>
		<SimpleData name="Latitude">1.530</SimpleData>
		<SimpleData name="Longitude">103.807</SimpleData>
	</SchemaData></ExtendedData>
      <Point><coordinates>103.806946876518,1.53020062419382,0</coordinates></Point>
  </Placemark>
  <Placemark id="interpolated_points_pg_hala_perling.163">
	<name>PG HALA ISKANDAR PUTERI</name>
	<ExtendedData><SchemaData schemaUrl="#interpolated_points_pg_hala_perling">
		<SimpleData name="fid">1</SimpleData>
		<SimpleData name="tessellate">1</SimpleData>
		<SimpleData name="extrude">0</SimpleData>
		<SimpleData name="visibility">-1</SimpleData>
		<SimpleData name="distance">16200</SimpleData>
		<SimpleData name="angle">120.835183095105</SimpleData>
		<SimpleData name="KM">KM 16.2</SimpleData>
		<SimpleData name="Latitude">1.530</SimpleData>
		<SimpleData name="Longitude">103.808</SimpleData>
	</SchemaData></ExtendedData>
      <Point><coordinates>103.807721842508,1.52974289453014,0</coordinates></Point>
  </Placemark>
  <Placemark id="interpolated_points_pg_hala_perling.164">
	<name>PG HALA ISKANDAR PUTERI</name>
	<ExtendedData><SchemaData schemaUrl="#interpolated_points_pg_hala_perling">
		<SimpleData name="fid">1</SimpleData>
		<SimpleData name="tessellate">1</SimpleData>
		<SimpleData name="extrude">0</SimpleData>
		<SimpleData name="visibility">-1</SimpleData>
		<SimpleData name="distance">16300</SimpleData>
		<SimpleData name="angle">121.873747384928</SimpleData>
		<SimpleData name="KM">KM 16.3</SimpleData>
		<SimpleData name="Latitude">1.529</SimpleData>
		<SimpleData name="Longitude">103.808</SimpleData>
	</SchemaData></ExtendedData>
      <Point><coordinates>103.808483284815,1.52926294699331,0</coordinates></Point>
  </Placemark>
  <Placemark id="interpolated_points_pg_hala_perling.165">
	<name>PG HALA ISKANDAR PUTERI</name>
	<ExtendedData><SchemaData schemaUrl="#interpolated_points_pg_hala_perling">
		<SimpleData name="fid">1</SimpleData>
		<SimpleData name="tessellate">1</SimpleData>
		<SimpleData name="extrude">0</SimpleData>
		<SimpleData name="visibility">-1</SimpleData>
		<SimpleData name="distance">16400</SimpleData>
		<SimpleData name="angle">125.049173913896</SimpleData>
		<SimpleData name="KM">KM 16.4</SimpleData>
		<SimpleData name="Latitude">1.529</SimpleData>
		<SimpleData name="Longitude">103.809</SimpleData>
	</SchemaData></ExtendedData>
      <Point><coordinates>103.809225679973,1.52875317444487,0</coordinates></Point>
  </Placemark>
  <Placemark id="interpolated_points_pg_hala_perling.166">
	<name>PG HALA ISKANDAR PUTERI</name>
	<ExtendedData><SchemaData schemaUrl="#interpolated_points_pg_hala_perling">
		<SimpleData name="fid">1</SimpleData>
		<SimpleData name="tessellate">1</SimpleData>
		<SimpleData name="extrude">0</SimpleData>
		<SimpleData name="visibility">-1</SimpleData>
		<SimpleData name="distance">16500</SimpleData>
		<SimpleData name="angle">126.929793399959</SimpleData>
		<SimpleData name="KM">KM 16.5</SimpleData>
		<SimpleData name="Latitude">1.528</SimpleData>
		<SimpleData name="Longitude">103.810</SimpleData>
	</SchemaData></ExtendedData>
      <Point><coordinates>103.809958909235,1.52823015749482,0</coordinates></Point>
  </Placemark>
  <Placemark id="interpolated_points_pg_hala_perling.167">
	<name>PG HALA ISKANDAR PUTERI</name>
	<ExtendedData><SchemaData schemaUrl="#interpolated_points_pg_hala_perling">
		<SimpleData name="fid">1</SimpleData>
		<SimpleData name="tessellate">1</SimpleData>
		<SimpleData name="extrude">0</SimpleData>
		<SimpleData name="visibility">-1</SimpleData>
		<SimpleData name="distance">16600</SimpleData>
		<SimpleData name="angle">128.799587871561</SimpleData>
		<SimpleData name="KM">KM 16.6</SimpleData>
		<SimpleData name="Latitude">1.528</SimpleData>
		<SimpleData name="Longitude">103.811</SimpleData>
	</SchemaData></ExtendedData>
      <Point><coordinates>103.810667978684,1.52767451048252,0</coordinates></Point>
  </Placemark>
  <Placemark id="interpolated_points_pg_hala_perling.168">
	<name>PG HALA ISKANDAR PUTERI</name>
	<ExtendedData><SchemaData schemaUrl="#interpolated_points_pg_hala_perling">
		<SimpleData name="fid">1</SimpleData>
		<SimpleData name="tessellate">1</SimpleData>
		<SimpleData name="extrude">0</SimpleData>
		<SimpleData name="visibility">-1</SimpleData>
		<SimpleData name="distance">16700</SimpleData>
		<SimpleData name="angle">126.726907583133</SimpleData>
		<SimpleData name="KM">KM 16.7</SimpleData>
		<SimpleData name="Latitude">1.527</SimpleData>
		<SimpleData name="Longitude">103.811</SimpleData>
	</SchemaData></ExtendedData>
      <Point><coordinates>103.811378662934,1.52712100290164,0</coordinates></Point>
  </Placemark>
  <Placemark id="interpolated_points_pg_hala_perling.169">
	<name>PG HALA ISKANDAR PUTERI</name>
	<ExtendedData><SchemaData schemaUrl="#interpolated_points_pg_hala_perling">
		<SimpleData name="fid">1</SimpleData>
		<SimpleData name="tessellate">1</SimpleData>
		<SimpleData name="extrude">0</SimpleData>
		<SimpleData name="visibility">-1</SimpleData>
		<SimpleData name="distance">16800</SimpleData>
		<SimpleData name="angle">127.853812965847</SimpleData>
		<SimpleData name="KM">KM 16.8</SimpleData>
		<SimpleData name="Latitude">1.527</SimpleData>
		<SimpleData name="Longitude">103.812</SimpleData>
	</SchemaData></ExtendedData>
      <Point><coordinates>103.812094599072,1.52657421955175,0</coordinates></Point>
  </Placemark>
  <Placemark id="interpolated_points_pg_hala_perling.170">
	<name>PG HALA ISKANDAR PUTERI</name>
	<ExtendedData><SchemaData schemaUrl="#interpolated_points_pg_hala_perling">
		<SimpleData name="fid">1</SimpleData>
		<SimpleData name="tessellate">1</SimpleData>
		<SimpleData name="extrude">0</SimpleData>
		<SimpleData name="visibility">-1</SimpleData>
		<SimpleData name="distance">16900</SimpleData>
		<SimpleData name="angle">125.885898658057</SimpleData>
		<SimpleData name="KM">KM 16.9</SimpleData>
		<SimpleData name="Latitude">1.526</SimpleData>
		<SimpleData name="Longitude">103.813</SimpleData>
	</SchemaData></ExtendedData>
      <Point><coordinates>103.812803027178,1.52601779842461,0</coordinates></Point>
  </Placemark>
  <Placemark id="interpolated_points_pg_hala_perling.171">
	<name>PG HALA ISKANDAR PUTERI</name>
	<ExtendedData><SchemaData schemaUrl="#interpolated_points_pg_hala_perling">
		<SimpleData name="fid">1</SimpleData>
		<SimpleData name="tessellate">1</SimpleData>
		<SimpleData name="extrude">0</SimpleData>
		<SimpleData name="visibility">-1</SimpleData>
		<SimpleData name="distance">17000</SimpleData>
		<SimpleData name="angle">128.012001682659</SimpleData>
		<SimpleData name="KM">KM 17.0</SimpleData>
		<SimpleData name="Latitude">1.525</SimpleData>
		<SimpleData name="Longitude">103.814</SimpleData>
	</SchemaData></ExtendedData>
      <Point><coordinates>103.813514420015,1.52546509860293,0</coordinates></Point>
  </Placemark>
  <Placemark id="interpolated_points_pg_hala_perling.172">
	<name>PG HALA ISKANDAR PUTERI</name>
	<ExtendedData><SchemaData schemaUrl="#interpolated_points_pg_hala_perling">
		<SimpleData name="fid">1</SimpleData>
		<SimpleData name="tessellate">1</SimpleData>
		<SimpleData name="extrude">0</SimpleData>
		<SimpleData name="visibility">-1</SimpleData>
		<SimpleData name="distance">17100</SimpleData>
		<SimpleData name="angle">128.513793987279</SimpleData>
		<SimpleData name="KM">KM 17.1</SimpleData>
		<SimpleData name="Latitude">1.525</SimpleData>
		<SimpleData name="Longitude">103.814</SimpleData>
	</SchemaData></ExtendedData>
      <Point><coordinates>103.814219373024,1.52490450158103,0</coordinates></Point>
  </Placemark>
  <Placemark id="interpolated_points_pg_hala_perling.173">
	<name>PG HALA ISKANDAR PUTERI</name>
	<ExtendedData><SchemaData schemaUrl="#interpolated_points_pg_hala_perling">
		<SimpleData name="fid">1</SimpleData>
		<SimpleData name="tessellate">1</SimpleData>
		<SimpleData name="extrude">0</SimpleData>
		<SimpleData name="visibility">-1</SimpleData>
		<SimpleData name="distance">17200</SimpleData>
		<SimpleData name="angle">127.901887384891</SimpleData>
		<SimpleData name="KM">KM 17.2</SimpleData>
		<SimpleData name="Latitude">1.524</SimpleData>
		<SimpleData name="Longitude">103.815</SimpleData>
	</SchemaData></ExtendedData>
      <Point><coordinates>103.81493279066,1.52435433775445,0</coordinates></Point>
  </Placemark>
  <Placemark id="interpolated_points_pg_hala_perling.174">
	<name>PG HALA ISKANDAR PUTERI</name>
	<ExtendedData><SchemaData schemaUrl="#interpolated_points_pg_hala_perling">
		<SimpleData name="fid">1</SimpleData>
		<SimpleData name="tessellate">1</SimpleData>
		<SimpleData name="extrude">0</SimpleData>
		<SimpleData name="visibility">-1</SimpleData>
		<SimpleData name="distance">17300</SimpleData>
		<SimpleData name="angle">128.300002829371</SimpleData>
		<SimpleData name="KM">KM 17.3</SimpleData>
		<SimpleData name="Latitude">1.524</SimpleData>
		<SimpleData name="Longitude">103.816</SimpleData>
	</SchemaData></ExtendedData>
      <Point><coordinates>103.815641873344,1.52379851276733,0</coordinates></Point>
  </Placemark>
  <Placemark id="interpolated_points_pg_hala_perling.175">
	<name>PG HALA ISKANDAR PUTERI</name>
	<ExtendedData><SchemaData schemaUrl="#interpolated_points_pg_hala_perling">
		<SimpleData name="fid">1</SimpleData>
		<SimpleData name="tessellate">1</SimpleData>
		<SimpleData name="extrude">0</SimpleData>
		<SimpleData name="visibility">-1</SimpleData>
		<SimpleData name="distance">17400</SimpleData>
		<SimpleData name="angle">128.300002829371</SimpleData>
		<SimpleData name="KM">KM 17.4</SimpleData>
		<SimpleData name="Latitude">1.523</SimpleData>
		<SimpleData name="Longitude">103.816</SimpleData>
	</SchemaData></ExtendedData>
      <Point><coordinates>103.816347534215,1.52323829377202,0</coordinates></Point>
  </Placemark>
  <Placemark id="interpolated_points_pg_hala_perling.176">
	<name>PG HALA ISKANDAR PUTERI</name>
	<ExtendedData><SchemaData schemaUrl="#interpolated_points_pg_hala_perling">
		<SimpleData name="fid">1</SimpleData>
		<SimpleData name="tessellate">1</SimpleData>
		<SimpleData name="extrude">0</SimpleData>
		<SimpleData name="visibility">-1</SimpleData>
		<SimpleData name="distance">17500</SimpleData>
		<SimpleData name="angle">126.301908456012</SimpleData>
		<SimpleData name="KM">KM 17.5</SimpleData>
		<SimpleData name="Latitude">1.523</SimpleData>
		<SimpleData name="Longitude">103.817</SimpleData>
	</SchemaData></ExtendedData>
      <Point><coordinates>103.817055970384,1.52268174503495,0</coordinates></Point>
  </Placemark>
  <Placemark id="interpolated_points_pg_hala_perling.177">
	<name>PG HALA ISKANDAR PUTERI</name>
	<ExtendedData><SchemaData schemaUrl="#interpolated_points_pg_hala_perling">
		<SimpleData name="fid">1</SimpleData>
		<SimpleData name="tessellate">1</SimpleData>
		<SimpleData name="extrude">0</SimpleData>
		<SimpleData name="visibility">-1</SimpleData>
		<SimpleData name="distance">17600</SimpleData>
		<SimpleData name="angle">126.301908456012</SimpleData>
		<SimpleData name="KM">KM 17.6</SimpleData>
		<SimpleData name="Latitude">1.522</SimpleData>
		<SimpleData name="Longitude">103.818</SimpleData>
	</SchemaData></ExtendedData>
      <Point><coordinates>103.81778061058,1.52214662630355,0</coordinates></Point>
  </Placemark>
  <Placemark id="interpolated_points_pg_hala_perling.178">
	<name>PG HALA ISKANDAR PUTERI</name>
	<ExtendedData><SchemaData schemaUrl="#interpolated_points_pg_hala_perling">
		<SimpleData name="fid">1</SimpleData>
		<SimpleData name="tessellate">1</SimpleData>
		<SimpleData name="extrude">0</SimpleData>
		<SimpleData name="visibility">-1</SimpleData>
		<SimpleData name="distance">17700</SimpleData>
		<SimpleData name="angle">130.526286654073</SimpleData>
		<SimpleData name="KM">KM 17.7</SimpleData>
		<SimpleData name="Latitude">1.522</SimpleData>
		<SimpleData name="Longitude">103.818</SimpleData>
	</SchemaData></ExtendedData>
      <Point><coordinates>103.818490760199,1.52159309678558,0</coordinates></Point>
  </Placemark>
  <Placemark id="interpolated_points_pg_hala_perling.179">
	<name>PG HALA ISKANDAR PUTERI</name>
	<ExtendedData><SchemaData schemaUrl="#interpolated_points_pg_hala_perling">
		<SimpleData name="fid">1</SimpleData>
		<SimpleData name="tessellate">1</SimpleData>
		<SimpleData name="extrude">0</SimpleData>
		<SimpleData name="visibility">-1</SimpleData>
		<SimpleData name="distance">17800</SimpleData>
		<SimpleData name="angle">128.14441891658</SimpleData>
		<SimpleData name="KM">KM 17.8</SimpleData>
		<SimpleData name="Latitude">1.521</SimpleData>
		<SimpleData name="Longitude">103.819</SimpleData>
	</SchemaData></ExtendedData>
      <Point><coordinates>103.819184105309,1.52101781170146,0</coordinates></Point>
  </Placemark>
  <Placemark id="interpolated_points_pg_hala_perling.180">
	<name>PG HALA ISKANDAR PUTERI</name>
	<ExtendedData><SchemaData schemaUrl="#interpolated_points_pg_hala_perling">
		<SimpleData name="fid">1</SimpleData>
		<SimpleData name="tessellate">1</SimpleData>
		<SimpleData name="extrude">0</SimpleData>
		<SimpleData name="visibility">-1</SimpleData>
		<SimpleData name="distance">17900</SimpleData>
		<SimpleData name="angle">126.031482084511</SimpleData>
		<SimpleData name="KM">KM 17.9</SimpleData>
		<SimpleData name="Latitude">1.520</SimpleData>
		<SimpleData name="Longitude">103.820</SimpleData>
	</SchemaData></ExtendedData>
      <Point><coordinates>103.819898088003,1.52046860243578,0</coordinates></Point>
  </Placemark>
  <Placemark id="interpolated_points_pg_hala_perling.181">
	<name>PG HALA ISKANDAR PUTERI</name>
	<ExtendedData><SchemaData schemaUrl="#interpolated_points_pg_hala_perling">
		<SimpleData name="fid">1</SimpleData>
		<SimpleData name="tessellate">1</SimpleData>
		<SimpleData name="extrude">0</SimpleData>
		<SimpleData name="visibility">-1</SimpleData>
		<SimpleData name="distance">18000</SimpleData>
		<SimpleData name="angle">130.088044800959</SimpleData>
		<SimpleData name="KM">KM 18.0</SimpleData>
		<SimpleData name="Latitude">1.520</SimpleData>
		<SimpleData name="Longitude">103.821</SimpleData>
	</SchemaData></ExtendedData>
      <Point><coordinates>103.820622790745,1.51993379244934,0</coordinates></Point>
  </Placemark>
  <Placemark id="interpolated_points_pg_hala_perling.182">
	<name>PG HALA ISKANDAR PUTERI</name>
	<ExtendedData><SchemaData schemaUrl="#interpolated_points_pg_hala_perling">
		<SimpleData name="fid">1</SimpleData>
		<SimpleData name="tessellate">1</SimpleData>
		<SimpleData name="extrude">0</SimpleData>
		<SimpleData name="visibility">-1</SimpleData>
		<SimpleData name="distance">18100</SimpleData>
		<SimpleData name="angle">127.781173680653</SimpleData>
		<SimpleData name="KM">KM 18.1</SimpleData>
		<SimpleData name="Latitude">1.519</SimpleData>
		<SimpleData name="Longitude">103.821</SimpleData>
	</SchemaData></ExtendedData>
      <Point><coordinates>103.821331202748,1.5193772447134,0</coordinates></Point>
  </Placemark>
  <Placemark id="interpolated_points_pg_hala_perling.183">
	<name>PG HALA ISKANDAR PUTERI</name>
	<ExtendedData><SchemaData schemaUrl="#interpolated_points_pg_hala_perling">
		<SimpleData name="fid">1</SimpleData>
		<SimpleData name="tessellate">1</SimpleData>
		<SimpleData name="extrude">0</SimpleData>
		<SimpleData name="visibility">-1</SimpleData>
		<SimpleData name="distance">18200</SimpleData>
		<SimpleData name="angle">127.23136573296</SimpleData>
		<SimpleData name="KM">KM 18.2</SimpleData>
		<SimpleData name="Latitude">1.519</SimpleData>
		<SimpleData name="Longitude">103.822</SimpleData>
	</SchemaData></ExtendedData>
      <Point><coordinates>103.822046647721,1.51882978306512,0</coordinates></Point>
  </Placemark>
  <Placemark id="interpolated_points_pg_hala_perling.184">
	<name>PG HALA ISKANDAR PUTERI</name>
	<ExtendedData><SchemaData schemaUrl="#interpolated_points_pg_hala_perling">
		<SimpleData name="fid">1</SimpleData>
		<SimpleData name="tessellate">1</SimpleData>
		<SimpleData name="extrude">0</SimpleData>
		<SimpleData name="visibility">-1</SimpleData>
		<SimpleData name="distance">18300</SimpleData>
		<SimpleData name="angle">128.694109599708</SimpleData>
		<SimpleData name="KM">KM 18.3</SimpleData>
		<SimpleData name="Latitude">1.518</SimpleData>
		<SimpleData name="Longitude">103.823</SimpleData>
	</SchemaData></ExtendedData>
      <Point><coordinates>103.822758771329,1.51827800239136,0</coordinates></Point>
  </Placemark>
  <Placemark id="interpolated_points_pg_hala_perling.185">
	<name>PG HALA ISKANDAR PUTERI</name>
	<ExtendedData><SchemaData schemaUrl="#interpolated_points_pg_hala_perling">
		<SimpleData name="fid">1</SimpleData>
		<SimpleData name="tessellate">1</SimpleData>
		<SimpleData name="extrude">0</SimpleData>
		<SimpleData name="visibility">-1</SimpleData>
		<SimpleData name="distance">18400</SimpleData>
		<SimpleData name="angle">126.726253707497</SimpleData>
		<SimpleData name="KM">KM 18.4</SimpleData>
		<SimpleData name="Latitude">1.518</SimpleData>
		<SimpleData name="Longitude">103.823</SimpleData>
	</SchemaData></ExtendedData>
      <Point><coordinates>103.823463825387,1.51771713103231,0</coordinates></Point>
  </Placemark>
  <Placemark id="interpolated_points_pg_hala_perling.186">
	<name>PG HALA ISKANDAR PUTERI</name>
	<ExtendedData><SchemaData schemaUrl="#interpolated_points_pg_hala_perling">
		<SimpleData name="fid">1</SimpleData>
		<SimpleData name="tessellate">1</SimpleData>
		<SimpleData name="extrude">0</SimpleData>
		<SimpleData name="visibility">-1</SimpleData>
		<SimpleData name="distance">18500</SimpleData>
		<SimpleData name="angle">126.726253707497</SimpleData>
		<SimpleData name="KM">KM 18.5</SimpleData>
		<SimpleData name="Latitude">1.517</SimpleData>
		<SimpleData name="Longitude">103.824</SimpleData>
	</SchemaData></ExtendedData>
      <Point><coordinates>103.82418450513,1.51717662122148,0</coordinates></Point>
  </Placemark>
  <Placemark id="interpolated_points_pg_hala_perling.187">
	<name>PG HALA ISKANDAR PUTERI</name>
	<ExtendedData><SchemaData schemaUrl="#interpolated_points_pg_hala_perling">
		<SimpleData name="fid">1</SimpleData>
		<SimpleData name="tessellate">1</SimpleData>
		<SimpleData name="extrude">0</SimpleData>
		<SimpleData name="visibility">-1</SimpleData>
		<SimpleData name="distance">18600</SimpleData>
		<SimpleData name="angle">129.657504932306</SimpleData>
		<SimpleData name="KM">KM 18.6</SimpleData>
		<SimpleData name="Latitude">1.517</SimpleData>
		<SimpleData name="Longitude">103.825</SimpleData>
	</SchemaData></ExtendedData>
      <Point><coordinates>103.824898742203,1.51662771487043,0</coordinates></Point>
  </Placemark>
  <Placemark id="interpolated_points_pg_hala_perling.188">
	<name>PG HALA ISKANDAR PUTERI</name>
	<ExtendedData><SchemaData schemaUrl="#interpolated_points_pg_hala_perling">
		<SimpleData name="fid">1</SimpleData>
		<SimpleData name="tessellate">1</SimpleData>
		<SimpleData name="extrude">0</SimpleData>
		<SimpleData name="visibility">-1</SimpleData>
		<SimpleData name="distance">18700</SimpleData>
		<SimpleData name="angle">129.589571500325</SimpleData>
		<SimpleData name="KM">KM 18.7</SimpleData>
		<SimpleData name="Latitude">1.516</SimpleData>
		<SimpleData name="Longitude">103.826</SimpleData>
	</SchemaData></ExtendedData>
      <Point><coordinates>103.82558942108,1.51604891503676,0</coordinates></Point>
  </Placemark>
  <Placemark id="interpolated_points_pg_hala_perling.189">
	<name>PG HALA ISKANDAR PUTERI</name>
	<ExtendedData><SchemaData schemaUrl="#interpolated_points_pg_hala_perling">
		<SimpleData name="fid">1</SimpleData>
		<SimpleData name="tessellate">1</SimpleData>
		<SimpleData name="extrude">0</SimpleData>
		<SimpleData name="visibility">-1</SimpleData>
		<SimpleData name="distance">18800</SimpleData>
		<SimpleData name="angle">129.589571500325</SimpleData>
		<SimpleData name="KM">KM 18.8</SimpleData>
		<SimpleData name="Latitude">1.515</SimpleData>
		<SimpleData name="Longitude">103.826</SimpleData>
	</SchemaData></ExtendedData>
      <Point><coordinates>103.826282371017,1.51547284824268,0</coordinates></Point>
  </Placemark>
  <Placemark id="interpolated_points_pg_hala_perling.190">
	<name>PG HALA ISKANDAR PUTERI</name>
	<ExtendedData><SchemaData schemaUrl="#interpolated_points_pg_hala_perling">
		<SimpleData name="fid">1</SimpleData>
		<SimpleData name="tessellate">1</SimpleData>
		<SimpleData name="extrude">0</SimpleData>
		<SimpleData name="visibility">-1</SimpleData>
		<SimpleData name="distance">18900</SimpleData>
		<SimpleData name="angle">128.011272689846</SimpleData>
		<SimpleData name="KM">KM 18.9</SimpleData>
		<SimpleData name="Latitude">1.515</SimpleData>
		<SimpleData name="Longitude">103.827</SimpleData>
	</SchemaData></ExtendedData>
      <Point><coordinates>103.826984661447,1.51490848029332,0</coordinates></Point>
  </Placemark>
  <Placemark id="interpolated_points_pg_hala_perling.191">
	<name>PG HALA ISKANDAR PUTERI</name>
	<ExtendedData><SchemaData schemaUrl="#interpolated_points_pg_hala_perling">
		<SimpleData name="fid">1</SimpleData>
		<SimpleData name="tessellate">1</SimpleData>
		<SimpleData name="extrude">0</SimpleData>
		<SimpleData name="visibility">-1</SimpleData>
		<SimpleData name="distance">19000</SimpleData>
		<SimpleData name="angle">126.429731433112</SimpleData>
		<SimpleData name="KM">KM 19.0</SimpleData>
		<SimpleData name="Latitude">1.514</SimpleData>
		<SimpleData name="Longitude">103.828</SimpleData>
	</SchemaData></ExtendedData>
      <Point><coordinates>103.827705456631,1.51436820973429,0</coordinates></Point>
  </Placemark>
  <Placemark id="interpolated_points_pg_hala_perling.192">
	<name>PG HALA ISKANDAR PUTERI</name>
	<ExtendedData><SchemaData schemaUrl="#interpolated_points_pg_hala_perling">
		<SimpleData name="fid">1</SimpleData>
		<SimpleData name="tessellate">1</SimpleData>
		<SimpleData name="extrude">0</SimpleData>
		<SimpleData name="visibility">-1</SimpleData>
		<SimpleData name="distance">19100</SimpleData>
		<SimpleData name="angle">128.187051745376</SimpleData>
		<SimpleData name="KM">KM 19.1</SimpleData>
		<SimpleData name="Latitude">1.514</SimpleData>
		<SimpleData name="Longitude">103.828</SimpleData>
	</SchemaData></ExtendedData>
      <Point><coordinates>103.828421264955,1.51382132541811,0</coordinates></Point>
  </Placemark>
  <Placemark id="interpolated_points_pg_hala_perling.193">
	<name>PG HALA ISKANDAR PUTERI</name>
	<ExtendedData><SchemaData schemaUrl="#interpolated_points_pg_hala_perling">
		<SimpleData name="fid">1</SimpleData>
		<SimpleData name="tessellate">1</SimpleData>
		<SimpleData name="extrude">0</SimpleData>
		<SimpleData name="visibility">-1</SimpleData>
		<SimpleData name="distance">19200</SimpleData>
		<SimpleData name="angle">127.002283867564</SimpleData>
		<SimpleData name="KM">KM 19.2</SimpleData>
		<SimpleData name="Latitude">1.513</SimpleData>
		<SimpleData name="Longitude">103.829</SimpleData>
	</SchemaData></ExtendedData>
      <Point><coordinates>103.829136481494,1.51327357467275,0</coordinates></Point>
  </Placemark>
  <Placemark id="interpolated_points_pg_hala_perling.194">
	<name>PG HALA ISKANDAR PUTERI</name>
	<ExtendedData><SchemaData schemaUrl="#interpolated_points_pg_hala_perling">
		<SimpleData name="fid">1</SimpleData>
		<SimpleData name="tessellate">1</SimpleData>
		<SimpleData name="extrude">0</SimpleData>
		<SimpleData name="visibility">-1</SimpleData>
		<SimpleData name="distance">19300</SimpleData>
		<SimpleData name="angle">125.830117981663</SimpleData>
		<SimpleData name="KM">KM 19.3</SimpleData>
		<SimpleData name="Latitude">1.513</SimpleData>
		<SimpleData name="Longitude">103.830</SimpleData>
	</SchemaData></ExtendedData>
      <Point><coordinates>103.829873347854,1.51275595724878,0</coordinates></Point>
  </Placemark>
  <Placemark id="interpolated_points_pg_hala_perling.195">
	<name>PG HALA ISKANDAR PUTERI</name>
	<ExtendedData><SchemaData schemaUrl="#interpolated_points_pg_hala_perling">
		<SimpleData name="fid">1</SimpleData>
		<SimpleData name="tessellate">1</SimpleData>
		<SimpleData name="extrude">0</SimpleData>
		<SimpleData name="visibility">-1</SimpleData>
		<SimpleData name="distance">19400</SimpleData>
		<SimpleData name="angle">122.88833994037</SimpleData>
		<SimpleData name="KM">KM 19.4</SimpleData>
		<SimpleData name="Latitude">1.512</SimpleData>
		<SimpleData name="Longitude">103.831</SimpleData>
	</SchemaData></ExtendedData>
      <Point><coordinates>103.830611344097,1.51224012635839,0</coordinates></Point>
  </Placemark>
  <Placemark id="interpolated_points_pg_hala_perling.196">
	<name>PG HALA ISKANDAR PUTERI</name>
	<ExtendedData><SchemaData schemaUrl="#interpolated_points_pg_hala_perling">
		<SimpleData name="fid">1</SimpleData>
		<SimpleData name="tessellate">1</SimpleData>
		<SimpleData name="extrude">0</SimpleData>
		<SimpleData name="visibility">-1</SimpleData>
		<SimpleData name="distance">19500</SimpleData>
		<SimpleData name="angle">121.087850858899</SimpleData>
		<SimpleData name="KM">KM 19.5</SimpleData>
		<SimpleData name="Latitude">1.512</SimpleData>
		<SimpleData name="Longitude">103.831</SimpleData>
	</SchemaData></ExtendedData>
      <Point><coordinates>103.831371398141,1.5117582435659,0</coordinates></Point>
  </Placemark>
  <Placemark id="interpolated_points_pg_hala_perling.197">
	<name>PG HALA ISKANDAR PUTERI</name>
	<ExtendedData><SchemaData schemaUrl="#interpolated_points_pg_hala_perling">
		<SimpleData name="fid">1</SimpleData>
		<SimpleData name="tessellate">1</SimpleData>
		<SimpleData name="extrude">0</SimpleData>
		<SimpleData name="visibility">-1</SimpleData>
		<SimpleData name="distance">19600</SimpleData>
		<SimpleData name="angle">117.704648403472</SimpleData>
		<SimpleData name="KM">KM 19.6</SimpleData>
		<SimpleData name="Latitude">1.511</SimpleData>
		<SimpleData name="Longitude">103.832</SimpleData>
	</SchemaData></ExtendedData>
      <Point><coordinates>103.832151289273,1.51130904178794,0</coordinates></Point>
  </Placemark>
  <Placemark id="interpolated_points_pg_hala_perling.198">
	<name>PG HALA ISKANDAR PUTERI</name>
	<ExtendedData><SchemaData schemaUrl="#interpolated_points_pg_hala_perling">
		<SimpleData name="fid">1</SimpleData>
		<SimpleData name="tessellate">1</SimpleData>
		<SimpleData name="extrude">0</SimpleData>
		<SimpleData name="visibility">-1</SimpleData>
		<SimpleData name="distance">19700</SimpleData>
		<SimpleData name="angle">119.282247509597</SimpleData>
		<SimpleData name="KM">KM 19.7</SimpleData>
		<SimpleData name="Latitude">1.511</SimpleData>
		<SimpleData name="Longitude">103.833</SimpleData>
	</SchemaData></ExtendedData>
      <Point><coordinates>103.83293858796,1.51087279590183,0</coordinates></Point>
  </Placemark>
  <Placemark id="interpolated_points_pg_hala_perling.199">
	<name>PG HALA ISKANDAR PUTERI</name>
	<ExtendedData><SchemaData schemaUrl="#interpolated_points_pg_hala_perling">
		<SimpleData name="fid">1</SimpleData>
		<SimpleData name="tessellate">1</SimpleData>
		<SimpleData name="extrude">0</SimpleData>
		<SimpleData name="visibility">-1</SimpleData>
		<SimpleData name="distance">19800</SimpleData>
		<SimpleData name="angle">119.043429589272</SimpleData>
		<SimpleData name="KM">KM 19.8</SimpleData>
		<SimpleData name="Latitude">1.510</SimpleData>
		<SimpleData name="Longitude">103.834</SimpleData>
	</SchemaData></ExtendedData>
      <Point><coordinates>103.833728007474,1.51044041445511,0</coordinates></Point>
  </Placemark>
  <Placemark id="interpolated_points_pg_hala_perling.200">
	<name>PG HALA ISKANDAR PUTERI</name>
	<ExtendedData><SchemaData schemaUrl="#interpolated_points_pg_hala_perling">
		<SimpleData name="fid">1</SimpleData>
		<SimpleData name="tessellate">1</SimpleData>
		<SimpleData name="extrude">0</SimpleData>
		<SimpleData name="visibility">-1</SimpleData>
		<SimpleData name="distance">19900</SimpleData>
		<SimpleData name="angle">117.527069439711</SimpleData>
		<SimpleData name="KM">KM 19.9</SimpleData>
		<SimpleData name="Latitude">1.510</SimpleData>
		<SimpleData name="Longitude">103.835</SimpleData>
	</SchemaData></ExtendedData>
      <Point><coordinates>103.834536170708,1.51004629155444,0</coordinates></Point>
  </Placemark>
  <Placemark id="interpolated_points_pg_hala_perling.201">
	<name>PG HALA ISKANDAR PUTERI</name>
	<ExtendedData><SchemaData schemaUrl="#interpolated_points_pg_hala_perling">
		<SimpleData name="fid">1</SimpleData>
		<SimpleData name="tessellate">1</SimpleData>
		<SimpleData name="extrude">0</SimpleData>
		<SimpleData name="visibility">-1</SimpleData>
		<SimpleData name="distance">20000</SimpleData>
		<SimpleData name="angle">113.720488742184</SimpleData>
		<SimpleData name="KM">KM 20.0</SimpleData>
		<SimpleData name="Latitude">1.510</SimpleData>
		<SimpleData name="Longitude">103.835</SimpleData>
	</SchemaData></ExtendedData>
      <Point><coordinates>103.835353284097,1.50967036809714,0</coordinates></Point>
  </Placemark>
  <Placemark id="interpolated_points_pg_hala_perling.202">
	<name>PG HALA ISKANDAR PUTERI</name>
	<ExtendedData><SchemaData schemaUrl="#interpolated_points_pg_hala_perling">
		<SimpleData name="fid">1</SimpleData>
		<SimpleData name="tessellate">1</SimpleData>
		<SimpleData name="extrude">0</SimpleData>
		<SimpleData name="visibility">-1</SimpleData>
		<SimpleData name="distance">20100</SimpleData>
		<SimpleData name="angle">114.122224643265</SimpleData>
		<SimpleData name="KM">KM 20.1</SimpleData>
		<SimpleData name="Latitude">1.509</SimpleData>
		<SimpleData name="Longitude">103.836</SimpleData>
	</SchemaData></ExtendedData>
      <Point><coordinates>103.836174215622,1.50930210300349,0</coordinates></Point>
  </Placemark>
  <Placemark id="interpolated_points_pg_hala_perling.203">
	<name>PG HALA ISKANDAR PUTERI</name>
	<ExtendedData><SchemaData schemaUrl="#interpolated_points_pg_hala_perling">
		<SimpleData name="fid">1</SimpleData>
		<SimpleData name="tessellate">1</SimpleData>
		<SimpleData name="extrude">0</SimpleData>
		<SimpleData name="visibility">-1</SimpleData>
		<SimpleData name="distance">20200</SimpleData>
		<SimpleData name="angle">113.097465249282</SimpleData>
		<SimpleData name="KM">KM 20.2</SimpleData>
		<SimpleData name="Latitude">1.509</SimpleData>
		<SimpleData name="Longitude">103.837</SimpleData>
	</SchemaData></ExtendedData>
      <Point><coordinates>103.836997582933,1.50893960732944,0</coordinates></Point>
  </Placemark>
  <Placemark id="interpolated_points_pg_hala_perling.204">
	<name>PG HALA ISKANDAR PUTERI</name>
	<ExtendedData><SchemaData schemaUrl="#interpolated_points_pg_hala_perling">
		<SimpleData name="fid">1</SimpleData>
		<SimpleData name="tessellate">1</SimpleData>
		<SimpleData name="extrude">0</SimpleData>
		<SimpleData name="visibility">-1</SimpleData>
		<SimpleData name="distance">20300</SimpleData>
		<SimpleData name="angle">113.466053771818</SimpleData>
		<SimpleData name="KM">KM 20.3</SimpleData>
		<SimpleData name="Latitude">1.509</SimpleData>
		<SimpleData name="Longitude">103.838</SimpleData>
	</SchemaData></ExtendedData>
      <Point><coordinates>103.837822493248,1.5085804561938,0</coordinates></Point>
  </Placemark>
  <Placemark id="interpolated_points_pg_hala_perling.205">
	<name>PG HALA ISKANDAR PUTERI</name>
	<ExtendedData><SchemaData schemaUrl="#interpolated_points_pg_hala_perling">
		<SimpleData name="fid">1</SimpleData>
		<SimpleData name="tessellate">1</SimpleData>
		<SimpleData name="extrude">0</SimpleData>
		<SimpleData name="visibility">-1</SimpleData>
		<SimpleData name="distance">20400</SimpleData>
		<SimpleData name="angle">115.091460194397</SimpleData>
		<SimpleData name="KM">KM 20.4</SimpleData>
		<SimpleData name="Latitude">1.508</SimpleData>
		<SimpleData name="Longitude">103.839</SimpleData>
	</SchemaData></ExtendedData>
      <Point><coordinates>103.838646295761,1.50821880199791,0</coordinates></Point>
  </Placemark>
  <Placemark id="interpolated_points_pg_hala_perling.206">
	<name>PG HALA ISKANDAR PUTERI</name>
	<ExtendedData><SchemaData schemaUrl="#interpolated_points_pg_hala_perling">
		<SimpleData name="fid">1</SimpleData>
		<SimpleData name="tessellate">1</SimpleData>
		<SimpleData name="extrude">0</SimpleData>
		<SimpleData name="visibility">-1</SimpleData>
		<SimpleData name="distance">20500</SimpleData>
		<SimpleData name="angle">113.171359558691</SimpleData>
		<SimpleData name="KM">KM 20.5</SimpleData>
		<SimpleData name="Latitude">1.508</SimpleData>
		<SimpleData name="Longitude">103.839</SimpleData>
	</SchemaData></ExtendedData>
      <Point><coordinates>103.839471211961,1.50785980136818,0</coordinates></Point>
  </Placemark>
  <Placemark id="interpolated_points_pg_hala_perling.207">
	<name>PG HALA ISKANDAR PUTERI</name>
	<ExtendedData><SchemaData schemaUrl="#interpolated_points_pg_hala_perling">
		<SimpleData name="fid">1</SimpleData>
		<SimpleData name="tessellate">1</SimpleData>
		<SimpleData name="extrude">0</SimpleData>
		<SimpleData name="visibility">-1</SimpleData>
		<SimpleData name="distance">20600</SimpleData>
		<SimpleData name="angle">110.576482698398</SimpleData>
		<SimpleData name="KM">KM 20.6</SimpleData>
		<SimpleData name="Latitude">1.508</SimpleData>
		<SimpleData name="Longitude">103.840</SimpleData>
	</SchemaData></ExtendedData>
      <Point><coordinates>103.84030901305,1.50753274081158,0</coordinates></Point>
  </Placemark>
  <Placemark id="interpolated_points_pg_hala_perling.208">
	<name>PG HALA ISKANDAR PUTERI</name>
	<ExtendedData><SchemaData schemaUrl="#interpolated_points_pg_hala_perling">
		<SimpleData name="fid">1</SimpleData>
		<SimpleData name="tessellate">1</SimpleData>
		<SimpleData name="extrude">0</SimpleData>
		<SimpleData name="visibility">-1</SimpleData>
		<SimpleData name="distance">20700</SimpleData>
		<SimpleData name="angle">109.569061366239</SimpleData>
		<SimpleData name="KM">KM 20.7</SimpleData>
		<SimpleData name="Latitude">1.507</SimpleData>
		<SimpleData name="Longitude">103.841</SimpleData>
	</SchemaData></ExtendedData>
      <Point><coordinates>103.841156316798,1.50723202971629,0</coordinates></Point>
  </Placemark>
  <Placemark id="interpolated_points_pg_hala_perling.209">
	<name>PG HALA ISKANDAR PUTERI</name>
	<ExtendedData><SchemaData schemaUrl="#interpolated_points_pg_hala_perling">
		<SimpleData name="fid">1</SimpleData>
		<SimpleData name="tessellate">1</SimpleData>
		<SimpleData name="extrude">0</SimpleData>
		<SimpleData name="visibility">-1</SimpleData>
		<SimpleData name="distance">20800</SimpleData>
		<SimpleData name="angle">106.165161937907</SimpleData>
		<SimpleData name="KM">KM 20.8</SimpleData>
		<SimpleData name="Latitude">1.507</SimpleData>
		<SimpleData name="Longitude">103.842</SimpleData>
	</SchemaData></ExtendedData>
      <Point><coordinates>103.842012557343,1.50695723016542,0</coordinates></Point>
  </Placemark>
  <Placemark id="interpolated_points_pg_hala_perling.210">
	<name>PG HALA ISKANDAR PUTERI</name>
	<ExtendedData><SchemaData schemaUrl="#interpolated_points_pg_hala_perling">
		<SimpleData name="fid">1</SimpleData>
		<SimpleData name="tessellate">1</SimpleData>
		<SimpleData name="extrude">0</SimpleData>
		<SimpleData name="visibility">-1</SimpleData>
		<SimpleData name="distance">20900</SimpleData>
		<SimpleData name="angle">106.268275227149</SimpleData>
		<SimpleData name="KM">KM 20.9</SimpleData>
		<SimpleData name="Latitude">1.507</SimpleData>
		<SimpleData name="Longitude">103.843</SimpleData>
	</SchemaData></ExtendedData>
      <Point><coordinates>103.842875856357,1.50670552488481,0</coordinates></Point>
  </Placemark>
  <Placemark id="interpolated_points_pg_hala_perling.211">
	<name>PG HALA ISKANDAR PUTERI</name>
	<ExtendedData><SchemaData schemaUrl="#interpolated_points_pg_hala_perling">
		<SimpleData name="fid">1</SimpleData>
		<SimpleData name="tessellate">1</SimpleData>
		<SimpleData name="extrude">0</SimpleData>
		<SimpleData name="visibility">-1</SimpleData>
		<SimpleData name="distance">21000</SimpleData>
		<SimpleData name="angle">106.077576092681</SimpleData>
		<SimpleData name="KM">KM 21.0</SimpleData>
		<SimpleData name="Latitude">1.506</SimpleData>
		<SimpleData name="Longitude">103.844</SimpleData>
	</SchemaData></ExtendedData>
      <Point><coordinates>103.843739253459,1.5064541635169,0</coordinates></Point>
  </Placemark>
  <Placemark id="interpolated_points_pg_hala_perling.212">
	<name>PG HALA ISKANDAR PUTERI</name>
	<ExtendedData><SchemaData schemaUrl="#interpolated_points_pg_hala_perling">
		<SimpleData name="fid">1</SimpleData>
		<SimpleData name="tessellate">1</SimpleData>
		<SimpleData name="extrude">0</SimpleData>
		<SimpleData name="visibility">-1</SimpleData>
		<SimpleData name="distance">21100</SimpleData>
		<SimpleData name="angle">105.43157030339</SimpleData>
		<SimpleData name="KM">KM 21.1</SimpleData>
		<SimpleData name="Latitude">1.506</SimpleData>
		<SimpleData name="Longitude">103.845</SimpleData>
	</SchemaData></ExtendedData>
      <Point><coordinates>103.844604852413,1.50621063505457,0</coordinates></Point>
  </Placemark>
  <Placemark id="interpolated_points_pg_hala_perling.213">
	<name>PG HALA ISKANDAR PUTERI</name>
	<ExtendedData><SchemaData schemaUrl="#interpolated_points_pg_hala_perling">
		<SimpleData name="fid">1</SimpleData>
		<SimpleData name="tessellate">1</SimpleData>
		<SimpleData name="extrude">0</SimpleData>
		<SimpleData name="visibility">-1</SimpleData>
		<SimpleData name="distance">21200</SimpleData>
		<SimpleData name="angle">108.075338785707</SimpleData>
		<SimpleData name="KM">KM 21.2</SimpleData>
		<SimpleData name="Latitude">1.506</SimpleData>
		<SimpleData name="Longitude">103.845</SimpleData>
	</SchemaData></ExtendedData>
      <Point><coordinates>103.8454654355,1.50595051297797,0</coordinates></Point>
  </Placemark>
  <Placemark id="interpolated_points_pg_hala_perling.214">
	<name>PG HALA ISKANDAR PUTERI</name>
	<ExtendedData><SchemaData schemaUrl="#interpolated_points_pg_hala_perling">
		<SimpleData name="fid">1</SimpleData>
		<SimpleData name="tessellate">1</SimpleData>
		<SimpleData name="extrude">0</SimpleData>
		<SimpleData name="visibility">-1</SimpleData>
		<SimpleData name="distance">21300</SimpleData>
		<SimpleData name="angle">111.706224265872</SimpleData>
		<SimpleData name="KM">KM 21.3</SimpleData>
		<SimpleData name="Latitude">1.506</SimpleData>
		<SimpleData name="Longitude">103.846</SimpleData>
	</SchemaData></ExtendedData>
      <Point><coordinates>103.846318557932,1.50566657683313,0</coordinates></Point>
  </Placemark>
  <Placemark id="interpolated_points_pg_hala_perling.215">
	<name>PG HALA ISKANDAR PUTERI</name>
	<ExtendedData><SchemaData schemaUrl="#interpolated_points_pg_hala_perling">
		<SimpleData name="fid">1</SimpleData>
		<SimpleData name="tessellate">1</SimpleData>
		<SimpleData name="extrude">0</SimpleData>
		<SimpleData name="visibility">-1</SimpleData>
		<SimpleData name="distance">21400</SimpleData>
		<SimpleData name="angle">114.53907292154</SimpleData>
		<SimpleData name="KM">KM 21.4</SimpleData>
		<SimpleData name="Latitude">1.505</SimpleData>
		<SimpleData name="Longitude">103.847</SimpleData>
	</SchemaData></ExtendedData>
      <Point><coordinates>103.847142414373,1.50530536289394,0</coordinates></Point>
  </Placemark>
  <Placemark id="interpolated_points_pg_hala_perling.216">
	<name>PG HALA ISKANDAR PUTERI</name>
	<ExtendedData><SchemaData schemaUrl="#interpolated_points_pg_hala_perling">
		<SimpleData name="fid">1</SimpleData>
		<SimpleData name="tessellate">1</SimpleData>
		<SimpleData name="extrude">0</SimpleData>
		<SimpleData name="visibility">-1</SimpleData>
		<SimpleData name="distance">21500</SimpleData>
		<SimpleData name="angle">112.615024802078</SimpleData>
		<SimpleData name="KM">KM 21.5</SimpleData>
		<SimpleData name="Latitude">1.505</SimpleData>
		<SimpleData name="Longitude">103.848</SimpleData>
	</SchemaData></ExtendedData>
      <Point><coordinates>103.847965688642,1.50494273499507,0</coordinates></Point>
  </Placemark>
  <Placemark id="interpolated_points_pg_hala_perling.217">
	<name>PG HALA ISKANDAR PUTERI</name>
	<ExtendedData><SchemaData schemaUrl="#interpolated_points_pg_hala_perling">
		<SimpleData name="fid">1</SimpleData>
		<SimpleData name="tessellate">1</SimpleData>
		<SimpleData name="extrude">0</SimpleData>
		<SimpleData name="visibility">-1</SimpleData>
		<SimpleData name="distance">21600</SimpleData>
		<SimpleData name="angle">113.436988043372</SimpleData>
		<SimpleData name="KM">KM 21.6</SimpleData>
		<SimpleData name="Latitude">1.505</SimpleData>
		<SimpleData name="Longitude">103.849</SimpleData>
	</SchemaData></ExtendedData>
      <Point><coordinates>103.848790854167,1.5045841824185,0</coordinates></Point>
  </Placemark>
  <Placemark id="interpolated_points_pg_hala_perling.218">
	<name>PG HALA ISKANDAR PUTERI</name>
	<ExtendedData><SchemaData schemaUrl="#interpolated_points_pg_hala_perling">
		<SimpleData name="fid">1</SimpleData>
		<SimpleData name="tessellate">1</SimpleData>
		<SimpleData name="extrude">0</SimpleData>
		<SimpleData name="visibility">-1</SimpleData>
		<SimpleData name="distance">21700</SimpleData>
		<SimpleData name="angle">114.467919783982</SimpleData>
		<SimpleData name="KM">KM 21.7</SimpleData>
		<SimpleData name="Latitude">1.504</SimpleData>
		<SimpleData name="Longitude">103.850</SimpleData>
	</SchemaData></ExtendedData>
      <Point><coordinates>103.849611033535,1.50421428370548,0</coordinates></Point>
  </Placemark>
  <Placemark id="interpolated_points_pg_hala_perling.219">
	<name>PG HALA ISKANDAR PUTERI</name>
	<ExtendedData><SchemaData schemaUrl="#interpolated_points_pg_hala_perling">
		<SimpleData name="fid">1</SimpleData>
		<SimpleData name="tessellate">1</SimpleData>
		<SimpleData name="extrude">0</SimpleData>
		<SimpleData name="visibility">-1</SimpleData>
		<SimpleData name="distance">21800</SimpleData>
		<SimpleData name="angle">114.467919783982</SimpleData>
		<SimpleData name="KM">KM 21.8</SimpleData>
		<SimpleData name="Latitude">1.504</SimpleData>
		<SimpleData name="Longitude">103.850</SimpleData>
	</SchemaData></ExtendedData>
      <Point><coordinates>103.850429311528,1.50384007109022,0</coordinates></Point>
  </Placemark>
  <Placemark id="interpolated_points_pg_hala_perling.220">
	<name>PG HALA ISKANDAR PUTERI</name>
	<ExtendedData><SchemaData schemaUrl="#interpolated_points_pg_hala_perling">
		<SimpleData name="fid">1</SimpleData>
		<SimpleData name="tessellate">1</SimpleData>
		<SimpleData name="extrude">0</SimpleData>
		<SimpleData name="visibility">-1</SimpleData>
		<SimpleData name="distance">21900</SimpleData>
		<SimpleData name="angle">115.343258474298</SimpleData>
		<SimpleData name="KM">KM 21.9</SimpleData>
		<SimpleData name="Latitude">1.503</SimpleData>
		<SimpleData name="Longitude">103.851</SimpleData>
	</SchemaData></ExtendedData>
      <Point><coordinates>103.851243512355,1.50345700860216,0</coordinates></Point>
  </Placemark>
  <Placemark id="interpolated_points_pg_hala_perling.221">
	<name>PG HALA ISKANDAR PUTERI</name>
	<ExtendedData><SchemaData schemaUrl="#interpolated_points_pg_hala_perling">
		<SimpleData name="fid">1</SimpleData>
		<SimpleData name="tessellate">1</SimpleData>
		<SimpleData name="extrude">0</SimpleData>
		<SimpleData name="visibility">-1</SimpleData>
		<SimpleData name="distance">22000</SimpleData>
		<SimpleData name="angle">115.343258474298</SimpleData>
		<SimpleData name="KM">KM 22.0</SimpleData>
		<SimpleData name="Latitude">1.503</SimpleData>
		<SimpleData name="Longitude">103.852</SimpleData>
	</SchemaData></ExtendedData>
      <Point><coordinates>103.852056014111,1.50307025795806,0</coordinates></Point>
  </Placemark>
  <Placemark id="interpolated_points_pg_hala_perling.222">
	<name>PG HALA ISKANDAR PUTERI</name>
	<ExtendedData><SchemaData schemaUrl="#interpolated_points_pg_hala_perling">
		<SimpleData name="fid">1</SimpleData>
		<SimpleData name="tessellate">1</SimpleData>
		<SimpleData name="extrude">0</SimpleData>
		<SimpleData name="visibility">-1</SimpleData>
		<SimpleData name="distance">22100</SimpleData>
		<SimpleData name="angle">115.343258474298</SimpleData>
		<SimpleData name="KM">KM 22.1</SimpleData>
		<SimpleData name="Latitude">1.503</SimpleData>
		<SimpleData name="Longitude">103.853</SimpleData>
	</SchemaData></ExtendedData>
      <Point><coordinates>103.852868515761,1.50268350678722,0</coordinates></Point>
  </Placemark>
  <Placemark id="interpolated_points_pg_hala_perling.223">
	<name>PG HALA ISKANDAR PUTERI</name>
	<ExtendedData><SchemaData schemaUrl="#interpolated_points_pg_hala_perling">
		<SimpleData name="fid">1</SimpleData>
		<SimpleData name="tessellate">1</SimpleData>
		<SimpleData name="extrude">0</SimpleData>
		<SimpleData name="visibility">-1</SimpleData>
		<SimpleData name="distance">22200</SimpleData>
		<SimpleData name="angle">114.771429695506</SimpleData>
		<SimpleData name="KM">KM 22.2</SimpleData>
		<SimpleData name="Latitude">1.502</SimpleData>
		<SimpleData name="Longitude">103.854</SimpleData>
	</SchemaData></ExtendedData>
      <Point><coordinates>103.853679039937,1.50229261917561,0</coordinates></Point>
  </Placemark>
  <Placemark id="interpolated_points_pg_hala_perling.224">
	<name>PG HALA ISKANDAR PUTERI</name>
	<ExtendedData><SchemaData schemaUrl="#interpolated_points_pg_hala_perling">
		<SimpleData name="fid">1</SimpleData>
		<SimpleData name="tessellate">1</SimpleData>
		<SimpleData name="extrude">0</SimpleData>
		<SimpleData name="visibility">-1</SimpleData>
		<SimpleData name="distance">22300</SimpleData>
		<SimpleData name="angle">114.61282204773</SimpleData>
		<SimpleData name="KM">KM 22.3</SimpleData>
		<SimpleData name="Latitude">1.502</SimpleData>
		<SimpleData name="Longitude">103.854</SimpleData>
	</SchemaData></ExtendedData>
      <Point><coordinates>103.854495571961,1.50191456354868,0</coordinates></Point>
  </Placemark>
  <Placemark id="interpolated_points_pg_hala_perling.225">
	<name>PG HALA ISKANDAR PUTERI</name>
	<ExtendedData><SchemaData schemaUrl="#interpolated_points_pg_hala_perling">
		<SimpleData name="fid">1</SimpleData>
		<SimpleData name="tessellate">1</SimpleData>
		<SimpleData name="extrude">0</SimpleData>
		<SimpleData name="visibility">-1</SimpleData>
		<SimpleData name="distance">22400</SimpleData>
		<SimpleData name="angle">114.61282204773</SimpleData>
		<SimpleData name="KM">KM 22.4</SimpleData>
		<SimpleData name="Latitude">1.502</SimpleData>
		<SimpleData name="Longitude">103.855</SimpleData>
	</SchemaData></ExtendedData>
      <Point><coordinates>103.855312906366,1.50153826631467,0</coordinates></Point>
  </Placemark>
  <Placemark id="interpolated_points_pg_hala_perling.226">
	<name>PG HALA ISKANDAR PUTERI</name>
	<ExtendedData><SchemaData schemaUrl="#interpolated_points_pg_hala_perling">
		<SimpleData name="fid">1</SimpleData>
		<SimpleData name="tessellate">1</SimpleData>
		<SimpleData name="extrude">0</SimpleData>
		<SimpleData name="visibility">-1</SimpleData>
		<SimpleData name="distance">22500</SimpleData>
		<SimpleData name="angle">114.61282204773</SimpleData>
		<SimpleData name="KM">KM 22.5</SimpleData>
		<SimpleData name="Latitude">1.501</SimpleData>
		<SimpleData name="Longitude">103.856</SimpleData>
	</SchemaData></ExtendedData>
      <Point><coordinates>103.856130240677,1.50116196855598,0</coordinates></Point>
  </Placemark>
  <Placemark id="interpolated_points_pg_hala_perling.227">
	<name>PG HALA ISKANDAR PUTERI</name>
	<ExtendedData><SchemaData schemaUrl="#interpolated_points_pg_hala_perling">
		<SimpleData name="fid">1</SimpleData>
		<SimpleData name="tessellate">1</SimpleData>
		<SimpleData name="extrude">0</SimpleData>
		<SimpleData name="visibility">-1</SimpleData>
		<SimpleData name="distance">22600</SimpleData>
		<SimpleData name="angle">114.666514194179</SimpleData>
		<SimpleData name="KM">KM 22.6</SimpleData>
		<SimpleData name="Latitude">1.501</SimpleData>
		<SimpleData name="Longitude">103.857</SimpleData>
	</SchemaData></ExtendedData>
      <Point><coordinates>103.856947309866,1.5007850879676,0</coordinates></Point>
  </Placemark>
  <Placemark id="interpolated_points_pg_hala_perling.228">
	<name>PG HALA ISKANDAR PUTERI</name>
	<ExtendedData><SchemaData schemaUrl="#interpolated_points_pg_hala_perling">
		<SimpleData name="fid">1</SimpleData>
		<SimpleData name="tessellate">1</SimpleData>
		<SimpleData name="extrude">0</SimpleData>
		<SimpleData name="visibility">-1</SimpleData>
		<SimpleData name="distance">22700</SimpleData>
		<SimpleData name="angle">114.682664667802</SimpleData>
		<SimpleData name="KM">KM 22.7</SimpleData>
		<SimpleData name="Latitude">1.500</SimpleData>
		<SimpleData name="Longitude">103.858</SimpleData>
	</SchemaData></ExtendedData>
      <Point><coordinates>103.857764292681,1.50040801728602,0</coordinates></Point>
  </Placemark>
  <Placemark id="interpolated_points_pg_hala_perling.229">
	<name>PG HALA ISKANDAR PUTERI</name>
	<ExtendedData><SchemaData schemaUrl="#interpolated_points_pg_hala_perling">
		<SimpleData name="fid">1</SimpleData>
		<SimpleData name="tessellate">1</SimpleData>
		<SimpleData name="extrude">0</SimpleData>
		<SimpleData name="visibility">-1</SimpleData>
		<SimpleData name="distance">22800</SimpleData>
		<SimpleData name="angle">114.682664667802</SimpleData>
		<SimpleData name="KM">KM 22.8</SimpleData>
		<SimpleData name="Latitude">1.500</SimpleData>
		<SimpleData name="Longitude">103.859</SimpleData>
	</SchemaData></ExtendedData>
      <Point><coordinates>103.858581170309,1.50003071555128,0</coordinates></Point>
  </Placemark>
  <Placemark id="interpolated_points_pg_hala_perling.230">
	<name>PG HALA ISKANDAR PUTERI</name>
	<ExtendedData><SchemaData schemaUrl="#interpolated_points_pg_hala_perling">
		<SimpleData name="fid">1</SimpleData>
		<SimpleData name="tessellate">1</SimpleData>
		<SimpleData name="extrude">0</SimpleData>
		<SimpleData name="visibility">-1</SimpleData>
		<SimpleData name="distance">22900</SimpleData>
		<SimpleData name="angle">114.682664667802</SimpleData>
		<SimpleData name="KM">KM 22.9</SimpleData>
		<SimpleData name="Latitude">1.500</SimpleData>
		<SimpleData name="Longitude">103.859</SimpleData>
	</SchemaData></ExtendedData>
      <Point><coordinates>103.859398047842,1.49965341329266,0</coordinates></Point>
  </Placemark>
  <Placemark id="interpolated_points_pg_hala_perling.231">
	<name>PG HALA ISKANDAR PUTERI</name>
	<ExtendedData><SchemaData schemaUrl="#interpolated_points_pg_hala_perling">
		<SimpleData name="fid">1</SimpleData>
		<SimpleData name="tessellate">1</SimpleData>
		<SimpleData name="extrude">0</SimpleData>
		<SimpleData name="visibility">-1</SimpleData>
		<SimpleData name="distance">23000</SimpleData>
		<SimpleData name="angle">114.121278086526</SimpleData>
		<SimpleData name="KM">KM 23.0</SimpleData>
		<SimpleData name="Latitude">1.499</SimpleData>
		<SimpleData name="Longitude">103.860</SimpleData>
	</SchemaData></ExtendedData>
      <Point><coordinates>103.860215925917,1.49927833337242,0</coordinates></Point>
  </Placemark>
  <Placemark id="interpolated_points_pg_hala_perling.232">
	<name>PG HALA ISKANDAR PUTERI</name>
	<ExtendedData><SchemaData schemaUrl="#interpolated_points_pg_hala_perling">
		<SimpleData name="fid">1</SimpleData>
		<SimpleData name="tessellate">1</SimpleData>
		<SimpleData name="extrude">0</SimpleData>
		<SimpleData name="visibility">-1</SimpleData>
		<SimpleData name="distance">23100</SimpleData>
		<SimpleData name="angle">115.8114756718</SimpleData>
		<SimpleData name="KM">KM 23.1</SimpleData>
		<SimpleData name="Latitude">1.499</SimpleData>
		<SimpleData name="Longitude">103.861</SimpleData>
	</SchemaData></ExtendedData>
      <Point><coordinates>103.861030355237,1.49889593848082,0</coordinates></Point>
  </Placemark>
  <Placemark id="interpolated_points_pg_hala_perling.233">
	<name>PG HALA ISKANDAR PUTERI</name>
	<ExtendedData><SchemaData schemaUrl="#interpolated_points_pg_hala_perling">
		<SimpleData name="fid">1</SimpleData>
		<SimpleData name="tessellate">1</SimpleData>
		<SimpleData name="extrude">0</SimpleData>
		<SimpleData name="visibility">-1</SimpleData>
		<SimpleData name="distance">23200</SimpleData>
		<SimpleData name="angle">113.470982486517</SimpleData>
		<SimpleData name="KM">KM 23.2</SimpleData>
		<SimpleData name="Latitude">1.499</SimpleData>
		<SimpleData name="Longitude">103.862</SimpleData>
	</SchemaData></ExtendedData>
      <Point><coordinates>103.861849694812,1.49852449681177,0</coordinates></Point>
  </Placemark>
  <Placemark id="interpolated_points_pg_hala_perling.234">
	<name>PG HALA ISKANDAR PUTERI</name>
	<ExtendedData><SchemaData schemaUrl="#interpolated_points_pg_hala_perling">
		<SimpleData name="fid">1</SimpleData>
		<SimpleData name="tessellate">1</SimpleData>
		<SimpleData name="extrude">0</SimpleData>
		<SimpleData name="visibility">-1</SimpleData>
		<SimpleData name="distance">23300</SimpleData>
		<SimpleData name="angle">115.090511619439</SimpleData>
		<SimpleData name="KM">KM 23.3</SimpleData>
		<SimpleData name="Latitude">1.498</SimpleData>
		<SimpleData name="Longitude">103.863</SimpleData>
	</SchemaData></ExtendedData>
      <Point><coordinates>103.862653835442,1.4981205480552,0</coordinates></Point>
  </Placemark>
  <Placemark id="interpolated_points_pg_hala_perling.235">
	<name>PG HALA ISKANDAR PUTERI</name>
	<ExtendedData><SchemaData schemaUrl="#interpolated_points_pg_hala_perling">
		<SimpleData name="fid">1</SimpleData>
		<SimpleData name="tessellate">1</SimpleData>
		<SimpleData name="extrude">0</SimpleData>
		<SimpleData name="visibility">-1</SimpleData>
		<SimpleData name="distance">23400</SimpleData>
		<SimpleData name="angle">115.051307044635</SimpleData>
		<SimpleData name="KM">KM 23.4</SimpleData>
		<SimpleData name="Latitude">1.498</SimpleData>
		<SimpleData name="Longitude">103.863</SimpleData>
	</SchemaData></ExtendedData>
      <Point><coordinates>103.863468038458,1.4977374339487,0</coordinates></Point>
  </Placemark>
  <Placemark id="interpolated_points_pg_hala_perling.236">
	<name>PG HALA ISKANDAR PUTERI</name>
	<ExtendedData><SchemaData schemaUrl="#interpolated_points_pg_hala_perling">
		<SimpleData name="fid">1</SimpleData>
		<SimpleData name="tessellate">1</SimpleData>
		<SimpleData name="extrude">0</SimpleData>
		<SimpleData name="visibility">-1</SimpleData>
		<SimpleData name="distance">23500</SimpleData>
		<SimpleData name="angle">115.051307044635</SimpleData>
		<SimpleData name="KM">KM 23.5</SimpleData>
		<SimpleData name="Latitude">1.497</SimpleData>
		<SimpleData name="Longitude">103.864</SimpleData>
	</SchemaData></ExtendedData>
      <Point><coordinates>103.864282486331,1.49735484700115,0</coordinates></Point>
  </Placemark>
  <Placemark id="interpolated_points_pg_hala_perling.237">
	<name>PG HALA ISKANDAR PUTERI</name>
	<ExtendedData><SchemaData schemaUrl="#interpolated_points_pg_hala_perling">
		<SimpleData name="fid">1</SimpleData>
		<SimpleData name="tessellate">1</SimpleData>
		<SimpleData name="extrude">0</SimpleData>
		<SimpleData name="visibility">-1</SimpleData>
		<SimpleData name="distance">23600</SimpleData>
		<SimpleData name="angle">115.051307044635</SimpleData>
		<SimpleData name="KM">KM 23.6</SimpleData>
		<SimpleData name="Latitude">1.497</SimpleData>
		<SimpleData name="Longitude">103.865</SimpleData>
	</SchemaData></ExtendedData>
      <Point><coordinates>103.865096934102,1.49697225953077,0</coordinates></Point>
  </Placemark>
  <Placemark id="interpolated_points_pg_hala_perling.238">
	<name>PG HALA ISKANDAR PUTERI</name>
	<ExtendedData><SchemaData schemaUrl="#interpolated_points_pg_hala_perling">
		<SimpleData name="fid">1</SimpleData>
		<SimpleData name="tessellate">1</SimpleData>
		<SimpleData name="extrude">0</SimpleData>
		<SimpleData name="visibility">-1</SimpleData>
		<SimpleData name="distance">23700</SimpleData>
		<SimpleData name="angle">115.051307044635</SimpleData>
		<SimpleData name="KM">KM 23.7</SimpleData>
		<SimpleData name="Latitude">1.497</SimpleData>
		<SimpleData name="Longitude">103.866</SimpleData>
	</SchemaData></ExtendedData>
      <Point><coordinates>103.865911381771,1.4965896715378,0</coordinates></Point>
  </Placemark>
  <Placemark id="interpolated_points_pg_hala_perling.239">
	<name>PG HALA ISKANDAR PUTERI</name>
	<ExtendedData><SchemaData schemaUrl="#interpolated_points_pg_hala_perling">
		<SimpleData name="fid">1</SimpleData>
		<SimpleData name="tessellate">1</SimpleData>
		<SimpleData name="extrude">0</SimpleData>
		<SimpleData name="visibility">-1</SimpleData>
		<SimpleData name="distance">23800</SimpleData>
		<SimpleData name="angle">114.496813081704</SimpleData>
		<SimpleData name="KM">KM 23.8</SimpleData>
		<SimpleData name="Latitude">1.496</SimpleData>
		<SimpleData name="Longitude">103.867</SimpleData>
	</SchemaData></ExtendedData>
      <Point><coordinates>103.86672804588,1.49621192303471,0</coordinates></Point>
  </Placemark>
  <Placemark id="interpolated_points_pg_hala_perling.240">
	<name>PG HALA ISKANDAR PUTERI</name>
	<ExtendedData><SchemaData schemaUrl="#interpolated_points_pg_hala_perling">
		<SimpleData name="fid">1</SimpleData>
		<SimpleData name="tessellate">1</SimpleData>
		<SimpleData name="extrude">0</SimpleData>
		<SimpleData name="visibility">-1</SimpleData>
		<SimpleData name="distance">23900</SimpleData>
		<SimpleData name="angle">114.973278732236</SimpleData>
		<SimpleData name="KM">KM 23.9</SimpleData>
		<SimpleData name="Latitude">1.496</SimpleData>
		<SimpleData name="Longitude">103.868</SimpleData>
	</SchemaData></ExtendedData>
      <Point><coordinates>103.867545194357,1.49583522819708,0</coordinates></Point>
  </Placemark>
  <Placemark id="interpolated_points_pg_hala_perling.241">
	<name>PG HALA ISKANDAR PUTERI</name>
	<ExtendedData><SchemaData schemaUrl="#interpolated_points_pg_hala_perling">
		<SimpleData name="fid">1</SimpleData>
		<SimpleData name="tessellate">1</SimpleData>
		<SimpleData name="extrude">0</SimpleData>
		<SimpleData name="visibility">-1</SimpleData>
		<SimpleData name="distance">24000</SimpleData>
		<SimpleData name="angle">119.876616054437</SimpleData>
		<SimpleData name="KM">KM 24.0</SimpleData>
		<SimpleData name="Latitude">1.495</SimpleData>
		<SimpleData name="Longitude">103.868</SimpleData>
	</SchemaData></ExtendedData>
      <Point><coordinates>103.868335553759,1.49540580704802,0</coordinates></Point>
  </Placemark>
  <Placemark id="interpolated_points_pg_hala_perling.242">
	<name>PG HALA ISKANDAR PUTERI</name>
	<ExtendedData><SchemaData schemaUrl="#interpolated_points_pg_hala_perling">
		<SimpleData name="fid">1</SimpleData>
		<SimpleData name="tessellate">1</SimpleData>
		<SimpleData name="extrude">0</SimpleData>
		<SimpleData name="visibility">-1</SimpleData>
		<SimpleData name="distance">24100</SimpleData>
		<SimpleData name="angle">121.068496069465</SimpleData>
		<SimpleData name="KM">KM 24.1</SimpleData>
		<SimpleData name="Latitude">1.495</SimpleData>
		<SimpleData name="Longitude">103.869</SimpleData>
	</SchemaData></ExtendedData>
      <Point><coordinates>103.869109362364,1.49494573834777,0</coordinates></Point>
  </Placemark>
  <Placemark id="interpolated_points_pg_hala_perling.243">
	<name>PG HALA ISKANDAR PUTERI</name>
	<ExtendedData><SchemaData schemaUrl="#interpolated_points_pg_hala_perling">
		<SimpleData name="fid">1</SimpleData>
		<SimpleData name="tessellate">1</SimpleData>
		<SimpleData name="extrude">0</SimpleData>
		<SimpleData name="visibility">-1</SimpleData>
		<SimpleData name="distance">24200</SimpleData>
		<SimpleData name="angle">124.075600806367</SimpleData>
		<SimpleData name="KM">KM 24.2</SimpleData>
		<SimpleData name="Latitude">1.494</SimpleData>
		<SimpleData name="Longitude">103.870</SimpleData>
	</SchemaData></ExtendedData>
      <Point><coordinates>103.869872073878,1.49446738979969,0</coordinates></Point>
  </Placemark>
  <Placemark id="interpolated_points_pg_hala_perling.244">
	<name>PG HALA ISKANDAR PUTERI</name>
	<ExtendedData><SchemaData schemaUrl="#interpolated_points_pg_hala_perling">
		<SimpleData name="fid">1</SimpleData>
		<SimpleData name="tessellate">1</SimpleData>
		<SimpleData name="extrude">0</SimpleData>
		<SimpleData name="visibility">-1</SimpleData>
		<SimpleData name="distance">24300</SimpleData>
		<SimpleData name="angle">124.850130745952</SimpleData>
		<SimpleData name="KM">KM 24.3</SimpleData>
		<SimpleData name="Latitude">1.494</SimpleData>
		<SimpleData name="Longitude">103.871</SimpleData>
	</SchemaData></ExtendedData>
      <Point><coordinates>103.870616009203,1.49395979355897,0</coordinates></Point>
  </Placemark>
  <Placemark id="interpolated_points_pg_hala_perling.245">
	<name>PG HALA ISKANDAR PUTERI</name>
	<ExtendedData><SchemaData schemaUrl="#interpolated_points_pg_hala_perling">
		<SimpleData name="fid">1</SimpleData>
		<SimpleData name="tessellate">1</SimpleData>
		<SimpleData name="extrude">0</SimpleData>
		<SimpleData name="visibility">-1</SimpleData>
		<SimpleData name="distance">24400</SimpleData>
		<SimpleData name="angle">130.581053038768</SimpleData>
		<SimpleData name="KM">KM 24.4</SimpleData>
		<SimpleData name="Latitude">1.493</SimpleData>
		<SimpleData name="Longitude">103.871</SimpleData>
	</SchemaData></ExtendedData>
      <Point><coordinates>103.871301982335,1.49337829299046,0</coordinates></Point>
  </Placemark>
  <Placemark id="interpolated_points_pg_hala_perling.246">
	<name>PG HALA ISKANDAR PUTERI</name>
	<ExtendedData><SchemaData schemaUrl="#interpolated_points_pg_hala_perling">
		<SimpleData name="fid">1</SimpleData>
		<SimpleData name="tessellate">1</SimpleData>
		<SimpleData name="extrude">0</SimpleData>
		<SimpleData name="visibility">-1</SimpleData>
		<SimpleData name="distance">24500</SimpleData>
		<SimpleData name="angle">130.581053038768</SimpleData>
		<SimpleData name="KM">KM 24.5</SimpleData>
		<SimpleData name="Latitude">1.493</SimpleData>
		<SimpleData name="Longitude">103.872</SimpleData>
	</SchemaData></ExtendedData>
      <Point><coordinates>103.871984910694,1.49279021581093,0</coordinates></Point>
  </Placemark>
  <Placemark id="interpolated_points_pg_hala_perling.247">
	<name>PG HALA ISKANDAR PUTERI</name>
	<ExtendedData><SchemaData schemaUrl="#interpolated_points_pg_hala_perling">
		<SimpleData name="fid">1</SimpleData>
		<SimpleData name="tessellate">1</SimpleData>
		<SimpleData name="extrude">0</SimpleData>
		<SimpleData name="visibility">-1</SimpleData>
		<SimpleData name="distance">24600</SimpleData>
		<SimpleData name="angle">133.111441384047</SimpleData>
		<SimpleData name="KM">KM 24.6</SimpleData>
		<SimpleData name="Latitude">1.492</SimpleData>
		<SimpleData name="Longitude">103.873</SimpleData>
	</SchemaData></ExtendedData>
      <Point><coordinates>103.872649518812,1.4921822175971,0</coordinates></Point>
  </Placemark>
  <Placemark id="interpolated_points_pg_hala_perling.248">
	<name>PG HALA ISKANDAR PUTERI</name>
	<ExtendedData><SchemaData schemaUrl="#interpolated_points_pg_hala_perling">
		<SimpleData name="fid">1</SimpleData>
		<SimpleData name="tessellate">1</SimpleData>
		<SimpleData name="extrude">0</SimpleData>
		<SimpleData name="visibility">-1</SimpleData>
		<SimpleData name="distance">24700</SimpleData>
		<SimpleData name="angle">136.822080970638</SimpleData>
		<SimpleData name="KM">KM 24.7</SimpleData>
		<SimpleData name="Latitude">1.492</SimpleData>
		<SimpleData name="Longitude">103.873</SimpleData>
	</SchemaData></ExtendedData>
      <Point><coordinates>103.873284316889,1.49154251765426,0</coordinates></Point>
  </Placemark>
  <Placemark id="interpolated_points_pg_hala_perling.249">
	<name>PG HALA ISKANDAR PUTERI</name>
	<ExtendedData><SchemaData schemaUrl="#interpolated_points_pg_hala_perling">
		<SimpleData name="fid">1</SimpleData>
		<SimpleData name="tessellate">1</SimpleData>
		<SimpleData name="extrude">0</SimpleData>
		<SimpleData name="visibility">-1</SimpleData>
		<SimpleData name="distance">24800</SimpleData>
		<SimpleData name="angle">137.426535034753</SimpleData>
		<SimpleData name="KM">KM 24.8</SimpleData>
		<SimpleData name="Latitude">1.491</SimpleData>
		<SimpleData name="Longitude">103.874</SimpleData>
	</SchemaData></ExtendedData>
      <Point><coordinates>103.873894459014,1.49087832818258,0</coordinates></Point>
  </Placemark>
  <Placemark id="interpolated_points_pg_hala_perling.250">
	<name>PG HALA ISKANDAR PUTERI</name>
	<ExtendedData><SchemaData schemaUrl="#interpolated_points_pg_hala_perling">
		<SimpleData name="fid">1</SimpleData>
		<SimpleData name="tessellate">1</SimpleData>
		<SimpleData name="extrude">0</SimpleData>
		<SimpleData name="visibility">-1</SimpleData>
		<SimpleData name="distance">24900</SimpleData>
		<SimpleData name="angle">137.426535034753</SimpleData>
		<SimpleData name="KM">KM 24.9</SimpleData>
		<SimpleData name="Latitude">1.490</SimpleData>
		<SimpleData name="Longitude">103.875</SimpleData>
	</SchemaData></ExtendedData>
      <Point><coordinates>103.874502868497,1.4902125213352,0</coordinates></Point>
  </Placemark>
  <Placemark id="interpolated_points_pg_hala_perling.251">
	<name>PG HALA ISKANDAR PUTERI</name>
	<ExtendedData><SchemaData schemaUrl="#interpolated_points_pg_hala_perling">
		<SimpleData name="fid">1</SimpleData>
		<SimpleData name="tessellate">1</SimpleData>
		<SimpleData name="extrude">0</SimpleData>
		<SimpleData name="visibility">-1</SimpleData>
		<SimpleData name="distance">25000</SimpleData>
		<SimpleData name="angle">138.892844622819</SimpleData>
		<SimpleData name="KM">KM 25.0</SimpleData>
		<SimpleData name="Latitude">1.490</SimpleData>
		<SimpleData name="Longitude">103.875</SimpleData>
	</SchemaData></ExtendedData>
      <Point><coordinates>103.875095757593,1.48953271466217,0</coordinates></Point>
  </Placemark>
  <Placemark id="interpolated_points_pg_hala_perling.252">
	<name>PG HALA ISKANDAR PUTERI</name>
	<ExtendedData><SchemaData schemaUrl="#interpolated_points_pg_hala_perling">
		<SimpleData name="fid">1</SimpleData>
		<SimpleData name="tessellate">1</SimpleData>
		<SimpleData name="extrude">0</SimpleData>
		<SimpleData name="visibility">-1</SimpleData>
		<SimpleData name="distance">25100</SimpleData>
		<SimpleData name="angle">138.892844622819</SimpleData>
		<SimpleData name="KM">KM 25.1</SimpleData>
		<SimpleData name="Latitude">1.489</SimpleData>
		<SimpleData name="Longitude">103.876</SimpleData>
	</SchemaData></ExtendedData>
      <Point><coordinates>103.875687037878,1.48885145672629,0</coordinates></Point>
  </Placemark>
  <Placemark id="interpolated_points_pg_hala_perling.253">
	<name>PG HALA ISKANDAR PUTERI</name>
	<ExtendedData><SchemaData schemaUrl="#interpolated_points_pg_hala_perling">
		<SimpleData name="fid">1</SimpleData>
		<SimpleData name="tessellate">1</SimpleData>
		<SimpleData name="extrude">0</SimpleData>
		<SimpleData name="visibility">-1</SimpleData>
		<SimpleData name="distance">25200</SimpleData>
		<SimpleData name="angle">138.829397065655</SimpleData>
		<SimpleData name="KM">KM 25.2</SimpleData>
		<SimpleData name="Latitude">1.488</SimpleData>
		<SimpleData name="Longitude">103.876</SimpleData>
	</SchemaData></ExtendedData>
      <Point><coordinates>103.876273480016,1.48816599935691,0</coordinates></Point>
  </Placemark>
  <Placemark id="interpolated_points_pg_hala_perling.254">
	<name>PG HALA ISKANDAR PUTERI</name>
	<ExtendedData><SchemaData schemaUrl="#interpolated_points_pg_hala_perling">
		<SimpleData name="fid">1</SimpleData>
		<SimpleData name="tessellate">1</SimpleData>
		<SimpleData name="extrude">0</SimpleData>
		<SimpleData name="visibility">-1</SimpleData>
		<SimpleData name="distance">25300</SimpleData>
		<SimpleData name="angle">138.829397065655</SimpleData>
		<SimpleData name="KM">KM 25.3</SimpleData>
		<SimpleData name="Latitude">1.487</SimpleData>
		<SimpleData name="Longitude">103.877</SimpleData>
	</SchemaData></ExtendedData>
      <Point><coordinates>103.876865508747,1.4874853999095,0</coordinates></Point>
  </Placemark>
  <Placemark id="interpolated_points_pg_hala_perling.255">
	<name>PG HALA ISKANDAR PUTERI</name>
	<ExtendedData><SchemaData schemaUrl="#interpolated_points_pg_hala_perling">
		<SimpleData name="fid">1</SimpleData>
		<SimpleData name="tessellate">1</SimpleData>
		<SimpleData name="extrude">0</SimpleData>
		<SimpleData name="visibility">-1</SimpleData>
		<SimpleData name="distance">25400</SimpleData>
		<SimpleData name="angle">138.829397065655</SimpleData>
		<SimpleData name="KM">KM 25.4</SimpleData>
		<SimpleData name="Latitude">1.487</SimpleData>
		<SimpleData name="Longitude">103.877</SimpleData>
	</SchemaData></ExtendedData>
      <Point><coordinates>103.877457537078,1.48680480002067,0</coordinates></Point>
  </Placemark>
  <Placemark id="interpolated_points_pg_hala_perling.256">
	<name>PG HALA ISKANDAR PUTERI</name>
	<ExtendedData><SchemaData schemaUrl="#interpolated_points_pg_hala_perling">
		<SimpleData name="fid">1</SimpleData>
		<SimpleData name="tessellate">1</SimpleData>
		<SimpleData name="extrude">0</SimpleData>
		<SimpleData name="visibility">-1</SimpleData>
		<SimpleData name="distance">25500</SimpleData>
		<SimpleData name="angle">136.538514919342</SimpleData>
		<SimpleData name="KM">KM 25.5</SimpleData>
		<SimpleData name="Latitude">1.486</SimpleData>
		<SimpleData name="Longitude">103.878</SimpleData>
	</SchemaData></ExtendedData>
      <Point><coordinates>103.878072425,1.48614516689175,0</coordinates></Point>
  </Placemark>
  <Placemark id="interpolated_points_pg_hala_perling.257">
	<name>PG HALA ISKANDAR PUTERI</name>
	<ExtendedData><SchemaData schemaUrl="#interpolated_points_pg_hala_perling">
		<SimpleData name="fid">1</SimpleData>
		<SimpleData name="tessellate">1</SimpleData>
		<SimpleData name="extrude">0</SimpleData>
		<SimpleData name="visibility">-1</SimpleData>
		<SimpleData name="distance">25600</SimpleData>
		<SimpleData name="angle">133.136933686103</SimpleData>
		<SimpleData name="KM">KM 25.6</SimpleData>
		<SimpleData name="Latitude">1.485</SimpleData>
		<SimpleData name="Longitude">103.879</SimpleData>
	</SchemaData></ExtendedData>
      <Point><coordinates>103.878691073484,1.48548898874806,0</coordinates></Point>
  </Placemark>
  <Placemark id="interpolated_points_pg_hala_perling.258">
	<name>PG HALA ISKANDAR PUTERI</name>
	<ExtendedData><SchemaData schemaUrl="#interpolated_points_pg_hala_perling">
		<SimpleData name="fid">1</SimpleData>
		<SimpleData name="tessellate">1</SimpleData>
		<SimpleData name="extrude">0</SimpleData>
		<SimpleData name="visibility">-1</SimpleData>
		<SimpleData name="distance">25700</SimpleData>
		<SimpleData name="angle">133.136933686103</SimpleData>
		<SimpleData name="KM">KM 25.7</SimpleData>
		<SimpleData name="Latitude">1.485</SimpleData>
		<SimpleData name="Longitude">103.879</SimpleData>
	</SchemaData></ExtendedData>
      <Point><coordinates>103.879347260111,1.48487084194456,0</coordinates></Point>
  </Placemark>
  <Placemark id="interpolated_points_pg_hala_perling.259">
	<name>PG HALA ISKANDAR PUTERI</name>
	<ExtendedData><SchemaData schemaUrl="#interpolated_points_pg_hala_perling">
		<SimpleData name="fid">1</SimpleData>
		<SimpleData name="tessellate">1</SimpleData>
		<SimpleData name="extrude">0</SimpleData>
		<SimpleData name="visibility">-1</SimpleData>
		<SimpleData name="distance">25800</SimpleData>
		<SimpleData name="angle">131.033960812458</SimpleData>
		<SimpleData name="KM">KM 25.8</SimpleData>
		<SimpleData name="Latitude">1.484</SimpleData>
		<SimpleData name="Longitude">103.880</SimpleData>
	</SchemaData></ExtendedData>
      <Point><coordinates>103.8800130721,1.48426356192106,0</coordinates></Point>
  </Placemark>
  <Placemark id="interpolated_points_pg_hala_perling.260">
	<name>PG HALA ISKANDAR PUTERI</name>
	<ExtendedData><SchemaData schemaUrl="#interpolated_points_pg_hala_perling">
		<SimpleData name="fid">1</SimpleData>
		<SimpleData name="tessellate">1</SimpleData>
		<SimpleData name="extrude">0</SimpleData>
		<SimpleData name="visibility">-1</SimpleData>
		<SimpleData name="distance">25900</SimpleData>
		<SimpleData name="angle">127.345338748927</SimpleData>
		<SimpleData name="KM">KM 25.9</SimpleData>
		<SimpleData name="Latitude">1.484</SimpleData>
		<SimpleData name="Longitude">103.881</SimpleData>
	</SchemaData></ExtendedData>
      <Point><coordinates>103.880719409387,1.48370456274469,0</coordinates></Point>
  </Placemark>
  <Placemark id="interpolated_points_pg_hala_perling.261">
	<name>PG HALA ISKANDAR PUTERI</name>
	<ExtendedData><SchemaData schemaUrl="#interpolated_points_pg_hala_perling">
		<SimpleData name="fid">1</SimpleData>
		<SimpleData name="tessellate">1</SimpleData>
		<SimpleData name="extrude">0</SimpleData>
		<SimpleData name="visibility">-1</SimpleData>
		<SimpleData name="distance">26000</SimpleData>
		<SimpleData name="angle">125.037779820105</SimpleData>
		<SimpleData name="KM">KM 26.0</SimpleData>
		<SimpleData name="Latitude">1.483</SimpleData>
		<SimpleData name="Longitude">103.881</SimpleData>
	</SchemaData></ExtendedData>
      <Point><coordinates>103.88144839643,1.48317572058666,0</coordinates></Point>
  </Placemark>
  <Placemark id="interpolated_points_pg_hala_perling.262">
	<name>PG HALA ISKANDAR PUTERI</name>
	<ExtendedData><SchemaData schemaUrl="#interpolated_points_pg_hala_perling">
		<SimpleData name="fid">1</SimpleData>
		<SimpleData name="tessellate">1</SimpleData>
		<SimpleData name="extrude">0</SimpleData>
		<SimpleData name="visibility">-1</SimpleData>
		<SimpleData name="distance">26100</SimpleData>
		<SimpleData name="angle">120.448361879781</SimpleData>
		<SimpleData name="KM">KM 26.1</SimpleData>
		<SimpleData name="Latitude">1.483</SimpleData>
		<SimpleData name="Longitude">103.882</SimpleData>
	</SchemaData></ExtendedData>
      <Point><coordinates>103.882200541417,1.48268104371372,0</coordinates></Point>
  </Placemark>
  <Placemark id="interpolated_points_pg_hala_perling.263">
	<name>PG HALA ISKANDAR PUTERI</name>
	<ExtendedData><SchemaData schemaUrl="#interpolated_points_pg_hala_perling">
		<SimpleData name="fid">1</SimpleData>
		<SimpleData name="tessellate">1</SimpleData>
		<SimpleData name="extrude">0</SimpleData>
		<SimpleData name="visibility">-1</SimpleData>
		<SimpleData name="distance">26200</SimpleData>
		<SimpleData name="angle">118.210739448259</SimpleData>
		<SimpleData name="KM">KM 26.2</SimpleData>
		<SimpleData name="Latitude">1.482</SimpleData>
		<SimpleData name="Longitude">103.883</SimpleData>
	</SchemaData></ExtendedData>
      <Point><coordinates>103.882976459841,1.4822248501566,0</coordinates></Point>
  </Placemark>
  <Placemark id="interpolated_points_pg_hala_perling.264">
	<name>PG HALA ISKANDAR PUTERI</name>
	<ExtendedData><SchemaData schemaUrl="#interpolated_points_pg_hala_perling">
		<SimpleData name="fid">1</SimpleData>
		<SimpleData name="tessellate">1</SimpleData>
		<SimpleData name="extrude">0</SimpleData>
		<SimpleData name="visibility">-1</SimpleData>
		<SimpleData name="distance">26300</SimpleData>
		<SimpleData name="angle">118.210739448259</SimpleData>
		<SimpleData name="KM">KM 26.3</SimpleData>
		<SimpleData name="Latitude">1.482</SimpleData>
		<SimpleData name="Longitude">103.884</SimpleData>
	</SchemaData></ExtendedData>
      <Point><coordinates>103.883768711343,1.48179765567205,0</coordinates></Point>
  </Placemark>
  <Placemark id="interpolated_points_pg_hala_perling.265">
	<name>PG HALA ISKANDAR PUTERI</name>
	<ExtendedData><SchemaData schemaUrl="#interpolated_points_pg_hala_perling">
		<SimpleData name="fid">1</SimpleData>
		<SimpleData name="tessellate">1</SimpleData>
		<SimpleData name="extrude">0</SimpleData>
		<SimpleData name="visibility">-1</SimpleData>
		<SimpleData name="distance">26400</SimpleData>
		<SimpleData name="angle">115.779213730273</SimpleData>
		<SimpleData name="KM">KM 26.4</SimpleData>
		<SimpleData name="Latitude">1.481</SimpleData>
		<SimpleData name="Longitude">103.885</SimpleData>
	</SchemaData></ExtendedData>
      <Point><coordinates>103.884577138413,1.4814024571714,0</coordinates></Point>
  </Placemark>
  <Placemark id="interpolated_points_pg_hala_perling.266">
	<name>PG HALA ISKANDAR PUTERI</name>
	<ExtendedData><SchemaData schemaUrl="#interpolated_points_pg_hala_perling">
		<SimpleData name="fid">1</SimpleData>
		<SimpleData name="tessellate">1</SimpleData>
		<SimpleData name="extrude">0</SimpleData>
		<SimpleData name="visibility">-1</SimpleData>
		<SimpleData name="distance">26500</SimpleData>
		<SimpleData name="angle">117.524830753361</SimpleData>
		<SimpleData name="KM">KM 26.5</SimpleData>
		<SimpleData name="Latitude">1.481</SimpleData>
		<SimpleData name="Longitude">103.885</SimpleData>
	</SchemaData></ExtendedData>
      <Point><coordinates>103.88537855017,1.48099314055791,0</coordinates></Point>
  </Placemark>
  <Placemark id="interpolated_points_pg_hala_perling.267">
	<name>PG HALA ISKANDAR PUTERI</name>
	<ExtendedData><SchemaData schemaUrl="#interpolated_points_pg_hala_perling">
		<SimpleData name="fid">1</SimpleData>
		<SimpleData name="tessellate">1</SimpleData>
		<SimpleData name="extrude">0</SimpleData>
		<SimpleData name="visibility">-1</SimpleData>
		<SimpleData name="distance">26600</SimpleData>
		<SimpleData name="angle">117.524830753361</SimpleData>
		<SimpleData name="KM">KM 26.6</SimpleData>
		<SimpleData name="Latitude">1.481</SimpleData>
		<SimpleData name="Longitude">103.886</SimpleData>
	</SchemaData></ExtendedData>
      <Point><coordinates>103.886175825962,1.4805755199181,0</coordinates></Point>
  </Placemark>
  <Placemark id="interpolated_points_pg_hala_perling.268">
	<name>PG HALA ISKANDAR PUTERI</name>
	<ExtendedData><SchemaData schemaUrl="#interpolated_points_pg_hala_perling">
		<SimpleData name="fid">1</SimpleData>
		<SimpleData name="tessellate">1</SimpleData>
		<SimpleData name="extrude">0</SimpleData>
		<SimpleData name="visibility">-1</SimpleData>
		<SimpleData name="distance">26700</SimpleData>
		<SimpleData name="angle">120.831514384467</SimpleData>
		<SimpleData name="KM">KM 26.7</SimpleData>
		<SimpleData name="Latitude">1.480</SimpleData>
		<SimpleData name="Longitude">103.887</SimpleData>
	</SchemaData></ExtendedData>
      <Point><coordinates>103.886973093879,1.48015814367549,0</coordinates></Point>
  </Placemark>
</Folder>
</Document></kml>