<?xml version="1.0" encoding="utf-8" ?>
<kml xmlns="http://www.opengis.net/kml/2.2">
<Document id="root_doc">
<Schema name="interpolated_points_sde_hala_senai" id="interpolated_points_sde_hala_senai">
	<SimpleField name="fid" type="float"></SimpleField>
	<SimpleField name="id" type="string"></SimpleField>
	<SimpleField name="timestamp" type="string"></SimpleField>
	<SimpleField name="begin" type="string"></SimpleField>
	<SimpleField name="end" type="string"></SimpleField>
	<SimpleField name="altitudeMode" type="string"></SimpleField>
	<SimpleField name="tessellate" type="int"></SimpleField>
	<SimpleField name="extrude" type="int"></SimpleField>
	<SimpleField name="visibility" type="int"></SimpleField>
	<SimpleField name="drawOrder" type="int"></SimpleField>
	<SimpleField name="icon" type="string"></SimpleField>
	<SimpleField name="distance" type="float"></SimpleField>
	<SimpleField name="angle" type="float"></SimpleField>
	<SimpleField name="KM" type="string"></SimpleField>
	<SimpleField name="Latitude" type="float"></SimpleField>
	<SimpleField name="Longitude" type="float"></SimpleField>
</Schema>
<Folder><name>interpolated_points_sde_hala_senai</name>
  <Placemark id="interpolated_points_sde_hala_senai.1">
	<name>SDE HALA SENAI</name>
	<ExtendedData><SchemaData schemaUrl="#interpolated_points_sde_hala_senai">
		<SimpleData name="fid">1</SimpleData>
		<SimpleData name="tessellate">1</SimpleData>
		<SimpleData name="extrude">0</SimpleData>
		<SimpleData name="visibility">-1</SimpleData>
		<SimpleData name="distance">0</SimpleData>
		<SimpleData name="angle">173.23310695341</SimpleData>
		<SimpleData name="KM">KM 1.0</SimpleData>
		<SimpleData name="Latitude">1.612643</SimpleData>
		<SimpleData name="Longitude">103.652103</SimpleData>
	</SchemaData></ExtendedData>
      <Point><coordinates>103.652103,1.612643,0</coordinates></Point>
  </Placemark>
  <Placemark id="interpolated_points_sde_hala_senai.2">
	<name>SDE HALA SENAI</name>
	<ExtendedData><SchemaData schemaUrl="#interpolated_points_sde_hala_senai">
		<SimpleData name="fid">1</SimpleData>
		<SimpleData name="tessellate">1</SimpleData>
		<SimpleData name="extrude">0</SimpleData>
		<SimpleData name="visibility">-1</SimpleData>
		<SimpleData name="distance">100</SimpleData>
		<SimpleData name="angle">172.868227160879</SimpleData>
		<SimpleData name="KM">KM 1.1</SimpleData>
		<SimpleData name="Latitude">1.611746</SimpleData>
		<SimpleData name="Longitude">103.652221</SimpleData>
	</SchemaData></ExtendedData>
      <Point><coordinates>103.652221,1.611746,0</coordinates></Point>
  </Placemark>
  <Placemark id="interpolated_points_sde_hala_senai.3">
	<name>SDE HALA SENAI</name>
	<ExtendedData><SchemaData schemaUrl="#interpolated_points_sde_hala_senai">
		<SimpleData name="fid">1</SimpleData>
		<SimpleData name="tessellate">1</SimpleData>
		<SimpleData name="extrude">0</SimpleData>
		<SimpleData name="visibility">-1</SimpleData>
		<SimpleData name="distance">200</SimpleData>
		<SimpleData name="angle">169.14347104788</SimpleData>
		<SimpleData name="KM">KM 1.2</SimpleData>
		<SimpleData name="Latitude">1.610854</SimpleData>
		<SimpleData name="Longitude">103.652371</SimpleData>
	</SchemaData></ExtendedData>
      <Point><coordinates>103.652371,1.610854,0</coordinates></Point>
  </Placemark>
  <Placemark id="interpolated_points_sde_hala_senai.4">
	<name>SDE HALA SENAI</name>
	<ExtendedData><SchemaData schemaUrl="#interpolated_points_sde_hala_senai">
		<SimpleData name="fid">1</SimpleData>
		<SimpleData name="tessellate">1</SimpleData>
		<SimpleData name="extrude">0</SimpleData>
		<SimpleData name="visibility">-1</SimpleData>
		<SimpleData name="distance">300</SimpleData>
		<SimpleData name="angle">164.321184831152</SimpleData>
		<SimpleData name="KM">KM 1.3</SimpleData>
		<SimpleData name="Latitude">1.609978</SimpleData>
		<SimpleData name="Longitude">103.652588</SimpleData>
	</SchemaData></ExtendedData>
      <Point><coordinates>103.652588,1.609978,0</coordinates></Point>
  </Placemark>
  <Placemark id="interpolated_points_sde_hala_senai.5">
	<name>SDE HALA SENAI</name>
	<ExtendedData><SchemaData schemaUrl="#interpolated_points_sde_hala_senai">
		<SimpleData name="fid">1</SimpleData>
		<SimpleData name="tessellate">1</SimpleData>
		<SimpleData name="extrude">0</SimpleData>
		<SimpleData name="visibility">-1</SimpleData>
		<SimpleData name="distance">400</SimpleData>
		<SimpleData name="angle">160.652584100766</SimpleData>
		<SimpleData name="KM">KM 1.4</SimpleData>
		<SimpleData name="Latitude">1.609126</SimpleData>
		<SimpleData name="Longitude">103.652889</SimpleData>
	</SchemaData></ExtendedData>
      <Point><coordinates>103.652889,1.609126,0</coordinates></Point>
  </Placemark>
  <Placemark id="interpolated_points_sde_hala_senai.6">
	<name>SDE HALA SENAI</name>
	<ExtendedData><SchemaData schemaUrl="#interpolated_points_sde_hala_senai">
		<SimpleData name="fid">1</SimpleData>
		<SimpleData name="tessellate">1</SimpleData>
		<SimpleData name="extrude">0</SimpleData>
		<SimpleData name="visibility">-1</SimpleData>
		<SimpleData name="distance">500</SimpleData>
		<SimpleData name="angle">159.586282244767</SimpleData>
		<SimpleData name="KM">KM 1.5</SimpleData>
		<SimpleData name="Latitude">1.608276</SimpleData>
		<SimpleData name="Longitude">103.653197</SimpleData>
	</SchemaData></ExtendedData>
      <Point><coordinates>103.653197,1.608276,0</coordinates></Point>
  </Placemark>
  <Placemark id="interpolated_points_sde_hala_senai.7">
	<name>SDE HALA SENAI</name>
	<ExtendedData><SchemaData schemaUrl="#interpolated_points_sde_hala_senai">
		<SimpleData name="fid">1</SimpleData>
		<SimpleData name="tessellate">1</SimpleData>
		<SimpleData name="extrude">0</SimpleData>
		<SimpleData name="visibility">-1</SimpleData>
		<SimpleData name="distance">600</SimpleData>
		<SimpleData name="angle">160.202981689396</SimpleData>
		<SimpleData name="KM">KM 1.6</SimpleData>
		<SimpleData name="Latitude">1.607426</SimpleData>
		<SimpleData name="Longitude">103.653504</SimpleData>
	</SchemaData></ExtendedData>
      <Point><coordinates>103.653504,1.607426,0</coordinates></Point>
  </Placemark>
  <Placemark id="interpolated_points_sde_hala_senai.8">
	<name>SDE HALA SENAI</name>
	<ExtendedData><SchemaData schemaUrl="#interpolated_points_sde_hala_senai">
		<SimpleData name="fid">1</SimpleData>
		<SimpleData name="tessellate">1</SimpleData>
		<SimpleData name="extrude">0</SimpleData>
		<SimpleData name="visibility">-1</SimpleData>
		<SimpleData name="distance">700</SimpleData>
		<SimpleData name="angle">160.101334537854</SimpleData>
		<SimpleData name="KM">KM 1.7</SimpleData>
		<SimpleData name="Latitude">1.606576</SimpleData>
		<SimpleData name="Longitude">103.653810</SimpleData>
	</SchemaData></ExtendedData>
      <Point><coordinates>103.653810,1.606576,0</coordinates></Point>
  </Placemark>
  <Placemark id="interpolated_points_sde_hala_senai.9">
	<name>SDE HALA SENAI</name>
	<ExtendedData><SchemaData schemaUrl="#interpolated_points_sde_hala_senai">
		<SimpleData name="fid">1</SimpleData>
		<SimpleData name="tessellate">1</SimpleData>
		<SimpleData name="extrude">0</SimpleData>
		<SimpleData name="visibility">-1</SimpleData>
		<SimpleData name="distance">800</SimpleData>
		<SimpleData name="angle">160.25842751581</SimpleData>
		<SimpleData name="KM">KM 1.8</SimpleData>
		<SimpleData name="Latitude">1.605726</SimpleData>
		<SimpleData name="Longitude">103.654119</SimpleData>
	</SchemaData></ExtendedData>
      <Point><coordinates>103.654119,1.605726,0</coordinates></Point>
  </Placemark>
  <Placemark id="interpolated_points_sde_hala_senai.10">
	<name>SDE HALA SENAI</name>
	<ExtendedData><SchemaData schemaUrl="#interpolated_points_sde_hala_senai">
		<SimpleData name="fid">1</SimpleData>
		<SimpleData name="tessellate">1</SimpleData>
		<SimpleData name="extrude">0</SimpleData>
		<SimpleData name="visibility">-1</SimpleData>
		<SimpleData name="distance">900</SimpleData>
		<SimpleData name="angle">160.979719115483</SimpleData>
		<SimpleData name="KM">KM 1.9</SimpleData>
		<SimpleData name="Latitude">1.604877</SimpleData>
		<SimpleData name="Longitude">103.654428</SimpleData>
	</SchemaData></ExtendedData>
      <Point><coordinates>103.654428,1.604877,0</coordinates></Point>
  </Placemark>
  <Placemark id="interpolated_points_sde_hala_senai.11">
	<name>SDE HALA SENAI</name>
	<ExtendedData><SchemaData schemaUrl="#interpolated_points_sde_hala_senai">
		<SimpleData name="fid">1</SimpleData>
		<SimpleData name="tessellate">1</SimpleData>
		<SimpleData name="extrude">0</SimpleData>
		<SimpleData name="visibility">-1</SimpleData>
		<SimpleData name="distance">1000</SimpleData>
		<SimpleData name="angle">157.288965871405</SimpleData>
		<SimpleData name="KM">KM 2.0</SimpleData>
		<SimpleData name="Latitude">1.604034</SimpleData>
		<SimpleData name="Longitude">103.654752</SimpleData>
	</SchemaData></ExtendedData>
      <Point><coordinates>103.654752,1.604034,0</coordinates></Point>
  </Placemark>
  <Placemark id="interpolated_points_sde_hala_senai.12">
	<name>SDE HALA SENAI</name>
	<ExtendedData><SchemaData schemaUrl="#interpolated_points_sde_hala_senai">
		<SimpleData name="fid">1</SimpleData>
		<SimpleData name="tessellate">1</SimpleData>
		<SimpleData name="extrude">0</SimpleData>
		<SimpleData name="visibility">-1</SimpleData>
		<SimpleData name="distance">1100</SimpleData>
		<SimpleData name="angle">151.449480354919</SimpleData>
		<SimpleData name="KM">KM 2.1</SimpleData>
		<SimpleData name="Latitude">1.603226</SimpleData>
		<SimpleData name="Longitude">103.655155</SimpleData>
	</SchemaData></ExtendedData>
      <Point><coordinates>103.655155,1.603226,0</coordinates></Point>
  </Placemark>
  <Placemark id="interpolated_points_sde_hala_senai.13">
	<name>SDE HALA SENAI</name>
	<ExtendedData><SchemaData schemaUrl="#interpolated_points_sde_hala_senai">
		<SimpleData name="fid">1</SimpleData>
		<SimpleData name="tessellate">1</SimpleData>
		<SimpleData name="extrude">0</SimpleData>
		<SimpleData name="visibility">-1</SimpleData>
		<SimpleData name="distance">1200</SimpleData>
		<SimpleData name="angle">140.387320345273</SimpleData>
		<SimpleData name="KM">KM 2.2</SimpleData>
		<SimpleData name="Latitude">1.602475</SimpleData>
		<SimpleData name="Longitude">103.655653</SimpleData>
	</SchemaData></ExtendedData>
      <Point><coordinates>103.655653,1.602475,0</coordinates></Point>
  </Placemark>
  <Placemark id="interpolated_points_sde_hala_senai.14">
	<name>SDE HALA SENAI</name>
	<ExtendedData><SchemaData schemaUrl="#interpolated_points_sde_hala_senai">
		<SimpleData name="fid">1</SimpleData>
		<SimpleData name="tessellate">1</SimpleData>
		<SimpleData name="extrude">0</SimpleData>
		<SimpleData name="visibility">-1</SimpleData>
		<SimpleData name="distance">1300</SimpleData>
		<SimpleData name="angle">137.051151718832</SimpleData>
		<SimpleData name="KM">KM 2.3</SimpleData>
		<SimpleData name="Latitude">1.601788</SimpleData>
		<SimpleData name="Longitude">103.656238</SimpleData>
	</SchemaData></ExtendedData>
      <Point><coordinates>103.656238,1.601788,0</coordinates></Point>
  </Placemark>
  <Placemark id="interpolated_points_sde_hala_senai.15">
	<name>SDE HALA SENAI</name>
	<ExtendedData><SchemaData schemaUrl="#interpolated_points_sde_hala_senai">
		<SimpleData name="fid">1</SimpleData>
		<SimpleData name="tessellate">1</SimpleData>
		<SimpleData name="extrude">0</SimpleData>
		<SimpleData name="visibility">-1</SimpleData>
		<SimpleData name="distance">1400</SimpleData>
		<SimpleData name="angle">132.194291451272</SimpleData>
		<SimpleData name="KM">KM 2.4</SimpleData>
		<SimpleData name="Latitude">1.601167</SimpleData>
		<SimpleData name="Longitude">103.656891</SimpleData>
	</SchemaData></ExtendedData>
      <Point><coordinates>103.656891,1.601167,0</coordinates></Point>
  </Placemark>
  <Placemark id="interpolated_points_sde_hala_senai.16">
	<name>SDE HALA SENAI</name>
	<ExtendedData><SchemaData schemaUrl="#interpolated_points_sde_hala_senai">
		<SimpleData name="fid">1</SimpleData>
		<SimpleData name="tessellate">1</SimpleData>
		<SimpleData name="extrude">0</SimpleData>
		<SimpleData name="visibility">-1</SimpleData>
		<SimpleData name="distance">1500</SimpleData>
		<SimpleData name="angle">121.12091060197</SimpleData>
		<SimpleData name="KM">KM 2.5</SimpleData>
		<SimpleData name="Latitude">1.600625</SimpleData>
		<SimpleData name="Longitude">103.657609</SimpleData>
	</SchemaData></ExtendedData>
      <Point><coordinates>103.657609,1.600625,0</coordinates></Point>
  </Placemark>
  <Placemark id="interpolated_points_sde_hala_senai.17">
	<name>SDE HALA SENAI</name>
	<ExtendedData><SchemaData schemaUrl="#interpolated_points_sde_hala_senai">
		<SimpleData name="fid">1</SimpleData>
		<SimpleData name="tessellate">1</SimpleData>
		<SimpleData name="extrude">0</SimpleData>
		<SimpleData name="visibility">-1</SimpleData>
		<SimpleData name="distance">1600</SimpleData>
		<SimpleData name="angle">117.996625516102</SimpleData>
		<SimpleData name="KM">KM 2.6</SimpleData>
		<SimpleData name="Latitude">1.600175</SimpleData>
		<SimpleData name="Longitude">103.658388</SimpleData>
	</SchemaData></ExtendedData>
      <Point><coordinates>103.658388,1.600175,0</coordinates></Point>
  </Placemark>
  <Placemark id="interpolated_points_sde_hala_senai.18">
	<name>SDE HALA SENAI</name>
	<ExtendedData><SchemaData schemaUrl="#interpolated_points_sde_hala_senai">
		<SimpleData name="fid">1</SimpleData>
		<SimpleData name="tessellate">1</SimpleData>
		<SimpleData name="extrude">0</SimpleData>
		<SimpleData name="visibility">-1</SimpleData>
		<SimpleData name="distance">1700</SimpleData>
		<SimpleData name="angle">108.18750878313</SimpleData>
		<SimpleData name="KM">KM 2.7</SimpleData>
		<SimpleData name="Latitude">1.599817</SimpleData>
		<SimpleData name="Longitude">103.659213</SimpleData>
	</SchemaData></ExtendedData>
      <Point><coordinates>103.659213,1.599817,0</coordinates></Point>
  </Placemark>
  <Placemark id="interpolated_points_sde_hala_senai.19">
	<name>SDE HALA SENAI</name>
	<ExtendedData><SchemaData schemaUrl="#interpolated_points_sde_hala_senai">
		<SimpleData name="fid">1</SimpleData>
		<SimpleData name="tessellate">1</SimpleData>
		<SimpleData name="extrude">0</SimpleData>
		<SimpleData name="visibility">-1</SimpleData>
		<SimpleData name="distance">1800</SimpleData>
		<SimpleData name="angle">94.5826296269544</SimpleData>
		<SimpleData name="KM">KM 2.8</SimpleData>
		<SimpleData name="Latitude">1.599569</SimpleData>
		<SimpleData name="Longitude">103.660077</SimpleData>
	</SchemaData></ExtendedData>
      <Point><coordinates>103.660077,1.599569,0</coordinates></Point>
  </Placemark>
  <Placemark id="interpolated_points_sde_hala_senai.20">
	<name>SDE HALA SENAI</name>
	<ExtendedData><SchemaData schemaUrl="#interpolated_points_sde_hala_senai">
		<SimpleData name="fid">1</SimpleData>
		<SimpleData name="tessellate">1</SimpleData>
		<SimpleData name="extrude">0</SimpleData>
		<SimpleData name="visibility">-1</SimpleData>
		<SimpleData name="distance">1900</SimpleData>
		<SimpleData name="angle">99.9835541899666</SimpleData>
		<SimpleData name="KM">KM 2.9</SimpleData>
		<SimpleData name="Latitude">1.599418</SimpleData>
		<SimpleData name="Longitude">103.660962</SimpleData>
	</SchemaData></ExtendedData>
      <Point><coordinates>103.660962,1.599418,0</coordinates></Point>
  </Placemark>
  <Placemark id="interpolated_points_sde_hala_senai.21">
	<name>SDE HALA SENAI</name>
	<ExtendedData><SchemaData schemaUrl="#interpolated_points_sde_hala_senai">
		<SimpleData name="fid">1</SimpleData>
		<SimpleData name="tessellate">1</SimpleData>
		<SimpleData name="extrude">0</SimpleData>
		<SimpleData name="visibility">-1</SimpleData>
		<SimpleData name="distance">2000</SimpleData>
		<SimpleData name="angle">88.6847011547774</SimpleData>
		<SimpleData name="KM">KM 3.0</SimpleData>
		<SimpleData name="Latitude">1.599362</SimpleData>
		<SimpleData name="Longitude">103.661857</SimpleData>
	</SchemaData></ExtendedData>
      <Point><coordinates>103.661857,1.599362,0</coordinates></Point>
  </Placemark>
  <Placemark id="interpolated_points_sde_hala_senai.22">
	<name>SDE HALA SENAI</name>
	<ExtendedData><SchemaData schemaUrl="#interpolated_points_sde_hala_senai">
		<SimpleData name="fid">1</SimpleData>
		<SimpleData name="tessellate">1</SimpleData>
		<SimpleData name="extrude">0</SimpleData>
		<SimpleData name="visibility">-1</SimpleData>
		<SimpleData name="distance">2100</SimpleData>
		<SimpleData name="angle">83.1236971024841</SimpleData>
		<SimpleData name="KM">KM 3.1</SimpleData>
		<SimpleData name="Latitude">1.599415</SimpleData>
		<SimpleData name="Longitude">103.662754</SimpleData>
	</SchemaData></ExtendedData>
      <Point><coordinates>103.662754,1.599415,0</coordinates></Point>
  </Placemark>
  <Placemark id="interpolated_points_sde_hala_senai.23">
	<name>SDE HALA SENAI</name>
	<ExtendedData><SchemaData schemaUrl="#interpolated_points_sde_hala_senai">
		<SimpleData name="fid">1</SimpleData>
		<SimpleData name="tessellate">1</SimpleData>
		<SimpleData name="extrude">0</SimpleData>
		<SimpleData name="visibility">-1</SimpleData>
		<SimpleData name="distance">2200</SimpleData>
		<SimpleData name="angle">76.1258485080508</SimpleData>
		<SimpleData name="KM">KM 3.2</SimpleData>
		<SimpleData name="Latitude">1.599570</SimpleData>
		<SimpleData name="Longitude">103.663639</SimpleData>
	</SchemaData></ExtendedData>
      <Point><coordinates>103.663639,1.599570,0</coordinates></Point>
  </Placemark>
  <Placemark id="interpolated_points_sde_hala_senai.24">
	<name>SDE HALA SENAI</name>
	<ExtendedData><SchemaData schemaUrl="#interpolated_points_sde_hala_senai">
		<SimpleData name="fid">1</SimpleData>
		<SimpleData name="tessellate">1</SimpleData>
		<SimpleData name="extrude">0</SimpleData>
		<SimpleData name="visibility">-1</SimpleData>
		<SimpleData name="distance">2300</SimpleData>
		<SimpleData name="angle">71.867778469461</SimpleData>
		<SimpleData name="KM">KM 3.3</SimpleData>
		<SimpleData name="Latitude">1.599822</SimpleData>
		<SimpleData name="Longitude">103.664502</SimpleData>
	</SchemaData></ExtendedData>
      <Point><coordinates>103.664502,1.599822,0</coordinates></Point>
  </Placemark>
  <Placemark id="interpolated_points_sde_hala_senai.25">
	<name>SDE HALA SENAI</name>
	<ExtendedData><SchemaData schemaUrl="#interpolated_points_sde_hala_senai">
		<SimpleData name="fid">1</SimpleData>
		<SimpleData name="tessellate">1</SimpleData>
		<SimpleData name="extrude">0</SimpleData>
		<SimpleData name="visibility">-1</SimpleData>
		<SimpleData name="distance">2400</SimpleData>
		<SimpleData name="angle">62.749598417374</SimpleData>
		<SimpleData name="KM">KM 3.4</SimpleData>
		<SimpleData name="Latitude">1.600177</SimpleData>
		<SimpleData name="Longitude">103.665327</SimpleData>
	</SchemaData></ExtendedData>
      <Point><coordinates>103.665327,1.600177,0</coordinates></Point>
  </Placemark>
  <Placemark id="interpolated_points_sde_hala_senai.26">
	<name>SDE HALA SENAI</name>
	<ExtendedData><SchemaData schemaUrl="#interpolated_points_sde_hala_senai">
		<SimpleData name="fid">1</SimpleData>
		<SimpleData name="tessellate">1</SimpleData>
		<SimpleData name="extrude">0</SimpleData>
		<SimpleData name="visibility">-1</SimpleData>
		<SimpleData name="distance">2500</SimpleData>
		<SimpleData name="angle">62.749598417374</SimpleData>
		<SimpleData name="KM">KM 3.5</SimpleData>
		<SimpleData name="Latitude">1.600591</SimpleData>
		<SimpleData name="Longitude">103.666126</SimpleData>
	</SchemaData></ExtendedData>
      <Point><coordinates>103.666126,1.600591,0</coordinates></Point>
  </Placemark>
  <Placemark id="interpolated_points_sde_hala_senai.27">
	<name>SDE HALA SENAI</name>
	<ExtendedData><SchemaData schemaUrl="#interpolated_points_sde_hala_senai">
		<SimpleData name="fid">1</SimpleData>
		<SimpleData name="tessellate">1</SimpleData>
		<SimpleData name="extrude">0</SimpleData>
		<SimpleData name="visibility">-1</SimpleData>
		<SimpleData name="distance">2600</SimpleData>
		<SimpleData name="angle">64.765163008752</SimpleData>
		<SimpleData name="KM">KM 3.6</SimpleData>
		<SimpleData name="Latitude">1.601006</SimpleData>
		<SimpleData name="Longitude">103.666925</SimpleData>
	</SchemaData></ExtendedData>
      <Point><coordinates>103.666925,1.601006,0</coordinates></Point>
  </Placemark>
  <Placemark id="interpolated_points_sde_hala_senai.28">
	<name>SDE HALA SENAI</name>
	<ExtendedData><SchemaData schemaUrl="#interpolated_points_sde_hala_senai">
		<SimpleData name="fid">1</SimpleData>
		<SimpleData name="tessellate">1</SimpleData>
		<SimpleData name="extrude">0</SimpleData>
		<SimpleData name="visibility">-1</SimpleData>
		<SimpleData name="distance">2700</SimpleData>
		<SimpleData name="angle">66.6042815462964</SimpleData>
		<SimpleData name="KM">KM 3.7</SimpleData>
		<SimpleData name="Latitude">1.601385</SimpleData>
		<SimpleData name="Longitude">103.667740</SimpleData>
	</SchemaData></ExtendedData>
      <Point><coordinates>103.667740,1.601385,0</coordinates></Point>
  </Placemark>
  <Placemark id="interpolated_points_sde_hala_senai.29">
	<name>SDE HALA SENAI</name>
	<ExtendedData><SchemaData schemaUrl="#interpolated_points_sde_hala_senai">
		<SimpleData name="fid">1</SimpleData>
		<SimpleData name="tessellate">1</SimpleData>
		<SimpleData name="extrude">0</SimpleData>
		<SimpleData name="visibility">-1</SimpleData>
		<SimpleData name="distance">2800</SimpleData>
		<SimpleData name="angle">69.22525980709</SimpleData>
		<SimpleData name="KM">KM 3.8</SimpleData>
		<SimpleData name="Latitude">1.601720</SimpleData>
		<SimpleData name="Longitude">103.668575</SimpleData>
	</SchemaData></ExtendedData>
      <Point><coordinates>103.668575,1.601720,0</coordinates></Point>
  </Placemark>
  <Placemark id="interpolated_points_sde_hala_senai.30">
	<name>SDE HALA SENAI</name>
	<ExtendedData><SchemaData schemaUrl="#interpolated_points_sde_hala_senai">
		<SimpleData name="fid">1</SimpleData>
		<SimpleData name="tessellate">1</SimpleData>
		<SimpleData name="extrude">0</SimpleData>
		<SimpleData name="visibility">-1</SimpleData>
		<SimpleData name="distance">2900</SimpleData>
		<SimpleData name="angle">72.0147539789068</SimpleData>
		<SimpleData name="KM">KM 3.9</SimpleData>
		<SimpleData name="Latitude">1.602018</SimpleData>
		<SimpleData name="Longitude">103.669424</SimpleData>
	</SchemaData></ExtendedData>
      <Point><coordinates>103.669424,1.602018,0</coordinates></Point>
  </Placemark>
  <Placemark id="interpolated_points_sde_hala_senai.31">
	<name>SDE HALA SENAI</name>
	<ExtendedData><SchemaData schemaUrl="#interpolated_points_sde_hala_senai">
		<SimpleData name="fid">1</SimpleData>
		<SimpleData name="tessellate">1</SimpleData>
		<SimpleData name="extrude">0</SimpleData>
		<SimpleData name="visibility">-1</SimpleData>
		<SimpleData name="distance">3000</SimpleData>
		<SimpleData name="angle">74.8952835492116</SimpleData>
		<SimpleData name="KM">KM 4.0</SimpleData>
		<SimpleData name="Latitude">1.602275</SimpleData>
		<SimpleData name="Longitude">103.670285</SimpleData>
	</SchemaData></ExtendedData>
      <Point><coordinates>103.670285,1.602275,0</coordinates></Point>
  </Placemark>
  <Placemark id="interpolated_points_sde_hala_senai.32">
	<name>SDE HALA SENAI</name>
	<ExtendedData><SchemaData schemaUrl="#interpolated_points_sde_hala_senai">
		<SimpleData name="fid">1</SimpleData>
		<SimpleData name="tessellate">1</SimpleData>
		<SimpleData name="extrude">0</SimpleData>
		<SimpleData name="visibility">-1</SimpleData>
		<SimpleData name="distance">3100</SimpleData>
		<SimpleData name="angle">76.0859000125058</SimpleData>
		<SimpleData name="KM">KM 4.1</SimpleData>
		<SimpleData name="Latitude">1.602488</SimpleData>
		<SimpleData name="Longitude">103.671159</SimpleData>
	</SchemaData></ExtendedData>
      <Point><coordinates>103.671159,1.602488,0</coordinates></Point>
  </Placemark>
  <Placemark id="interpolated_points_sde_hala_senai.33">
	<name>SDE HALA SENAI</name>
	<ExtendedData><SchemaData schemaUrl="#interpolated_points_sde_hala_senai">
		<SimpleData name="fid">1</SimpleData>
		<SimpleData name="tessellate">1</SimpleData>
		<SimpleData name="extrude">0</SimpleData>
		<SimpleData name="visibility">-1</SimpleData>
		<SimpleData name="distance">3200</SimpleData>
		<SimpleData name="angle">76.8482084931495</SimpleData>
		<SimpleData name="KM">KM 4.2</SimpleData>
		<SimpleData name="Latitude">1.602701</SimpleData>
		<SimpleData name="Longitude">103.672032</SimpleData>
	</SchemaData></ExtendedData>
      <Point><coordinates>103.672032,1.602701,0</coordinates></Point>
  </Placemark>
  <Placemark id="interpolated_points_sde_hala_senai.34">
	<name>SDE HALA SENAI</name>
	<ExtendedData><SchemaData schemaUrl="#interpolated_points_sde_hala_senai">
		<SimpleData name="fid">1</SimpleData>
		<SimpleData name="tessellate">1</SimpleData>
		<SimpleData name="extrude">0</SimpleData>
		<SimpleData name="visibility">-1</SimpleData>
		<SimpleData name="distance">3300</SimpleData>
		<SimpleData name="angle">76.8482084931495</SimpleData>
		<SimpleData name="KM">KM 4.3</SimpleData>
		<SimpleData name="Latitude">1.602907</SimpleData>
		<SimpleData name="Longitude">103.672907</SimpleData>
	</SchemaData></ExtendedData>
      <Point><coordinates>103.672907,1.602907,0</coordinates></Point>
  </Placemark>
  <Placemark id="interpolated_points_sde_hala_senai.35">
	<name>SDE HALA SENAI</name>
	<ExtendedData><SchemaData schemaUrl="#interpolated_points_sde_hala_senai">
		<SimpleData name="fid">1</SimpleData>
		<SimpleData name="tessellate">1</SimpleData>
		<SimpleData name="extrude">0</SimpleData>
		<SimpleData name="visibility">-1</SimpleData>
		<SimpleData name="distance">3400</SimpleData>
		<SimpleData name="angle">74.2857611914681</SimpleData>
		<SimpleData name="KM">KM 4.4</SimpleData>
		<SimpleData name="Latitude">1.603098</SimpleData>
		<SimpleData name="Longitude">103.673786</SimpleData>
	</SchemaData></ExtendedData>
      <Point><coordinates>103.673786,1.603098,0</coordinates></Point>
  </Placemark>
  <Placemark id="interpolated_points_sde_hala_senai.36">
	<name>SDE HALA SENAI</name>
	<ExtendedData><SchemaData schemaUrl="#interpolated_points_sde_hala_senai">
		<SimpleData name="fid">1</SimpleData>
		<SimpleData name="tessellate">1</SimpleData>
		<SimpleData name="extrude">0</SimpleData>
		<SimpleData name="visibility">-1</SimpleData>
		<SimpleData name="distance">3500</SimpleData>
		<SimpleData name="angle">72.7951965118968</SimpleData>
		<SimpleData name="KM">KM 4.5</SimpleData>
		<SimpleData name="Latitude">1.603348</SimpleData>
		<SimpleData name="Longitude">103.674650</SimpleData>
	</SchemaData></ExtendedData>
      <Point><coordinates>103.674650,1.603348,0</coordinates></Point>
  </Placemark>
  <Placemark id="interpolated_points_sde_hala_senai.37">
	<name>SDE HALA SENAI</name>
	<ExtendedData><SchemaData schemaUrl="#interpolated_points_sde_hala_senai">
		<SimpleData name="fid">1</SimpleData>
		<SimpleData name="tessellate">1</SimpleData>
		<SimpleData name="extrude">0</SimpleData>
		<SimpleData name="visibility">-1</SimpleData>
		<SimpleData name="distance">3600</SimpleData>
		<SimpleData name="angle">69.4329939664523</SimpleData>
		<SimpleData name="KM">KM 4.6</SimpleData>
		<SimpleData name="Latitude">1.603647</SimpleData>
		<SimpleData name="Longitude">103.675482</SimpleData>
	</SchemaData></ExtendedData>
      <Point><coordinates>103.675482,1.603647,0</coordinates></Point>
  </Placemark>
  <Placemark id="interpolated_points_sde_hala_senai.38">
	<name>SDE HALA SENAI</name>
	<ExtendedData><SchemaData schemaUrl="#interpolated_points_sde_hala_senai">
		<SimpleData name="fid">1</SimpleData>
		<SimpleData name="tessellate">1</SimpleData>
		<SimpleData name="extrude">0</SimpleData>
		<SimpleData name="visibility">-1</SimpleData>
		<SimpleData name="distance">3700</SimpleData>
		<SimpleData name="angle">64.0822804772002</SimpleData>
		<SimpleData name="KM">KM 4.7</SimpleData>
		<SimpleData name="Latitude">1.603984</SimpleData>
		<SimpleData name="Longitude">103.676299</SimpleData>
	</SchemaData></ExtendedData>
      <Point><coordinates>103.676299,1.603984,0</coordinates></Point>
  </Placemark>
  <Placemark id="interpolated_points_sde_hala_senai.39">
	<name>SDE HALA SENAI</name>
	<ExtendedData><SchemaData schemaUrl="#interpolated_points_sde_hala_senai">
		<SimpleData name="fid">1</SimpleData>
		<SimpleData name="tessellate">1</SimpleData>
		<SimpleData name="extrude">0</SimpleData>
		<SimpleData name="visibility">-1</SimpleData>
		<SimpleData name="distance">3800</SimpleData>
		<SimpleData name="angle">61.7336350147377</SimpleData>
		<SimpleData name="KM">KM 4.8</SimpleData>
		<SimpleData name="Latitude">1.604391</SimpleData>
		<SimpleData name="Longitude">103.677085</SimpleData>
	</SchemaData></ExtendedData>
      <Point><coordinates>103.677085,1.604391,0</coordinates></Point>
  </Placemark>
  <Placemark id="interpolated_points_sde_hala_senai.40">
	<name>SDE HALA SENAI</name>
	<ExtendedData><SchemaData schemaUrl="#interpolated_points_sde_hala_senai">
		<SimpleData name="fid">1</SimpleData>
		<SimpleData name="tessellate">1</SimpleData>
		<SimpleData name="extrude">0</SimpleData>
		<SimpleData name="visibility">-1</SimpleData>
		<SimpleData name="distance">3900</SimpleData>
		<SimpleData name="angle">59.8213017384984</SimpleData>
		<SimpleData name="KM">KM 4.9</SimpleData>
		<SimpleData name="Latitude">1.604823</SimpleData>
		<SimpleData name="Longitude">103.677857</SimpleData>
	</SchemaData></ExtendedData>
      <Point><coordinates>103.677857,1.604823,0</coordinates></Point>
  </Placemark>
  <Placemark id="interpolated_points_sde_hala_senai.41">
	<name>SDE HALA SENAI</name>
	<ExtendedData><SchemaData schemaUrl="#interpolated_points_sde_hala_senai">
		<SimpleData name="fid">1</SimpleData>
		<SimpleData name="tessellate">1</SimpleData>
		<SimpleData name="extrude">0</SimpleData>
		<SimpleData name="visibility">-1</SimpleData>
		<SimpleData name="distance">4000</SimpleData>
		<SimpleData name="angle">56.6628726940891</SimpleData>
		<SimpleData name="KM">KM 5.0</SimpleData>
		<SimpleData name="Latitude">1.605284</SimpleData>
		<SimpleData name="Longitude">103.678612</SimpleData>
	</SchemaData></ExtendedData>
      <Point><coordinates>103.678612,1.605284,0</coordinates></Point>
  </Placemark>
  <Placemark id="interpolated_points_sde_hala_senai.42">
	<name>SDE HALA SENAI</name>
	<ExtendedData><SchemaData schemaUrl="#interpolated_points_sde_hala_senai">
		<SimpleData name="fid">1</SimpleData>
		<SimpleData name="tessellate">1</SimpleData>
		<SimpleData name="extrude">0</SimpleData>
		<SimpleData name="visibility">-1</SimpleData>
		<SimpleData name="distance">4100</SimpleData>
		<SimpleData name="angle">53.3501696166906</SimpleData>
		<SimpleData name="KM">KM 5.1</SimpleData>
		<SimpleData name="Latitude">1.605786</SimpleData>
		<SimpleData name="Longitude">103.679342</SimpleData>
	</SchemaData></ExtendedData>
      <Point><coordinates>103.679342,1.605786,0</coordinates></Point>
  </Placemark>
  <Placemark id="interpolated_points_sde_hala_senai.43">
	<name>SDE HALA SENAI</name>
	<ExtendedData><SchemaData schemaUrl="#interpolated_points_sde_hala_senai">
		<SimpleData name="fid">1</SimpleData>
		<SimpleData name="tessellate">1</SimpleData>
		<SimpleData name="extrude">0</SimpleData>
		<SimpleData name="visibility">-1</SimpleData>
		<SimpleData name="distance">4200</SimpleData>
		<SimpleData name="angle">53.3501696166906</SimpleData>
		<SimpleData name="KM">KM 5.2</SimpleData>
		<SimpleData name="Latitude">1.606317</SimpleData>
		<SimpleData name="Longitude">103.680050</SimpleData>
	</SchemaData></ExtendedData>
      <Point><coordinates>103.680050,1.606317,0</coordinates></Point>
  </Placemark>
  <Placemark id="interpolated_points_sde_hala_senai.44">
	<name>SDE HALA SENAI</name>
	<ExtendedData><SchemaData schemaUrl="#interpolated_points_sde_hala_senai">
		<SimpleData name="fid">1</SimpleData>
		<SimpleData name="tessellate">1</SimpleData>
		<SimpleData name="extrude">0</SimpleData>
		<SimpleData name="visibility">-1</SimpleData>
		<SimpleData name="distance">4300</SimpleData>
		<SimpleData name="angle">52.4416902871507</SimpleData>
		<SimpleData name="KM">KM 5.3</SimpleData>
		<SimpleData name="Latitude">1.606853</SimpleData>
		<SimpleData name="Longitude">103.680755</SimpleData>
	</SchemaData></ExtendedData>
      <Point><coordinates>103.680755,1.606853,0</coordinates></Point>
  </Placemark>
  <Placemark id="interpolated_points_sde_hala_senai.45">
	<name>SDE HALA SENAI</name>
	<ExtendedData><SchemaData schemaUrl="#interpolated_points_sde_hala_senai">
		<SimpleData name="fid">1</SimpleData>
		<SimpleData name="tessellate">1</SimpleData>
		<SimpleData name="extrude">0</SimpleData>
		<SimpleData name="visibility">-1</SimpleData>
		<SimpleData name="distance">4400</SimpleData>
		<SimpleData name="angle">53.1221498751806</SimpleData>
		<SimpleData name="KM">KM 5.4</SimpleData>
		<SimpleData name="Latitude">1.607389</SimpleData>
		<SimpleData name="Longitude">103.681460</SimpleData>
	</SchemaData></ExtendedData>
      <Point><coordinates>103.681460,1.607389,0</coordinates></Point>
  </Placemark>
  <Placemark id="interpolated_points_sde_hala_senai.46">
	<name>SDE HALA SENAI</name>
	<ExtendedData><SchemaData schemaUrl="#interpolated_points_sde_hala_senai">
		<SimpleData name="fid">1</SimpleData>
		<SimpleData name="tessellate">1</SimpleData>
		<SimpleData name="extrude">0</SimpleData>
		<SimpleData name="visibility">-1</SimpleData>
		<SimpleData name="distance">4500</SimpleData>
		<SimpleData name="angle">52.9397343907269</SimpleData>
		<SimpleData name="KM">KM 5.5</SimpleData>
		<SimpleData name="Latitude">1.607926</SimpleData>
		<SimpleData name="Longitude">103.682164</SimpleData>
	</SchemaData></ExtendedData>
      <Point><coordinates>103.682164,1.607926,0</coordinates></Point>
  </Placemark>
  <Placemark id="interpolated_points_sde_hala_senai.47">
	<name>SDE HALA SENAI</name>
	<ExtendedData><SchemaData schemaUrl="#interpolated_points_sde_hala_senai">
		<SimpleData name="fid">1</SimpleData>
		<SimpleData name="tessellate">1</SimpleData>
		<SimpleData name="extrude">0</SimpleData>
		<SimpleData name="visibility">-1</SimpleData>
		<SimpleData name="distance">4600</SimpleData>
		<SimpleData name="angle">52.9397343907269</SimpleData>
		<SimpleData name="KM">KM 5.6</SimpleData>
		<SimpleData name="Latitude">1.608463</SimpleData>
		<SimpleData name="Longitude">103.682868</SimpleData>
	</SchemaData></ExtendedData>
      <Point><coordinates>103.682868,1.608463,0</coordinates></Point>
  </Placemark>
  <Placemark id="interpolated_points_sde_hala_senai.48">
	<name>SDE HALA SENAI</name>
	<ExtendedData><SchemaData schemaUrl="#interpolated_points_sde_hala_senai">
		<SimpleData name="fid">1</SimpleData>
		<SimpleData name="tessellate">1</SimpleData>
		<SimpleData name="extrude">0</SimpleData>
		<SimpleData name="visibility">-1</SimpleData>
		<SimpleData name="distance">4700</SimpleData>
		<SimpleData name="angle">52.4818629273343</SimpleData>
		<SimpleData name="KM">KM 5.7</SimpleData>
		<SimpleData name="Latitude">1.609005</SimpleData>
		<SimpleData name="Longitude">103.683569</SimpleData>
	</SchemaData></ExtendedData>
      <Point><coordinates>103.683569,1.609005,0</coordinates></Point>
  </Placemark>
  <Placemark id="interpolated_points_sde_hala_senai.49">
	<name>SDE HALA SENAI</name>
	<ExtendedData><SchemaData schemaUrl="#interpolated_points_sde_hala_senai">
		<SimpleData name="fid">1</SimpleData>
		<SimpleData name="tessellate">1</SimpleData>
		<SimpleData name="extrude">0</SimpleData>
		<SimpleData name="visibility">-1</SimpleData>
		<SimpleData name="distance">4800</SimpleData>
		<SimpleData name="angle">52.6972474213788</SimpleData>
		<SimpleData name="KM">KM 5.8</SimpleData>
		<SimpleData name="Latitude">1.609547</SimpleData>
		<SimpleData name="Longitude">103.684270</SimpleData>
	</SchemaData></ExtendedData>
      <Point><coordinates>103.684270,1.609547,0</coordinates></Point>
  </Placemark>
  <Placemark id="interpolated_points_sde_hala_senai.50">
	<name>SDE HALA SENAI</name>
	<ExtendedData><SchemaData schemaUrl="#interpolated_points_sde_hala_senai">
		<SimpleData name="fid">1</SimpleData>
		<SimpleData name="tessellate">1</SimpleData>
		<SimpleData name="extrude">0</SimpleData>
		<SimpleData name="visibility">-1</SimpleData>
		<SimpleData name="distance">4900</SimpleData>
		<SimpleData name="angle">52.6972474213788</SimpleData>
		<SimpleData name="KM">KM 5.9</SimpleData>
		<SimpleData name="Latitude">1.610086</SimpleData>
		<SimpleData name="Longitude">103.684972</SimpleData>
	</SchemaData></ExtendedData>
      <Point><coordinates>103.684972,1.610086,0</coordinates></Point>
  </Placemark>
  <Placemark id="interpolated_points_sde_hala_senai.51">
	<name>SDE HALA SENAI</name>
	<ExtendedData><SchemaData schemaUrl="#interpolated_points_sde_hala_senai">
		<SimpleData name="fid">1</SimpleData>
		<SimpleData name="tessellate">1</SimpleData>
		<SimpleData name="extrude">0</SimpleData>
		<SimpleData name="visibility">-1</SimpleData>
		<SimpleData name="distance">5000</SimpleData>
		<SimpleData name="angle">52.8857827778778</SimpleData>
		<SimpleData name="KM">KM 6.0</SimpleData>
		<SimpleData name="Latitude">1.610625</SimpleData>
		<SimpleData name="Longitude">103.685675</SimpleData>
	</SchemaData></ExtendedData>
      <Point><coordinates>103.685675,1.610625,0</coordinates></Point>
  </Placemark>
  <Placemark id="interpolated_points_sde_hala_senai.52">
	<name>SDE HALA SENAI</name>
	<ExtendedData><SchemaData schemaUrl="#interpolated_points_sde_hala_senai">
		<SimpleData name="fid">1</SimpleData>
		<SimpleData name="tessellate">1</SimpleData>
		<SimpleData name="extrude">0</SimpleData>
		<SimpleData name="visibility">-1</SimpleData>
		<SimpleData name="distance">5100</SimpleData>
		<SimpleData name="angle">54.9185923503768</SimpleData>
		<SimpleData name="KM">KM 6.1</SimpleData>
		<SimpleData name="Latitude">1.611153</SimpleData>
		<SimpleData name="Longitude">103.686386</SimpleData>
	</SchemaData></ExtendedData>
      <Point><coordinates>103.686386,1.611153,0</coordinates></Point>
  </Placemark>
  <Placemark id="interpolated_points_sde_hala_senai.53">
	<name>SDE HALA SENAI</name>
	<ExtendedData><SchemaData schemaUrl="#interpolated_points_sde_hala_senai">
		<SimpleData name="fid">1</SimpleData>
		<SimpleData name="tessellate">1</SimpleData>
		<SimpleData name="extrude">0</SimpleData>
		<SimpleData name="visibility">-1</SimpleData>
		<SimpleData name="distance">5200</SimpleData>
		<SimpleData name="angle">55.3956918114394</SimpleData>
		<SimpleData name="KM">KM 6.2</SimpleData>
		<SimpleData name="Latitude">1.611661</SimpleData>
		<SimpleData name="Longitude">103.687110</SimpleData>
	</SchemaData></ExtendedData>
      <Point><coordinates>103.687110,1.611661,0</coordinates></Point>
  </Placemark>
  <Placemark id="interpolated_points_sde_hala_senai.54">
	<name>SDE HALA SENAI</name>
	<ExtendedData><SchemaData schemaUrl="#interpolated_points_sde_hala_senai">
		<SimpleData name="fid">1</SimpleData>
		<SimpleData name="tessellate">1</SimpleData>
		<SimpleData name="extrude">0</SimpleData>
		<SimpleData name="visibility">-1</SimpleData>
		<SimpleData name="distance">5300</SimpleData>
		<SimpleData name="angle">55.3956918114394</SimpleData>
		<SimpleData name="KM">KM 6.3</SimpleData>
		<SimpleData name="Latitude">1.612166</SimpleData>
		<SimpleData name="Longitude">103.687838</SimpleData>
	</SchemaData></ExtendedData>
      <Point><coordinates>103.687838,1.612166,0</coordinates></Point>
  </Placemark>
  <Placemark id="interpolated_points_sde_hala_senai.55">
	<name>SDE HALA SENAI</name>
	<ExtendedData><SchemaData schemaUrl="#interpolated_points_sde_hala_senai">
		<SimpleData name="fid">1</SimpleData>
		<SimpleData name="tessellate">1</SimpleData>
		<SimpleData name="extrude">0</SimpleData>
		<SimpleData name="visibility">-1</SimpleData>
		<SimpleData name="distance">5400</SimpleData>
		<SimpleData name="angle">57.2141825307401</SimpleData>
		<SimpleData name="KM">KM 6.4</SimpleData>
		<SimpleData name="Latitude">1.612649</SimpleData>
		<SimpleData name="Longitude">103.688580</SimpleData>
	</SchemaData></ExtendedData>
      <Point><coordinates>103.688580,1.612649,0</coordinates></Point>
  </Placemark>
  <Placemark id="interpolated_points_sde_hala_senai.56">
	<name>SDE HALA SENAI</name>
	<ExtendedData><SchemaData schemaUrl="#interpolated_points_sde_hala_senai">
		<SimpleData name="fid">1</SimpleData>
		<SimpleData name="tessellate">1</SimpleData>
		<SimpleData name="extrude">0</SimpleData>
		<SimpleData name="visibility">-1</SimpleData>
		<SimpleData name="distance">5500</SimpleData>
		<SimpleData name="angle">57.6564640987124</SimpleData>
		<SimpleData name="KM">KM 6.5</SimpleData>
		<SimpleData name="Latitude">1.613113</SimpleData>
		<SimpleData name="Longitude">103.689333</SimpleData>
	</SchemaData></ExtendedData>
      <Point><coordinates>103.689333,1.613113,0</coordinates></Point>
  </Placemark>
  <Placemark id="interpolated_points_sde_hala_senai.57">
	<name>SDE HALA SENAI</name>
	<ExtendedData><SchemaData schemaUrl="#interpolated_points_sde_hala_senai">
		<SimpleData name="fid">1</SimpleData>
		<SimpleData name="tessellate">1</SimpleData>
		<SimpleData name="extrude">0</SimpleData>
		<SimpleData name="visibility">-1</SimpleData>
		<SimpleData name="distance">5600</SimpleData>
		<SimpleData name="angle">58.7972589356164</SimpleData>
		<SimpleData name="KM">KM 6.6</SimpleData>
		<SimpleData name="Latitude">1.613578</SimpleData>
		<SimpleData name="Longitude">103.690086</SimpleData>
	</SchemaData></ExtendedData>
      <Point><coordinates>103.690086,1.613578,0</coordinates></Point>
  </Placemark>
  <Placemark id="interpolated_points_sde_hala_senai.58">
	<name>SDE HALA SENAI</name>
	<ExtendedData><SchemaData schemaUrl="#interpolated_points_sde_hala_senai">
		<SimpleData name="fid">1</SimpleData>
		<SimpleData name="tessellate">1</SimpleData>
		<SimpleData name="extrude">0</SimpleData>
		<SimpleData name="visibility">-1</SimpleData>
		<SimpleData name="distance">5700</SimpleData>
		<SimpleData name="angle">60.6026746386726</SimpleData>
		<SimpleData name="KM">KM 6.7</SimpleData>
		<SimpleData name="Latitude">1.614030</SimpleData>
		<SimpleData name="Longitude">103.690847</SimpleData>
	</SchemaData></ExtendedData>
      <Point><coordinates>103.690847,1.614030,0</coordinates></Point>
  </Placemark>
  <Placemark id="interpolated_points_sde_hala_senai.59">
	<name>SDE HALA SENAI</name>
	<ExtendedData><SchemaData schemaUrl="#interpolated_points_sde_hala_senai">
		<SimpleData name="fid">1</SimpleData>
		<SimpleData name="tessellate">1</SimpleData>
		<SimpleData name="extrude">0</SimpleData>
		<SimpleData name="visibility">-1</SimpleData>
		<SimpleData name="distance">5800</SimpleData>
		<SimpleData name="angle">61.1355996128682</SimpleData>
		<SimpleData name="KM">KM 6.8</SimpleData>
		<SimpleData name="Latitude">1.614465</SimpleData>
		<SimpleData name="Longitude">103.691618</SimpleData>
	</SchemaData></ExtendedData>
      <Point><coordinates>103.691618,1.614465,0</coordinates></Point>
  </Placemark>
  <Placemark id="interpolated_points_sde_hala_senai.60">
	<name>SDE HALA SENAI</name>
	<ExtendedData><SchemaData schemaUrl="#interpolated_points_sde_hala_senai">
		<SimpleData name="fid">1</SimpleData>
		<SimpleData name="tessellate">1</SimpleData>
		<SimpleData name="extrude">0</SimpleData>
		<SimpleData name="visibility">-1</SimpleData>
		<SimpleData name="distance">5900</SimpleData>
		<SimpleData name="angle">62.8170631917201</SimpleData>
		<SimpleData name="KM">KM 6.9</SimpleData>
		<SimpleData name="Latitude">1.614881</SimpleData>
		<SimpleData name="Longitude">103.692399</SimpleData>
	</SchemaData></ExtendedData>
      <Point><coordinates>103.692399,1.614881,0</coordinates></Point>
  </Placemark>
  <Placemark id="interpolated_points_sde_hala_senai.61">
	<name>SDE HALA SENAI</name>
	<ExtendedData><SchemaData schemaUrl="#interpolated_points_sde_hala_senai">
		<SimpleData name="fid">1</SimpleData>
		<SimpleData name="tessellate">1</SimpleData>
		<SimpleData name="extrude">0</SimpleData>
		<SimpleData name="visibility">-1</SimpleData>
		<SimpleData name="distance">6000</SimpleData>
		<SimpleData name="angle">63.4456722844813</SimpleData>
		<SimpleData name="KM">KM 7.0</SimpleData>
		<SimpleData name="Latitude">1.615282</SimpleData>
		<SimpleData name="Longitude">103.693187</SimpleData>
	</SchemaData></ExtendedData>
      <Point><coordinates>103.693187,1.615282,0</coordinates></Point>
  </Placemark>
  <Placemark id="interpolated_points_sde_hala_senai.62">
	<name>SDE HALA SENAI</name>
	<ExtendedData><SchemaData schemaUrl="#interpolated_points_sde_hala_senai">
		<SimpleData name="fid">1</SimpleData>
		<SimpleData name="tessellate">1</SimpleData>
		<SimpleData name="extrude">0</SimpleData>
		<SimpleData name="visibility">-1</SimpleData>
		<SimpleData name="distance">6100</SimpleData>
		<SimpleData name="angle">65.2026124994011</SimpleData>
		<SimpleData name="KM">KM 7.1</SimpleData>
		<SimpleData name="Latitude">1.615667</SimpleData>
		<SimpleData name="Longitude">103.693984</SimpleData>
	</SchemaData></ExtendedData>
      <Point><coordinates>103.693984,1.615667,0</coordinates></Point>
  </Placemark>
  <Placemark id="interpolated_points_sde_hala_senai.63">
	<name>SDE HALA SENAI</name>
	<ExtendedData><SchemaData schemaUrl="#interpolated_points_sde_hala_senai">
		<SimpleData name="fid">1</SimpleData>
		<SimpleData name="tessellate">1</SimpleData>
		<SimpleData name="extrude">0</SimpleData>
		<SimpleData name="visibility">-1</SimpleData>
		<SimpleData name="distance">6200</SimpleData>
		<SimpleData name="angle">64.23655366343</SimpleData>
		<SimpleData name="KM">KM 7.2</SimpleData>
		<SimpleData name="Latitude">1.616044</SimpleData>
		<SimpleData name="Longitude">103.694785</SimpleData>
	</SchemaData></ExtendedData>
      <Point><coordinates>103.694785,1.616044,0</coordinates></Point>
  </Placemark>
  <Placemark id="interpolated_points_sde_hala_senai.64">
	<name>SDE HALA SENAI</name>
	<ExtendedData><SchemaData schemaUrl="#interpolated_points_sde_hala_senai">
		<SimpleData name="fid">1</SimpleData>
		<SimpleData name="tessellate">1</SimpleData>
		<SimpleData name="extrude">0</SimpleData>
		<SimpleData name="visibility">-1</SimpleData>
		<SimpleData name="distance">6300</SimpleData>
		<SimpleData name="angle">66.767517721259</SimpleData>
		<SimpleData name="KM">KM 7.3</SimpleData>
		<SimpleData name="Latitude">1.616398</SimpleData>
		<SimpleData name="Longitude">103.695595</SimpleData>
	</SchemaData></ExtendedData>
      <Point><coordinates>103.695595,1.616398,0</coordinates></Point>
  </Placemark>
  <Placemark id="interpolated_points_sde_hala_senai.65">
	<name>SDE HALA SENAI</name>
	<ExtendedData><SchemaData schemaUrl="#interpolated_points_sde_hala_senai">
		<SimpleData name="fid">1</SimpleData>
		<SimpleData name="tessellate">1</SimpleData>
		<SimpleData name="extrude">0</SimpleData>
		<SimpleData name="visibility">-1</SimpleData>
		<SimpleData name="distance">6400</SimpleData>
		<SimpleData name="angle">67.8834056005222</SimpleData>
		<SimpleData name="KM">KM 7.4</SimpleData>
		<SimpleData name="Latitude">1.616736</SimpleData>
		<SimpleData name="Longitude">103.696413</SimpleData>
	</SchemaData></ExtendedData>
      <Point><coordinates>103.696413,1.616736,0</coordinates></Point>
  </Placemark>
  <Placemark id="interpolated_points_sde_hala_senai.66">
	<name>SDE HALA SENAI</name>
	<ExtendedData><SchemaData schemaUrl="#interpolated_points_sde_hala_senai">
		<SimpleData name="fid">1</SimpleData>
		<SimpleData name="tessellate">1</SimpleData>
		<SimpleData name="extrude">0</SimpleData>
		<SimpleData name="visibility">-1</SimpleData>
		<SimpleData name="distance">6500</SimpleData>
		<SimpleData name="angle">68.21799747932</SimpleData>
		<SimpleData name="KM">KM 7.5</SimpleData>
		<SimpleData name="Latitude">1.617065</SimpleData>
		<SimpleData name="Longitude">103.697234</SimpleData>
	</SchemaData></ExtendedData>
      <Point><coordinates>103.697234,1.617065,0</coordinates></Point>
  </Placemark>
  <Placemark id="interpolated_points_sde_hala_senai.67">
	<name>SDE HALA SENAI</name>
	<ExtendedData><SchemaData schemaUrl="#interpolated_points_sde_hala_senai">
		<SimpleData name="fid">1</SimpleData>
		<SimpleData name="tessellate">1</SimpleData>
		<SimpleData name="extrude">0</SimpleData>
		<SimpleData name="visibility">-1</SimpleData>
		<SimpleData name="distance">6600</SimpleData>
		<SimpleData name="angle">70.5648771266612</SimpleData>
		<SimpleData name="KM">KM 7.6</SimpleData>
		<SimpleData name="Latitude">1.617380</SimpleData>
		<SimpleData name="Longitude">103.698061</SimpleData>
	</SchemaData></ExtendedData>
      <Point><coordinates>103.698061,1.617380,0</coordinates></Point>
  </Placemark>
  <Placemark id="interpolated_points_sde_hala_senai.68">
	<name>SDE HALA SENAI</name>
	<ExtendedData><SchemaData schemaUrl="#interpolated_points_sde_hala_senai">
		<SimpleData name="fid">1</SimpleData>
		<SimpleData name="tessellate">1</SimpleData>
		<SimpleData name="extrude">0</SimpleData>
		<SimpleData name="visibility">-1</SimpleData>
		<SimpleData name="distance">6700</SimpleData>
		<SimpleData name="angle">70.5648771266612</SimpleData>
		<SimpleData name="KM">KM 7.7</SimpleData>
		<SimpleData name="Latitude">1.617673</SimpleData>
		<SimpleData name="Longitude">103.698896</SimpleData>
	</SchemaData></ExtendedData>
      <Point><coordinates>103.698896,1.617673,0</coordinates></Point>
  </Placemark>
  <Placemark id="interpolated_points_sde_hala_senai.69">
	<name>SDE HALA SENAI</name>
	<ExtendedData><SchemaData schemaUrl="#interpolated_points_sde_hala_senai">
		<SimpleData name="fid">1</SimpleData>
		<SimpleData name="tessellate">1</SimpleData>
		<SimpleData name="extrude">0</SimpleData>
		<SimpleData name="visibility">-1</SimpleData>
		<SimpleData name="distance">6800</SimpleData>
		<SimpleData name="angle">71.8872810490164</SimpleData>
		<SimpleData name="KM">KM 7.8</SimpleData>
		<SimpleData name="Latitude">1.617952</SimpleData>
		<SimpleData name="Longitude">103.699735</SimpleData>
	</SchemaData></ExtendedData>
      <Point><coordinates>103.699735,1.617952,0</coordinates></Point>
  </Placemark>
  <Placemark id="interpolated_points_sde_hala_senai.70">
	<name>SDE HALA SENAI</name>
	<ExtendedData><SchemaData schemaUrl="#interpolated_points_sde_hala_senai">
		<SimpleData name="fid">1</SimpleData>
		<SimpleData name="tessellate">1</SimpleData>
		<SimpleData name="extrude">0</SimpleData>
		<SimpleData name="visibility">-1</SimpleData>
		<SimpleData name="distance">6900</SimpleData>
		<SimpleData name="angle">72.4495472544261</SimpleData>
		<SimpleData name="KM">KM 7.9</SimpleData>
		<SimpleData name="Latitude">1.618220</SimpleData>
		<SimpleData name="Longitude">103.700579</SimpleData>
	</SchemaData></ExtendedData>
      <Point><coordinates>103.700579,1.618220,0</coordinates></Point>
  </Placemark>
  <Placemark id="interpolated_points_sde_hala_senai.71">
	<name>SDE HALA SENAI</name>
	<ExtendedData><SchemaData schemaUrl="#interpolated_points_sde_hala_senai">
		<SimpleData name="fid">1</SimpleData>
		<SimpleData name="tessellate">1</SimpleData>
		<SimpleData name="extrude">0</SimpleData>
		<SimpleData name="visibility">-1</SimpleData>
		<SimpleData name="distance">7000</SimpleData>
		<SimpleData name="angle">73.7409830361906</SimpleData>
		<SimpleData name="KM">KM 8.0</SimpleData>
		<SimpleData name="Latitude">1.618468</SimpleData>
		<SimpleData name="Longitude">103.701428</SimpleData>
	</SchemaData></ExtendedData>
      <Point><coordinates>103.701428,1.618468,0</coordinates></Point>
  </Placemark>
  <Placemark id="interpolated_points_sde_hala_senai.72">
	<name>SDE HALA SENAI</name>
	<ExtendedData><SchemaData schemaUrl="#interpolated_points_sde_hala_senai">
		<SimpleData name="fid">1</SimpleData>
		<SimpleData name="tessellate">1</SimpleData>
		<SimpleData name="extrude">0</SimpleData>
		<SimpleData name="visibility">-1</SimpleData>
		<SimpleData name="distance">7100</SimpleData>
		<SimpleData name="angle">75.0661510234669</SimpleData>
		<SimpleData name="KM">KM 8.1</SimpleData>
		<SimpleData name="Latitude">1.618701</SimpleData>
		<SimpleData name="Longitude">103.702281</SimpleData>
	</SchemaData></ExtendedData>
      <Point><coordinates>103.702281,1.618701,0</coordinates></Point>
  </Placemark>
  <Placemark id="interpolated_points_sde_hala_senai.73">
	<name>SDE HALA SENAI</name>
	<ExtendedData><SchemaData schemaUrl="#interpolated_points_sde_hala_senai">
		<SimpleData name="fid">1</SimpleData>
		<SimpleData name="tessellate">1</SimpleData>
		<SimpleData name="extrude">0</SimpleData>
		<SimpleData name="visibility">-1</SimpleData>
		<SimpleData name="distance">7200</SimpleData>
		<SimpleData name="angle">76.3848291016896</SimpleData>
		<SimpleData name="KM">KM 8.2</SimpleData>
		<SimpleData name="Latitude">1.618913</SimpleData>
		<SimpleData name="Longitude">103.703141</SimpleData>
	</SchemaData></ExtendedData>
      <Point><coordinates>103.703141,1.618913,0</coordinates></Point>
  </Placemark>
  <Placemark id="interpolated_points_sde_hala_senai.74">
	<name>SDE HALA SENAI</name>
	<ExtendedData><SchemaData schemaUrl="#interpolated_points_sde_hala_senai">
		<SimpleData name="fid">1</SimpleData>
		<SimpleData name="tessellate">1</SimpleData>
		<SimpleData name="extrude">0</SimpleData>
		<SimpleData name="visibility">-1</SimpleData>
		<SimpleData name="distance">7300</SimpleData>
		<SimpleData name="angle">76.9119949896406</SimpleData>
		<SimpleData name="KM">KM 8.3</SimpleData>
		<SimpleData name="Latitude">1.619116</SimpleData>
		<SimpleData name="Longitude">103.704002</SimpleData>
	</SchemaData></ExtendedData>
      <Point><coordinates>103.704002,1.619116,0</coordinates></Point>
  </Placemark>
  <Placemark id="interpolated_points_sde_hala_senai.75">
	<name>SDE HALA SENAI</name>
	<ExtendedData><SchemaData schemaUrl="#interpolated_points_sde_hala_senai">
		<SimpleData name="fid">1</SimpleData>
		<SimpleData name="tessellate">1</SimpleData>
		<SimpleData name="extrude">0</SimpleData>
		<SimpleData name="visibility">-1</SimpleData>
		<SimpleData name="distance">7400</SimpleData>
		<SimpleData name="angle">78.9533299998141</SimpleData>
		<SimpleData name="KM">KM 8.4</SimpleData>
		<SimpleData name="Latitude">1.619308</SimpleData>
		<SimpleData name="Longitude">103.704866</SimpleData>
	</SchemaData></ExtendedData>
      <Point><coordinates>103.704866,1.619308,0</coordinates></Point>
  </Placemark>
  <Placemark id="interpolated_points_sde_hala_senai.76">
	<name>SDE HALA SENAI</name>
	<ExtendedData><SchemaData schemaUrl="#interpolated_points_sde_hala_senai">
		<SimpleData name="fid">1</SimpleData>
		<SimpleData name="tessellate">1</SimpleData>
		<SimpleData name="extrude">0</SimpleData>
		<SimpleData name="visibility">-1</SimpleData>
		<SimpleData name="distance">7500</SimpleData>
		<SimpleData name="angle">78.9533299998141</SimpleData>
		<SimpleData name="KM">KM 8.5</SimpleData>
		<SimpleData name="Latitude">1.619473</SimpleData>
		<SimpleData name="Longitude">103.705736</SimpleData>
	</SchemaData></ExtendedData>
      <Point><coordinates>103.705736,1.619473,0</coordinates></Point>
  </Placemark>
  <Placemark id="interpolated_points_sde_hala_senai.77">
	<name>SDE HALA SENAI</name>
	<ExtendedData><SchemaData schemaUrl="#interpolated_points_sde_hala_senai">
		<SimpleData name="fid">1</SimpleData>
		<SimpleData name="tessellate">1</SimpleData>
		<SimpleData name="extrude">0</SimpleData>
		<SimpleData name="visibility">-1</SimpleData>
		<SimpleData name="distance">7600</SimpleData>
		<SimpleData name="angle">82.1715616270458</SimpleData>
		<SimpleData name="KM">KM 8.6</SimpleData>
		<SimpleData name="Latitude">1.619626</SimpleData>
		<SimpleData name="Longitude">103.706607</SimpleData>
	</SchemaData></ExtendedData>
      <Point><coordinates>103.706607,1.619626,0</coordinates></Point>
  </Placemark>
  <Placemark id="interpolated_points_sde_hala_senai.78">
	<name>SDE HALA SENAI</name>
	<ExtendedData><SchemaData schemaUrl="#interpolated_points_sde_hala_senai">
		<SimpleData name="fid">1</SimpleData>
		<SimpleData name="tessellate">1</SimpleData>
		<SimpleData name="extrude">0</SimpleData>
		<SimpleData name="visibility">-1</SimpleData>
		<SimpleData name="distance">7700</SimpleData>
		<SimpleData name="angle">81.1176011782137</SimpleData>
		<SimpleData name="KM">KM 8.7</SimpleData>
		<SimpleData name="Latitude">1.619750</SimpleData>
		<SimpleData name="Longitude">103.707484</SimpleData>
	</SchemaData></ExtendedData>
      <Point><coordinates>103.707484,1.619750,0</coordinates></Point>
  </Placemark>
  <Placemark id="interpolated_points_sde_hala_senai.79">
	<name>SDE HALA SENAI</name>
	<ExtendedData><SchemaData schemaUrl="#interpolated_points_sde_hala_senai">
		<SimpleData name="fid">1</SimpleData>
		<SimpleData name="tessellate">1</SimpleData>
		<SimpleData name="extrude">0</SimpleData>
		<SimpleData name="visibility">-1</SimpleData>
		<SimpleData name="distance">7800</SimpleData>
		<SimpleData name="angle">81.1176011782137</SimpleData>
		<SimpleData name="KM">KM 8.8</SimpleData>
		<SimpleData name="Latitude">1.619881</SimpleData>
		<SimpleData name="Longitude">103.708360</SimpleData>
	</SchemaData></ExtendedData>
      <Point><coordinates>103.708360,1.619881,0</coordinates></Point>
  </Placemark>
  <Placemark id="interpolated_points_sde_hala_senai.80">
	<name>SDE HALA SENAI</name>
	<ExtendedData><SchemaData schemaUrl="#interpolated_points_sde_hala_senai">
		<SimpleData name="fid">1</SimpleData>
		<SimpleData name="tessellate">1</SimpleData>
		<SimpleData name="extrude">0</SimpleData>
		<SimpleData name="visibility">-1</SimpleData>
		<SimpleData name="distance">7900</SimpleData>
		<SimpleData name="angle">83.2212051549181</SimpleData>
		<SimpleData name="KM">KM 8.9</SimpleData>
		<SimpleData name="Latitude">1.619988</SimpleData>
		<SimpleData name="Longitude">103.709238</SimpleData>
	</SchemaData></ExtendedData>
      <Point><coordinates>103.709238,1.619988,0</coordinates></Point>
  </Placemark>
  <Placemark id="interpolated_points_sde_hala_senai.81">
	<name>SDE HALA SENAI</name>
	<ExtendedData><SchemaData schemaUrl="#interpolated_points_sde_hala_senai">
		<SimpleData name="fid">1</SimpleData>
		<SimpleData name="tessellate">1</SimpleData>
		<SimpleData name="extrude">0</SimpleData>
		<SimpleData name="visibility">-1</SimpleData>
		<SimpleData name="distance">8000</SimpleData>
		<SimpleData name="angle">84.593351314825</SimpleData>
		<SimpleData name="KM">KM 9.0</SimpleData>
		<SimpleData name="Latitude">1.620058</SimpleData>
		<SimpleData name="Longitude">103.710121</SimpleData>
	</SchemaData></ExtendedData>
      <Point><coordinates>103.710121,1.620058,0</coordinates></Point>
  </Placemark>
  <Placemark id="interpolated_points_sde_hala_senai.82">
	<name>SDE HALA SENAI</name>
	<ExtendedData><SchemaData schemaUrl="#interpolated_points_sde_hala_senai">
		<SimpleData name="fid">1</SimpleData>
		<SimpleData name="tessellate">1</SimpleData>
		<SimpleData name="extrude">0</SimpleData>
		<SimpleData name="visibility">-1</SimpleData>
		<SimpleData name="distance">8100</SimpleData>
		<SimpleData name="angle">84.000039836754</SimpleData>
		<SimpleData name="KM">KM 9.1</SimpleData>
		<SimpleData name="Latitude">1.620150</SimpleData>
		<SimpleData name="Longitude">103.711021</SimpleData>
	</SchemaData></ExtendedData>
      <Point><coordinates>103.711021,1.620150,0</coordinates></Point>
  </Placemark>
  <Placemark id="interpolated_points_sde_hala_senai.83">
	<name>SDE HALA SENAI</name>
	<ExtendedData><SchemaData schemaUrl="#interpolated_points_sde_hala_senai">
		<SimpleData name="fid">1</SimpleData>
		<SimpleData name="tessellate">1</SimpleData>
		<SimpleData name="extrude">0</SimpleData>
		<SimpleData name="visibility">-1</SimpleData>
		<SimpleData name="distance">8200</SimpleData>
		<SimpleData name="angle">86.7864638945425</SimpleData>
		<SimpleData name="KM">KM 9.2</SimpleData>
		<SimpleData name="Latitude">1.620228</SimpleData>
		<SimpleData name="Longitude">103.711922</SimpleData>
	</SchemaData></ExtendedData>
      <Point><coordinates>103.711922,1.620228,0</coordinates></Point>
  </Placemark>
  <Placemark id="interpolated_points_sde_hala_senai.84">
	<name>SDE HALA SENAI</name>
	<ExtendedData><SchemaData schemaUrl="#interpolated_points_sde_hala_senai">
		<SimpleData name="fid">1</SimpleData>
		<SimpleData name="tessellate">1</SimpleData>
		<SimpleData name="extrude">0</SimpleData>
		<SimpleData name="visibility">-1</SimpleData>
		<SimpleData name="distance">8300</SimpleData>
		<SimpleData name="angle">87.5649876780556</SimpleData>
		<SimpleData name="KM">KM 9.3</SimpleData>
		<SimpleData name="Latitude">1.620274</SimpleData>
		<SimpleData name="Longitude">103.712825</SimpleData>
	</SchemaData></ExtendedData>
      <Point><coordinates>103.712825,1.620274,0</coordinates></Point>
  </Placemark>
  <Placemark id="interpolated_points_sde_hala_senai.85">
	<name>SDE HALA SENAI</name>
	<ExtendedData><SchemaData schemaUrl="#interpolated_points_sde_hala_senai">
		<SimpleData name="fid">1</SimpleData>
		<SimpleData name="tessellate">1</SimpleData>
		<SimpleData name="extrude">0</SimpleData>
		<SimpleData name="visibility">-1</SimpleData>
		<SimpleData name="distance">8400</SimpleData>
		<SimpleData name="angle">88.9718091904295</SimpleData>
		<SimpleData name="KM">KM 9.4</SimpleData>
		<SimpleData name="Latitude">1.620304</SimpleData>
		<SimpleData name="Longitude">103.713729</SimpleData>
	</SchemaData></ExtendedData>
      <Point><coordinates>103.713729,1.620304,0</coordinates></Point>
  </Placemark>
  <Placemark id="interpolated_points_sde_hala_senai.86">
	<name>SDE HALA SENAI</name>
	<ExtendedData><SchemaData schemaUrl="#interpolated_points_sde_hala_senai">
		<SimpleData name="fid">1</SimpleData>
		<SimpleData name="tessellate">1</SimpleData>
		<SimpleData name="extrude">0</SimpleData>
		<SimpleData name="visibility">-1</SimpleData>
		<SimpleData name="distance">8500</SimpleData>
		<SimpleData name="angle">89.4025861464541</SimpleData>
		<SimpleData name="KM">KM 9.5</SimpleData>
		<SimpleData name="Latitude">1.620321</SimpleData>
		<SimpleData name="Longitude">103.714633</SimpleData>
	</SchemaData></ExtendedData>
      <Point><coordinates>103.714633,1.620321,0</coordinates></Point>
  </Placemark>
  <Placemark id="interpolated_points_sde_hala_senai.87">
	<name>SDE HALA SENAI</name>
	<ExtendedData><SchemaData schemaUrl="#interpolated_points_sde_hala_senai">
		<SimpleData name="fid">1</SimpleData>
		<SimpleData name="tessellate">1</SimpleData>
		<SimpleData name="extrude">0</SimpleData>
		<SimpleData name="visibility">-1</SimpleData>
		<SimpleData name="distance">8600</SimpleData>
		<SimpleData name="angle">91.8782630267273</SimpleData>
		<SimpleData name="KM">KM 9.6</SimpleData>
		<SimpleData name="Latitude">1.620307</SimpleData>
		<SimpleData name="Longitude">103.715537</SimpleData>
	</SchemaData></ExtendedData>
      <Point><coordinates>103.715537,1.620307,0</coordinates></Point>
  </Placemark>
  <Placemark id="interpolated_points_sde_hala_senai.88">
	<name>SDE HALA SENAI</name>
	<ExtendedData><SchemaData schemaUrl="#interpolated_points_sde_hala_senai">
		<SimpleData name="fid">1</SimpleData>
		<SimpleData name="tessellate">1</SimpleData>
		<SimpleData name="extrude">0</SimpleData>
		<SimpleData name="visibility">-1</SimpleData>
		<SimpleData name="distance">8700</SimpleData>
		<SimpleData name="angle">90.8292144888506</SimpleData>
		<SimpleData name="KM">KM 9.7</SimpleData>
		<SimpleData name="Latitude">1.620344</SimpleData>
		<SimpleData name="Longitude">103.716441</SimpleData>
	</SchemaData></ExtendedData>
      <Point><coordinates>103.716441,1.620344,0</coordinates></Point>
  </Placemark>
  <Placemark id="interpolated_points_sde_hala_senai.89">
	<name>SDE HALA SENAI</name>
	<ExtendedData><SchemaData schemaUrl="#interpolated_points_sde_hala_senai">
		<SimpleData name="fid">1</SimpleData>
		<SimpleData name="tessellate">1</SimpleData>
		<SimpleData name="extrude">0</SimpleData>
		<SimpleData name="visibility">-1</SimpleData>
		<SimpleData name="distance">8800</SimpleData>
		<SimpleData name="angle">89.3780971517464</SimpleData>
		<SimpleData name="KM">KM 9.8</SimpleData>
		<SimpleData name="Latitude">1.620349</SimpleData>
		<SimpleData name="Longitude">103.717345</SimpleData>
	</SchemaData></ExtendedData>
      <Point><coordinates>103.717345,1.620349,0</coordinates></Point>
  </Placemark>
  <Placemark id="interpolated_points_sde_hala_senai.90">
	<name>SDE HALA SENAI</name>
	<ExtendedData><SchemaData schemaUrl="#interpolated_points_sde_hala_senai">
		<SimpleData name="fid">1</SimpleData>
		<SimpleData name="tessellate">1</SimpleData>
		<SimpleData name="extrude">0</SimpleData>
		<SimpleData name="visibility">-1</SimpleData>
		<SimpleData name="distance">8900</SimpleData>
		<SimpleData name="angle">89.3862043370942</SimpleData>
		<SimpleData name="KM">KM 9.9</SimpleData>
		<SimpleData name="Latitude">1.620362</SimpleData>
		<SimpleData name="Longitude">103.718250</SimpleData>
	</SchemaData></ExtendedData>
      <Point><coordinates>103.718250,1.620362,0</coordinates></Point>
  </Placemark>
  <Placemark id="interpolated_points_sde_hala_senai.91">
	<name>SDE HALA SENAI</name>
	<ExtendedData><SchemaData schemaUrl="#interpolated_points_sde_hala_senai">
		<SimpleData name="fid">1</SimpleData>
		<SimpleData name="tessellate">1</SimpleData>
		<SimpleData name="extrude">0</SimpleData>
		<SimpleData name="visibility">-1</SimpleData>
		<SimpleData name="distance">9000</SimpleData>
		<SimpleData name="angle">89.3862043370942</SimpleData>
		<SimpleData name="KM">KM 10.0</SimpleData>
		<SimpleData name="Latitude">1.620375</SimpleData>
		<SimpleData name="Longitude">103.719154</SimpleData>
	</SchemaData></ExtendedData>
      <Point><coordinates>103.719154,1.620375,0</coordinates></Point>
  </Placemark>
  <Placemark id="interpolated_points_sde_hala_senai.92">
	<name>SDE HALA SENAI</name>
	<ExtendedData><SchemaData schemaUrl="#interpolated_points_sde_hala_senai">
		<SimpleData name="fid">1</SimpleData>
		<SimpleData name="tessellate">1</SimpleData>
		<SimpleData name="extrude">0</SimpleData>
		<SimpleData name="visibility">-1</SimpleData>
		<SimpleData name="distance">9100</SimpleData>
		<SimpleData name="angle">89.3862043370942</SimpleData>
		<SimpleData name="KM">KM 10.1</SimpleData>
		<SimpleData name="Latitude">1.620388</SimpleData>
		<SimpleData name="Longitude">103.720058</SimpleData>
	</SchemaData></ExtendedData>
      <Point><coordinates>103.720058,1.620388,0</coordinates></Point>
  </Placemark>
  <Placemark id="interpolated_points_sde_hala_senai.93">
	<name>SDE HALA SENAI</name>
	<ExtendedData><SchemaData schemaUrl="#interpolated_points_sde_hala_senai">
		<SimpleData name="fid">1</SimpleData>
		<SimpleData name="tessellate">1</SimpleData>
		<SimpleData name="extrude">0</SimpleData>
		<SimpleData name="visibility">-1</SimpleData>
		<SimpleData name="distance">9200</SimpleData>
		<SimpleData name="angle">89.7246244982084</SimpleData>
		<SimpleData name="KM">KM 10.2</SimpleData>
		<SimpleData name="Latitude">1.620397</SimpleData>
		<SimpleData name="Longitude">103.720962</SimpleData>
	</SchemaData></ExtendedData>
      <Point><coordinates>103.720962,1.620397,0</coordinates></Point>
  </Placemark>
  <Placemark id="interpolated_points_sde_hala_senai.94">
	<name>SDE HALA SENAI</name>
	<ExtendedData><SchemaData schemaUrl="#interpolated_points_sde_hala_senai">
		<SimpleData name="fid">1</SimpleData>
		<SimpleData name="tessellate">1</SimpleData>
		<SimpleData name="extrude">0</SimpleData>
		<SimpleData name="visibility">-1</SimpleData>
		<SimpleData name="distance">9300</SimpleData>
		<SimpleData name="angle">90.230461763793</SimpleData>
		<SimpleData name="KM">KM 10.3</SimpleData>
		<SimpleData name="Latitude">1.620404</SimpleData>
		<SimpleData name="Longitude">103.721867</SimpleData>
	</SchemaData></ExtendedData>
      <Point><coordinates>103.721867,1.620404,0</coordinates></Point>
  </Placemark>
  <Placemark id="interpolated_points_sde_hala_senai.95">
	<name>SDE HALA SENAI</name>
	<ExtendedData><SchemaData schemaUrl="#interpolated_points_sde_hala_senai">
		<SimpleData name="fid">1</SimpleData>
		<SimpleData name="tessellate">1</SimpleData>
		<SimpleData name="extrude">0</SimpleData>
		<SimpleData name="visibility">-1</SimpleData>
		<SimpleData name="distance">9400</SimpleData>
		<SimpleData name="angle">89.3798394522698</SimpleData>
		<SimpleData name="KM">KM 10.4</SimpleData>
		<SimpleData name="Latitude">1.620413</SimpleData>
		<SimpleData name="Longitude">103.722771</SimpleData>
	</SchemaData></ExtendedData>
      <Point><coordinates>103.722771,1.620413,0</coordinates></Point>
  </Placemark>
  <Placemark id="interpolated_points_sde_hala_senai.96">
	<name>SDE HALA SENAI</name>
	<ExtendedData><SchemaData schemaUrl="#interpolated_points_sde_hala_senai">
		<SimpleData name="fid">1</SimpleData>
		<SimpleData name="tessellate">1</SimpleData>
		<SimpleData name="extrude">0</SimpleData>
		<SimpleData name="visibility">-1</SimpleData>
		<SimpleData name="distance">9500</SimpleData>
		<SimpleData name="angle">89.7474567544027</SimpleData>
		<SimpleData name="KM">KM 10.5</SimpleData>
		<SimpleData name="Latitude">1.620423</SimpleData>
		<SimpleData name="Longitude">103.723675</SimpleData>
	</SchemaData></ExtendedData>
      <Point><coordinates>103.723675,1.620423,0</coordinates></Point>
  </Placemark>
  <Placemark id="interpolated_points_sde_hala_senai.97">
	<name>SDE HALA SENAI</name>
	<ExtendedData><SchemaData schemaUrl="#interpolated_points_sde_hala_senai">
		<SimpleData name="fid">1</SimpleData>
		<SimpleData name="tessellate">1</SimpleData>
		<SimpleData name="extrude">0</SimpleData>
		<SimpleData name="visibility">-1</SimpleData>
		<SimpleData name="distance">9600</SimpleData>
		<SimpleData name="angle">89.5795600920155</SimpleData>
		<SimpleData name="KM">KM 10.6</SimpleData>
		<SimpleData name="Latitude">1.620432</SimpleData>
		<SimpleData name="Longitude">103.724580</SimpleData>
	</SchemaData></ExtendedData>
      <Point><coordinates>103.724580,1.620432,0</coordinates></Point>
  </Placemark>
  <Placemark id="interpolated_points_sde_hala_senai.98">
	<name>SDE HALA SENAI</name>
	<ExtendedData><SchemaData schemaUrl="#interpolated_points_sde_hala_senai">
		<SimpleData name="fid">1</SimpleData>
		<SimpleData name="tessellate">1</SimpleData>
		<SimpleData name="extrude">0</SimpleData>
		<SimpleData name="visibility">-1</SimpleData>
		<SimpleData name="distance">9700</SimpleData>
		<SimpleData name="angle">89.8220000195906</SimpleData>
		<SimpleData name="KM">KM 10.7</SimpleData>
		<SimpleData name="Latitude">1.620439</SimpleData>
		<SimpleData name="Longitude">103.725484</SimpleData>
	</SchemaData></ExtendedData>
      <Point><coordinates>103.725484,1.620439,0</coordinates></Point>
  </Placemark>
  <Placemark id="interpolated_points_sde_hala_senai.99">
	<name>SDE HALA SENAI</name>
	<ExtendedData><SchemaData schemaUrl="#interpolated_points_sde_hala_senai">
		<SimpleData name="fid">1</SimpleData>
		<SimpleData name="tessellate">1</SimpleData>
		<SimpleData name="extrude">0</SimpleData>
		<SimpleData name="visibility">-1</SimpleData>
		<SimpleData name="distance">9800</SimpleData>
		<SimpleData name="angle">89.8220000195906</SimpleData>
		<SimpleData name="KM">KM 10.8</SimpleData>
		<SimpleData name="Latitude">1.620445</SimpleData>
		<SimpleData name="Longitude">103.726388</SimpleData>
	</SchemaData></ExtendedData>
      <Point><coordinates>103.726388,1.620445,0</coordinates></Point>
  </Placemark>
  <Placemark id="interpolated_points_sde_hala_senai.100">
	<name>SDE HALA SENAI</name>
	<ExtendedData><SchemaData schemaUrl="#interpolated_points_sde_hala_senai">
		<SimpleData name="fid">1</SimpleData>
		<SimpleData name="tessellate">1</SimpleData>
		<SimpleData name="extrude">0</SimpleData>
		<SimpleData name="visibility">-1</SimpleData>
		<SimpleData name="distance">9900</SimpleData>
		<SimpleData name="angle">89.5662978584145</SimpleData>
		<SimpleData name="KM">KM 10.9</SimpleData>
		<SimpleData name="Latitude">1.620455</SimpleData>
		<SimpleData name="Longitude">103.727293</SimpleData>
	</SchemaData></ExtendedData>
      <Point><coordinates>103.727293,1.620455,0</coordinates></Point>
  </Placemark>
  <Placemark id="interpolated_points_sde_hala_senai.101">
	<name>SDE HALA SENAI</name>
	<ExtendedData><SchemaData schemaUrl="#interpolated_points_sde_hala_senai">
		<SimpleData name="fid">1</SimpleData>
		<SimpleData name="tessellate">1</SimpleData>
		<SimpleData name="extrude">0</SimpleData>
		<SimpleData name="visibility">-1</SimpleData>
		<SimpleData name="distance">10000</SimpleData>
		<SimpleData name="angle">89.3410510758875</SimpleData>
		<SimpleData name="KM">KM 11.0</SimpleData>
		<SimpleData name="Latitude">1.620466</SimpleData>
		<SimpleData name="Longitude">103.728197</SimpleData>
	</SchemaData></ExtendedData>
      <Point><coordinates>103.728197,1.620466,0</coordinates></Point>
  </Placemark>
  <Placemark id="interpolated_points_sde_hala_senai.102">
	<name>SDE HALA SENAI</name>
	<ExtendedData><SchemaData schemaUrl="#interpolated_points_sde_hala_senai">
		<SimpleData name="fid">1</SimpleData>
		<SimpleData name="tessellate">1</SimpleData>
		<SimpleData name="extrude">0</SimpleData>
		<SimpleData name="visibility">-1</SimpleData>
		<SimpleData name="distance">10100</SimpleData>
		<SimpleData name="angle">89.3410510758875</SimpleData>
		<SimpleData name="KM">KM 11.1</SimpleData>
		<SimpleData name="Latitude">1.620479</SimpleData>
		<SimpleData name="Longitude">103.729101</SimpleData>
	</SchemaData></ExtendedData>
      <Point><coordinates>103.729101,1.620479,0</coordinates></Point>
  </Placemark>
  <Placemark id="interpolated_points_sde_hala_senai.103">
	<name>SDE HALA SENAI</name>
	<ExtendedData><SchemaData schemaUrl="#interpolated_points_sde_hala_senai">
		<SimpleData name="fid">1</SimpleData>
		<SimpleData name="tessellate">1</SimpleData>
		<SimpleData name="extrude">0</SimpleData>
		<SimpleData name="visibility">-1</SimpleData>
		<SimpleData name="distance">10200</SimpleData>
		<SimpleData name="angle">89.7469021752311</SimpleData>
		<SimpleData name="KM">KM 11.2</SimpleData>
		<SimpleData name="Latitude">1.620488</SimpleData>
		<SimpleData name="Longitude">103.730006</SimpleData>
	</SchemaData></ExtendedData>
      <Point><coordinates>103.730006,1.620488,0</coordinates></Point>
  </Placemark>
  <Placemark id="interpolated_points_sde_hala_senai.104">
	<name>SDE HALA SENAI</name>
	<ExtendedData><SchemaData schemaUrl="#interpolated_points_sde_hala_senai">
		<SimpleData name="fid">1</SimpleData>
		<SimpleData name="tessellate">1</SimpleData>
		<SimpleData name="extrude">0</SimpleData>
		<SimpleData name="visibility">-1</SimpleData>
		<SimpleData name="distance">10300</SimpleData>
		<SimpleData name="angle">89.7469021752311</SimpleData>
		<SimpleData name="KM">KM 11.3</SimpleData>
		<SimpleData name="Latitude">1.620495</SimpleData>
		<SimpleData name="Longitude">103.730910</SimpleData>
	</SchemaData></ExtendedData>
      <Point><coordinates>103.730910,1.620495,0</coordinates></Point>
  </Placemark>
  <Placemark id="interpolated_points_sde_hala_senai.105">
	<name>SDE HALA SENAI</name>
	<ExtendedData><SchemaData schemaUrl="#interpolated_points_sde_hala_senai">
		<SimpleData name="fid">1</SimpleData>
		<SimpleData name="tessellate">1</SimpleData>
		<SimpleData name="extrude">0</SimpleData>
		<SimpleData name="visibility">-1</SimpleData>
		<SimpleData name="distance">10400</SimpleData>
		<SimpleData name="angle">89.8892312005916</SimpleData>
		<SimpleData name="KM">KM 11.4</SimpleData>
		<SimpleData name="Latitude">1.620505</SimpleData>
		<SimpleData name="Longitude">103.731814</SimpleData>
	</SchemaData></ExtendedData>
      <Point><coordinates>103.731814,1.620505,0</coordinates></Point>
  </Placemark>
  <Placemark id="interpolated_points_sde_hala_senai.106">
	<name>SDE HALA SENAI</name>
	<ExtendedData><SchemaData schemaUrl="#interpolated_points_sde_hala_senai">
		<SimpleData name="fid">1</SimpleData>
		<SimpleData name="tessellate">1</SimpleData>
		<SimpleData name="extrude">0</SimpleData>
		<SimpleData name="visibility">-1</SimpleData>
		<SimpleData name="distance">10500</SimpleData>
		<SimpleData name="angle">89.8892312005916</SimpleData>
		<SimpleData name="KM">KM 11.5</SimpleData>
		<SimpleData name="Latitude">1.620510</SimpleData>
		<SimpleData name="Longitude">103.732719</SimpleData>
	</SchemaData></ExtendedData>
      <Point><coordinates>103.732719,1.620510,0</coordinates></Point>
  </Placemark>
  <Placemark id="interpolated_points_sde_hala_senai.107">
	<name>SDE HALA SENAI</name>
	<ExtendedData><SchemaData schemaUrl="#interpolated_points_sde_hala_senai">
		<SimpleData name="fid">1</SimpleData>
		<SimpleData name="tessellate">1</SimpleData>
		<SimpleData name="extrude">0</SimpleData>
		<SimpleData name="visibility">-1</SimpleData>
		<SimpleData name="distance">10600</SimpleData>
		<SimpleData name="angle">89.8892312005916</SimpleData>
		<SimpleData name="KM">KM 11.6</SimpleData>
		<SimpleData name="Latitude">1.620515</SimpleData>
		<SimpleData name="Longitude">103.733623</SimpleData>
	</SchemaData></ExtendedData>
      <Point><coordinates>103.733623,1.620515,0</coordinates></Point>
  </Placemark>
  <Placemark id="interpolated_points_sde_hala_senai.108">
	<name>SDE HALA SENAI</name>
	<ExtendedData><SchemaData schemaUrl="#interpolated_points_sde_hala_senai">
		<SimpleData name="fid">1</SimpleData>
		<SimpleData name="tessellate">1</SimpleData>
		<SimpleData name="extrude">0</SimpleData>
		<SimpleData name="visibility">-1</SimpleData>
		<SimpleData name="distance">10700</SimpleData>
		<SimpleData name="angle">89.8922068924665</SimpleData>
		<SimpleData name="KM">KM 11.7</SimpleData>
		<SimpleData name="Latitude">1.620520</SimpleData>
		<SimpleData name="Longitude">103.734527</SimpleData>
	</SchemaData></ExtendedData>
      <Point><coordinates>103.734527,1.620520,0</coordinates></Point>
  </Placemark>
  <Placemark id="interpolated_points_sde_hala_senai.109">
	<name>SDE HALA SENAI</name>
	<ExtendedData><SchemaData schemaUrl="#interpolated_points_sde_hala_senai">
		<SimpleData name="fid">1</SimpleData>
		<SimpleData name="tessellate">1</SimpleData>
		<SimpleData name="extrude">0</SimpleData>
		<SimpleData name="visibility">-1</SimpleData>
		<SimpleData name="distance">10800</SimpleData>
		<SimpleData name="angle">95.3580896036095</SimpleData>
		<SimpleData name="KM">KM 11.8</SimpleData>
		<SimpleData name="Latitude">1.620493</SimpleData>
		<SimpleData name="Longitude">103.735431</SimpleData>
	</SchemaData></ExtendedData>
      <Point><coordinates>103.735431,1.620493,0</coordinates></Point>
  </Placemark>
  <Placemark id="interpolated_points_sde_hala_senai.110">
	<name>SDE HALA SENAI</name>
	<ExtendedData><SchemaData schemaUrl="#interpolated_points_sde_hala_senai">
		<SimpleData name="fid">1</SimpleData>
		<SimpleData name="tessellate">1</SimpleData>
		<SimpleData name="extrude">0</SimpleData>
		<SimpleData name="visibility">-1</SimpleData>
		<SimpleData name="distance">10900</SimpleData>
		<SimpleData name="angle">97.7551789000306</SimpleData>
		<SimpleData name="KM">KM 11.9</SimpleData>
		<SimpleData name="Latitude">1.620419</SimpleData>
		<SimpleData name="Longitude">103.736332</SimpleData>
	</SchemaData></ExtendedData>
      <Point><coordinates>103.736332,1.620419,0</coordinates></Point>
  </Placemark>
  <Placemark id="interpolated_points_sde_hala_senai.111">
	<name>SDE HALA SENAI</name>
	<ExtendedData><SchemaData schemaUrl="#interpolated_points_sde_hala_senai">
		<SimpleData name="fid">1</SimpleData>
		<SimpleData name="tessellate">1</SimpleData>
		<SimpleData name="extrude">0</SimpleData>
		<SimpleData name="visibility">-1</SimpleData>
		<SimpleData name="distance">11000</SimpleData>
		<SimpleData name="angle">99.4395575522269</SimpleData>
		<SimpleData name="KM">KM 12.0</SimpleData>
		<SimpleData name="Latitude">1.620298</SimpleData>
		<SimpleData name="Longitude">103.737227</SimpleData>
	</SchemaData></ExtendedData>
      <Point><coordinates>103.737227,1.620298,0</coordinates></Point>
  </Placemark>
  <Placemark id="interpolated_points_sde_hala_senai.112">
	<name>SDE HALA SENAI</name>
	<ExtendedData><SchemaData schemaUrl="#interpolated_points_sde_hala_senai">
		<SimpleData name="fid">1</SimpleData>
		<SimpleData name="tessellate">1</SimpleData>
		<SimpleData name="extrude">0</SimpleData>
		<SimpleData name="visibility">-1</SimpleData>
		<SimpleData name="distance">11100</SimpleData>
		<SimpleData name="angle">101.85164934638</SimpleData>
		<SimpleData name="KM">KM 12.1</SimpleData>
		<SimpleData name="Latitude">1.620139</SimpleData>
		<SimpleData name="Longitude">103.738117</SimpleData>
	</SchemaData></ExtendedData>
      <Point><coordinates>103.738117,1.620139,0</coordinates></Point>
  </Placemark>
  <Placemark id="interpolated_points_sde_hala_senai.113">
	<name>SDE HALA SENAI</name>
	<ExtendedData><SchemaData schemaUrl="#interpolated_points_sde_hala_senai">
		<SimpleData name="fid">1</SimpleData>
		<SimpleData name="tessellate">1</SimpleData>
		<SimpleData name="extrude">0</SimpleData>
		<SimpleData name="visibility">-1</SimpleData>
		<SimpleData name="distance">11200</SimpleData>
		<SimpleData name="angle">103.434799212363</SimpleData>
		<SimpleData name="KM">KM 12.2</SimpleData>
		<SimpleData name="Latitude">1.619940</SimpleData>
		<SimpleData name="Longitude">103.738999</SimpleData>
	</SchemaData></ExtendedData>
      <Point><coordinates>103.738999,1.619940,0</coordinates></Point>
  </Placemark>
  <Placemark id="interpolated_points_sde_hala_senai.114">
	<name>SDE HALA SENAI</name>
	<ExtendedData><SchemaData schemaUrl="#interpolated_points_sde_hala_senai">
		<SimpleData name="fid">1</SimpleData>
		<SimpleData name="tessellate">1</SimpleData>
		<SimpleData name="extrude">0</SimpleData>
		<SimpleData name="visibility">-1</SimpleData>
		<SimpleData name="distance">11300</SimpleData>
		<SimpleData name="angle">103.898782306198</SimpleData>
		<SimpleData name="KM">KM 12.3</SimpleData>
		<SimpleData name="Latitude">1.619726</SimpleData>
		<SimpleData name="Longitude">103.739877</SimpleData>
	</SchemaData></ExtendedData>
      <Point><coordinates>103.739877,1.619726,0</coordinates></Point>
  </Placemark>
  <Placemark id="interpolated_points_sde_hala_senai.115">
	<name>SDE HALA SENAI</name>
	<ExtendedData><SchemaData schemaUrl="#interpolated_points_sde_hala_senai">
		<SimpleData name="fid">1</SimpleData>
		<SimpleData name="tessellate">1</SimpleData>
		<SimpleData name="extrude">0</SimpleData>
		<SimpleData name="visibility">-1</SimpleData>
		<SimpleData name="distance">11400</SimpleData>
		<SimpleData name="angle">103.915003810253</SimpleData>
		<SimpleData name="KM">KM 12.4</SimpleData>
		<SimpleData name="Latitude">1.619512</SimpleData>
		<SimpleData name="Longitude">103.740755</SimpleData>
	</SchemaData></ExtendedData>
      <Point><coordinates>103.740755,1.619512,0</coordinates></Point>
  </Placemark>
  <Placemark id="interpolated_points_sde_hala_senai.116">
	<name>SDE HALA SENAI</name>
	<ExtendedData><SchemaData schemaUrl="#interpolated_points_sde_hala_senai">
		<SimpleData name="fid">1</SimpleData>
		<SimpleData name="tessellate">1</SimpleData>
		<SimpleData name="extrude">0</SimpleData>
		<SimpleData name="visibility">-1</SimpleData>
		<SimpleData name="distance">11500</SimpleData>
		<SimpleData name="angle">104.191441624712</SimpleData>
		<SimpleData name="KM">KM 12.5</SimpleData>
		<SimpleData name="Latitude">1.619297</SimpleData>
		<SimpleData name="Longitude">103.741633</SimpleData>
	</SchemaData></ExtendedData>
      <Point><coordinates>103.741633,1.619297,0</coordinates></Point>
  </Placemark>
  <Placemark id="interpolated_points_sde_hala_senai.117">
	<name>SDE HALA SENAI</name>
	<ExtendedData><SchemaData schemaUrl="#interpolated_points_sde_hala_senai">
		<SimpleData name="fid">1</SimpleData>
		<SimpleData name="tessellate">1</SimpleData>
		<SimpleData name="extrude">0</SimpleData>
		<SimpleData name="visibility">-1</SimpleData>
		<SimpleData name="distance">11600</SimpleData>
		<SimpleData name="angle">103.888544483071</SimpleData>
		<SimpleData name="KM">KM 12.6</SimpleData>
		<SimpleData name="Latitude">1.619081</SimpleData>
		<SimpleData name="Longitude">103.742511</SimpleData>
	</SchemaData></ExtendedData>
      <Point><coordinates>103.742511,1.619081,0</coordinates></Point>
  </Placemark>
  <Placemark id="interpolated_points_sde_hala_senai.118">
	<name>SDE HALA SENAI</name>
	<ExtendedData><SchemaData schemaUrl="#interpolated_points_sde_hala_senai">
		<SimpleData name="fid">1</SimpleData>
		<SimpleData name="tessellate">1</SimpleData>
		<SimpleData name="extrude">0</SimpleData>
		<SimpleData name="visibility">-1</SimpleData>
		<SimpleData name="distance">11700</SimpleData>
		<SimpleData name="angle">103.762702480819</SimpleData>
		<SimpleData name="KM">KM 12.7</SimpleData>
		<SimpleData name="Latitude">1.618869</SimpleData>
		<SimpleData name="Longitude">103.743390</SimpleData>
	</SchemaData></ExtendedData>
      <Point><coordinates>103.743390,1.618869,0</coordinates></Point>
  </Placemark>
  <Placemark id="interpolated_points_sde_hala_senai.119">
	<name>SDE HALA SENAI</name>
	<ExtendedData><SchemaData schemaUrl="#interpolated_points_sde_hala_senai">
		<SimpleData name="fid">1</SimpleData>
		<SimpleData name="tessellate">1</SimpleData>
		<SimpleData name="extrude">0</SimpleData>
		<SimpleData name="visibility">-1</SimpleData>
		<SimpleData name="distance">11800</SimpleData>
		<SimpleData name="angle">103.759402410889</SimpleData>
		<SimpleData name="KM">KM 12.8</SimpleData>
		<SimpleData name="Latitude">1.618659</SimpleData>
		<SimpleData name="Longitude">103.744269</SimpleData>
	</SchemaData></ExtendedData>
      <Point><coordinates>103.744269,1.618659,0</coordinates></Point>
  </Placemark>
  <Placemark id="interpolated_points_sde_hala_senai.120">
	<name>SDE HALA SENAI</name>
	<ExtendedData><SchemaData schemaUrl="#interpolated_points_sde_hala_senai">
		<SimpleData name="fid">1</SimpleData>
		<SimpleData name="tessellate">1</SimpleData>
		<SimpleData name="extrude">0</SimpleData>
		<SimpleData name="visibility">-1</SimpleData>
		<SimpleData name="distance">11900</SimpleData>
		<SimpleData name="angle">104.125572386612</SimpleData>
		<SimpleData name="KM">KM 12.9</SimpleData>
		<SimpleData name="Latitude">1.618449</SimpleData>
		<SimpleData name="Longitude">103.745148</SimpleData>
	</SchemaData></ExtendedData>
      <Point><coordinates>103.745148,1.618449,0</coordinates></Point>
  </Placemark>
  <Placemark id="interpolated_points_sde_hala_senai.121">
	<name>SDE HALA SENAI</name>
	<ExtendedData><SchemaData schemaUrl="#interpolated_points_sde_hala_senai">
		<SimpleData name="fid">1</SimpleData>
		<SimpleData name="tessellate">1</SimpleData>
		<SimpleData name="extrude">0</SimpleData>
		<SimpleData name="visibility">-1</SimpleData>
		<SimpleData name="distance">12000</SimpleData>
		<SimpleData name="angle">104.125572386612</SimpleData>
		<SimpleData name="KM">KM 13.0</SimpleData>
		<SimpleData name="Latitude">1.618231</SimpleData>
		<SimpleData name="Longitude">103.746025</SimpleData>
	</SchemaData></ExtendedData>
      <Point><coordinates>103.746025,1.618231,0</coordinates></Point>
  </Placemark>
  <Placemark id="interpolated_points_sde_hala_senai.122">
	<name>SDE HALA SENAI</name>
	<ExtendedData><SchemaData schemaUrl="#interpolated_points_sde_hala_senai">
		<SimpleData name="fid">1</SimpleData>
		<SimpleData name="tessellate">1</SimpleData>
		<SimpleData name="extrude">0</SimpleData>
		<SimpleData name="visibility">-1</SimpleData>
		<SimpleData name="distance">12100</SimpleData>
		<SimpleData name="angle">104.278418880082</SimpleData>
		<SimpleData name="KM">KM 13.1</SimpleData>
		<SimpleData name="Latitude">1.618013</SimpleData>
		<SimpleData name="Longitude">103.746902</SimpleData>
	</SchemaData></ExtendedData>
      <Point><coordinates>103.746902,1.618013,0</coordinates></Point>
  </Placemark>
  <Placemark id="interpolated_points_sde_hala_senai.123">
	<name>SDE HALA SENAI</name>
	<ExtendedData><SchemaData schemaUrl="#interpolated_points_sde_hala_senai">
		<SimpleData name="fid">1</SimpleData>
		<SimpleData name="tessellate">1</SimpleData>
		<SimpleData name="extrude">0</SimpleData>
		<SimpleData name="visibility">-1</SimpleData>
		<SimpleData name="distance">12200</SimpleData>
		<SimpleData name="angle">104.084832188231</SimpleData>
		<SimpleData name="KM">KM 13.2</SimpleData>
		<SimpleData name="Latitude">1.617800</SimpleData>
		<SimpleData name="Longitude">103.747781</SimpleData>
	</SchemaData></ExtendedData>
      <Point><coordinates>103.747781,1.617800,0</coordinates></Point>
  </Placemark>
  <Placemark id="interpolated_points_sde_hala_senai.124">
	<name>SDE HALA SENAI</name>
	<ExtendedData><SchemaData schemaUrl="#interpolated_points_sde_hala_senai">
		<SimpleData name="fid">1</SimpleData>
		<SimpleData name="tessellate">1</SimpleData>
		<SimpleData name="extrude">0</SimpleData>
		<SimpleData name="visibility">-1</SimpleData>
		<SimpleData name="distance">12300</SimpleData>
		<SimpleData name="angle">103.717187456183</SimpleData>
		<SimpleData name="KM">KM 13.3</SimpleData>
		<SimpleData name="Latitude">1.617586</SimpleData>
		<SimpleData name="Longitude">103.748659</SimpleData>
	</SchemaData></ExtendedData>
      <Point><coordinates>103.748659,1.617586,0</coordinates></Point>
  </Placemark>
  <Placemark id="interpolated_points_sde_hala_senai.125">
	<name>SDE HALA SENAI</name>
	<ExtendedData><SchemaData schemaUrl="#interpolated_points_sde_hala_senai">
		<SimpleData name="fid">1</SimpleData>
		<SimpleData name="tessellate">1</SimpleData>
		<SimpleData name="extrude">0</SimpleData>
		<SimpleData name="visibility">-1</SimpleData>
		<SimpleData name="distance">12400</SimpleData>
		<SimpleData name="angle">104.195953495169</SimpleData>
		<SimpleData name="KM">KM 13.4</SimpleData>
		<SimpleData name="Latitude">1.617370</SimpleData>
		<SimpleData name="Longitude">103.749536</SimpleData>
	</SchemaData></ExtendedData>
      <Point><coordinates>103.749536,1.617370,0</coordinates></Point>
  </Placemark>
  <Placemark id="interpolated_points_sde_hala_senai.126">
	<name>SDE HALA SENAI</name>
	<ExtendedData><SchemaData schemaUrl="#interpolated_points_sde_hala_senai">
		<SimpleData name="fid">1</SimpleData>
		<SimpleData name="tessellate">1</SimpleData>
		<SimpleData name="extrude">0</SimpleData>
		<SimpleData name="visibility">-1</SimpleData>
		<SimpleData name="distance">12500</SimpleData>
		<SimpleData name="angle">103.968342415005</SimpleData>
		<SimpleData name="KM">KM 13.5</SimpleData>
		<SimpleData name="Latitude">1.617152</SimpleData>
		<SimpleData name="Longitude">103.750414</SimpleData>
	</SchemaData></ExtendedData>
      <Point><coordinates>103.750414,1.617152,0</coordinates></Point>
  </Placemark>
  <Placemark id="interpolated_points_sde_hala_senai.127">
	<name>SDE HALA SENAI</name>
	<ExtendedData><SchemaData schemaUrl="#interpolated_points_sde_hala_senai">
		<SimpleData name="fid">1</SimpleData>
		<SimpleData name="tessellate">1</SimpleData>
		<SimpleData name="extrude">0</SimpleData>
		<SimpleData name="visibility">-1</SimpleData>
		<SimpleData name="distance">12600</SimpleData>
		<SimpleData name="angle">104.322478647512</SimpleData>
		<SimpleData name="KM">KM 13.6</SimpleData>
		<SimpleData name="Latitude">1.616935</SimpleData>
		<SimpleData name="Longitude">103.751291</SimpleData>
	</SchemaData></ExtendedData>
      <Point><coordinates>103.751291,1.616935,0</coordinates></Point>
  </Placemark>
  <Placemark id="interpolated_points_sde_hala_senai.128">
	<name>SDE HALA SENAI</name>
	<ExtendedData><SchemaData schemaUrl="#interpolated_points_sde_hala_senai">
		<SimpleData name="fid">1</SimpleData>
		<SimpleData name="tessellate">1</SimpleData>
		<SimpleData name="extrude">0</SimpleData>
		<SimpleData name="visibility">-1</SimpleData>
		<SimpleData name="distance">12700</SimpleData>
		<SimpleData name="angle">103.621027609161</SimpleData>
		<SimpleData name="KM">KM 13.7</SimpleData>
		<SimpleData name="Latitude">1.616719</SimpleData>
		<SimpleData name="Longitude">103.752169</SimpleData>
	</SchemaData></ExtendedData>
      <Point><coordinates>103.752169,1.616719,0</coordinates></Point>
  </Placemark>
  <Placemark id="interpolated_points_sde_hala_senai.129">
	<name>SDE HALA SENAI</name>
	<ExtendedData><SchemaData schemaUrl="#interpolated_points_sde_hala_senai">
		<SimpleData name="fid">1</SimpleData>
		<SimpleData name="tessellate">1</SimpleData>
		<SimpleData name="extrude">0</SimpleData>
		<SimpleData name="visibility">-1</SimpleData>
		<SimpleData name="distance">12800</SimpleData>
		<SimpleData name="angle">103.621027609161</SimpleData>
		<SimpleData name="KM">KM 13.8</SimpleData>
		<SimpleData name="Latitude">1.616509</SimpleData>
		<SimpleData name="Longitude">103.753048</SimpleData>
	</SchemaData></ExtendedData>
      <Point><coordinates>103.753048,1.616509,0</coordinates></Point>
  </Placemark>
  <Placemark id="interpolated_points_sde_hala_senai.130">
	<name>SDE HALA SENAI</name>
	<ExtendedData><SchemaData schemaUrl="#interpolated_points_sde_hala_senai">
		<SimpleData name="fid">1</SimpleData>
		<SimpleData name="tessellate">1</SimpleData>
		<SimpleData name="extrude">0</SimpleData>
		<SimpleData name="visibility">-1</SimpleData>
		<SimpleData name="distance">12900</SimpleData>
		<SimpleData name="angle">104.1175377576</SimpleData>
		<SimpleData name="KM">KM 13.9</SimpleData>
		<SimpleData name="Latitude">1.616292</SimpleData>
		<SimpleData name="Longitude">103.753925</SimpleData>
	</SchemaData></ExtendedData>
      <Point><coordinates>103.753925,1.616292,0</coordinates></Point>
  </Placemark>
  <Placemark id="interpolated_points_sde_hala_senai.131">
	<name>SDE HALA SENAI</name>
	<ExtendedData><SchemaData schemaUrl="#interpolated_points_sde_hala_senai">
		<SimpleData name="fid">1</SimpleData>
		<SimpleData name="tessellate">1</SimpleData>
		<SimpleData name="extrude">0</SimpleData>
		<SimpleData name="visibility">-1</SimpleData>
		<SimpleData name="distance">13000</SimpleData>
		<SimpleData name="angle">104.151073133557</SimpleData>
		<SimpleData name="KM">KM 14.0</SimpleData>
		<SimpleData name="Latitude">1.616074</SimpleData>
		<SimpleData name="Longitude">103.754803</SimpleData>
	</SchemaData></ExtendedData>
      <Point><coordinates>103.754803,1.616074,0</coordinates></Point>
  </Placemark>
  <Placemark id="interpolated_points_sde_hala_senai.132">
	<name>SDE HALA SENAI</name>
	<ExtendedData><SchemaData schemaUrl="#interpolated_points_sde_hala_senai">
		<SimpleData name="fid">1</SimpleData>
		<SimpleData name="tessellate">1</SimpleData>
		<SimpleData name="extrude">0</SimpleData>
		<SimpleData name="visibility">-1</SimpleData>
		<SimpleData name="distance">13100</SimpleData>
		<SimpleData name="angle">104.08920412915</SimpleData>
		<SimpleData name="KM">KM 14.1</SimpleData>
		<SimpleData name="Latitude">1.615851</SimpleData>
		<SimpleData name="Longitude">103.755691</SimpleData>
	</SchemaData></ExtendedData>
      <Point><coordinates>103.755691,1.615851,0</coordinates></Point>
  </Placemark>
  <Placemark id="interpolated_points_sde_hala_senai.133">
	<name>SDE HALA SENAI</name>
	<ExtendedData><SchemaData schemaUrl="#interpolated_points_sde_hala_senai">
		<SimpleData name="fid">1</SimpleData>
		<SimpleData name="tessellate">1</SimpleData>
		<SimpleData name="extrude">0</SimpleData>
		<SimpleData name="visibility">-1</SimpleData>
		<SimpleData name="distance">13200</SimpleData>
		<SimpleData name="angle">103.289209471927</SimpleData>
		<SimpleData name="KM">KM 14.2</SimpleData>
		<SimpleData name="Latitude">1.615631</SimpleData>
		<SimpleData name="Longitude">103.756580</SimpleData>
	</SchemaData></ExtendedData>
      <Point><coordinates>103.756580,1.615631,0</coordinates></Point>
  </Placemark>
  <Placemark id="interpolated_points_sde_hala_senai.134">
	<name>SDE HALA SENAI</name>
	<ExtendedData><SchemaData schemaUrl="#interpolated_points_sde_hala_senai">
		<SimpleData name="fid">1</SimpleData>
		<SimpleData name="tessellate">1</SimpleData>
		<SimpleData name="extrude">0</SimpleData>
		<SimpleData name="visibility">-1</SimpleData>
		<SimpleData name="distance">13300</SimpleData>
		<SimpleData name="angle">103.493383658497</SimpleData>
		<SimpleData name="KM">KM 14.3</SimpleData>
		<SimpleData name="Latitude">1.615414</SimpleData>
		<SimpleData name="Longitude">103.757470</SimpleData>
	</SchemaData></ExtendedData>
      <Point><coordinates>103.757470,1.615414,0</coordinates></Point>
  </Placemark>
  <Placemark id="interpolated_points_sde_hala_senai.135">
	<name>SDE HALA SENAI</name>
	<ExtendedData><SchemaData schemaUrl="#interpolated_points_sde_hala_senai">
		<SimpleData name="fid">1</SimpleData>
		<SimpleData name="tessellate">1</SimpleData>
		<SimpleData name="extrude">0</SimpleData>
		<SimpleData name="visibility">-1</SimpleData>
		<SimpleData name="distance">13400</SimpleData>
		<SimpleData name="angle">103.597085732862</SimpleData>
		<SimpleData name="KM">KM 14.4</SimpleData>
		<SimpleData name="Latitude">1.615192</SimpleData>
		<SimpleData name="Longitude">103.758359</SimpleData>
	</SchemaData></ExtendedData>
      <Point><coordinates>103.758359,1.615192,0</coordinates></Point>
  </Placemark>
  <Placemark id="interpolated_points_sde_hala_senai.136">
	<name>SDE HALA SENAI</name>
	<ExtendedData><SchemaData schemaUrl="#interpolated_points_sde_hala_senai">
		<SimpleData name="fid">1</SimpleData>
		<SimpleData name="tessellate">1</SimpleData>
		<SimpleData name="extrude">0</SimpleData>
		<SimpleData name="visibility">-1</SimpleData>
		<SimpleData name="distance">13500</SimpleData>
		<SimpleData name="angle">103.597085732862</SimpleData>
		<SimpleData name="KM">KM 14.5</SimpleData>
		<SimpleData name="Latitude">1.614977</SimpleData>
		<SimpleData name="Longitude">103.759249</SimpleData>
	</SchemaData></ExtendedData>
      <Point><coordinates>103.759249,1.614977,0</coordinates></Point>
  </Placemark>
  <Placemark id="interpolated_points_sde_hala_senai.137">
	<name>SDE HALA SENAI</name>
	<ExtendedData><SchemaData schemaUrl="#interpolated_points_sde_hala_senai">
		<SimpleData name="fid">1</SimpleData>
		<SimpleData name="tessellate">1</SimpleData>
		<SimpleData name="extrude">0</SimpleData>
		<SimpleData name="visibility">-1</SimpleData>
		<SimpleData name="distance">13600</SimpleData>
		<SimpleData name="angle">103.597085732862</SimpleData>
		<SimpleData name="KM">KM 14.6</SimpleData>
		<SimpleData name="Latitude">1.614761</SimpleData>
		<SimpleData name="Longitude">103.760140</SimpleData>
	</SchemaData></ExtendedData>
      <Point><coordinates>103.760140,1.614761,0</coordinates></Point>
  </Placemark>
  <Placemark id="interpolated_points_sde_hala_senai.138">
	<name>SDE HALA SENAI</name>
	<ExtendedData><SchemaData schemaUrl="#interpolated_points_sde_hala_senai">
		<SimpleData name="fid">1</SimpleData>
		<SimpleData name="tessellate">1</SimpleData>
		<SimpleData name="extrude">0</SimpleData>
		<SimpleData name="visibility">-1</SimpleData>
		<SimpleData name="distance">13700</SimpleData>
		<SimpleData name="angle">104.12730472389</SimpleData>
		<SimpleData name="KM">KM 14.7</SimpleData>
		<SimpleData name="Latitude">1.614541</SimpleData>
		<SimpleData name="Longitude">103.761029</SimpleData>
	</SchemaData></ExtendedData>
      <Point><coordinates>103.761029,1.614541,0</coordinates></Point>
  </Placemark>
  <Placemark id="interpolated_points_sde_hala_senai.139">
	<name>SDE HALA SENAI</name>
	<ExtendedData><SchemaData schemaUrl="#interpolated_points_sde_hala_senai">
		<SimpleData name="fid">1</SimpleData>
		<SimpleData name="tessellate">1</SimpleData>
		<SimpleData name="extrude">0</SimpleData>
		<SimpleData name="visibility">-1</SimpleData>
		<SimpleData name="distance">13800</SimpleData>
		<SimpleData name="angle">104.159579470099</SimpleData>
		<SimpleData name="KM">KM 14.8</SimpleData>
		<SimpleData name="Latitude">1.614317</SimpleData>
		<SimpleData name="Longitude">103.761917</SimpleData>
	</SchemaData></ExtendedData>
      <Point><coordinates>103.761917,1.614317,0</coordinates></Point>
  </Placemark>
  <Placemark id="interpolated_points_sde_hala_senai.140">
	<name>SDE HALA SENAI</name>
	<ExtendedData><SchemaData schemaUrl="#interpolated_points_sde_hala_senai">
		<SimpleData name="fid">1</SimpleData>
		<SimpleData name="tessellate">1</SimpleData>
		<SimpleData name="extrude">0</SimpleData>
		<SimpleData name="visibility">-1</SimpleData>
		<SimpleData name="distance">13900</SimpleData>
		<SimpleData name="angle">104.436631204805</SimpleData>
		<SimpleData name="KM">KM 14.9</SimpleData>
		<SimpleData name="Latitude">1.614090</SimpleData>
		<SimpleData name="Longitude">103.762805</SimpleData>
	</SchemaData></ExtendedData>
      <Point><coordinates>103.762805,1.614090,0</coordinates></Point>
  </Placemark>
  <Placemark id="interpolated_points_sde_hala_senai.141">
	<name>SDE HALA SENAI</name>
	<ExtendedData><SchemaData schemaUrl="#interpolated_points_sde_hala_senai">
		<SimpleData name="fid">1</SimpleData>
		<SimpleData name="tessellate">1</SimpleData>
		<SimpleData name="extrude">0</SimpleData>
		<SimpleData name="visibility">-1</SimpleData>
		<SimpleData name="distance">14000</SimpleData>
		<SimpleData name="angle">103.709419525956</SimpleData>
		<SimpleData name="KM">KM 15.0</SimpleData>
		<SimpleData name="Latitude">1.613869</SimpleData>
		<SimpleData name="Longitude">103.763694</SimpleData>
	</SchemaData></ExtendedData>
      <Point><coordinates>103.763694,1.613869,0</coordinates></Point>
  </Placemark>
  <Placemark id="interpolated_points_sde_hala_senai.142">
	<name>SDE HALA SENAI</name>
	<ExtendedData><SchemaData schemaUrl="#interpolated_points_sde_hala_senai">
		<SimpleData name="fid">1</SimpleData>
		<SimpleData name="tessellate">1</SimpleData>
		<SimpleData name="extrude">0</SimpleData>
		<SimpleData name="visibility">-1</SimpleData>
		<SimpleData name="distance">14100</SimpleData>
		<SimpleData name="angle">103.773129374393</SimpleData>
		<SimpleData name="KM">KM 15.1</SimpleData>
		<SimpleData name="Latitude">1.613652</SimpleData>
		<SimpleData name="Longitude">103.764584</SimpleData>
	</SchemaData></ExtendedData>
      <Point><coordinates>103.764584,1.613652,0</coordinates></Point>
  </Placemark>
  <Placemark id="interpolated_points_sde_hala_senai.143">
	<name>SDE HALA SENAI</name>
	<ExtendedData><SchemaData schemaUrl="#interpolated_points_sde_hala_senai">
		<SimpleData name="fid">1</SimpleData>
		<SimpleData name="tessellate">1</SimpleData>
		<SimpleData name="extrude">0</SimpleData>
		<SimpleData name="visibility">-1</SimpleData>
		<SimpleData name="distance">14200</SimpleData>
		<SimpleData name="angle">103.773129374393</SimpleData>
		<SimpleData name="KM">KM 15.2</SimpleData>
		<SimpleData name="Latitude">1.613434</SimpleData>
		<SimpleData name="Longitude">103.765473</SimpleData>
	</SchemaData></ExtendedData>
      <Point><coordinates>103.765473,1.613434,0</coordinates></Point>
  </Placemark>
  <Placemark id="interpolated_points_sde_hala_senai.144">
	<name>SDE HALA SENAI</name>
	<ExtendedData><SchemaData schemaUrl="#interpolated_points_sde_hala_senai">
		<SimpleData name="fid">1</SimpleData>
		<SimpleData name="tessellate">1</SimpleData>
		<SimpleData name="extrude">0</SimpleData>
		<SimpleData name="visibility">-1</SimpleData>
		<SimpleData name="distance">14300</SimpleData>
		<SimpleData name="angle">104.341840879288</SimpleData>
		<SimpleData name="KM">KM 15.3</SimpleData>
		<SimpleData name="Latitude">1.613212</SimpleData>
		<SimpleData name="Longitude">103.766362</SimpleData>
	</SchemaData></ExtendedData>
      <Point><coordinates>103.766362,1.613212,0</coordinates></Point>
  </Placemark>
  <Placemark id="interpolated_points_sde_hala_senai.145">
	<name>SDE HALA SENAI</name>
	<ExtendedData><SchemaData schemaUrl="#interpolated_points_sde_hala_senai">
		<SimpleData name="fid">1</SimpleData>
		<SimpleData name="tessellate">1</SimpleData>
		<SimpleData name="extrude">0</SimpleData>
		<SimpleData name="visibility">-1</SimpleData>
		<SimpleData name="distance">14400</SimpleData>
		<SimpleData name="angle">102.487116336009</SimpleData>
		<SimpleData name="KM">KM 15.4</SimpleData>
		<SimpleData name="Latitude">1.612987</SimpleData>
		<SimpleData name="Longitude">103.767250</SimpleData>
	</SchemaData></ExtendedData>
      <Point><coordinates>103.767250,1.612987,0</coordinates></Point>
  </Placemark>
  <Placemark id="interpolated_points_sde_hala_senai.146">
	<name>SDE HALA SENAI</name>
	<ExtendedData><SchemaData schemaUrl="#interpolated_points_sde_hala_senai">
		<SimpleData name="fid">1</SimpleData>
		<SimpleData name="tessellate">1</SimpleData>
		<SimpleData name="extrude">0</SimpleData>
		<SimpleData name="visibility">-1</SimpleData>
		<SimpleData name="distance">14500</SimpleData>
		<SimpleData name="angle">103.966738871137</SimpleData>
		<SimpleData name="KM">KM 15.5</SimpleData>
		<SimpleData name="Latitude">1.612767</SimpleData>
		<SimpleData name="Longitude">103.768139</SimpleData>
	</SchemaData></ExtendedData>
      <Point><coordinates>103.768139,1.612767,0</coordinates></Point>
  </Placemark>
  <Placemark id="interpolated_points_sde_hala_senai.147">
	<name>SDE HALA SENAI</name>
	<ExtendedData><SchemaData schemaUrl="#interpolated_points_sde_hala_senai">
		<SimpleData name="fid">1</SimpleData>
		<SimpleData name="tessellate">1</SimpleData>
		<SimpleData name="extrude">0</SimpleData>
		<SimpleData name="visibility">-1</SimpleData>
		<SimpleData name="distance">14600</SimpleData>
		<SimpleData name="angle">103.526409809485</SimpleData>
		<SimpleData name="KM">KM 15.6</SimpleData>
		<SimpleData name="Latitude">1.612548</SimpleData>
		<SimpleData name="Longitude">103.769029</SimpleData>
	</SchemaData></ExtendedData>
      <Point><coordinates>103.769029,1.612548,0</coordinates></Point>
  </Placemark>
  <Placemark id="interpolated_points_sde_hala_senai.148">
	<name>SDE HALA SENAI</name>
	<ExtendedData><SchemaData schemaUrl="#interpolated_points_sde_hala_senai">
		<SimpleData name="fid">1</SimpleData>
		<SimpleData name="tessellate">1</SimpleData>
		<SimpleData name="extrude">0</SimpleData>
		<SimpleData name="visibility">-1</SimpleData>
		<SimpleData name="distance">14700</SimpleData>
		<SimpleData name="angle">104.603039834542</SimpleData>
		<SimpleData name="KM">KM 15.7</SimpleData>
		<SimpleData name="Latitude">1.612330</SimpleData>
		<SimpleData name="Longitude">103.769919</SimpleData>
	</SchemaData></ExtendedData>
      <Point><coordinates>103.769919,1.612330,0</coordinates></Point>
  </Placemark>
  <Placemark id="interpolated_points_sde_hala_senai.149">
	<name>SDE HALA SENAI</name>
	<ExtendedData><SchemaData schemaUrl="#interpolated_points_sde_hala_senai">
		<SimpleData name="fid">1</SimpleData>
		<SimpleData name="tessellate">1</SimpleData>
		<SimpleData name="extrude">0</SimpleData>
		<SimpleData name="visibility">-1</SimpleData>
		<SimpleData name="distance">14800</SimpleData>
		<SimpleData name="angle">103.89004153474</SimpleData>
		<SimpleData name="KM">KM 15.8</SimpleData>
		<SimpleData name="Latitude">1.612108</SimpleData>
		<SimpleData name="Longitude">103.770807</SimpleData>
	</SchemaData></ExtendedData>
      <Point><coordinates>103.770807,1.612108,0</coordinates></Point>
  </Placemark>
  <Placemark id="interpolated_points_sde_hala_senai.150">
	<name>SDE HALA SENAI</name>
	<ExtendedData><SchemaData schemaUrl="#interpolated_points_sde_hala_senai">
		<SimpleData name="fid">1</SimpleData>
		<SimpleData name="tessellate">1</SimpleData>
		<SimpleData name="extrude">0</SimpleData>
		<SimpleData name="visibility">-1</SimpleData>
		<SimpleData name="distance">14900</SimpleData>
		<SimpleData name="angle">103.381570635404</SimpleData>
		<SimpleData name="KM">KM 15.9</SimpleData>
		<SimpleData name="Latitude">1.611881</SimpleData>
		<SimpleData name="Longitude">103.771695</SimpleData>
	</SchemaData></ExtendedData>
      <Point><coordinates>103.771695,1.611881,0</coordinates></Point>
  </Placemark>
  <Placemark id="interpolated_points_sde_hala_senai.151">
	<name>SDE HALA SENAI</name>
	<ExtendedData><SchemaData schemaUrl="#interpolated_points_sde_hala_senai">
		<SimpleData name="fid">1</SimpleData>
		<SimpleData name="tessellate">1</SimpleData>
		<SimpleData name="extrude">0</SimpleData>
		<SimpleData name="visibility">-1</SimpleData>
		<SimpleData name="distance">15000</SimpleData>
		<SimpleData name="angle">104.222011106146</SimpleData>
		<SimpleData name="KM">KM 16.0</SimpleData>
		<SimpleData name="Latitude">1.611664</SimpleData>
		<SimpleData name="Longitude">103.772585</SimpleData>
	</SchemaData></ExtendedData>
      <Point><coordinates>103.772585,1.611664,0</coordinates></Point>
  </Placemark>
  <Placemark id="interpolated_points_sde_hala_senai.152">
	<name>SDE HALA SENAI</name>
	<ExtendedData><SchemaData schemaUrl="#interpolated_points_sde_hala_senai">
		<SimpleData name="fid">1</SimpleData>
		<SimpleData name="tessellate">1</SimpleData>
		<SimpleData name="extrude">0</SimpleData>
		<SimpleData name="visibility">-1</SimpleData>
		<SimpleData name="distance">15100</SimpleData>
		<SimpleData name="angle">102.42534152524</SimpleData>
		<SimpleData name="KM">KM 16.1</SimpleData>
		<SimpleData name="Latitude">1.611452</SimpleData>
		<SimpleData name="Longitude">103.773476</SimpleData>
	</SchemaData></ExtendedData>
      <Point><coordinates>103.773476,1.611452,0</coordinates></Point>
  </Placemark>
  <Placemark id="interpolated_points_sde_hala_senai.153">
	<name>SDE HALA SENAI</name>
	<ExtendedData><SchemaData schemaUrl="#interpolated_points_sde_hala_senai">
		<SimpleData name="fid">1</SimpleData>
		<SimpleData name="tessellate">1</SimpleData>
		<SimpleData name="extrude">0</SimpleData>
		<SimpleData name="visibility">-1</SimpleData>
		<SimpleData name="distance">15200</SimpleData>
		<SimpleData name="angle">104.18148520748</SimpleData>
		<SimpleData name="KM">KM 16.2</SimpleData>
		<SimpleData name="Latitude">1.611236</SimpleData>
		<SimpleData name="Longitude">103.774366</SimpleData>
	</SchemaData></ExtendedData>
      <Point><coordinates>103.774366,1.611236,0</coordinates></Point>
  </Placemark>
  <Placemark id="interpolated_points_sde_hala_senai.154">
	<name>SDE HALA SENAI</name>
	<ExtendedData><SchemaData schemaUrl="#interpolated_points_sde_hala_senai">
		<SimpleData name="fid">1</SimpleData>
		<SimpleData name="tessellate">1</SimpleData>
		<SimpleData name="extrude">0</SimpleData>
		<SimpleData name="visibility">-1</SimpleData>
		<SimpleData name="distance">15300</SimpleData>
		<SimpleData name="angle">103.40143923054</SimpleData>
		<SimpleData name="KM">KM 16.3</SimpleData>
		<SimpleData name="Latitude">1.611018</SimpleData>
		<SimpleData name="Longitude">103.775255</SimpleData>
	</SchemaData></ExtendedData>
      <Point><coordinates>103.775255,1.611018,0</coordinates></Point>
  </Placemark>
  <Placemark id="interpolated_points_sde_hala_senai.155">
	<name>SDE HALA SENAI</name>
	<ExtendedData><SchemaData schemaUrl="#interpolated_points_sde_hala_senai">
		<SimpleData name="fid">1</SimpleData>
		<SimpleData name="tessellate">1</SimpleData>
		<SimpleData name="extrude">0</SimpleData>
		<SimpleData name="visibility">-1</SimpleData>
		<SimpleData name="distance">15400</SimpleData>
		<SimpleData name="angle">103.890619945831</SimpleData>
		<SimpleData name="KM">KM 16.4</SimpleData>
		<SimpleData name="Latitude">1.610793</SimpleData>
		<SimpleData name="Longitude">103.776144</SimpleData>
	</SchemaData></ExtendedData>
      <Point><coordinates>103.776144,1.610793,0</coordinates></Point>
  </Placemark>
  <Placemark id="interpolated_points_sde_hala_senai.156">
	<name>SDE HALA SENAI</name>
	<ExtendedData><SchemaData schemaUrl="#interpolated_points_sde_hala_senai">
		<SimpleData name="fid">1</SimpleData>
		<SimpleData name="tessellate">1</SimpleData>
		<SimpleData name="extrude">0</SimpleData>
		<SimpleData name="visibility">-1</SimpleData>
		<SimpleData name="distance">15500</SimpleData>
		<SimpleData name="angle">104.077707339824</SimpleData>
		<SimpleData name="KM">KM 16.5</SimpleData>
		<SimpleData name="Latitude">1.610573</SimpleData>
		<SimpleData name="Longitude">103.777033</SimpleData>
	</SchemaData></ExtendedData>
      <Point><coordinates>103.777033,1.610573,0</coordinates></Point>
  </Placemark>
  <Placemark id="interpolated_points_sde_hala_senai.157">
	<name>SDE HALA SENAI</name>
	<ExtendedData><SchemaData schemaUrl="#interpolated_points_sde_hala_senai">
		<SimpleData name="fid">1</SimpleData>
		<SimpleData name="tessellate">1</SimpleData>
		<SimpleData name="extrude">0</SimpleData>
		<SimpleData name="visibility">-1</SimpleData>
		<SimpleData name="distance">15600</SimpleData>
		<SimpleData name="angle">103.28187084826</SimpleData>
		<SimpleData name="KM">KM 16.6</SimpleData>
		<SimpleData name="Latitude">1.610352</SimpleData>
		<SimpleData name="Longitude">103.777922</SimpleData>
	</SchemaData></ExtendedData>
      <Point><coordinates>103.777922,1.610352,0</coordinates></Point>
  </Placemark>
  <Placemark id="interpolated_points_sde_hala_senai.158">
	<name>SDE HALA SENAI</name>
	<ExtendedData><SchemaData schemaUrl="#interpolated_points_sde_hala_senai">
		<SimpleData name="fid">1</SimpleData>
		<SimpleData name="tessellate">1</SimpleData>
		<SimpleData name="extrude">0</SimpleData>
		<SimpleData name="visibility">-1</SimpleData>
		<SimpleData name="distance">15700</SimpleData>
		<SimpleData name="angle">103.126811017239</SimpleData>
		<SimpleData name="KM">KM 16.7</SimpleData>
		<SimpleData name="Latitude">1.610133</SimpleData>
		<SimpleData name="Longitude">103.778811</SimpleData>
	</SchemaData></ExtendedData>
      <Point><coordinates>103.778811,1.610133,0</coordinates></Point>
  </Placemark>
  <Placemark id="interpolated_points_sde_hala_senai.159">
	<name>SDE HALA SENAI</name>
	<ExtendedData><SchemaData schemaUrl="#interpolated_points_sde_hala_senai">
		<SimpleData name="fid">1</SimpleData>
		<SimpleData name="tessellate">1</SimpleData>
		<SimpleData name="extrude">0</SimpleData>
		<SimpleData name="visibility">-1</SimpleData>
		<SimpleData name="distance">15800</SimpleData>
		<SimpleData name="angle">103.642395172351</SimpleData>
		<SimpleData name="KM">KM 16.8</SimpleData>
		<SimpleData name="Latitude">1.609923</SimpleData>
		<SimpleData name="Longitude">103.779703</SimpleData>
	</SchemaData></ExtendedData>
      <Point><coordinates>103.779703,1.609923,0</coordinates></Point>
  </Placemark>
  <Placemark id="interpolated_points_sde_hala_senai.160">
	<name>SDE HALA SENAI</name>
	<ExtendedData><SchemaData schemaUrl="#interpolated_points_sde_hala_senai">
		<SimpleData name="fid">1</SimpleData>
		<SimpleData name="tessellate">1</SimpleData>
		<SimpleData name="extrude">0</SimpleData>
		<SimpleData name="visibility">-1</SimpleData>
		<SimpleData name="distance">15900</SimpleData>
		<SimpleData name="angle">104.559654756003</SimpleData>
		<SimpleData name="KM">KM 16.9</SimpleData>
		<SimpleData name="Latitude">1.609701</SimpleData>
		<SimpleData name="Longitude">103.780591</SimpleData>
	</SchemaData></ExtendedData>
      <Point><coordinates>103.780591,1.609701,0</coordinates></Point>
  </Placemark>
  <Placemark id="interpolated_points_sde_hala_senai.161">
	<name>SDE HALA SENAI</name>
	<ExtendedData><SchemaData schemaUrl="#interpolated_points_sde_hala_senai">
		<SimpleData name="fid">1</SimpleData>
		<SimpleData name="tessellate">1</SimpleData>
		<SimpleData name="extrude">0</SimpleData>
		<SimpleData name="visibility">-1</SimpleData>
		<SimpleData name="distance">16000</SimpleData>
		<SimpleData name="angle">104.559654756003</SimpleData>
		<SimpleData name="KM">KM 17.0</SimpleData>
		<SimpleData name="Latitude">1.609471</SimpleData>
		<SimpleData name="Longitude">103.781478</SimpleData>
	</SchemaData></ExtendedData>
      <Point><coordinates>103.781478,1.609471,0</coordinates></Point>
  </Placemark>
  <Placemark id="interpolated_points_sde_hala_senai.162">
	<name>SDE HALA SENAI</name>
	<ExtendedData><SchemaData schemaUrl="#interpolated_points_sde_hala_senai">
		<SimpleData name="fid">1</SimpleData>
		<SimpleData name="tessellate">1</SimpleData>
		<SimpleData name="extrude">0</SimpleData>
		<SimpleData name="visibility">-1</SimpleData>
		<SimpleData name="distance">16100</SimpleData>
		<SimpleData name="angle">103.985535305974</SimpleData>
		<SimpleData name="KM">KM 17.1</SimpleData>
		<SimpleData name="Latitude">1.609248</SimpleData>
		<SimpleData name="Longitude">103.782366</SimpleData>
	</SchemaData></ExtendedData>
      <Point><coordinates>103.782366,1.609248,0</coordinates></Point>
  </Placemark>
  <Placemark id="interpolated_points_sde_hala_senai.163">
	<name>SDE HALA SENAI</name>
	<ExtendedData><SchemaData schemaUrl="#interpolated_points_sde_hala_senai">
		<SimpleData name="fid">1</SimpleData>
		<SimpleData name="tessellate">1</SimpleData>
		<SimpleData name="extrude">0</SimpleData>
		<SimpleData name="visibility">-1</SimpleData>
		<SimpleData name="distance">16200</SimpleData>
		<SimpleData name="angle">104.1107317266</SimpleData>
		<SimpleData name="KM">KM 17.2</SimpleData>
		<SimpleData name="Latitude">1.609018</SimpleData>
		<SimpleData name="Longitude">103.783253</SimpleData>
	</SchemaData></ExtendedData>
      <Point><coordinates>103.783253,1.609018,0</coordinates></Point>
  </Placemark>
  <Placemark id="interpolated_points_sde_hala_senai.164">
	<name>SDE HALA SENAI</name>
	<ExtendedData><SchemaData schemaUrl="#interpolated_points_sde_hala_senai">
		<SimpleData name="fid">1</SimpleData>
		<SimpleData name="tessellate">1</SimpleData>
		<SimpleData name="extrude">0</SimpleData>
		<SimpleData name="visibility">-1</SimpleData>
		<SimpleData name="distance">16300</SimpleData>
		<SimpleData name="angle">103.368327579959</SimpleData>
		<SimpleData name="KM">KM 17.3</SimpleData>
		<SimpleData name="Latitude">1.608800</SimpleData>
		<SimpleData name="Longitude">103.784143</SimpleData>
	</SchemaData></ExtendedData>
      <Point><coordinates>103.784143,1.608800,0</coordinates></Point>
  </Placemark>
  <Placemark id="interpolated_points_sde_hala_senai.165">
	<name>SDE HALA SENAI</name>
	<ExtendedData><SchemaData schemaUrl="#interpolated_points_sde_hala_senai">
		<SimpleData name="fid">1</SimpleData>
		<SimpleData name="tessellate">1</SimpleData>
		<SimpleData name="extrude">0</SimpleData>
		<SimpleData name="visibility">-1</SimpleData>
		<SimpleData name="distance">16400</SimpleData>
		<SimpleData name="angle">103.778024148408</SimpleData>
		<SimpleData name="KM">KM 17.4</SimpleData>
		<SimpleData name="Latitude">1.608585</SimpleData>
		<SimpleData name="Longitude">103.785033</SimpleData>
	</SchemaData></ExtendedData>
      <Point><coordinates>103.785033,1.608585,0</coordinates></Point>
  </Placemark>
  <Placemark id="interpolated_points_sde_hala_senai.166">
	<name>SDE HALA SENAI</name>
	<ExtendedData><SchemaData schemaUrl="#interpolated_points_sde_hala_senai">
		<SimpleData name="fid">1</SimpleData>
		<SimpleData name="tessellate">1</SimpleData>
		<SimpleData name="extrude">0</SimpleData>
		<SimpleData name="visibility">-1</SimpleData>
		<SimpleData name="distance">16500</SimpleData>
		<SimpleData name="angle">103.755364067354</SimpleData>
		<SimpleData name="KM">KM 17.5</SimpleData>
		<SimpleData name="Latitude">1.608367</SimpleData>
		<SimpleData name="Longitude">103.785923</SimpleData>
	</SchemaData></ExtendedData>
      <Point><coordinates>103.785923,1.608367,0</coordinates></Point>
  </Placemark>
  <Placemark id="interpolated_points_sde_hala_senai.167">
	<name>SDE HALA SENAI</name>
	<ExtendedData><SchemaData schemaUrl="#interpolated_points_sde_hala_senai">
		<SimpleData name="fid">1</SimpleData>
		<SimpleData name="tessellate">1</SimpleData>
		<SimpleData name="extrude">0</SimpleData>
		<SimpleData name="visibility">-1</SimpleData>
		<SimpleData name="distance">16600</SimpleData>
		<SimpleData name="angle">104.913213828983</SimpleData>
		<SimpleData name="KM">KM 17.6</SimpleData>
		<SimpleData name="Latitude">1.608137</SimpleData>
		<SimpleData name="Longitude">103.786810</SimpleData>
	</SchemaData></ExtendedData>
      <Point><coordinates>103.786810,1.608137,0</coordinates></Point>
  </Placemark>
  <Placemark id="interpolated_points_sde_hala_senai.168">
	<name>SDE HALA SENAI</name>
	<ExtendedData><SchemaData schemaUrl="#interpolated_points_sde_hala_senai">
		<SimpleData name="fid">1</SimpleData>
		<SimpleData name="tessellate">1</SimpleData>
		<SimpleData name="extrude">0</SimpleData>
		<SimpleData name="visibility">-1</SimpleData>
		<SimpleData name="distance">16700</SimpleData>
		<SimpleData name="angle">103.587889616474</SimpleData>
		<SimpleData name="KM">KM 17.7</SimpleData>
		<SimpleData name="Latitude">1.607916</SimpleData>
		<SimpleData name="Longitude">103.787699</SimpleData>
	</SchemaData></ExtendedData>
      <Point><coordinates>103.787699,1.607916,0</coordinates></Point>
  </Placemark>
  <Placemark id="interpolated_points_sde_hala_senai.169">
	<name>SDE HALA SENAI</name>
	<ExtendedData><SchemaData schemaUrl="#interpolated_points_sde_hala_senai">
		<SimpleData name="fid">1</SimpleData>
		<SimpleData name="tessellate">1</SimpleData>
		<SimpleData name="extrude">0</SimpleData>
		<SimpleData name="visibility">-1</SimpleData>
		<SimpleData name="distance">16800</SimpleData>
		<SimpleData name="angle">103.587889616474</SimpleData>
		<SimpleData name="KM">KM 17.8</SimpleData>
		<SimpleData name="Latitude">1.607700</SimpleData>
		<SimpleData name="Longitude">103.788589</SimpleData>
	</SchemaData></ExtendedData>
      <Point><coordinates>103.788589,1.607700,0</coordinates></Point>
  </Placemark>
  <Placemark id="interpolated_points_sde_hala_senai.170">
	<name>SDE HALA SENAI</name>
	<ExtendedData><SchemaData schemaUrl="#interpolated_points_sde_hala_senai">
		<SimpleData name="fid">1</SimpleData>
		<SimpleData name="tessellate">1</SimpleData>
		<SimpleData name="extrude">0</SimpleData>
		<SimpleData name="visibility">-1</SimpleData>
		<SimpleData name="distance">16900</SimpleData>
		<SimpleData name="angle">103.587889616474</SimpleData>
		<SimpleData name="KM">KM 17.9</SimpleData>
		<SimpleData name="Latitude">1.607485</SimpleData>
		<SimpleData name="Longitude">103.789480</SimpleData>
	</SchemaData></ExtendedData>
      <Point><coordinates>103.789480,1.607485,0</coordinates></Point>
  </Placemark>
  <Placemark id="interpolated_points_sde_hala_senai.171">
	<name>SDE HALA SENAI</name>
	<ExtendedData><SchemaData schemaUrl="#interpolated_points_sde_hala_senai">
		<SimpleData name="fid">1</SimpleData>
		<SimpleData name="tessellate">1</SimpleData>
		<SimpleData name="extrude">0</SimpleData>
		<SimpleData name="visibility">-1</SimpleData>
		<SimpleData name="distance">17000</SimpleData>
		<SimpleData name="angle">104.615217198632</SimpleData>
		<SimpleData name="KM">KM 18.0</SimpleData>
		<SimpleData name="Latitude">1.607247</SimpleData>
		<SimpleData name="Longitude">103.790361</SimpleData>
	</SchemaData></ExtendedData>
      <Point><coordinates>103.790361,1.607247,0</coordinates></Point>
  </Placemark>
  <Placemark id="interpolated_points_sde_hala_senai.172">
	<name>SDE HALA SENAI</name>
	<ExtendedData><SchemaData schemaUrl="#interpolated_points_sde_hala_senai">
		<SimpleData name="fid">1</SimpleData>
		<SimpleData name="tessellate">1</SimpleData>
		<SimpleData name="extrude">0</SimpleData>
		<SimpleData name="visibility">-1</SimpleData>
		<SimpleData name="distance">17100</SimpleData>
		<SimpleData name="angle">104.076395024054</SimpleData>
		<SimpleData name="KM">KM 18.1</SimpleData>
		<SimpleData name="Latitude">1.607027</SimpleData>
		<SimpleData name="Longitude">103.791250</SimpleData>
	</SchemaData></ExtendedData>
      <Point><coordinates>103.791250,1.607027,0</coordinates></Point>
  </Placemark>
  <Placemark id="interpolated_points_sde_hala_senai.173">
	<name>SDE HALA SENAI</name>
	<ExtendedData><SchemaData schemaUrl="#interpolated_points_sde_hala_senai">
		<SimpleData name="fid">1</SimpleData>
		<SimpleData name="tessellate">1</SimpleData>
		<SimpleData name="extrude">0</SimpleData>
		<SimpleData name="visibility">-1</SimpleData>
		<SimpleData name="distance">17200</SimpleData>
		<SimpleData name="angle">105.504348192777</SimpleData>
		<SimpleData name="KM">KM 18.2</SimpleData>
		<SimpleData name="Latitude">1.606798</SimpleData>
		<SimpleData name="Longitude">103.792138</SimpleData>
	</SchemaData></ExtendedData>
      <Point><coordinates>103.792138,1.606798,0</coordinates></Point>
  </Placemark>
  <Placemark id="interpolated_points_sde_hala_senai.174">
	<name>SDE HALA SENAI</name>
	<ExtendedData><SchemaData schemaUrl="#interpolated_points_sde_hala_senai">
		<SimpleData name="fid">1</SimpleData>
		<SimpleData name="tessellate">1</SimpleData>
		<SimpleData name="extrude">0</SimpleData>
		<SimpleData name="visibility">-1</SimpleData>
		<SimpleData name="distance">17300</SimpleData>
		<SimpleData name="angle">110.431866945096</SimpleData>
		<SimpleData name="KM">KM 18.3</SimpleData>
		<SimpleData name="Latitude">1.606515</SimpleData>
		<SimpleData name="Longitude">103.793008</SimpleData>
	</SchemaData></ExtendedData>
      <Point><coordinates>103.793008,1.606515,0</coordinates></Point>
  </Placemark>
  <Placemark id="interpolated_points_sde_hala_senai.175">
	<name>SDE HALA SENAI</name>
	<ExtendedData><SchemaData schemaUrl="#interpolated_points_sde_hala_senai">
		<SimpleData name="fid">1</SimpleData>
		<SimpleData name="tessellate">1</SimpleData>
		<SimpleData name="extrude">0</SimpleData>
		<SimpleData name="visibility">-1</SimpleData>
		<SimpleData name="distance">17400</SimpleData>
		<SimpleData name="angle">116.923176878791</SimpleData>
		<SimpleData name="KM">KM 18.4</SimpleData>
		<SimpleData name="Latitude">1.606147</SimpleData>
		<SimpleData name="Longitude">103.793847</SimpleData>
	</SchemaData></ExtendedData>
      <Point><coordinates>103.793847,1.606147,0</coordinates></Point>
  </Placemark>
  <Placemark id="interpolated_points_sde_hala_senai.176">
	<name>SDE HALA SENAI</name>
	<ExtendedData><SchemaData schemaUrl="#interpolated_points_sde_hala_senai">
		<SimpleData name="fid">1</SimpleData>
		<SimpleData name="tessellate">1</SimpleData>
		<SimpleData name="extrude">0</SimpleData>
		<SimpleData name="visibility">-1</SimpleData>
		<SimpleData name="distance">17500</SimpleData>
		<SimpleData name="angle">120.561281312481</SimpleData>
		<SimpleData name="KM">KM 18.5</SimpleData>
		<SimpleData name="Latitude">1.605699</SimpleData>
		<SimpleData name="Longitude">103.794646</SimpleData>
	</SchemaData></ExtendedData>
      <Point><coordinates>103.794646,1.605699,0</coordinates></Point>
  </Placemark>
  <Placemark id="interpolated_points_sde_hala_senai.177">
	<name>SDE HALA SENAI</name>
	<ExtendedData><SchemaData schemaUrl="#interpolated_points_sde_hala_senai">
		<SimpleData name="fid">1</SimpleData>
		<SimpleData name="tessellate">1</SimpleData>
		<SimpleData name="extrude">0</SimpleData>
		<SimpleData name="visibility">-1</SimpleData>
		<SimpleData name="distance">17600</SimpleData>
		<SimpleData name="angle">122.154519986284</SimpleData>
		<SimpleData name="KM">KM 18.6</SimpleData>
		<SimpleData name="Latitude">1.605223</SimpleData>
		<SimpleData name="Longitude">103.795429</SimpleData>
	</SchemaData></ExtendedData>
      <Point><coordinates>103.795429,1.605223,0</coordinates></Point>
  </Placemark>
  <Placemark id="interpolated_points_sde_hala_senai.178">
	<name>SDE HALA SENAI</name>
	<ExtendedData><SchemaData schemaUrl="#interpolated_points_sde_hala_senai">
		<SimpleData name="fid">1</SimpleData>
		<SimpleData name="tessellate">1</SimpleData>
		<SimpleData name="extrude">0</SimpleData>
		<SimpleData name="visibility">-1</SimpleData>
		<SimpleData name="distance">17700</SimpleData>
		<SimpleData name="angle">120.838002382618</SimpleData>
		<SimpleData name="KM">KM 18.7</SimpleData>
		<SimpleData name="Latitude">1.604755</SimpleData>
		<SimpleData name="Longitude">103.796217</SimpleData>
	</SchemaData></ExtendedData>
      <Point><coordinates>103.796217,1.604755,0</coordinates></Point>
  </Placemark>
  <Placemark id="interpolated_points_sde_hala_senai.179">
	<name>SDE HALA SENAI</name>
	<ExtendedData><SchemaData schemaUrl="#interpolated_points_sde_hala_senai">
		<SimpleData name="fid">1</SimpleData>
		<SimpleData name="tessellate">1</SimpleData>
		<SimpleData name="extrude">0</SimpleData>
		<SimpleData name="visibility">-1</SimpleData>
		<SimpleData name="distance">17800</SimpleData>
		<SimpleData name="angle">116.969093377419</SimpleData>
		<SimpleData name="KM">KM 18.8</SimpleData>
		<SimpleData name="Latitude">1.604297</SimpleData>
		<SimpleData name="Longitude">103.797010</SimpleData>
	</SchemaData></ExtendedData>
      <Point><coordinates>103.797010,1.604297,0</coordinates></Point>
  </Placemark>
  <Placemark id="interpolated_points_sde_hala_senai.180">
	<name>SDE HALA SENAI</name>
	<ExtendedData><SchemaData schemaUrl="#interpolated_points_sde_hala_senai">
		<SimpleData name="fid">1</SimpleData>
		<SimpleData name="tessellate">1</SimpleData>
		<SimpleData name="extrude">0</SimpleData>
		<SimpleData name="visibility">-1</SimpleData>
		<SimpleData name="distance">17900</SimpleData>
		<SimpleData name="angle">111.84327495786</SimpleData>
		<SimpleData name="KM">KM 18.9</SimpleData>
		<SimpleData name="Latitude">1.603924</SimpleData>
		<SimpleData name="Longitude">103.797846</SimpleData>
	</SchemaData></ExtendedData>
      <Point><coordinates>103.797846,1.603924,0</coordinates></Point>
  </Placemark>
  <Placemark id="interpolated_points_sde_hala_senai.181">
	<name>SDE HALA SENAI</name>
	<ExtendedData><SchemaData schemaUrl="#interpolated_points_sde_hala_senai">
		<SimpleData name="fid">1</SimpleData>
		<SimpleData name="tessellate">1</SimpleData>
		<SimpleData name="extrude">0</SimpleData>
		<SimpleData name="visibility">-1</SimpleData>
		<SimpleData name="distance">18000</SimpleData>
		<SimpleData name="angle">113.129289807652</SimpleData>
		<SimpleData name="KM">KM 19.0</SimpleData>
		<SimpleData name="Latitude">1.603643</SimpleData>
		<SimpleData name="Longitude">103.798716</SimpleData>
	</SchemaData></ExtendedData>
      <Point><coordinates>103.798716,1.603643,0</coordinates></Point>
  </Placemark>
  <Placemark id="interpolated_points_sde_hala_senai.182">
	<name>SDE HALA SENAI</name>
	<ExtendedData><SchemaData schemaUrl="#interpolated_points_sde_hala_senai">
		<SimpleData name="fid">1</SimpleData>
		<SimpleData name="tessellate">1</SimpleData>
		<SimpleData name="extrude">0</SimpleData>
		<SimpleData name="visibility">-1</SimpleData>
		<SimpleData name="distance">18100</SimpleData>
		<SimpleData name="angle">100.987774575695</SimpleData>
		<SimpleData name="KM">KM 19.1</SimpleData>
		<SimpleData name="Latitude">1.603440</SimpleData>
		<SimpleData name="Longitude">103.799606</SimpleData>
	</SchemaData></ExtendedData>
      <Point><coordinates>103.799606,1.603440,0</coordinates></Point>
  </Placemark>
  <Placemark id="interpolated_points_sde_hala_senai.183">
	<name>SDE HALA SENAI</name>
	<ExtendedData><SchemaData schemaUrl="#interpolated_points_sde_hala_senai">
		<SimpleData name="fid">1</SimpleData>
		<SimpleData name="tessellate">1</SimpleData>
		<SimpleData name="extrude">0</SimpleData>
		<SimpleData name="visibility">-1</SimpleData>
		<SimpleData name="distance">18200</SimpleData>
		<SimpleData name="angle">98.6278513989212</SimpleData>
		<SimpleData name="KM">KM 19.2</SimpleData>
		<SimpleData name="Latitude">1.603294</SimpleData>
		<SimpleData name="Longitude">103.800511</SimpleData>
	</SchemaData></ExtendedData>
      <Point><coordinates>103.800511,1.603294,0</coordinates></Point>
  </Placemark>
  <Placemark id="interpolated_points_sde_hala_senai.184">
	<name>SDE HALA SENAI</name>
	<ExtendedData><SchemaData schemaUrl="#interpolated_points_sde_hala_senai">
		<SimpleData name="fid">1</SimpleData>
		<SimpleData name="tessellate">1</SimpleData>
		<SimpleData name="extrude">0</SimpleData>
		<SimpleData name="visibility">-1</SimpleData>
		<SimpleData name="distance">18300</SimpleData>
		<SimpleData name="angle">86.6024971997806</SimpleData>
		<SimpleData name="KM">KM 19.3</SimpleData>
		<SimpleData name="Latitude">1.603280</SimpleData>
		<SimpleData name="Longitude">103.801425</SimpleData>
	</SchemaData></ExtendedData>
      <Point><coordinates>103.801425,1.603280,0</coordinates></Point>
  </Placemark>
  <Placemark id="interpolated_points_sde_hala_senai.185">
	<name>SDE HALA SENAI</name>
	<ExtendedData><SchemaData schemaUrl="#interpolated_points_sde_hala_senai">
		<SimpleData name="fid">1</SimpleData>
		<SimpleData name="tessellate">1</SimpleData>
		<SimpleData name="extrude">0</SimpleData>
		<SimpleData name="visibility">-1</SimpleData>
		<SimpleData name="distance">18400</SimpleData>
		<SimpleData name="angle">88.4216553405383</SimpleData>
		<SimpleData name="KM">KM 19.4</SimpleData>
		<SimpleData name="Latitude">1.603324</SimpleData>
		<SimpleData name="Longitude">103.802339</SimpleData>
	</SchemaData></ExtendedData>
      <Point><coordinates>103.802339,1.603324,0</coordinates></Point>
  </Placemark>
  <Placemark id="interpolated_points_sde_hala_senai.186">
	<name>SDE HALA SENAI</name>
	<ExtendedData><SchemaData schemaUrl="#interpolated_points_sde_hala_senai">
		<SimpleData name="fid">1</SimpleData>
		<SimpleData name="tessellate">1</SimpleData>
		<SimpleData name="extrude">0</SimpleData>
		<SimpleData name="visibility">-1</SimpleData>
		<SimpleData name="distance">18500</SimpleData>
		<SimpleData name="angle">90.6446114722498</SimpleData>
		<SimpleData name="KM">KM 19.5</SimpleData>
		<SimpleData name="Latitude">1.603326</SimpleData>
		<SimpleData name="Longitude">103.803254</SimpleData>
	</SchemaData></ExtendedData>
      <Point><coordinates>103.803254,1.603326,0</coordinates></Point>
  </Placemark>
  <Placemark id="interpolated_points_sde_hala_senai.187">
	<name>SDE HALA SENAI</name>
	<ExtendedData><SchemaData schemaUrl="#interpolated_points_sde_hala_senai">
		<SimpleData name="fid">1</SimpleData>
		<SimpleData name="tessellate">1</SimpleData>
		<SimpleData name="extrude">0</SimpleData>
		<SimpleData name="visibility">-1</SimpleData>
		<SimpleData name="distance">18600</SimpleData>
		<SimpleData name="angle">97.8914687400492</SimpleData>
		<SimpleData name="KM">KM 19.6</SimpleData>
		<SimpleData name="Latitude">1.603253</SimpleData>
		<SimpleData name="Longitude">103.804166</SimpleData>
	</SchemaData></ExtendedData>
      <Point><coordinates>103.804166,1.603253,0</coordinates></Point>
  </Placemark>
  <Placemark id="interpolated_points_sde_hala_senai.188">
	<name>SDE HALA SENAI</name>
	<ExtendedData><SchemaData schemaUrl="#interpolated_points_sde_hala_senai">
		<SimpleData name="fid">1</SimpleData>
		<SimpleData name="tessellate">1</SimpleData>
		<SimpleData name="extrude">0</SimpleData>
		<SimpleData name="visibility">-1</SimpleData>
		<SimpleData name="distance">18700</SimpleData>
		<SimpleData name="angle">103.628856250001</SimpleData>
		<SimpleData name="KM">KM 19.7</SimpleData>
		<SimpleData name="Latitude">1.603033</SimpleData>
		<SimpleData name="Longitude">103.804996</SimpleData>
	</SchemaData></ExtendedData>
      <Point><coordinates>103.804996,1.603033,0</coordinates></Point>
  </Placemark>
  <Placemark id="interpolated_points_sde_hala_senai.189">
	<name>SDE HALA SENAI</name>
	<ExtendedData><SchemaData schemaUrl="#interpolated_points_sde_hala_senai">
		<SimpleData name="fid">1</SimpleData>
		<SimpleData name="tessellate">1</SimpleData>
		<SimpleData name="extrude">0</SimpleData>
		<SimpleData name="visibility">-1</SimpleData>
		<SimpleData name="distance">18800</SimpleData>
		<SimpleData name="angle">111.653710897347</SimpleData>
		<SimpleData name="KM">KM 19.8</SimpleData>
		<SimpleData name="Latitude">1.602736</SimpleData>
		<SimpleData name="Longitude">103.805807</SimpleData>
	</SchemaData></ExtendedData>
      <Point><coordinates>103.805807,1.602736,0</coordinates></Point>
  </Placemark>
  <Placemark id="interpolated_points_sde_hala_senai.190">
	<name>SDE HALA SENAI</name>
	<ExtendedData><SchemaData schemaUrl="#interpolated_points_sde_hala_senai">
		<SimpleData name="fid">1</SimpleData>
		<SimpleData name="tessellate">1</SimpleData>
		<SimpleData name="extrude">0</SimpleData>
		<SimpleData name="visibility">-1</SimpleData>
		<SimpleData name="distance">18900</SimpleData>
		<SimpleData name="angle">115.47417355822</SimpleData>
		<SimpleData name="KM">KM 19.9</SimpleData>
		<SimpleData name="Latitude">1.602346</SimpleData>
		<SimpleData name="Longitude">103.806589</SimpleData>
	</SchemaData></ExtendedData>
      <Point><coordinates>103.806589,1.602346,0</coordinates></Point>
  </Placemark>
  <Placemark id="interpolated_points_sde_hala_senai.191">
	<name>SDE HALA SENAI</name>
	<ExtendedData><SchemaData schemaUrl="#interpolated_points_sde_hala_senai">
		<SimpleData name="fid">1</SimpleData>
		<SimpleData name="tessellate">1</SimpleData>
		<SimpleData name="extrude">0</SimpleData>
		<SimpleData name="visibility">-1</SimpleData>
		<SimpleData name="distance">19000</SimpleData>
		<SimpleData name="angle">120.902345031657</SimpleData>
		<SimpleData name="KM">KM 20.0</SimpleData>
		<SimpleData name="Latitude">1.601877</SimpleData>
		<SimpleData name="Longitude">103.807334</SimpleData>
	</SchemaData></ExtendedData>
      <Point><coordinates>103.807334,1.601877,0</coordinates></Point>
  </Placemark>
  <Placemark id="interpolated_points_sde_hala_senai.192">
	<name>SDE HALA SENAI</name>
	<ExtendedData><SchemaData schemaUrl="#interpolated_points_sde_hala_senai">
		<SimpleData name="fid">1</SimpleData>
		<SimpleData name="tessellate">1</SimpleData>
		<SimpleData name="extrude">0</SimpleData>
		<SimpleData name="visibility">-1</SimpleData>
		<SimpleData name="distance">19100</SimpleData>
		<SimpleData name="angle">131.601551186194</SimpleData>
		<SimpleData name="KM">KM 20.1</SimpleData>
		<SimpleData name="Latitude">1.601324</SimpleData>
		<SimpleData name="Longitude">103.808029</SimpleData>
	</SchemaData></ExtendedData>
      <Point><coordinates>103.808029,1.601324,0</coordinates></Point>
  </Placemark>
  <Placemark id="interpolated_points_sde_hala_senai.193">
	<name>SDE HALA SENAI</name>
	<ExtendedData><SchemaData schemaUrl="#interpolated_points_sde_hala_senai">
		<SimpleData name="fid">1</SimpleData>
		<SimpleData name="tessellate">1</SimpleData>
		<SimpleData name="extrude">0</SimpleData>
		<SimpleData name="visibility">-1</SimpleData>
		<SimpleData name="distance">19200</SimpleData>
		<SimpleData name="angle">127.944022193822</SimpleData>
		<SimpleData name="KM">KM 20.2</SimpleData>
		<SimpleData name="Latitude">1.600721</SimpleData>
		<SimpleData name="Longitude">103.808691</SimpleData>
	</SchemaData></ExtendedData>
      <Point><coordinates>103.808691,1.600721,0</coordinates></Point>
  </Placemark>
  <Placemark id="interpolated_points_sde_hala_senai.194">
	<name>SDE HALA SENAI</name>
	<ExtendedData><SchemaData schemaUrl="#interpolated_points_sde_hala_senai">
		<SimpleData name="fid">1</SimpleData>
		<SimpleData name="tessellate">1</SimpleData>
		<SimpleData name="extrude">0</SimpleData>
		<SimpleData name="visibility">-1</SimpleData>
		<SimpleData name="distance">19300</SimpleData>
		<SimpleData name="angle">127.944022193822</SimpleData>
		<SimpleData name="KM">KM 20.3</SimpleData>
		<SimpleData name="Latitude">1.600111</SimpleData>
		<SimpleData name="Longitude">103.809347</SimpleData>
	</SchemaData></ExtendedData>
      <Point><coordinates>103.809347,1.600111,0</coordinates></Point>
  </Placemark>
  <Placemark id="interpolated_points_sde_hala_senai.195">
	<name>SDE HALA SENAI</name>
	<ExtendedData><SchemaData schemaUrl="#interpolated_points_sde_hala_senai">
		<SimpleData name="fid">1</SimpleData>
		<SimpleData name="tessellate">1</SimpleData>
		<SimpleData name="extrude">0</SimpleData>
		<SimpleData name="visibility">-1</SimpleData>
		<SimpleData name="distance">19400</SimpleData>
		<SimpleData name="angle">129.532619540427</SimpleData>
		<SimpleData name="KM">KM 20.4</SimpleData>
		<SimpleData name="Latitude">1.599497</SimpleData>
		<SimpleData name="Longitude">103.810000</SimpleData>
	</SchemaData></ExtendedData>
      <Point><coordinates>103.810000,1.599497,0</coordinates></Point>
  </Placemark>
  <Placemark id="interpolated_points_sde_hala_senai.196">
	<name>SDE HALA SENAI</name>
	<ExtendedData><SchemaData schemaUrl="#interpolated_points_sde_hala_senai">
		<SimpleData name="fid">1</SimpleData>
		<SimpleData name="tessellate">1</SimpleData>
		<SimpleData name="extrude">0</SimpleData>
		<SimpleData name="visibility">-1</SimpleData>
		<SimpleData name="distance">19500</SimpleData>
		<SimpleData name="angle">135.722863900827</SimpleData>
		<SimpleData name="KM">KM 20.5</SimpleData>
		<SimpleData name="Latitude">1.598831</SimpleData>
		<SimpleData name="Longitude">103.810609</SimpleData>
	</SchemaData></ExtendedData>
      <Point><coordinates>103.810609,1.598831,0</coordinates></Point>
  </Placemark>
  <Placemark id="interpolated_points_sde_hala_senai.197">
	<name>SDE HALA SENAI</name>
	<ExtendedData><SchemaData schemaUrl="#interpolated_points_sde_hala_senai">
		<SimpleData name="fid">1</SimpleData>
		<SimpleData name="tessellate">1</SimpleData>
		<SimpleData name="extrude">0</SimpleData>
		<SimpleData name="visibility">-1</SimpleData>
		<SimpleData name="distance">19600</SimpleData>
		<SimpleData name="angle">142.195260607256</SimpleData>
		<SimpleData name="KM">KM 20.6</SimpleData>
		<SimpleData name="Latitude">1.598127</SimpleData>
		<SimpleData name="Longitude">103.811180</SimpleData>
	</SchemaData></ExtendedData>
      <Point><coordinates>103.811180,1.598127,0</coordinates></Point>
  </Placemark>
  <Placemark id="interpolated_points_sde_hala_senai.198">
	<name>SDE HALA SENAI</name>
	<ExtendedData><SchemaData schemaUrl="#interpolated_points_sde_hala_senai">
		<SimpleData name="fid">1</SimpleData>
		<SimpleData name="tessellate">1</SimpleData>
		<SimpleData name="extrude">0</SimpleData>
		<SimpleData name="visibility">-1</SimpleData>
		<SimpleData name="distance">19700</SimpleData>
		<SimpleData name="angle">146.175681028811</SimpleData>
		<SimpleData name="KM">KM 20.7</SimpleData>
		<SimpleData name="Latitude">1.597344</SimpleData>
		<SimpleData name="Longitude">103.811660</SimpleData>
	</SchemaData></ExtendedData>
      <Point><coordinates>103.811660,1.597344,0</coordinates></Point>
  </Placemark>
  <Placemark id="interpolated_points_sde_hala_senai.199">
	<name>SDE HALA SENAI</name>
	<ExtendedData><SchemaData schemaUrl="#interpolated_points_sde_hala_senai">
		<SimpleData name="fid">1</SimpleData>
		<SimpleData name="tessellate">1</SimpleData>
		<SimpleData name="extrude">0</SimpleData>
		<SimpleData name="visibility">-1</SimpleData>
		<SimpleData name="distance">19800</SimpleData>
		<SimpleData name="angle">152.444969846522</SimpleData>
		<SimpleData name="KM">KM 20.8</SimpleData>
		<SimpleData name="Latitude">1.596518</SimpleData>
		<SimpleData name="Longitude">103.812073</SimpleData>
	</SchemaData></ExtendedData>
      <Point><coordinates>103.812073,1.596518,0</coordinates></Point>
  </Placemark>
  <Placemark id="interpolated_points_sde_hala_senai.200">
	<name>SDE HALA SENAI</name>
	<ExtendedData><SchemaData schemaUrl="#interpolated_points_sde_hala_senai">
		<SimpleData name="fid">1</SimpleData>
		<SimpleData name="tessellate">1</SimpleData>
		<SimpleData name="extrude">0</SimpleData>
		<SimpleData name="visibility">-1</SimpleData>
		<SimpleData name="distance">19900</SimpleData>
		<SimpleData name="angle">156.450555829704</SimpleData>
		<SimpleData name="KM">KM 20.9</SimpleData>
		<SimpleData name="Latitude">1.595645</SimpleData>
		<SimpleData name="Longitude">103.812401</SimpleData>
	</SchemaData></ExtendedData>
      <Point><coordinates>103.812401,1.595645,0</coordinates></Point>
  </Placemark>
  <Placemark id="interpolated_points_sde_hala_senai.201">
	<name>SDE HALA SENAI</name>
	<ExtendedData><SchemaData schemaUrl="#interpolated_points_sde_hala_senai">
		<SimpleData name="fid">1</SimpleData>
		<SimpleData name="tessellate">1</SimpleData>
		<SimpleData name="extrude">0</SimpleData>
		<SimpleData name="visibility">-1</SimpleData>
		<SimpleData name="distance">20000</SimpleData>
		<SimpleData name="angle">164.242413462379</SimpleData>
		<SimpleData name="KM">KM 21.0</SimpleData>
		<SimpleData name="Latitude">1.594740</SimpleData>
		<SimpleData name="Longitude">103.812651</SimpleData>
	</SchemaData></ExtendedData>
      <Point><coordinates>103.812651,1.594740,0</coordinates></Point>
  </Placemark>
  <Placemark id="interpolated_points_sde_hala_senai.202">
	<name>SDE HALA SENAI</name>
	<ExtendedData><SchemaData schemaUrl="#interpolated_points_sde_hala_senai">
		<SimpleData name="fid">1</SimpleData>
		<SimpleData name="tessellate">1</SimpleData>
		<SimpleData name="extrude">0</SimpleData>
		<SimpleData name="visibility">-1</SimpleData>
		<SimpleData name="distance">20100</SimpleData>
		<SimpleData name="angle">168.822242833566</SimpleData>
		<SimpleData name="KM">KM 21.1</SimpleData>
		<SimpleData name="Latitude">1.593804</SimpleData>
		<SimpleData name="Longitude">103.812797</SimpleData>
	</SchemaData></ExtendedData>
      <Point><coordinates>103.812797,1.593804,0</coordinates></Point>
  </Placemark>
  <Placemark id="interpolated_points_sde_hala_senai.203">
	<name>SDE HALA SENAI</name>
	<ExtendedData><SchemaData schemaUrl="#interpolated_points_sde_hala_senai">
		<SimpleData name="fid">1</SimpleData>
		<SimpleData name="tessellate">1</SimpleData>
		<SimpleData name="extrude">0</SimpleData>
		<SimpleData name="visibility">-1</SimpleData>
		<SimpleData name="distance">20200</SimpleData>
		<SimpleData name="angle">174.135835433961</SimpleData>
		<SimpleData name="KM">KM 21.2</SimpleData>
		<SimpleData name="Latitude">1.593345</SimpleData>
		<SimpleData name="Longitude">103.812822</SimpleData>
	</SchemaData></ExtendedData>
      <Point><coordinates>103.812822,1.593345,0</coordinates></Point>
  </Placemark>
  <Placemark id="interpolated_points_sde_hala_senai.204">
	<name>SDE HALA SENAI</name>
	<ExtendedData><SchemaData schemaUrl="#interpolated_points_sde_hala_senai">
		<SimpleData name="fid">1</SimpleData>
		<SimpleData name="tessellate">1</SimpleData>
		<SimpleData name="extrude">0</SimpleData>
		<SimpleData name="visibility">-1</SimpleData>
		<SimpleData name="distance">20300</SimpleData>
		<SimpleData name="angle">180.033011332579</SimpleData>
		<SimpleData name="KM">KM 21.3</SimpleData>
		<SimpleData name="Latitude">1.592877</SimpleData>
		<SimpleData name="Longitude">103.812760</SimpleData>
	</SchemaData></ExtendedData>
      <Point><coordinates>103.812760,1.592877,0</coordinates></Point>
  </Placemark>
  <Placemark id="interpolated_points_sde_hala_senai.205">
	<name>SDE HALA SENAI</name>
	<ExtendedData><SchemaData schemaUrl="#interpolated_points_sde_hala_senai">
		<SimpleData name="fid">1</SimpleData>
		<SimpleData name="tessellate">1</SimpleData>
		<SimpleData name="extrude">0</SimpleData>
		<SimpleData name="visibility">-1</SimpleData>
		<SimpleData name="distance">20400</SimpleData>
		<SimpleData name="angle">188.21398928419</SimpleData>
		<SimpleData name="KM">KM 21.4</SimpleData>
		<SimpleData name="Latitude">1.592410</SimpleData>
		<SimpleData name="Longitude">103.812601</SimpleData>
	</SchemaData></ExtendedData>
      <Point><coordinates>103.812601,1.592410,0</coordinates></Point>
  </Placemark>
  <Placemark id="interpolated_points_sde_hala_senai.206">
	<name>SDE HALA SENAI</name>
	<ExtendedData><SchemaData schemaUrl="#interpolated_points_sde_hala_senai">
		<SimpleData name="fid">1</SimpleData>
		<SimpleData name="tessellate">1</SimpleData>
		<SimpleData name="extrude">0</SimpleData>
		<SimpleData name="visibility">-1</SimpleData>
		<SimpleData name="distance">20500</SimpleData>
		<SimpleData name="angle">184.774956741102</SimpleData>
		<SimpleData name="KM">KM 21.5</SimpleData>
		<SimpleData name="Latitude">1.591945</SimpleData>
		<SimpleData name="Longitude">103.812420</SimpleData>
	</SchemaData></ExtendedData>
      <Point><coordinates>103.812420,1.591945,0</coordinates></Point>
  </Placemark>
  <Placemark id="interpolated_points_sde_hala_senai.207">
	<name>SDE HALA SENAI</name>
	<ExtendedData><SchemaData schemaUrl="#interpolated_points_sde_hala_senai">
		<SimpleData name="fid">1</SimpleData>
		<SimpleData name="tessellate">1</SimpleData>
		<SimpleData name="extrude">0</SimpleData>
		<SimpleData name="visibility">-1</SimpleData>
		<SimpleData name="distance">20600</SimpleData>
		<SimpleData name="angle">179.392324653487</SimpleData>
		<SimpleData name="KM">KM 21.6</SimpleData>
		<SimpleData name="Latitude">1.591476</SimpleData>
		<SimpleData name="Longitude">103.812292</SimpleData>
	</SchemaData></ExtendedData>
      <Point><coordinates>103.812292,1.591476,0</coordinates></Point>
  </Placemark>
  <Placemark id="interpolated_points_sde_hala_senai.208">
	<name>SDE HALA SENAI</name>
	<ExtendedData><SchemaData schemaUrl="#interpolated_points_sde_hala_senai">
		<SimpleData name="fid">1</SimpleData>
		<SimpleData name="tessellate">1</SimpleData>
		<SimpleData name="extrude">0</SimpleData>
		<SimpleData name="visibility">-1</SimpleData>
		<SimpleData name="distance">20700</SimpleData>
		<SimpleData name="angle">173.008010087608</SimpleData>
		<SimpleData name="KM">KM 21.7</SimpleData>
		<SimpleData name="Latitude">1.591009</SimpleData>
		<SimpleData name="Longitude">103.812238</SimpleData>
	</SchemaData></ExtendedData>
      <Point><coordinates>103.812238,1.591009,0</coordinates></Point>
  </Placemark>
  <Placemark id="interpolated_points_sde_hala_senai.209">
	<name>SDE HALA SENAI</name>
	<ExtendedData><SchemaData schemaUrl="#interpolated_points_sde_hala_senai">
		<SimpleData name="fid">1</SimpleData>
		<SimpleData name="tessellate">1</SimpleData>
		<SimpleData name="extrude">0</SimpleData>
		<SimpleData name="visibility">-1</SimpleData>
		<SimpleData name="distance">20800</SimpleData>
		<SimpleData name="angle">168.653067604277</SimpleData>
		<SimpleData name="KM">KM 21.8</SimpleData>
		<SimpleData name="Latitude">1.590553</SimpleData>
		<SimpleData name="Longitude">103.812288</SimpleData>
	</SchemaData></ExtendedData>
      <Point><coordinates>103.812288,1.590553,0</coordinates></Point>
  </Placemark>
  <Placemark id="interpolated_points_sde_hala_senai.210">
	<name>SDE HALA SENAI</name>
	<ExtendedData><SchemaData schemaUrl="#interpolated_points_sde_hala_senai">
		<SimpleData name="fid">1</SimpleData>
		<SimpleData name="tessellate">1</SimpleData>
		<SimpleData name="extrude">0</SimpleData>
		<SimpleData name="visibility">-1</SimpleData>
		<SimpleData name="distance">20900</SimpleData>
		<SimpleData name="angle">162.934562544804</SimpleData>
		<SimpleData name="KM">KM 21.9</SimpleData>
		<SimpleData name="Latitude">1.590115</SimpleData>
		<SimpleData name="Longitude">103.812415</SimpleData>
	</SchemaData></ExtendedData>
      <Point><coordinates>103.812415,1.590115,0</coordinates></Point>
  </Placemark>
  <Placemark id="interpolated_points_sde_hala_senai.211">
	<name>SDE HALA SENAI</name>
	<ExtendedData><SchemaData schemaUrl="#interpolated_points_sde_hala_senai">
		<SimpleData name="fid">1</SimpleData>
		<SimpleData name="tessellate">1</SimpleData>
		<SimpleData name="extrude">0</SimpleData>
		<SimpleData name="visibility">-1</SimpleData>
		<SimpleData name="distance">21000</SimpleData>
		<SimpleData name="angle">158.987123989403</SimpleData>
		<SimpleData name="KM">KM 22.0</SimpleData>
		<SimpleData name="Latitude">1.589703</SimpleData>
		<SimpleData name="Longitude">103.812627</SimpleData>
	</SchemaData></ExtendedData>
      <Point><coordinates>103.812627,1.589703,0</coordinates></Point>
  </Placemark>
  <Placemark id="interpolated_points_sde_hala_senai.212">
	<name>SDE HALA SENAI</name>
	<ExtendedData><SchemaData schemaUrl="#interpolated_points_sde_hala_senai">
		<SimpleData name="fid">1</SimpleData>
		<SimpleData name="tessellate">1</SimpleData>
		<SimpleData name="extrude">0</SimpleData>
		<SimpleData name="visibility">-1</SimpleData>
		<SimpleData name="distance">21100</SimpleData>
		<SimpleData name="angle">151.104036033487</SimpleData>
		<SimpleData name="KM">KM 22.1</SimpleData>
		<SimpleData name="Latitude">1.589328</SimpleData>
		<SimpleData name="Longitude">103.812921</SimpleData>
	</SchemaData></ExtendedData>
      <Point><coordinates>103.812921,1.589328,0</coordinates></Point>
  </Placemark>
  <Placemark id="interpolated_points_sde_hala_senai.213">
	<name>SDE HALA SENAI</name>
	<ExtendedData><SchemaData schemaUrl="#interpolated_points_sde_hala_senai">
		<SimpleData name="fid">1</SimpleData>
		<SimpleData name="tessellate">1</SimpleData>
		<SimpleData name="extrude">0</SimpleData>
		<SimpleData name="visibility">-1</SimpleData>
		<SimpleData name="distance">21200</SimpleData>
		<SimpleData name="angle">144.36714135166</SimpleData>
		<SimpleData name="KM">KM 22.2</SimpleData>
		<SimpleData name="Latitude">1.588622</SimpleData>
		<SimpleData name="Longitude">103.812892</SimpleData>
	</SchemaData></ExtendedData>
      <Point><coordinates>103.812892,1.588622,0</coordinates></Point>
  </Placemark>
  <Placemark id="interpolated_points_sde_hala_senai.214">
	<name>SDE HALA SENAI</name>
	<ExtendedData><SchemaData schemaUrl="#interpolated_points_sde_hala_senai">
		<SimpleData name="fid">1</SimpleData>
		<SimpleData name="tessellate">1</SimpleData>
		<SimpleData name="extrude">0</SimpleData>
		<SimpleData name="visibility">-1</SimpleData>
		<SimpleData name="distance">21300</SimpleData>
		<SimpleData name="angle">137.718568189221</SimpleData>
		<SimpleData name="KM">KM 22.3</SimpleData>
		<SimpleData name="Latitude">1.587968</SimpleData>
		<SimpleData name="Longitude">103.812936</SimpleData>
	</SchemaData></ExtendedData>
      <Point><coordinates>103.812936,1.587968,0</coordinates></Point>
  </Placemark>
  <Placemark id="interpolated_points_sde_hala_senai.215">
	<name>SDE HALA SENAI</name>
	<ExtendedData><SchemaData schemaUrl="#interpolated_points_sde_hala_senai">
		<SimpleData name="fid">1</SimpleData>
		<SimpleData name="tessellate">1</SimpleData>
		<SimpleData name="extrude">0</SimpleData>
		<SimpleData name="visibility">-1</SimpleData>
		<SimpleData name="distance">21400</SimpleData>
		<SimpleData name="angle">135.083379458019</SimpleData>
		<SimpleData name="KM">KM 22.4</SimpleData>
		<SimpleData name="Latitude">1.587375</SimpleData>
		<SimpleData name="Longitude">103.813053</SimpleData>
	</SchemaData></ExtendedData>
      <Point><coordinates>103.813053,1.587375,0</coordinates></Point>
  </Placemark>
  <Placemark id="interpolated_points_sde_hala_senai.216">
	<name>SDE HALA SENAI</name>
	<ExtendedData><SchemaData schemaUrl="#interpolated_points_sde_hala_senai">
		<SimpleData name="fid">1</SimpleData>
		<SimpleData name="tessellate">1</SimpleData>
		<SimpleData name="extrude">0</SimpleData>
		<SimpleData name="visibility">-1</SimpleData>
		<SimpleData name="distance">21500</SimpleData>
		<SimpleData name="angle">126.432349089873</SimpleData>
		<SimpleData name="KM">KM 22.5</SimpleData>
		<SimpleData name="Latitude">1.586848</SimpleData>
		<SimpleData name="Longitude">103.813230</SimpleData>
	</SchemaData></ExtendedData>
      <Point><coordinates>103.813230,1.586848,0</coordinates></Point>
  </Placemark>
  <Placemark id="interpolated_points_sde_hala_senai.217">
	<name>SDE HALA SENAI</name>
	<ExtendedData><SchemaData schemaUrl="#interpolated_points_sde_hala_senai">
		<SimpleData name="fid">1</SimpleData>
		<SimpleData name="tessellate">1</SimpleData>
		<SimpleData name="extrude">0</SimpleData>
		<SimpleData name="visibility">-1</SimpleData>
		<SimpleData name="distance">21600</SimpleData>
		<SimpleData name="angle">122.655152507819</SimpleData>
		<SimpleData name="KM">KM 22.6</SimpleData>
		<SimpleData name="Latitude">1.586400</SimpleData>
		<SimpleData name="Longitude">103.813466</SimpleData>
	</SchemaData></ExtendedData>
      <Point><coordinates>103.813466,1.586400,0</coordinates></Point>
  </Placemark>
  <Placemark id="interpolated_points_sde_hala_senai.218">
	<name>SDE HALA SENAI</name>
	<ExtendedData><SchemaData schemaUrl="#interpolated_points_sde_hala_senai">
		<SimpleData name="fid">1</SimpleData>
		<SimpleData name="tessellate">1</SimpleData>
		<SimpleData name="extrude">0</SimpleData>
		<SimpleData name="visibility">-1</SimpleData>
		<SimpleData name="distance">21700</SimpleData>
		<SimpleData name="angle">120.290085597439</SimpleData>
		<SimpleData name="KM">KM 22.7</SimpleData>
		<SimpleData name="Latitude">1.585959</SimpleData>
		<SimpleData name="Longitude">103.813708</SimpleData>
	</SchemaData></ExtendedData>
      <Point><coordinates>103.813708,1.585959,0</coordinates></Point>
  </Placemark>
  <Placemark id="interpolated_points_sde_hala_senai.219">
	<name>SDE HALA SENAI</name>
	<ExtendedData><SchemaData schemaUrl="#interpolated_points_sde_hala_senai">
		<SimpleData name="fid">1</SimpleData>
		<SimpleData name="tessellate">1</SimpleData>
		<SimpleData name="extrude">0</SimpleData>
		<SimpleData name="visibility">-1</SimpleData>
		<SimpleData name="distance">21800</SimpleData>
		<SimpleData name="angle">120.290085597439</SimpleData>
		<SimpleData name="KM">KM 22.8</SimpleData>
		<SimpleData name="Latitude">1.585565</SimpleData>
		<SimpleData name="Longitude">103.813981</SimpleData>
	</SchemaData></ExtendedData>
      <Point><coordinates>103.813981,1.585565,0</coordinates></Point>
  </Placemark>
  <Placemark id="interpolated_points_sde_hala_senai.220">
	<name>SDE HALA SENAI</name>
	<ExtendedData><SchemaData schemaUrl="#interpolated_points_sde_hala_senai">
		<SimpleData name="fid">1</SimpleData>
		<SimpleData name="tessellate">1</SimpleData>
		<SimpleData name="extrude">0</SimpleData>
		<SimpleData name="visibility">-1</SimpleData>
		<SimpleData name="distance">21900</SimpleData>
		<SimpleData name="angle">120.290085597439</SimpleData>
		<SimpleData name="KM">KM 22.9</SimpleData>
		<SimpleData name="Latitude">1.585171</SimpleData>
		<SimpleData name="Longitude">103.814253</SimpleData>
	</SchemaData></ExtendedData>
      <Point><coordinates>103.814253,1.585171,0</coordinates></Point>
  </Placemark>
  <Placemark id="interpolated_points_sde_hala_senai.221">
	<name>SDE HALA SENAI</name>
	<ExtendedData><SchemaData schemaUrl="#interpolated_points_sde_hala_senai">
		<SimpleData name="fid">1</SimpleData>
		<SimpleData name="tessellate">1</SimpleData>
		<SimpleData name="extrude">0</SimpleData>
		<SimpleData name="visibility">-1</SimpleData>
		<SimpleData name="distance">22000</SimpleData>
		<SimpleData name="angle">120.290085597439</SimpleData>
		<SimpleData name="KM">KM 23.0</SimpleData>
		<SimpleData name="Latitude">1.584777</SimpleData>
		<SimpleData name="Longitude">103.814526</SimpleData>
	</SchemaData></ExtendedData>
      <Point><coordinates>103.814526,1.584777,0</coordinates></Point>
  </Placemark>
  <Placemark id="interpolated_points_sde_hala_senai.222">
	<name>SDE HALA SENAI</name>
	<ExtendedData><SchemaData schemaUrl="#interpolated_points_sde_hala_senai">
		<SimpleData name="fid">1</SimpleData>
		<SimpleData name="tessellate">1</SimpleData>
		<SimpleData name="extrude">0</SimpleData>
		<SimpleData name="visibility">-1</SimpleData>
		<SimpleData name="distance">22100</SimpleData>
		<SimpleData name="angle">120.290085597439</SimpleData>
		<SimpleData name="KM">KM 23.1</SimpleData>
		<SimpleData name="Latitude">1.584383</SimpleData>
		<SimpleData name="Longitude">103.814798</SimpleData>
	</SchemaData></ExtendedData>
      <Point><coordinates>103.814798,1.584383,0</coordinates></Point>
  </Placemark>
  <Placemark id="interpolated_points_sde_hala_senai.223">
	<name>SDE HALA SENAI</name>
	<ExtendedData><SchemaData schemaUrl="#interpolated_points_sde_hala_senai">
		<SimpleData name="fid">1</SimpleData>
		<SimpleData name="tessellate">1</SimpleData>
		<SimpleData name="extrude">0</SimpleData>
		<SimpleData name="visibility">-1</SimpleData>
		<SimpleData name="distance">22200</SimpleData>
		<SimpleData name="angle">120.290085597439</SimpleData>
		<SimpleData name="KM">KM 23.2</SimpleData>
		<SimpleData name="Latitude">1.583166</SimpleData>
		<SimpleData name="Longitude">103.816686</SimpleData>
	</SchemaData></ExtendedData>
      <Point><coordinates>103.816686,1.583166,0</coordinates></Point>
  </Placemark>
  <Placemark id="interpolated_points_sde_hala_senai.224">
	<name>SDE HALA SENAI</name>
	<ExtendedData><SchemaData schemaUrl="#interpolated_points_sde_hala_senai">
		<SimpleData name="fid">1</SimpleData>
		<SimpleData name="tessellate">1</SimpleData>
		<SimpleData name="extrude">0</SimpleData>
		<SimpleData name="visibility">-1</SimpleData>
		<SimpleData name="distance">22300</SimpleData>
		<SimpleData name="angle">124.932465543869</SimpleData>
		<SimpleData name="KM">KM 23.3</SimpleData>
		<SimpleData name="Latitude">1.581936</SimpleData>
		<SimpleData name="Longitude">103.818566</SimpleData>
	</SchemaData></ExtendedData>
      <Point><coordinates>103.818566,1.581936,0</coordinates></Point>
  </Placemark>
  <Placemark id="interpolated_points_sde_hala_senai.225">
	<name>SDE HALA SENAI</name>
	<ExtendedData><SchemaData schemaUrl="#interpolated_points_sde_hala_senai">
		<SimpleData name="fid">1</SimpleData>
		<SimpleData name="tessellate">1</SimpleData>
		<SimpleData name="extrude">0</SimpleData>
		<SimpleData name="visibility">-1</SimpleData>
		<SimpleData name="distance">22400</SimpleData>
		<SimpleData name="angle">129.465032255091</SimpleData>
		<SimpleData name="KM">KM 23.4</SimpleData>
		<SimpleData name="Latitude">1.580611</SimpleData>
		<SimpleData name="Longitude">103.820379</SimpleData>
	</SchemaData></ExtendedData>
      <Point><coordinates>103.820379,1.580611,0</coordinates></Point>
  </Placemark>
  <Placemark id="interpolated_points_sde_hala_senai.226">
	<name>SDE HALA SENAI</name>
	<ExtendedData><SchemaData schemaUrl="#interpolated_points_sde_hala_senai">
		<SimpleData name="fid">1</SimpleData>
		<SimpleData name="tessellate">1</SimpleData>
		<SimpleData name="extrude">0</SimpleData>
		<SimpleData name="visibility">-1</SimpleData>
		<SimpleData name="distance">22500</SimpleData>
		<SimpleData name="angle">132.604771376656</SimpleData>
		<SimpleData name="KM">KM 23.5</SimpleData>
		<SimpleData name="Latitude">1.579222</SimpleData>
		<SimpleData name="Longitude">103.822137</SimpleData>
	</SchemaData></ExtendedData>
      <Point><coordinates>103.822137,1.579222,0</coordinates></Point>
  </Placemark>
  <Placemark id="interpolated_points_sde_hala_senai.227">
	<name>SDE HALA SENAI</name>
	<ExtendedData><SchemaData schemaUrl="#interpolated_points_sde_hala_senai">
		<SimpleData name="fid">1</SimpleData>
		<SimpleData name="tessellate">1</SimpleData>
		<SimpleData name="extrude">0</SimpleData>
		<SimpleData name="visibility">-1</SimpleData>
		<SimpleData name="distance">22600</SimpleData>
		<SimpleData name="angle">132.924757839721</SimpleData>
		<SimpleData name="KM">KM 23.6</SimpleData>
		<SimpleData name="Latitude">1.577848</SimpleData>
		<SimpleData name="Longitude">103.823910</SimpleData>
	</SchemaData></ExtendedData>
      <Point><coordinates>103.823910,1.577848,0</coordinates></Point>
  </Placemark>
  <Placemark id="interpolated_points_sde_hala_senai.228">
	<name>SDE HALA SENAI</name>
	<ExtendedData><SchemaData schemaUrl="#interpolated_points_sde_hala_senai">
		<SimpleData name="fid">1</SimpleData>
		<SimpleData name="tessellate">1</SimpleData>
		<SimpleData name="extrude">0</SimpleData>
		<SimpleData name="visibility">-1</SimpleData>
		<SimpleData name="distance">22700</SimpleData>
		<SimpleData name="angle">131.269304529526</SimpleData>
		<SimpleData name="KM">KM 23.7</SimpleData>
		<SimpleData name="Latitude">1.576480</SimpleData>
		<SimpleData name="Longitude">103.825688</SimpleData>
	</SchemaData></ExtendedData>
      <Point><coordinates>103.825688,1.576480,0</coordinates></Point>
  </Placemark>
  <Placemark id="interpolated_points_sde_hala_senai.229">
	<name>SDE HALA SENAI</name>
	<ExtendedData><SchemaData schemaUrl="#interpolated_points_sde_hala_senai">
		<SimpleData name="fid">1</SimpleData>
		<SimpleData name="tessellate">1</SimpleData>
		<SimpleData name="extrude">0</SimpleData>
		<SimpleData name="visibility">-1</SimpleData>
		<SimpleData name="distance">22800</SimpleData>
		<SimpleData name="angle">124.869581584697</SimpleData>
		<SimpleData name="KM">KM 23.8</SimpleData>
		<SimpleData name="Latitude">1.575956</SimpleData>
		<SimpleData name="Longitude">103.826412</SimpleData>
	</SchemaData></ExtendedData>
      <Point><coordinates>103.826412,1.575956,0</coordinates></Point>
  </Placemark>
  <Placemark id="interpolated_points_sde_hala_senai.230">
	<name>SDE HALA SENAI</name>
	<ExtendedData><SchemaData schemaUrl="#interpolated_points_sde_hala_senai">
		<SimpleData name="fid">1</SimpleData>
		<SimpleData name="tessellate">1</SimpleData>
		<SimpleData name="extrude">0</SimpleData>
		<SimpleData name="visibility">-1</SimpleData>
		<SimpleData name="distance">22900</SimpleData>
		<SimpleData name="angle">120.023305133607</SimpleData>
		<SimpleData name="KM">KM 23.9</SimpleData>
		<SimpleData name="Latitude">1.575507</SimpleData>
		<SimpleData name="Longitude">103.827188</SimpleData>
	</SchemaData></ExtendedData>
      <Point><coordinates>103.827188,1.575507,0</coordinates></Point>
  </Placemark>
  <Placemark id="interpolated_points_sde_hala_senai.231">
	<name>SDE HALA SENAI</name>
	<ExtendedData><SchemaData schemaUrl="#interpolated_points_sde_hala_senai">
		<SimpleData name="fid">1</SimpleData>
		<SimpleData name="tessellate">1</SimpleData>
		<SimpleData name="extrude">0</SimpleData>
		<SimpleData name="visibility">-1</SimpleData>
		<SimpleData name="distance">23000</SimpleData>
		<SimpleData name="angle">112.4849820223</SimpleData>
		<SimpleData name="KM">KM 24.0</SimpleData>
		<SimpleData name="Latitude">1.575140</SimpleData>
		<SimpleData name="Longitude">103.828009</SimpleData>
	</SchemaData></ExtendedData>
      <Point><coordinates>103.828009,1.575140,0</coordinates></Point>
  </Placemark>
  <Placemark id="interpolated_points_sde_hala_senai.232">
	<name>SDE HALA SENAI</name>
	<ExtendedData><SchemaData schemaUrl="#interpolated_points_sde_hala_senai">
		<SimpleData name="fid">1</SimpleData>
		<SimpleData name="tessellate">1</SimpleData>
		<SimpleData name="extrude">0</SimpleData>
		<SimpleData name="visibility">-1</SimpleData>
		<SimpleData name="distance">23100</SimpleData>
		<SimpleData name="angle">109.454789478569</SimpleData>
		<SimpleData name="KM">KM 24.1</SimpleData>
		<SimpleData name="Latitude">1.574850</SimpleData>
		<SimpleData name="Longitude">103.828862</SimpleData>
	</SchemaData></ExtendedData>
      <Point><coordinates>103.828862,1.574850,0</coordinates></Point>
  </Placemark>
  <Placemark id="interpolated_points_sde_hala_senai.233">
	<name>SDE HALA SENAI</name>
	<ExtendedData><SchemaData schemaUrl="#interpolated_points_sde_hala_senai">
		<SimpleData name="fid">1</SimpleData>
		<SimpleData name="tessellate">1</SimpleData>
		<SimpleData name="extrude">0</SimpleData>
		<SimpleData name="visibility">-1</SimpleData>
		<SimpleData name="distance">23200</SimpleData>
		<SimpleData name="angle">108.086127461876</SimpleData>
		<SimpleData name="KM">KM 24.2</SimpleData>
		<SimpleData name="Latitude">1.574594</SimpleData>
		<SimpleData name="Longitude">103.829727</SimpleData>
	</SchemaData></ExtendedData>
      <Point><coordinates>103.829727,1.574594,0</coordinates></Point>
  </Placemark>
  <Placemark id="interpolated_points_sde_hala_senai.234">
	<name>SDE HALA SENAI</name>
	<ExtendedData><SchemaData schemaUrl="#interpolated_points_sde_hala_senai">
		<SimpleData name="fid">1</SimpleData>
		<SimpleData name="tessellate">1</SimpleData>
		<SimpleData name="extrude">0</SimpleData>
		<SimpleData name="visibility">-1</SimpleData>
		<SimpleData name="distance">23300</SimpleData>
		<SimpleData name="angle">107.99608355929</SimpleData>
		<SimpleData name="KM">KM 24.3</SimpleData>
		<SimpleData name="Latitude">1.574339</SimpleData>
		<SimpleData name="Longitude">103.830593</SimpleData>
	</SchemaData></ExtendedData>
      <Point><coordinates>103.830593,1.574339,0</coordinates></Point>
  </Placemark>
  <Placemark id="interpolated_points_sde_hala_senai.235">
	<name>SDE HALA SENAI</name>
	<ExtendedData><SchemaData schemaUrl="#interpolated_points_sde_hala_senai">
		<SimpleData name="fid">1</SimpleData>
		<SimpleData name="tessellate">1</SimpleData>
		<SimpleData name="extrude">0</SimpleData>
		<SimpleData name="visibility">-1</SimpleData>
		<SimpleData name="distance">23400</SimpleData>
		<SimpleData name="angle">107.355839396141</SimpleData>
		<SimpleData name="KM">KM 24.4</SimpleData>
		<SimpleData name="Latitude">1.574086</SimpleData>
		<SimpleData name="Longitude">103.831459</SimpleData>
	</SchemaData></ExtendedData>
      <Point><coordinates>103.831459,1.574086,0</coordinates></Point>
  </Placemark>
  <Placemark id="interpolated_points_sde_hala_senai.236">
	<name>SDE HALA SENAI</name>
	<ExtendedData><SchemaData schemaUrl="#interpolated_points_sde_hala_senai">
		<SimpleData name="fid">1</SimpleData>
		<SimpleData name="tessellate">1</SimpleData>
		<SimpleData name="extrude">0</SimpleData>
		<SimpleData name="visibility">-1</SimpleData>
		<SimpleData name="distance">23500</SimpleData>
		<SimpleData name="angle">107.869726541803</SimpleData>
		<SimpleData name="KM">KM 24.5</SimpleData>
		<SimpleData name="Latitude">1.573825</SimpleData>
		<SimpleData name="Longitude">103.832323</SimpleData>
	</SchemaData></ExtendedData>
      <Point><coordinates>103.832323,1.573825,0</coordinates></Point>
  </Placemark>
  <Placemark id="interpolated_points_sde_hala_senai.237">
	<name>SDE HALA SENAI</name>
	<ExtendedData><SchemaData schemaUrl="#interpolated_points_sde_hala_senai">
		<SimpleData name="fid">1</SimpleData>
		<SimpleData name="tessellate">1</SimpleData>
		<SimpleData name="extrude">0</SimpleData>
		<SimpleData name="visibility">-1</SimpleData>
		<SimpleData name="distance">23600</SimpleData>
		<SimpleData name="angle">107.897196418633</SimpleData>
		<SimpleData name="KM">KM 24.6</SimpleData>
		<SimpleData name="Latitude">1.573572</SimpleData>
		<SimpleData name="Longitude">103.833189</SimpleData>
	</SchemaData></ExtendedData>
      <Point><coordinates>103.833189,1.573572,0</coordinates></Point>
  </Placemark>
  <Placemark id="interpolated_points_sde_hala_senai.238">
	<name>SDE HALA SENAI</name>
	<ExtendedData><SchemaData schemaUrl="#interpolated_points_sde_hala_senai">
		<SimpleData name="fid">1</SimpleData>
		<SimpleData name="tessellate">1</SimpleData>
		<SimpleData name="extrude">0</SimpleData>
		<SimpleData name="visibility">-1</SimpleData>
		<SimpleData name="distance">23700</SimpleData>
		<SimpleData name="angle">108.14026879922</SimpleData>
		<SimpleData name="KM">KM 24.7</SimpleData>
		<SimpleData name="Latitude">1.573317</SimpleData>
		<SimpleData name="Longitude">103.834055</SimpleData>
	</SchemaData></ExtendedData>
      <Point><coordinates>103.834055,1.573317,0</coordinates></Point>
  </Placemark>
  <Placemark id="interpolated_points_sde_hala_senai.239">
	<name>SDE HALA SENAI</name>
	<ExtendedData><SchemaData schemaUrl="#interpolated_points_sde_hala_senai">
		<SimpleData name="fid">1</SimpleData>
		<SimpleData name="tessellate">1</SimpleData>
		<SimpleData name="extrude">0</SimpleData>
		<SimpleData name="visibility">-1</SimpleData>
		<SimpleData name="distance">23800</SimpleData>
		<SimpleData name="angle">108.03990075486</SimpleData>
		<SimpleData name="KM">KM 24.8</SimpleData>
		<SimpleData name="Latitude">1.573059</SimpleData>
		<SimpleData name="Longitude">103.834920</SimpleData>
	</SchemaData></ExtendedData>
      <Point><coordinates>103.834920,1.573059,0</coordinates></Point>
  </Placemark>
  <Placemark id="interpolated_points_sde_hala_senai.240">
	<name>SDE HALA SENAI</name>
	<ExtendedData><SchemaData schemaUrl="#interpolated_points_sde_hala_senai">
		<SimpleData name="fid">1</SimpleData>
		<SimpleData name="tessellate">1</SimpleData>
		<SimpleData name="extrude">0</SimpleData>
		<SimpleData name="visibility">-1</SimpleData>
		<SimpleData name="distance">23900</SimpleData>
		<SimpleData name="angle">108.005662792544</SimpleData>
		<SimpleData name="KM">KM 24.9</SimpleData>
		<SimpleData name="Latitude">1.572805</SimpleData>
		<SimpleData name="Longitude">103.835786</SimpleData>
	</SchemaData></ExtendedData>
      <Point><coordinates>103.835786,1.572805,0</coordinates></Point>
  </Placemark>
  <Placemark id="interpolated_points_sde_hala_senai.241">
	<name>SDE HALA SENAI</name>
	<ExtendedData><SchemaData schemaUrl="#interpolated_points_sde_hala_senai">
		<SimpleData name="fid">1</SimpleData>
		<SimpleData name="tessellate">1</SimpleData>
		<SimpleData name="extrude">0</SimpleData>
		<SimpleData name="visibility">-1</SimpleData>
		<SimpleData name="distance">24000</SimpleData>
		<SimpleData name="angle">108.160742820351</SimpleData>
		<SimpleData name="KM">KM 25.0</SimpleData>
		<SimpleData name="Latitude">1.572550</SimpleData>
		<SimpleData name="Longitude">103.836651</SimpleData>
	</SchemaData></ExtendedData>
      <Point><coordinates>103.836651,1.572550,0</coordinates></Point>
  </Placemark>
  <Placemark id="interpolated_points_sde_hala_senai.242">
	<name>SDE HALA SENAI</name>
	<ExtendedData><SchemaData schemaUrl="#interpolated_points_sde_hala_senai">
		<SimpleData name="fid">1</SimpleData>
		<SimpleData name="tessellate">1</SimpleData>
		<SimpleData name="extrude">0</SimpleData>
		<SimpleData name="visibility">-1</SimpleData>
		<SimpleData name="distance">24100</SimpleData>
		<SimpleData name="angle">105.19515637877</SimpleData>
		<SimpleData name="KM">KM 25.1</SimpleData>
		<SimpleData name="Latitude">1.572312</SimpleData>
		<SimpleData name="Longitude">103.837522</SimpleData>
	</SchemaData></ExtendedData>
      <Point><coordinates>103.837522,1.572312,0</coordinates></Point>
  </Placemark>
  <Placemark id="interpolated_points_sde_hala_senai.243">
	<name>SDE HALA SENAI</name>
	<ExtendedData><SchemaData schemaUrl="#interpolated_points_sde_hala_senai">
		<SimpleData name="fid">1</SimpleData>
		<SimpleData name="tessellate">1</SimpleData>
		<SimpleData name="extrude">0</SimpleData>
		<SimpleData name="visibility">-1</SimpleData>
		<SimpleData name="distance">24200</SimpleData>
		<SimpleData name="angle">98.9588311756508</SimpleData>
		<SimpleData name="KM">KM 25.2</SimpleData>
		<SimpleData name="Latitude">1.572265</SimpleData>
		<SimpleData name="Longitude">103.837488</SimpleData>
	</SchemaData></ExtendedData>
      <Point><coordinates>103.837488,1.572265,0</coordinates></Point>
  </Placemark>
  <Placemark id="interpolated_points_sde_hala_senai.244">
	<name>SDE HALA SENAI</name>
	<ExtendedData><SchemaData schemaUrl="#interpolated_points_sde_hala_senai">
		<SimpleData name="fid">1</SimpleData>
		<SimpleData name="tessellate">1</SimpleData>
		<SimpleData name="extrude">0</SimpleData>
		<SimpleData name="visibility">-1</SimpleData>
		<SimpleData name="distance">24300</SimpleData>
		<SimpleData name="angle">94.5174793969742</SimpleData>
		<SimpleData name="KM">KM 25.3</SimpleData>
		<SimpleData name="Latitude">1.572313</SimpleData>
		<SimpleData name="Longitude">103.837469</SimpleData>
	</SchemaData></ExtendedData>
      <Point><coordinates>103.837469,1.572313,0</coordinates></Point>
  </Placemark>
  <Placemark id="interpolated_points_sde_hala_senai.245">
	<name>SDE HALA SENAI</name>
	<ExtendedData><SchemaData schemaUrl="#interpolated_points_sde_hala_senai">
		<SimpleData name="fid">1</SimpleData>
		<SimpleData name="tessellate">1</SimpleData>
		<SimpleData name="extrude">0</SimpleData>
		<SimpleData name="visibility">-1</SimpleData>
		<SimpleData name="distance">24400</SimpleData>
		<SimpleData name="angle">88.082815416126</SimpleData>
		<SimpleData name="KM">KM 25.4</SimpleData>
		<SimpleData name="Latitude">1.572445</SimpleData>
		<SimpleData name="Longitude">103.837455</SimpleData>
	</SchemaData></ExtendedData>
      <Point><coordinates>103.837455,1.572445,0</coordinates></Point>
  </Placemark>
  <Placemark id="interpolated_points_sde_hala_senai.246">
	<name>SDE HALA SENAI</name>
	<ExtendedData><SchemaData schemaUrl="#interpolated_points_sde_hala_senai">
		<SimpleData name="fid">1</SimpleData>
		<SimpleData name="tessellate">1</SimpleData>
		<SimpleData name="extrude">0</SimpleData>
		<SimpleData name="visibility">-1</SimpleData>
		<SimpleData name="distance">24500</SimpleData>
		<SimpleData name="angle">83.1257593538514</SimpleData>
		<SimpleData name="KM">KM 25.5</SimpleData>
		<SimpleData name="Latitude">1.572507</SimpleData>
		<SimpleData name="Longitude">103.838415</SimpleData>
	</SchemaData></ExtendedData>
      <Point><coordinates>103.838415,1.572507,0</coordinates></Point>
  </Placemark>
  <Placemark id="interpolated_points_sde_hala_senai.247">
	<name>SDE HALA SENAI</name>
	<ExtendedData><SchemaData schemaUrl="#interpolated_points_sde_hala_senai">
		<SimpleData name="fid">1</SimpleData>
		<SimpleData name="tessellate">1</SimpleData>
		<SimpleData name="extrude">0</SimpleData>
		<SimpleData name="visibility">-1</SimpleData>
		<SimpleData name="distance">24600</SimpleData>
		<SimpleData name="angle">82.8805521007892</SimpleData>
		<SimpleData name="KM">KM 25.6</SimpleData>
		<SimpleData name="Latitude">1.572610</SimpleData>
		<SimpleData name="Longitude">103.839371</SimpleData>
	</SchemaData></ExtendedData>
      <Point><coordinates>103.839371,1.572610,0</coordinates></Point>
  </Placemark>
  <Placemark id="interpolated_points_sde_hala_senai.248">
	<name>SDE HALA SENAI</name>
	<ExtendedData><SchemaData schemaUrl="#interpolated_points_sde_hala_senai">
		<SimpleData name="fid">1</SimpleData>
		<SimpleData name="tessellate">1</SimpleData>
		<SimpleData name="extrude">0</SimpleData>
		<SimpleData name="visibility">-1</SimpleData>
		<SimpleData name="distance">24700</SimpleData>
		<SimpleData name="angle">82.9512994776835</SimpleData>
		<SimpleData name="KM">KM 25.7</SimpleData>
		<SimpleData name="Latitude">1.572706</SimpleData>
		<SimpleData name="Longitude">103.840327</SimpleData>
	</SchemaData></ExtendedData>
      <Point><coordinates>103.840327,1.572706,0</coordinates></Point>
  </Placemark>
  <Placemark id="interpolated_points_sde_hala_senai.249">
	<name>SDE HALA SENAI</name>
	<ExtendedData><SchemaData schemaUrl="#interpolated_points_sde_hala_senai">
		<SimpleData name="fid">1</SimpleData>
		<SimpleData name="tessellate">1</SimpleData>
		<SimpleData name="extrude">0</SimpleData>
		<SimpleData name="visibility">-1</SimpleData>
		<SimpleData name="distance">24800</SimpleData>
		<SimpleData name="angle">80.7253693579623</SimpleData>
		<SimpleData name="KM">KM 25.8</SimpleData>
		<SimpleData name="Latitude">1.572812</SimpleData>
		<SimpleData name="Longitude">103.841282</SimpleData>
	</SchemaData></ExtendedData>
      <Point><coordinates>103.841282,1.572812,0</coordinates></Point>
  </Placemark>
  <Placemark id="interpolated_points_sde_hala_senai.250">
	<name>SDE HALA SENAI</name>
	<ExtendedData><SchemaData schemaUrl="#interpolated_points_sde_hala_senai">
		<SimpleData name="fid">1</SimpleData>
		<SimpleData name="tessellate">1</SimpleData>
		<SimpleData name="extrude">0</SimpleData>
		<SimpleData name="visibility">-1</SimpleData>
		<SimpleData name="distance">24900</SimpleData>
		<SimpleData name="angle">83.4087966871173</SimpleData>
		<SimpleData name="KM">KM 25.9</SimpleData>
		<SimpleData name="Latitude">1.572917</SimpleData>
		<SimpleData name="Longitude">103.842238</SimpleData>
	</SchemaData></ExtendedData>
      <Point><coordinates>103.842238,1.572917,0</coordinates></Point>
  </Placemark>
  <Placemark id="interpolated_points_sde_hala_senai.251">
	<name>SDE HALA SENAI</name>
	<ExtendedData><SchemaData schemaUrl="#interpolated_points_sde_hala_senai">
		<SimpleData name="fid">1</SimpleData>
		<SimpleData name="tessellate">1</SimpleData>
		<SimpleData name="extrude">0</SimpleData>
		<SimpleData name="visibility">-1</SimpleData>
		<SimpleData name="distance">25000</SimpleData>
		<SimpleData name="angle">84.7170288833709</SimpleData>
		<SimpleData name="KM">KM 26.0</SimpleData>
		<SimpleData name="Latitude">1.572998</SimpleData>
		<SimpleData name="Longitude">103.843196</SimpleData>
	</SchemaData></ExtendedData>
      <Point><coordinates>103.843196,1.572998,0</coordinates></Point>
  </Placemark>
  <Placemark id="interpolated_points_sde_hala_senai.252">
	<name>SDE HALA SENAI</name>
	<ExtendedData><SchemaData schemaUrl="#interpolated_points_sde_hala_senai">
		<SimpleData name="fid">1</SimpleData>
		<SimpleData name="tessellate">1</SimpleData>
		<SimpleData name="extrude">0</SimpleData>
		<SimpleData name="visibility">-1</SimpleData>
		<SimpleData name="distance">25100</SimpleData>
		<SimpleData name="angle">87.6198170865956</SimpleData>
		<SimpleData name="KM">KM 26.1</SimpleData>
		<SimpleData name="Latitude">1.573040</SimpleData>
		<SimpleData name="Longitude">103.844157</SimpleData>
	</SchemaData></ExtendedData>
      <Point><coordinates>103.844157,1.573040,0</coordinates></Point>
  </Placemark>
  <Placemark id="interpolated_points_sde_hala_senai.253">
	<name>SDE HALA SENAI</name>
	<ExtendedData><SchemaData schemaUrl="#interpolated_points_sde_hala_senai">
		<SimpleData name="fid">1</SimpleData>
		<SimpleData name="tessellate">1</SimpleData>
		<SimpleData name="extrude">0</SimpleData>
		<SimpleData name="visibility">-1</SimpleData>
		<SimpleData name="distance">25200</SimpleData>
		<SimpleData name="angle">87.6198170865956</SimpleData>
		<SimpleData name="KM">KM 26.2</SimpleData>
		<SimpleData name="Latitude">1.573069</SimpleData>
		<SimpleData name="Longitude">103.845119</SimpleData>
	</SchemaData></ExtendedData>
      <Point><coordinates>103.845119,1.573069,0</coordinates></Point>
  </Placemark>
  <Placemark id="interpolated_points_sde_hala_senai.254">
	<name>SDE HALA SENAI</name>
	<ExtendedData><SchemaData schemaUrl="#interpolated_points_sde_hala_senai">
		<SimpleData name="fid">1</SimpleData>
		<SimpleData name="tessellate">1</SimpleData>
		<SimpleData name="extrude">0</SimpleData>
		<SimpleData name="visibility">-1</SimpleData>
		<SimpleData name="distance">25300</SimpleData>
		<SimpleData name="angle">87.7762840162915</SimpleData>
		<SimpleData name="KM">KM 26.3</SimpleData>
		<SimpleData name="Latitude">1.573087</SimpleData>
		<SimpleData name="Longitude">103.846081</SimpleData>
	</SchemaData></ExtendedData>
      <Point><coordinates>103.846081,1.573087,0</coordinates></Point>
  </Placemark>
  <Placemark id="interpolated_points_sde_hala_senai.255">
	<name>SDE HALA SENAI</name>
	<ExtendedData><SchemaData schemaUrl="#interpolated_points_sde_hala_senai">
		<SimpleData name="fid">1</SimpleData>
		<SimpleData name="tessellate">1</SimpleData>
		<SimpleData name="extrude">0</SimpleData>
		<SimpleData name="visibility">-1</SimpleData>
		<SimpleData name="distance">25400</SimpleData>
		<SimpleData name="angle">88.1464854098863</SimpleData>
		<SimpleData name="KM">KM 26.4</SimpleData>
		<SimpleData name="Latitude">1.573110</SimpleData>
		<SimpleData name="Longitude">103.847043</SimpleData>
	</SchemaData></ExtendedData>
      <Point><coordinates>103.847043,1.573110,0</coordinates></Point>
  </Placemark>
  <Placemark id="interpolated_points_sde_hala_senai.256">
	<name>SDE HALA SENAI</name>
	<ExtendedData><SchemaData schemaUrl="#interpolated_points_sde_hala_senai">
		<SimpleData name="fid">1</SimpleData>
		<SimpleData name="tessellate">1</SimpleData>
		<SimpleData name="extrude">0</SimpleData>
		<SimpleData name="visibility">-1</SimpleData>
		<SimpleData name="distance">25500</SimpleData>
		<SimpleData name="angle">88.1493501405871</SimpleData>
		<SimpleData name="KM">KM 26.5</SimpleData>
		<SimpleData name="Latitude">1.573130</SimpleData>
		<SimpleData name="Longitude">103.848005</SimpleData>
	</SchemaData></ExtendedData>
      <Point><coordinates>103.848005,1.573130,0</coordinates></Point>
  </Placemark>
  <Placemark id="interpolated_points_sde_hala_senai.257">
	<name>SDE HALA SENAI</name>
	<ExtendedData><SchemaData schemaUrl="#interpolated_points_sde_hala_senai">
		<SimpleData name="fid">1</SimpleData>
		<SimpleData name="tessellate">1</SimpleData>
		<SimpleData name="extrude">0</SimpleData>
		<SimpleData name="visibility">-1</SimpleData>
		<SimpleData name="distance">25600</SimpleData>
		<SimpleData name="angle">89.0443760211912</SimpleData>
		<SimpleData name="KM">KM 26.6</SimpleData>
		<SimpleData name="Latitude">1.573147</SimpleData>
		<SimpleData name="Longitude">103.848967</SimpleData>
	</SchemaData></ExtendedData>
      <Point><coordinates>103.848967,1.573147,0</coordinates></Point>
  </Placemark>
  <Placemark id="interpolated_points_sde_hala_senai.258">
	<name>SDE HALA SENAI</name>
	<ExtendedData><SchemaData schemaUrl="#interpolated_points_sde_hala_senai">
		<SimpleData name="fid">1</SimpleData>
		<SimpleData name="tessellate">1</SimpleData>
		<SimpleData name="extrude">0</SimpleData>
		<SimpleData name="visibility">-1</SimpleData>
		<SimpleData name="distance">25700</SimpleData>
		<SimpleData name="angle">87.7488715319037</SimpleData>
		<SimpleData name="KM">KM 26.7</SimpleData>
		<SimpleData name="Latitude">1.573166</SimpleData>
		<SimpleData name="Longitude">103.849929</SimpleData>
	</SchemaData></ExtendedData>
      <Point><coordinates>103.849929,1.573166,0</coordinates></Point>
  </Placemark>
  <Placemark id="interpolated_points_sde_hala_senai.259">
	<name>SDE HALA SENAI</name>
	<ExtendedData><SchemaData schemaUrl="#interpolated_points_sde_hala_senai">
		<SimpleData name="fid">1</SimpleData>
		<SimpleData name="tessellate">1</SimpleData>
		<SimpleData name="extrude">0</SimpleData>
		<SimpleData name="visibility">-1</SimpleData>
		<SimpleData name="distance">25800</SimpleData>
		<SimpleData name="angle">89.786832336535</SimpleData>
		<SimpleData name="KM">KM 26.8</SimpleData>
		<SimpleData name="Latitude">1.573172</SimpleData>
		<SimpleData name="Longitude">103.850892</SimpleData>
	</SchemaData></ExtendedData>
      <Point><coordinates>103.850892,1.573172,0</coordinates></Point>
  </Placemark>
  <Placemark id="interpolated_points_sde_hala_senai.260">
	<name>SDE HALA SENAI</name>
	<ExtendedData><SchemaData schemaUrl="#interpolated_points_sde_hala_senai">
		<SimpleData name="fid">1</SimpleData>
		<SimpleData name="tessellate">1</SimpleData>
		<SimpleData name="extrude">0</SimpleData>
		<SimpleData name="visibility">-1</SimpleData>
		<SimpleData name="distance">25900</SimpleData>
		<SimpleData name="angle">86.8176278327228</SimpleData>
		<SimpleData name="KM">KM 26.9</SimpleData>
		<SimpleData name="Latitude">1.573208</SimpleData>
		<SimpleData name="Longitude">103.851853</SimpleData>
	</SchemaData></ExtendedData>
      <Point><coordinates>103.851853,1.573208,0</coordinates></Point>
  </Placemark>
  <Placemark id="interpolated_points_sde_hala_senai.261">
	<name>SDE HALA SENAI</name>
	<ExtendedData><SchemaData schemaUrl="#interpolated_points_sde_hala_senai">
		<SimpleData name="fid">1</SimpleData>
		<SimpleData name="tessellate">1</SimpleData>
		<SimpleData name="extrude">0</SimpleData>
		<SimpleData name="visibility">-1</SimpleData>
		<SimpleData name="distance">26000</SimpleData>
		<SimpleData name="angle">88.1539343659071</SimpleData>
		<SimpleData name="KM">KM 27.0</SimpleData>
		<SimpleData name="Latitude">1.573233</SimpleData>
		<SimpleData name="Longitude">103.852815</SimpleData>
	</SchemaData></ExtendedData>
      <Point><coordinates>103.852815,1.573233,0</coordinates></Point>
  </Placemark>
  <Placemark id="interpolated_points_sde_hala_senai.262">
	<name>SDE HALA SENAI</name>
	<ExtendedData><SchemaData schemaUrl="#interpolated_points_sde_hala_senai">
		<SimpleData name="fid">1</SimpleData>
		<SimpleData name="tessellate">1</SimpleData>
		<SimpleData name="extrude">0</SimpleData>
		<SimpleData name="visibility">-1</SimpleData>
		<SimpleData name="distance">26100</SimpleData>
		<SimpleData name="angle">88.1539343659071</SimpleData>
		<SimpleData name="KM">KM 27.1</SimpleData>
		<SimpleData name="Latitude">1.573254</SimpleData>
		<SimpleData name="Longitude">103.853777</SimpleData>
	</SchemaData></ExtendedData>
      <Point><coordinates>103.853777,1.573254,0</coordinates></Point>
  </Placemark>
  <Placemark id="interpolated_points_sde_hala_senai.263">
	<name>SDE HALA SENAI</name>
	<ExtendedData><SchemaData schemaUrl="#interpolated_points_sde_hala_senai">
		<SimpleData name="fid">1</SimpleData>
		<SimpleData name="tessellate">1</SimpleData>
		<SimpleData name="extrude">0</SimpleData>
		<SimpleData name="visibility">-1</SimpleData>
		<SimpleData name="distance">26200</SimpleData>
		<SimpleData name="angle">88.1539343659071</SimpleData>
		<SimpleData name="KM">KM 27.2</SimpleData>
		<SimpleData name="Latitude">1.573274</SimpleData>
		<SimpleData name="Longitude">103.854739</SimpleData>
	</SchemaData></ExtendedData>
      <Point><coordinates>103.854739,1.573274,0</coordinates></Point>
  </Placemark>
  <Placemark id="interpolated_points_sde_hala_senai.264">
	<name>SDE HALA SENAI</name>
	<ExtendedData><SchemaData schemaUrl="#interpolated_points_sde_hala_senai">
		<SimpleData name="fid">1</SimpleData>
		<SimpleData name="tessellate">1</SimpleData>
		<SimpleData name="extrude">0</SimpleData>
		<SimpleData name="visibility">-1</SimpleData>
		<SimpleData name="distance">26300</SimpleData>
		<SimpleData name="angle">88.3507610111964</SimpleData>
		<SimpleData name="KM">KM 27.3</SimpleData>
		<SimpleData name="Latitude">1.573286</SimpleData>
		<SimpleData name="Longitude">103.855702</SimpleData>
	</SchemaData></ExtendedData>
      <Point><coordinates>103.855702,1.573286,0</coordinates></Point>
  </Placemark>
  <Placemark id="interpolated_points_sde_hala_senai.265">
	<name>SDE HALA SENAI</name>
	<ExtendedData><SchemaData schemaUrl="#interpolated_points_sde_hala_senai">
		<SimpleData name="fid">1</SimpleData>
		<SimpleData name="tessellate">1</SimpleData>
		<SimpleData name="extrude">0</SimpleData>
		<SimpleData name="visibility">-1</SimpleData>
		<SimpleData name="distance">26400</SimpleData>
		<SimpleData name="angle">87.0044536201933</SimpleData>
		<SimpleData name="KM">KM 27.4</SimpleData>
		<SimpleData name="Latitude">1.573303</SimpleData>
		<SimpleData name="Longitude">103.856664</SimpleData>
	</SchemaData></ExtendedData>
      <Point><coordinates>103.856664,1.573303,0</coordinates></Point>
  </Placemark>
  <Placemark id="interpolated_points_sde_hala_senai.266">
	<name>SDE HALA SENAI</name>
	<ExtendedData><SchemaData schemaUrl="#interpolated_points_sde_hala_senai">
		<SimpleData name="fid">1</SimpleData>
		<SimpleData name="tessellate">1</SimpleData>
		<SimpleData name="extrude">0</SimpleData>
		<SimpleData name="visibility">-1</SimpleData>
		<SimpleData name="distance">26500</SimpleData>
		<SimpleData name="angle">87.2739340679411</SimpleData>
		<SimpleData name="KM">KM 27.5</SimpleData>
		<SimpleData name="Latitude">1.573328</SimpleData>
		<SimpleData name="Longitude">103.857626</SimpleData>
	</SchemaData></ExtendedData>
      <Point><coordinates>103.857626,1.573328,0</coordinates></Point>
  </Placemark>
  <Placemark id="interpolated_points_sde_hala_senai.267">
	<name>SDE HALA SENAI</name>
	<ExtendedData><SchemaData schemaUrl="#interpolated_points_sde_hala_senai">
		<SimpleData name="fid">1</SimpleData>
		<SimpleData name="tessellate">1</SimpleData>
		<SimpleData name="extrude">0</SimpleData>
		<SimpleData name="visibility">-1</SimpleData>
		<SimpleData name="distance">26600</SimpleData>
		<SimpleData name="angle">87.9988309304948</SimpleData>
		<SimpleData name="KM">KM 27.6</SimpleData>
		<SimpleData name="Latitude">1.573352</SimpleData>
		<SimpleData name="Longitude">103.858588</SimpleData>
	</SchemaData></ExtendedData>
      <Point><coordinates>103.858588,1.573352,0</coordinates></Point>
  </Placemark>
  <Placemark id="interpolated_points_sde_hala_senai.268">
	<name>SDE HALA SENAI</name>
	<ExtendedData><SchemaData schemaUrl="#interpolated_points_sde_hala_senai">
		<SimpleData name="fid">1</SimpleData>
		<SimpleData name="tessellate">1</SimpleData>
		<SimpleData name="extrude">0</SimpleData>
		<SimpleData name="visibility">-1</SimpleData>
		<SimpleData name="distance">26700</SimpleData>
		<SimpleData name="angle">88.296332230776</SimpleData>
		<SimpleData name="KM">KM 27.7</SimpleData>
		<SimpleData name="Latitude">1.573374</SimpleData>
		<SimpleData name="Longitude">103.859550</SimpleData>
	</SchemaData></ExtendedData>
      <Point><coordinates>103.859550,1.573374,0</coordinates></Point>
  </Placemark>
  <Placemark id="interpolated_points_sde_hala_senai.269">
	<name>SDE HALA SENAI</name>
	<ExtendedData><SchemaData schemaUrl="#interpolated_points_sde_hala_senai">
		<SimpleData name="fid">1</SimpleData>
		<SimpleData name="tessellate">1</SimpleData>
		<SimpleData name="extrude">0</SimpleData>
		<SimpleData name="visibility">-1</SimpleData>
		<SimpleData name="distance">26800</SimpleData>
		<SimpleData name="angle">88.296332230776</SimpleData>
		<SimpleData name="KM">KM 27.8</SimpleData>
		<SimpleData name="Latitude">1.573392</SimpleData>
		<SimpleData name="Longitude">103.860512</SimpleData>
	</SchemaData></ExtendedData>
      <Point><coordinates>103.860512,1.573392,0</coordinates></Point>
  </Placemark>
  <Placemark id="interpolated_points_sde_hala_senai.270">
	<name>SDE HALA SENAI</name>
	<ExtendedData><SchemaData schemaUrl="#interpolated_points_sde_hala_senai">
		<SimpleData name="fid">1</SimpleData>
		<SimpleData name="tessellate">1</SimpleData>
		<SimpleData name="extrude">0</SimpleData>
		<SimpleData name="visibility">-1</SimpleData>
		<SimpleData name="distance">26900</SimpleData>
		<SimpleData name="angle">87.7968984536661</SimpleData>
		<SimpleData name="KM">KM 27.9</SimpleData>
		<SimpleData name="Latitude">1.573418</SimpleData>
		<SimpleData name="Longitude">103.861474</SimpleData>
	</SchemaData></ExtendedData>
      <Point><coordinates>103.861474,1.573418,0</coordinates></Point>
  </Placemark>
  <Placemark id="interpolated_points_sde_hala_senai.271">
	<name>SDE HALA SENAI</name>
	<ExtendedData><SchemaData schemaUrl="#interpolated_points_sde_hala_senai">
		<SimpleData name="fid">1</SimpleData>
		<SimpleData name="tessellate">1</SimpleData>
		<SimpleData name="extrude">0</SimpleData>
		<SimpleData name="visibility">-1</SimpleData>
		<SimpleData name="distance">27000</SimpleData>
		<SimpleData name="angle">88.2446540041241</SimpleData>
		<SimpleData name="KM">KM 28.0</SimpleData>
		<SimpleData name="Latitude">1.573440</SimpleData>
		<SimpleData name="Longitude">103.862436</SimpleData>
	</SchemaData></ExtendedData>
      <Point><coordinates>103.862436,1.573440,0</coordinates></Point>
  </Placemark>
  <Placemark id="interpolated_points_sde_hala_senai.272">
	<name>SDE HALA SENAI</name>
	<ExtendedData><SchemaData schemaUrl="#interpolated_points_sde_hala_senai">
		<SimpleData name="fid">1</SimpleData>
		<SimpleData name="tessellate">1</SimpleData>
		<SimpleData name="extrude">0</SimpleData>
		<SimpleData name="visibility">-1</SimpleData>
		<SimpleData name="distance">27100</SimpleData>
		<SimpleData name="angle">88.4013874003926</SimpleData>
		<SimpleData name="KM">KM 28.1</SimpleData>
		<SimpleData name="Latitude">1.573457</SimpleData>
		<SimpleData name="Longitude">103.863398</SimpleData>
	</SchemaData></ExtendedData>
      <Point><coordinates>103.863398,1.573457,0</coordinates></Point>
  </Placemark>
  <Placemark id="interpolated_points_sde_hala_senai.273">
	<name>SDE HALA SENAI</name>
	<ExtendedData><SchemaData schemaUrl="#interpolated_points_sde_hala_senai">
		<SimpleData name="fid">1</SimpleData>
		<SimpleData name="tessellate">1</SimpleData>
		<SimpleData name="extrude">0</SimpleData>
		<SimpleData name="visibility">-1</SimpleData>
		<SimpleData name="distance">27200</SimpleData>
		<SimpleData name="angle">88.1549094283201</SimpleData>
		<SimpleData name="KM">KM 28.2</SimpleData>
		<SimpleData name="Latitude">1.573476</SimpleData>
		<SimpleData name="Longitude">103.864361</SimpleData>
	</SchemaData></ExtendedData>
      <Point><coordinates>103.864361,1.573476,0</coordinates></Point>
  </Placemark>
  <Placemark id="interpolated_points_sde_hala_senai.274">
	<name>SDE HALA SENAI</name>
	<ExtendedData><SchemaData schemaUrl="#interpolated_points_sde_hala_senai">
		<SimpleData name="fid">1</SimpleData>
		<SimpleData name="tessellate">1</SimpleData>
		<SimpleData name="extrude">0</SimpleData>
		<SimpleData name="visibility">-1</SimpleData>
		<SimpleData name="distance">27300</SimpleData>
		<SimpleData name="angle">88.1549094283201</SimpleData>
		<SimpleData name="KM">KM 28.3</SimpleData>
		<SimpleData name="Latitude">1.573496</SimpleData>
		<SimpleData name="Longitude">103.865323</SimpleData>
	</SchemaData></ExtendedData>
      <Point><coordinates>103.865323,1.573496,0</coordinates></Point>
  </Placemark>
  <Placemark id="interpolated_points_sde_hala_senai.275">
	<name>SDE HALA SENAI</name>
	<ExtendedData><SchemaData schemaUrl="#interpolated_points_sde_hala_senai">
		<SimpleData name="fid">1</SimpleData>
		<SimpleData name="tessellate">1</SimpleData>
		<SimpleData name="extrude">0</SimpleData>
		<SimpleData name="visibility">-1</SimpleData>
		<SimpleData name="distance">27400</SimpleData>
		<SimpleData name="angle">87.8379967106297</SimpleData>
		<SimpleData name="KM">KM 28.4</SimpleData>
		<SimpleData name="Latitude">1.573517</SimpleData>
		<SimpleData name="Longitude">103.866285</SimpleData>
	</SchemaData></ExtendedData>
      <Point><coordinates>103.866285,1.573517,0</coordinates></Point>
  </Placemark>
  <Placemark id="interpolated_points_sde_hala_senai.276">
	<name>SDE HALA SENAI</name>
	<ExtendedData><SchemaData schemaUrl="#interpolated_points_sde_hala_senai">
		<SimpleData name="fid">1</SimpleData>
		<SimpleData name="tessellate">1</SimpleData>
		<SimpleData name="extrude">0</SimpleData>
		<SimpleData name="visibility">-1</SimpleData>
		<SimpleData name="distance">27500</SimpleData>
		<SimpleData name="angle">87.9267911382014</SimpleData>
		<SimpleData name="KM">KM 28.5</SimpleData>
		<SimpleData name="Latitude">1.573542</SimpleData>
		<SimpleData name="Longitude">103.867247</SimpleData>
	</SchemaData></ExtendedData>
      <Point><coordinates>103.867247,1.573542,0</coordinates></Point>
  </Placemark>
  <Placemark id="interpolated_points_sde_hala_senai.277">
	<name>SDE HALA SENAI</name>
	<ExtendedData><SchemaData schemaUrl="#interpolated_points_sde_hala_senai">
		<SimpleData name="fid">1</SimpleData>
		<SimpleData name="tessellate">1</SimpleData>
		<SimpleData name="extrude">0</SimpleData>
		<SimpleData name="visibility">-1</SimpleData>
		<SimpleData name="distance">27600</SimpleData>
		<SimpleData name="angle">90.5587369678942</SimpleData>
		<SimpleData name="KM">KM 28.6</SimpleData>
		<SimpleData name="Latitude">1.573533</SimpleData>
		<SimpleData name="Longitude">103.868209</SimpleData>
	</SchemaData></ExtendedData>
      <Point><coordinates>103.868209,1.573533,0</coordinates></Point>
  </Placemark>
  <Placemark id="interpolated_points_sde_hala_senai.278">
	<name>SDE HALA SENAI</name>
	<ExtendedData><SchemaData schemaUrl="#interpolated_points_sde_hala_senai">
		<SimpleData name="fid">1</SimpleData>
		<SimpleData name="tessellate">1</SimpleData>
		<SimpleData name="extrude">0</SimpleData>
		<SimpleData name="visibility">-1</SimpleData>
		<SimpleData name="distance">27700</SimpleData>
		<SimpleData name="angle">93.5277006571751</SimpleData>
		<SimpleData name="KM">KM 28.7</SimpleData>
		<SimpleData name="Latitude">1.573488</SimpleData>
		<SimpleData name="Longitude">103.869171</SimpleData>
	</SchemaData></ExtendedData>
      <Point><coordinates>103.869171,1.573488,0</coordinates></Point>
  </Placemark>
  <Placemark id="interpolated_points_sde_hala_senai.279">
	<name>SDE HALA SENAI</name>
	<ExtendedData><SchemaData schemaUrl="#interpolated_points_sde_hala_senai">
		<SimpleData name="fid">1</SimpleData>
		<SimpleData name="tessellate">1</SimpleData>
		<SimpleData name="extrude">0</SimpleData>
		<SimpleData name="visibility">-1</SimpleData>
		<SimpleData name="distance">27800</SimpleData>
		<SimpleData name="angle">96.4519672559539</SimpleData>
		<SimpleData name="KM">KM 28.8</SimpleData>
		<SimpleData name="Latitude">1.573406</SimpleData>
		<SimpleData name="Longitude">103.870130</SimpleData>
	</SchemaData></ExtendedData>
      <Point><coordinates>103.870130,1.573406,0</coordinates></Point>
  </Placemark>
  <Placemark id="interpolated_points_sde_hala_senai.280">
	<name>SDE HALA SENAI</name>
	<ExtendedData><SchemaData schemaUrl="#interpolated_points_sde_hala_senai">
		<SimpleData name="fid">1</SimpleData>
		<SimpleData name="tessellate">1</SimpleData>
		<SimpleData name="extrude">0</SimpleData>
		<SimpleData name="visibility">-1</SimpleData>
		<SimpleData name="distance">27900</SimpleData>
		<SimpleData name="angle">98.4430929717389</SimpleData>
		<SimpleData name="KM">KM 28.9</SimpleData>
		<SimpleData name="Latitude">1.573274</SimpleData>
		<SimpleData name="Longitude">103.871085</SimpleData>
	</SchemaData></ExtendedData>
      <Point><coordinates>103.871085,1.573274,0</coordinates></Point>
  </Placemark>
  <Placemark id="interpolated_points_sde_hala_senai.281">
	<name>SDE HALA SENAI</name>
	<ExtendedData><SchemaData schemaUrl="#interpolated_points_sde_hala_senai">
		<SimpleData name="fid">1</SimpleData>
		<SimpleData name="tessellate">1</SimpleData>
		<SimpleData name="extrude">0</SimpleData>
		<SimpleData name="visibility">-1</SimpleData>
		<SimpleData name="distance">28000</SimpleData>
		<SimpleData name="angle">102.550790595512</SimpleData>
		<SimpleData name="KM">KM 29.0</SimpleData>
		<SimpleData name="Latitude">1.573091</SimpleData>
		<SimpleData name="Longitude">103.872030</SimpleData>
	</SchemaData></ExtendedData>
      <Point><coordinates>103.872030,1.573091,0</coordinates></Point>
  </Placemark>
  <Placemark id="interpolated_points_sde_hala_senai.282">
	<name>SDE HALA SENAI</name>
	<ExtendedData><SchemaData schemaUrl="#interpolated_points_sde_hala_senai">
		<SimpleData name="fid">1</SimpleData>
		<SimpleData name="tessellate">1</SimpleData>
		<SimpleData name="extrude">0</SimpleData>
		<SimpleData name="visibility">-1</SimpleData>
		<SimpleData name="distance">28100</SimpleData>
		<SimpleData name="angle">106.162646045012</SimpleData>
		<SimpleData name="KM">KM 29.1</SimpleData>
		<SimpleData name="Latitude">1.572868</SimpleData>
		<SimpleData name="Longitude">103.872967</SimpleData>
	</SchemaData></ExtendedData>
      <Point><coordinates>103.872967,1.572868,0</coordinates></Point>
  </Placemark>
  <Placemark id="interpolated_points_sde_hala_senai.283">
	<name>SDE HALA SENAI</name>
	<ExtendedData><SchemaData schemaUrl="#interpolated_points_sde_hala_senai">
		<SimpleData name="fid">1</SimpleData>
		<SimpleData name="tessellate">1</SimpleData>
		<SimpleData name="extrude">0</SimpleData>
		<SimpleData name="visibility">-1</SimpleData>
		<SimpleData name="distance">28200</SimpleData>
		<SimpleData name="angle">106.162646045012</SimpleData>
		<SimpleData name="KM">KM 29.2</SimpleData>
		<SimpleData name="Latitude">1.572608</SimpleData>
		<SimpleData name="Longitude">103.873894</SimpleData>
	</SchemaData></ExtendedData>
      <Point><coordinates>103.873894,1.572608,0</coordinates></Point>
  </Placemark>
  <Placemark id="interpolated_points_sde_hala_senai.284">
	<name>SDE HALA SENAI</name>
	<ExtendedData><SchemaData schemaUrl="#interpolated_points_sde_hala_senai">
		<SimpleData name="fid">1</SimpleData>
		<SimpleData name="tessellate">1</SimpleData>
		<SimpleData name="extrude">0</SimpleData>
		<SimpleData name="visibility">-1</SimpleData>
		<SimpleData name="distance">28300</SimpleData>
		<SimpleData name="angle">107.060137786866</SimpleData>
		<SimpleData name="KM">KM 29.3</SimpleData>
		<SimpleData name="Latitude">1.572336</SimpleData>
		<SimpleData name="Longitude">103.874818</SimpleData>
	</SchemaData></ExtendedData>
      <Point><coordinates>103.874818,1.572336,0</coordinates></Point>
  </Placemark>
  <Placemark id="interpolated_points_sde_hala_senai.285">
	<name>SDE HALA SENAI</name>
	<ExtendedData><SchemaData schemaUrl="#interpolated_points_sde_hala_senai">
		<SimpleData name="fid">1</SimpleData>
		<SimpleData name="tessellate">1</SimpleData>
		<SimpleData name="extrude">0</SimpleData>
		<SimpleData name="visibility">-1</SimpleData>
		<SimpleData name="distance">28400</SimpleData>
		<SimpleData name="angle">106.846812190777</SimpleData>
		<SimpleData name="KM">KM 29.4</SimpleData>
		<SimpleData name="Latitude">1.572063</SimpleData>
		<SimpleData name="Longitude">103.875742</SimpleData>
	</SchemaData></ExtendedData>
      <Point><coordinates>103.875742,1.572063,0</coordinates></Point>
  </Placemark>
  <Placemark id="interpolated_points_sde_hala_senai.286">
	<name>SDE HALA SENAI</name>
	<ExtendedData><SchemaData schemaUrl="#interpolated_points_sde_hala_senai">
		<SimpleData name="fid">1</SimpleData>
		<SimpleData name="tessellate">1</SimpleData>
		<SimpleData name="extrude">0</SimpleData>
		<SimpleData name="visibility">-1</SimpleData>
		<SimpleData name="distance">28500</SimpleData>
		<SimpleData name="angle">106.846812190777</SimpleData>
		<SimpleData name="KM">KM 29.5</SimpleData>
		<SimpleData name="Latitude">1.571793</SimpleData>
		<SimpleData name="Longitude">103.876666</SimpleData>
	</SchemaData></ExtendedData>
      <Point><coordinates>103.876666,1.571793,0</coordinates></Point>
  </Placemark>
  <Placemark id="interpolated_points_sde_hala_senai.287">
	<name>SDE HALA SENAI</name>
	<ExtendedData><SchemaData schemaUrl="#interpolated_points_sde_hala_senai">
		<SimpleData name="fid">1</SimpleData>
		<SimpleData name="tessellate">1</SimpleData>
		<SimpleData name="extrude">0</SimpleData>
		<SimpleData name="visibility">-1</SimpleData>
		<SimpleData name="distance">28600</SimpleData>
		<SimpleData name="angle">108.20632938425</SimpleData>
		<SimpleData name="KM">KM 29.6</SimpleData>
		<SimpleData name="Latitude">1.571520</SimpleData>
		<SimpleData name="Longitude">103.877590</SimpleData>
	</SchemaData></ExtendedData>
      <Point><coordinates>103.877590,1.571520,0</coordinates></Point>
  </Placemark>
  <Placemark id="interpolated_points_sde_hala_senai.288">
	<name>SDE HALA SENAI</name>
	<ExtendedData><SchemaData schemaUrl="#interpolated_points_sde_hala_senai">
		<SimpleData name="fid">1</SimpleData>
		<SimpleData name="tessellate">1</SimpleData>
		<SimpleData name="extrude">0</SimpleData>
		<SimpleData name="visibility">-1</SimpleData>
		<SimpleData name="distance">28700</SimpleData>
		<SimpleData name="angle">105.588672234668</SimpleData>
		<SimpleData name="KM">KM 29.7</SimpleData>
		<SimpleData name="Latitude">1.571261</SimpleData>
		<SimpleData name="Longitude">103.878517</SimpleData>
	</SchemaData></ExtendedData>
      <Point><coordinates>103.878517,1.571261,0</coordinates></Point>
  </Placemark>
  <Placemark id="interpolated_points_sde_hala_senai.289">
	<name>SDE HALA SENAI</name>
	<ExtendedData><SchemaData schemaUrl="#interpolated_points_sde_hala_senai">
		<SimpleData name="fid">1</SimpleData>
		<SimpleData name="tessellate">1</SimpleData>
		<SimpleData name="extrude">0</SimpleData>
		<SimpleData name="visibility">-1</SimpleData>
		<SimpleData name="distance">28800</SimpleData>
		<SimpleData name="angle">102.08894738041</SimpleData>
		<SimpleData name="KM">KM 29.8</SimpleData>
		<SimpleData name="Latitude">1.571062</SimpleData>
		<SimpleData name="Longitude">103.879302</SimpleData>
	</SchemaData></ExtendedData>
      <Point><coordinates>103.879302,1.571062,0</coordinates></Point>
  </Placemark>
  <Placemark id="interpolated_points_sde_hala_senai.290">
	<name>SDE HALA SENAI</name>
	<ExtendedData><SchemaData schemaUrl="#interpolated_points_sde_hala_senai">
		<SimpleData name="fid">1</SimpleData>
		<SimpleData name="tessellate">1</SimpleData>
		<SimpleData name="extrude">0</SimpleData>
		<SimpleData name="visibility">-1</SimpleData>
		<SimpleData name="distance">28900</SimpleData>
		<SimpleData name="angle">96.473208402829</SimpleData>
		<SimpleData name="KM">KM 29.9</SimpleData>
		<SimpleData name="Latitude">1.570930</SimpleData>
		<SimpleData name="Longitude">103.880100</SimpleData>
	</SchemaData></ExtendedData>
      <Point><coordinates>103.880100,1.570930,0</coordinates></Point>
  </Placemark>
  <Placemark id="interpolated_points_sde_hala_senai.291">
	<name>SDE HALA SENAI</name>
	<ExtendedData><SchemaData schemaUrl="#interpolated_points_sde_hala_senai">
		<SimpleData name="fid">1</SimpleData>
		<SimpleData name="tessellate">1</SimpleData>
		<SimpleData name="extrude">0</SimpleData>
		<SimpleData name="visibility">-1</SimpleData>
		<SimpleData name="distance">29000</SimpleData>
		<SimpleData name="angle">93.4865822414931</SimpleData>
		<SimpleData name="KM">KM 30.0</SimpleData>
		<SimpleData name="Latitude">1.570854</SimpleData>
		<SimpleData name="Longitude">103.880905</SimpleData>
	</SchemaData></ExtendedData>
      <Point><coordinates>103.880905,1.570854,0</coordinates></Point>
  </Placemark>
  <Placemark id="interpolated_points_sde_hala_senai.292">
	<name>SDE HALA SENAI</name>
	<ExtendedData><SchemaData schemaUrl="#interpolated_points_sde_hala_senai">
		<SimpleData name="fid">1</SimpleData>
		<SimpleData name="tessellate">1</SimpleData>
		<SimpleData name="extrude">0</SimpleData>
		<SimpleData name="visibility">-1</SimpleData>
		<SimpleData name="distance">29100</SimpleData>
		<SimpleData name="angle">89.003931768208</SimpleData>
		<SimpleData name="KM">KM 30.1</SimpleData>
		<SimpleData name="Latitude">1.570852</SimpleData>
		<SimpleData name="Longitude">103.881712</SimpleData>
	</SchemaData></ExtendedData>
      <Point><coordinates>103.881712,1.570852,0</coordinates></Point>
  </Placemark>
  <Placemark id="interpolated_points_sde_hala_senai.293">
	<name>SDE HALA SENAI</name>
	<ExtendedData><SchemaData schemaUrl="#interpolated_points_sde_hala_senai">
		<SimpleData name="fid">1</SimpleData>
		<SimpleData name="tessellate">1</SimpleData>
		<SimpleData name="extrude">0</SimpleData>
		<SimpleData name="visibility">-1</SimpleData>
		<SimpleData name="distance">29200</SimpleData>
		<SimpleData name="angle">83.8562201068929</SimpleData>
		<SimpleData name="KM">KM 30.2</SimpleData>
		<SimpleData name="Latitude">1.570928</SimpleData>
		<SimpleData name="Longitude">103.882517</SimpleData>
	</SchemaData></ExtendedData>
      <Point><coordinates>103.882517,1.570928,0</coordinates></Point>
  </Placemark>
  <Placemark id="interpolated_points_sde_hala_senai.294">
	<name>SDE HALA SENAI</name>
	<ExtendedData><SchemaData schemaUrl="#interpolated_points_sde_hala_senai">
		<SimpleData name="fid">1</SimpleData>
		<SimpleData name="tessellate">1</SimpleData>
		<SimpleData name="extrude">0</SimpleData>
		<SimpleData name="visibility">-1</SimpleData>
		<SimpleData name="distance">29300</SimpleData>
		<SimpleData name="angle">79.3770067886764</SimpleData>
		<SimpleData name="KM">KM 30.3</SimpleData>
		<SimpleData name="Latitude">1.571077</SimpleData>
		<SimpleData name="Longitude">103.883312</SimpleData>
	</SchemaData></ExtendedData>
      <Point><coordinates>103.883312,1.571077,0</coordinates></Point>
  </Placemark>
  <Placemark id="interpolated_points_sde_hala_senai.295">
	<name>SDE HALA SENAI</name>
	<ExtendedData><SchemaData schemaUrl="#interpolated_points_sde_hala_senai">
		<SimpleData name="fid">1</SimpleData>
		<SimpleData name="tessellate">1</SimpleData>
		<SimpleData name="extrude">0</SimpleData>
		<SimpleData name="visibility">-1</SimpleData>
		<SimpleData name="distance">29400</SimpleData>
		<SimpleData name="angle">75.0288734819141</SimpleData>
		<SimpleData name="KM">KM 30.4</SimpleData>
		<SimpleData name="Latitude">1.571296</SimpleData>
		<SimpleData name="Longitude">103.884094</SimpleData>
	</SchemaData></ExtendedData>
      <Point><coordinates>103.884094,1.571296,0</coordinates></Point>
  </Placemark>
  <Placemark id="interpolated_points_sde_hala_senai.296">
	<name>SDE HALA SENAI</name>
	<ExtendedData><SchemaData schemaUrl="#interpolated_points_sde_hala_senai">
		<SimpleData name="fid">1</SimpleData>
		<SimpleData name="tessellate">1</SimpleData>
		<SimpleData name="extrude">0</SimpleData>
		<SimpleData name="visibility">-1</SimpleData>
		<SimpleData name="distance">29500</SimpleData>
		<SimpleData name="angle">74.4845922394172</SimpleData>
		<SimpleData name="KM">KM 30.5</SimpleData>
		<SimpleData name="Latitude">1.571536</SimpleData>
		<SimpleData name="Longitude">103.884869</SimpleData>
	</SchemaData></ExtendedData>
      <Point><coordinates>103.884869,1.571536,0</coordinates></Point>
  </Placemark>
  <Placemark id="interpolated_points_sde_hala_senai.297">
	<name>SDE HALA SENAI</name>
	<ExtendedData><SchemaData schemaUrl="#interpolated_points_sde_hala_senai">
		<SimpleData name="fid">1</SimpleData>
		<SimpleData name="tessellate">1</SimpleData>
		<SimpleData name="extrude">0</SimpleData>
		<SimpleData name="visibility">-1</SimpleData>
		<SimpleData name="distance">29600</SimpleData>
		<SimpleData name="angle">74.4728814420715</SimpleData>
		<SimpleData name="KM">KM 30.6</SimpleData>
		<SimpleData name="Latitude">1.571779</SimpleData>
		<SimpleData name="Longitude">103.885644</SimpleData>
	</SchemaData></ExtendedData>
      <Point><coordinates>103.885644,1.571779,0</coordinates></Point>
  </Placemark>
  <Placemark id="interpolated_points_sde_hala_senai.298">
	<name>SDE HALA SENAI</name>
	<ExtendedData><SchemaData schemaUrl="#interpolated_points_sde_hala_senai">
		<SimpleData name="fid">1</SimpleData>
		<SimpleData name="tessellate">1</SimpleData>
		<SimpleData name="extrude">0</SimpleData>
		<SimpleData name="visibility">-1</SimpleData>
		<SimpleData name="distance">29700</SimpleData>
		<SimpleData name="angle">74.5437627955634</SimpleData>
		<SimpleData name="KM">KM 30.7</SimpleData>
		<SimpleData name="Latitude">1.572021</SimpleData>
		<SimpleData name="Longitude">103.886419</SimpleData>
	</SchemaData></ExtendedData>
      <Point><coordinates>103.886419,1.572021,0</coordinates></Point>
  </Placemark>
  <Placemark id="interpolated_points_sde_hala_senai.299">
	<name>SDE HALA SENAI</name>
	<ExtendedData><SchemaData schemaUrl="#interpolated_points_sde_hala_senai">
		<SimpleData name="fid">1</SimpleData>
		<SimpleData name="tessellate">1</SimpleData>
		<SimpleData name="extrude">0</SimpleData>
		<SimpleData name="visibility">-1</SimpleData>
		<SimpleData name="distance">29800</SimpleData>
		<SimpleData name="angle">74.3175207072471</SimpleData>
		<SimpleData name="KM">KM 30.8</SimpleData>
		<SimpleData name="Latitude">1.572265</SimpleData>
		<SimpleData name="Longitude">103.887194</SimpleData>
	</SchemaData></ExtendedData>
      <Point><coordinates>103.887194,1.572265,0</coordinates></Point>
  </Placemark>
  <Placemark id="interpolated_points_sde_hala_senai.300">
	<name>SDE HALA SENAI</name>
	<ExtendedData><SchemaData schemaUrl="#interpolated_points_sde_hala_senai">
		<SimpleData name="fid">1</SimpleData>
		<SimpleData name="tessellate">1</SimpleData>
		<SimpleData name="extrude">0</SimpleData>
		<SimpleData name="visibility">-1</SimpleData>
		<SimpleData name="distance">29900</SimpleData>
		<SimpleData name="angle">74.3175207072471</SimpleData>
		<SimpleData name="KM">KM 30.9</SimpleData>
		<SimpleData name="Latitude">1.572510</SimpleData>
		<SimpleData name="Longitude">103.887968</SimpleData>
	</SchemaData></ExtendedData>
      <Point><coordinates>103.887968,1.572510,0</coordinates></Point>
  </Placemark>
  <Placemark id="interpolated_points_sde_hala_senai.301">
	<name>SDE HALA SENAI</name>
	<ExtendedData><SchemaData schemaUrl="#interpolated_points_sde_hala_senai">
		<SimpleData name="fid">1</SimpleData>
		<SimpleData name="tessellate">1</SimpleData>
		<SimpleData name="extrude">0</SimpleData>
		<SimpleData name="visibility">-1</SimpleData>
		<SimpleData name="distance">30000</SimpleData>
		<SimpleData name="angle">74.461263665365</SimpleData>
		<SimpleData name="KM">KM 31.0</SimpleData>
		<SimpleData name="Latitude">1.572746</SimpleData>
		<SimpleData name="Longitude">103.888745</SimpleData>
	</SchemaData></ExtendedData>
      <Point><coordinates>103.888745,1.572746,0</coordinates></Point>
  </Placemark>
  <Placemark id="interpolated_points_sde_hala_senai.302">
	<name>SDE HALA SENAI</name>
	<ExtendedData><SchemaData schemaUrl="#interpolated_points_sde_hala_senai">
		<SimpleData name="fid">1</SimpleData>
		<SimpleData name="tessellate">1</SimpleData>
		<SimpleData name="extrude">0</SimpleData>
		<SimpleData name="visibility">-1</SimpleData>
		<SimpleData name="distance">30100</SimpleData>
		<SimpleData name="angle">74.5201216715588</SimpleData>
		<SimpleData name="KM">KM 31.1</SimpleData>
		<SimpleData name="Latitude">1.572989</SimpleData>
		<SimpleData name="Longitude">103.889520</SimpleData>
	</SchemaData></ExtendedData>
      <Point><coordinates>103.889520,1.572989,0</coordinates></Point>
  </Placemark>
  <Placemark id="interpolated_points_sde_hala_senai.303">
	<name>SDE HALA SENAI</name>
	<ExtendedData><SchemaData schemaUrl="#interpolated_points_sde_hala_senai">
		<SimpleData name="fid">1</SimpleData>
		<SimpleData name="tessellate">1</SimpleData>
		<SimpleData name="extrude">0</SimpleData>
		<SimpleData name="visibility">-1</SimpleData>
		<SimpleData name="distance">30200</SimpleData>
		<SimpleData name="angle">74.5201216715588</SimpleData>
		<SimpleData name="KM">KM 31.2</SimpleData>
		<SimpleData name="Latitude">1.573231</SimpleData>
		<SimpleData name="Longitude">103.890295</SimpleData>
	</SchemaData></ExtendedData>
      <Point><coordinates>103.890295,1.573231,0</coordinates></Point>
  </Placemark>
  <Placemark id="interpolated_points_sde_hala_senai.304">
	<name>SDE HALA SENAI</name>
	<ExtendedData><SchemaData schemaUrl="#interpolated_points_sde_hala_senai">
		<SimpleData name="fid">1</SimpleData>
		<SimpleData name="tessellate">1</SimpleData>
		<SimpleData name="extrude">0</SimpleData>
		<SimpleData name="visibility">-1</SimpleData>
		<SimpleData name="distance">30300</SimpleData>
		<SimpleData name="angle">74.5201216715588</SimpleData>
		<SimpleData name="KM">KM 31.3</SimpleData>
		<SimpleData name="Latitude">1.573473</SimpleData>
		<SimpleData name="Longitude">103.891071</SimpleData>
	</SchemaData></ExtendedData>
      <Point><coordinates>103.891071,1.573473,0</coordinates></Point>
  </Placemark>
  <Placemark id="interpolated_points_sde_hala_senai.305">
	<name>SDE HALA SENAI</name>
	<ExtendedData><SchemaData schemaUrl="#interpolated_points_sde_hala_senai">
		<SimpleData name="fid">1</SimpleData>
		<SimpleData name="tessellate">1</SimpleData>
		<SimpleData name="extrude">0</SimpleData>
		<SimpleData name="visibility">-1</SimpleData>
		<SimpleData name="distance">30400</SimpleData>
		<SimpleData name="angle">75.0131317842407</SimpleData>
		<SimpleData name="KM">KM 31.4</SimpleData>
		<SimpleData name="Latitude">1.573711</SimpleData>
		<SimpleData name="Longitude">103.891847</SimpleData>
	</SchemaData></ExtendedData>
      <Point><coordinates>103.891847,1.573711,0</coordinates></Point>
  </Placemark>
  <Placemark id="interpolated_points_sde_hala_senai.306">
	<name>SDE HALA SENAI</name>
	<ExtendedData><SchemaData schemaUrl="#interpolated_points_sde_hala_senai">
		<SimpleData name="fid">1</SimpleData>
		<SimpleData name="tessellate">1</SimpleData>
		<SimpleData name="extrude">0</SimpleData>
		<SimpleData name="visibility">-1</SimpleData>
		<SimpleData name="distance">30500</SimpleData>
		<SimpleData name="angle">75.0131317842407</SimpleData>
		<SimpleData name="KM">KM 31.5</SimpleData>
		<SimpleData name="Latitude">1.573946</SimpleData>
		<SimpleData name="Longitude">103.892624</SimpleData>
	</SchemaData></ExtendedData>
      <Point><coordinates>103.892624,1.573946,0</coordinates></Point>
  </Placemark>
  <Placemark id="interpolated_points_sde_hala_senai.307">
	<name>SDE HALA SENAI</name>
	<ExtendedData><SchemaData schemaUrl="#interpolated_points_sde_hala_senai">
		<SimpleData name="fid">1</SimpleData>
		<SimpleData name="tessellate">1</SimpleData>
		<SimpleData name="extrude">0</SimpleData>
		<SimpleData name="visibility">-1</SimpleData>
		<SimpleData name="distance">30600</SimpleData>
		<SimpleData name="angle">76.4674065710309</SimpleData>
		<SimpleData name="KM">KM 31.6</SimpleData>
		<SimpleData name="Latitude">1.574176</SimpleData>
		<SimpleData name="Longitude">103.893402</SimpleData>
	</SchemaData></ExtendedData>
      <Point><coordinates>103.893402,1.574176,0</coordinates></Point>
  </Placemark>
  <Placemark id="interpolated_points_sde_hala_senai.308">
	<name>SDE HALA SENAI</name>
	<ExtendedData><SchemaData schemaUrl="#interpolated_points_sde_hala_senai">
		<SimpleData name="fid">1</SimpleData>
		<SimpleData name="tessellate">1</SimpleData>
		<SimpleData name="extrude">0</SimpleData>
		<SimpleData name="visibility">-1</SimpleData>
		<SimpleData name="distance">30700</SimpleData>
		<SimpleData name="angle">80.9369178208305</SimpleData>
		<SimpleData name="KM">KM 31.7</SimpleData>
		<SimpleData name="Latitude">1.574345</SimpleData>
		<SimpleData name="Longitude">103.894194</SimpleData>
	</SchemaData></ExtendedData>
      <Point><coordinates>103.894194,1.574345,0</coordinates></Point>
  </Placemark>
  <Placemark id="interpolated_points_sde_hala_senai.309">
	<name>SDE HALA SENAI</name>
	<ExtendedData><SchemaData schemaUrl="#interpolated_points_sde_hala_senai">
		<SimpleData name="fid">1</SimpleData>
		<SimpleData name="tessellate">1</SimpleData>
		<SimpleData name="extrude">0</SimpleData>
		<SimpleData name="visibility">-1</SimpleData>
		<SimpleData name="distance">30800</SimpleData>
		<SimpleData name="angle">83.477108199369</SimpleData>
		<SimpleData name="KM">KM 31.8</SimpleData>
		<SimpleData name="Latitude">1.574457</SimpleData>
		<SimpleData name="Longitude">103.894995</SimpleData>
	</SchemaData></ExtendedData>
      <Point><coordinates>103.894995,1.574457,0</coordinates></Point>
  </Placemark>
  <Placemark id="interpolated_points_sde_hala_senai.310">
	<name>SDE HALA SENAI</name>
	<ExtendedData><SchemaData schemaUrl="#interpolated_points_sde_hala_senai">
		<SimpleData name="fid">1</SimpleData>
		<SimpleData name="tessellate">1</SimpleData>
		<SimpleData name="extrude">0</SimpleData>
		<SimpleData name="visibility">-1</SimpleData>
		<SimpleData name="distance">30900</SimpleData>
		<SimpleData name="angle">89.2123512776858</SimpleData>
		<SimpleData name="KM">KM 31.9</SimpleData>
		<SimpleData name="Latitude">1.574510</SimpleData>
		<SimpleData name="Longitude">103.895801</SimpleData>
	</SchemaData></ExtendedData>
      <Point><coordinates>103.895801,1.574510,0</coordinates></Point>
  </Placemark>
  <Placemark id="interpolated_points_sde_hala_senai.311">
	<name>SDE HALA SENAI</name>
	<ExtendedData><SchemaData schemaUrl="#interpolated_points_sde_hala_senai">
		<SimpleData name="fid">1</SimpleData>
		<SimpleData name="tessellate">1</SimpleData>
		<SimpleData name="extrude">0</SimpleData>
		<SimpleData name="visibility">-1</SimpleData>
		<SimpleData name="distance">31000</SimpleData>
		<SimpleData name="angle">86.8994371542342</SimpleData>
		<SimpleData name="KM">KM 32.0</SimpleData>
		<SimpleData name="Latitude">1.574536</SimpleData>
		<SimpleData name="Longitude">103.896608</SimpleData>
	</SchemaData></ExtendedData>
      <Point><coordinates>103.896608,1.574536,0</coordinates></Point>
  </Placemark>
  <Placemark id="interpolated_points_sde_hala_senai.312">
	<name>SDE HALA SENAI</name>
	<ExtendedData><SchemaData schemaUrl="#interpolated_points_sde_hala_senai">
		<SimpleData name="fid">1</SimpleData>
		<SimpleData name="tessellate">1</SimpleData>
		<SimpleData name="extrude">0</SimpleData>
		<SimpleData name="visibility">-1</SimpleData>
		<SimpleData name="distance">31100</SimpleData>
		<SimpleData name="angle">87.896887920732</SimpleData>
		<SimpleData name="KM">KM 32.1</SimpleData>
		<SimpleData name="Latitude">1.574560</SimpleData>
		<SimpleData name="Longitude">103.897416</SimpleData>
	</SchemaData></ExtendedData>
      <Point><coordinates>103.897416,1.574560,0</coordinates></Point>
  </Placemark>
  <Placemark id="interpolated_points_sde_hala_senai.313">
	<name>SDE HALA SENAI</name>
	<ExtendedData><SchemaData schemaUrl="#interpolated_points_sde_hala_senai">
		<SimpleData name="fid">1</SimpleData>
		<SimpleData name="tessellate">1</SimpleData>
		<SimpleData name="extrude">0</SimpleData>
		<SimpleData name="visibility">-1</SimpleData>
		<SimpleData name="distance">31200</SimpleData>
		<SimpleData name="angle">87.896887920732</SimpleData>
		<SimpleData name="KM">KM 32.2</SimpleData>
		<SimpleData name="Latitude">1.574594</SimpleData>
		<SimpleData name="Longitude">103.898223</SimpleData>
	</SchemaData></ExtendedData>
      <Point><coordinates>103.898223,1.574594,0</coordinates></Point>
  </Placemark>
  <Placemark id="interpolated_points_sde_hala_senai.314">
	<name>SDE HALA SENAI</name>
	<ExtendedData><SchemaData schemaUrl="#interpolated_points_sde_hala_senai">
		<SimpleData name="fid">1</SimpleData>
		<SimpleData name="tessellate">1</SimpleData>
		<SimpleData name="extrude">0</SimpleData>
		<SimpleData name="visibility">-1</SimpleData>
		<SimpleData name="distance">31300</SimpleData>
		<SimpleData name="angle">88.6865339540674</SimpleData>
		<SimpleData name="KM">KM 32.3</SimpleData>
		<SimpleData name="Latitude">1.574616</SimpleData>
		<SimpleData name="Longitude">103.899031</SimpleData>
	</SchemaData></ExtendedData>
      <Point><coordinates>103.899031,1.574616,0</coordinates></Point>
  </Placemark>
  <Placemark id="interpolated_points_sde_hala_senai.315">
	<name>SDE HALA SENAI</name>
	<ExtendedData><SchemaData schemaUrl="#interpolated_points_sde_hala_senai">
		<SimpleData name="fid">1</SimpleData>
		<SimpleData name="tessellate">1</SimpleData>
		<SimpleData name="extrude">0</SimpleData>
		<SimpleData name="visibility">-1</SimpleData>
		<SimpleData name="distance">31400</SimpleData>
		<SimpleData name="angle">88.0677195899361</SimpleData>
		<SimpleData name="KM">KM 32.4</SimpleData>
		<SimpleData name="Latitude">1.574650</SimpleData>
		<SimpleData name="Longitude">103.899838</SimpleData>
	</SchemaData></ExtendedData>
      <Point><coordinates>103.899838,1.574650,0</coordinates></Point>
  </Placemark>
  <Placemark id="interpolated_points_sde_hala_senai.316">
	<name>SDE HALA SENAI</name>
	<ExtendedData><SchemaData schemaUrl="#interpolated_points_sde_hala_senai">
		<SimpleData name="fid">1</SimpleData>
		<SimpleData name="tessellate">1</SimpleData>
		<SimpleData name="extrude">0</SimpleData>
		<SimpleData name="visibility">-1</SimpleData>
		<SimpleData name="distance">31500</SimpleData>
		<SimpleData name="angle">90.2045424549068</SimpleData>
		<SimpleData name="KM">KM 32.5</SimpleData>
		<SimpleData name="Latitude">1.574648</SimpleData>
		<SimpleData name="Longitude">103.900899</SimpleData>
	</SchemaData></ExtendedData>
      <Point><coordinates>103.900899,1.574648,0</coordinates></Point>
  </Placemark>
  <Placemark id="interpolated_points_sde_hala_senai.317">
	<name>SDE HALA SENAI</name>
	<ExtendedData><SchemaData schemaUrl="#interpolated_points_sde_hala_senai">
		<SimpleData name="fid">1</SimpleData>
		<SimpleData name="tessellate">1</SimpleData>
		<SimpleData name="extrude">0</SimpleData>
		<SimpleData name="visibility">-1</SimpleData>
		<SimpleData name="distance">31600</SimpleData>
		<SimpleData name="angle">92.4578771249924</SimpleData>
		<SimpleData name="KM">KM 32.6</SimpleData>
		<SimpleData name="Latitude">1.574604</SimpleData>
		<SimpleData name="Longitude">103.901960</SimpleData>
	</SchemaData></ExtendedData>
      <Point><coordinates>103.901960,1.574604,0</coordinates></Point>
  </Placemark>
  <Placemark id="interpolated_points_sde_hala_senai.318">
	<name>SDE HALA SENAI</name>
	<ExtendedData><SchemaData schemaUrl="#interpolated_points_sde_hala_senai">
		<SimpleData name="fid">1</SimpleData>
		<SimpleData name="tessellate">1</SimpleData>
		<SimpleData name="extrude">0</SimpleData>
		<SimpleData name="visibility">-1</SimpleData>
		<SimpleData name="distance">31700</SimpleData>
		<SimpleData name="angle">95.2072824860273</SimpleData>
		<SimpleData name="KM">KM 32.7</SimpleData>
		<SimpleData name="Latitude">1.574514</SimpleData>
		<SimpleData name="Longitude">103.903020</SimpleData>
	</SchemaData></ExtendedData>
      <Point><coordinates>103.903020,1.574514,0</coordinates></Point>
  </Placemark>
  <Placemark id="interpolated_points_sde_hala_senai.319">
	<name>SDE HALA SENAI</name>
	<ExtendedData><SchemaData schemaUrl="#interpolated_points_sde_hala_senai">
		<SimpleData name="fid">1</SimpleData>
		<SimpleData name="tessellate">1</SimpleData>
		<SimpleData name="extrude">0</SimpleData>
		<SimpleData name="visibility">-1</SimpleData>
		<SimpleData name="distance">31800</SimpleData>
		<SimpleData name="angle">96.273244691744</SimpleData>
		<SimpleData name="KM">KM 32.8</SimpleData>
		<SimpleData name="Latitude">1.574389</SimpleData>
		<SimpleData name="Longitude">103.904077</SimpleData>
	</SchemaData></ExtendedData>
      <Point><coordinates>103.904077,1.574389,0</coordinates></Point>
  </Placemark>
  <Placemark id="interpolated_points_sde_hala_senai.320">
	<name>SDE HALA SENAI</name>
	<ExtendedData><SchemaData schemaUrl="#interpolated_points_sde_hala_senai">
		<SimpleData name="fid">1</SimpleData>
		<SimpleData name="tessellate">1</SimpleData>
		<SimpleData name="extrude">0</SimpleData>
		<SimpleData name="visibility">-1</SimpleData>
		<SimpleData name="distance">31900</SimpleData>
		<SimpleData name="angle">101.6998315019</SimpleData>
		<SimpleData name="KM">KM 32.9</SimpleData>
		<SimpleData name="Latitude">1.574212</SimpleData>
		<SimpleData name="Longitude">103.905126</SimpleData>
	</SchemaData></ExtendedData>
      <Point><coordinates>103.905126,1.574212,0</coordinates></Point>
  </Placemark>
  <Placemark id="interpolated_points_sde_hala_senai.321">
	<name>SDE HALA SENAI</name>
	<ExtendedData><SchemaData schemaUrl="#interpolated_points_sde_hala_senai">
		<SimpleData name="fid">1</SimpleData>
		<SimpleData name="tessellate">1</SimpleData>
		<SimpleData name="extrude">0</SimpleData>
		<SimpleData name="visibility">-1</SimpleData>
		<SimpleData name="distance">32000</SimpleData>
		<SimpleData name="angle">102.335011898334</SimpleData>
		<SimpleData name="KM">KM 33.0</SimpleData>
		<SimpleData name="Latitude">1.573992</SimpleData>
		<SimpleData name="Longitude">103.906168</SimpleData>
	</SchemaData></ExtendedData>
      <Point><coordinates>103.906168,1.573992,0</coordinates></Point>
  </Placemark>
  <Placemark id="interpolated_points_sde_hala_senai.322">
	<name>SDE HALA SENAI</name>
	<ExtendedData><SchemaData schemaUrl="#interpolated_points_sde_hala_senai">
		<SimpleData name="fid">1</SimpleData>
		<SimpleData name="tessellate">1</SimpleData>
		<SimpleData name="extrude">0</SimpleData>
		<SimpleData name="visibility">-1</SimpleData>
		<SimpleData name="distance">32100</SimpleData>
		<SimpleData name="angle">105.879797425738</SimpleData>
		<SimpleData name="KM">KM 33.1</SimpleData>
		<SimpleData name="Latitude">1.573728</SimpleData>
		<SimpleData name="Longitude">103.907199</SimpleData>
	</SchemaData></ExtendedData>
      <Point><coordinates>103.907199,1.573728,0</coordinates></Point>
  </Placemark>
  <Placemark id="interpolated_points_sde_hala_senai.323">
	<name>SDE HALA SENAI</name>
	<ExtendedData><SchemaData schemaUrl="#interpolated_points_sde_hala_senai">
		<SimpleData name="fid">1</SimpleData>
		<SimpleData name="tessellate">1</SimpleData>
		<SimpleData name="extrude">0</SimpleData>
		<SimpleData name="visibility">-1</SimpleData>
		<SimpleData name="distance">32200</SimpleData>
		<SimpleData name="angle">109.322501306309</SimpleData>
		<SimpleData name="KM">KM 33.2</SimpleData>
		<SimpleData name="Latitude">1.573419</SimpleData>
		<SimpleData name="Longitude">103.908217</SimpleData>
	</SchemaData></ExtendedData>
      <Point><coordinates>103.908217,1.573419,0</coordinates></Point>
  </Placemark>
  <Placemark id="interpolated_points_sde_hala_senai.324">
	<name>SDE HALA SENAI</name>
	<ExtendedData><SchemaData schemaUrl="#interpolated_points_sde_hala_senai">
		<SimpleData name="fid">1</SimpleData>
		<SimpleData name="tessellate">1</SimpleData>
		<SimpleData name="extrude">0</SimpleData>
		<SimpleData name="visibility">-1</SimpleData>
		<SimpleData name="distance">32300</SimpleData>
		<SimpleData name="angle">112.787008711363</SimpleData>
		<SimpleData name="KM">KM 33.3</SimpleData>
		<SimpleData name="Latitude">1.573068</SimpleData>
		<SimpleData name="Longitude">103.909220</SimpleData>
	</SchemaData></ExtendedData>
      <Point><coordinates>103.909220,1.573068,0</coordinates></Point>
  </Placemark>
  <Placemark id="interpolated_points_sde_hala_senai.325">
	<name>SDE HALA SENAI</name>
	<ExtendedData><SchemaData schemaUrl="#interpolated_points_sde_hala_senai">
		<SimpleData name="fid">1</SimpleData>
		<SimpleData name="tessellate">1</SimpleData>
		<SimpleData name="extrude">0</SimpleData>
		<SimpleData name="visibility">-1</SimpleData>
		<SimpleData name="distance">32400</SimpleData>
		<SimpleData name="angle">114.714160050909</SimpleData>
		<SimpleData name="KM">KM 33.4</SimpleData>
		<SimpleData name="Latitude">1.572672</SimpleData>
		<SimpleData name="Longitude">103.910205</SimpleData>
	</SchemaData></ExtendedData>
      <Point><coordinates>103.910205,1.572672,0</coordinates></Point>
  </Placemark>
  <Placemark id="interpolated_points_sde_hala_senai.326">
	<name>SDE HALA SENAI</name>
	<ExtendedData><SchemaData schemaUrl="#interpolated_points_sde_hala_senai">
		<SimpleData name="fid">1</SimpleData>
		<SimpleData name="tessellate">1</SimpleData>
		<SimpleData name="extrude">0</SimpleData>
		<SimpleData name="visibility">-1</SimpleData>
		<SimpleData name="distance">32500</SimpleData>
		<SimpleData name="angle">117.849654273325</SimpleData>
		<SimpleData name="KM">KM 33.5</SimpleData>
		<SimpleData name="Latitude">1.572244</SimpleData>
		<SimpleData name="Longitude">103.911176</SimpleData>
	</SchemaData></ExtendedData>
      <Point><coordinates>103.911176,1.572244,0</coordinates></Point>
  </Placemark>
  <Placemark id="interpolated_points_sde_hala_senai.327">
	<name>SDE HALA SENAI</name>
	<ExtendedData><SchemaData schemaUrl="#interpolated_points_sde_hala_senai">
		<SimpleData name="fid">1</SimpleData>
		<SimpleData name="tessellate">1</SimpleData>
		<SimpleData name="extrude">0</SimpleData>
		<SimpleData name="visibility">-1</SimpleData>
		<SimpleData name="distance">32600</SimpleData>
		<SimpleData name="angle">119.997568564648</SimpleData>
		<SimpleData name="KM">KM 33.6</SimpleData>
		<SimpleData name="Latitude">1.571767</SimpleData>
		<SimpleData name="Longitude">103.912120</SimpleData>
	</SchemaData></ExtendedData>
      <Point><coordinates>103.912120,1.571767,0</coordinates></Point>
  </Placemark>
  <Placemark id="interpolated_points_sde_hala_senai.328">
	<name>SDE HALA SENAI</name>
	<ExtendedData><SchemaData schemaUrl="#interpolated_points_sde_hala_senai">
		<SimpleData name="fid">1</SimpleData>
		<SimpleData name="tessellate">1</SimpleData>
		<SimpleData name="extrude">0</SimpleData>
		<SimpleData name="visibility">-1</SimpleData>
		<SimpleData name="distance">32700</SimpleData>
		<SimpleData name="angle">124.093056493994</SimpleData>
		<SimpleData name="KM">KM 33.7</SimpleData>
		<SimpleData name="Latitude">1.571252</SimpleData>
		<SimpleData name="Longitude">103.913042</SimpleData>
	</SchemaData></ExtendedData>
      <Point><coordinates>103.913042,1.571252,0</coordinates></Point>
  </Placemark>
  <Placemark id="interpolated_points_sde_hala_senai.329">
	<name>SDE HALA SENAI</name>
	<ExtendedData><SchemaData schemaUrl="#interpolated_points_sde_hala_senai">
		<SimpleData name="fid">1</SimpleData>
		<SimpleData name="tessellate">1</SimpleData>
		<SimpleData name="extrude">0</SimpleData>
		<SimpleData name="visibility">-1</SimpleData>
		<SimpleData name="distance">32800</SimpleData>
		<SimpleData name="angle">125.767254440546</SimpleData>
		<SimpleData name="KM">KM 33.8</SimpleData>
		<SimpleData name="Latitude">1.570698</SimpleData>
		<SimpleData name="Longitude">103.913938</SimpleData>
	</SchemaData></ExtendedData>
      <Point><coordinates>103.913938,1.570698,0</coordinates></Point>
  </Placemark>
  <Placemark id="interpolated_points_sde_hala_senai.330">
	<name>SDE HALA SENAI</name>
	<ExtendedData><SchemaData schemaUrl="#interpolated_points_sde_hala_senai">
		<SimpleData name="fid">1</SimpleData>
		<SimpleData name="tessellate">1</SimpleData>
		<SimpleData name="extrude">0</SimpleData>
		<SimpleData name="visibility">-1</SimpleData>
		<SimpleData name="distance">32900</SimpleData>
		<SimpleData name="angle">128.512621477373</SimpleData>
		<SimpleData name="KM">KM 33.9</SimpleData>
		<SimpleData name="Latitude">1.570127</SimpleData>
		<SimpleData name="Longitude">103.914626</SimpleData>
	</SchemaData></ExtendedData>
      <Point><coordinates>103.914626,1.570127,0</coordinates></Point>
  </Placemark>
  <Placemark id="interpolated_points_sde_hala_senai.331">
	<name>SDE HALA SENAI</name>
	<ExtendedData><SchemaData schemaUrl="#interpolated_points_sde_hala_senai">
		<SimpleData name="fid">1</SimpleData>
		<SimpleData name="tessellate">1</SimpleData>
		<SimpleData name="extrude">0</SimpleData>
		<SimpleData name="visibility">-1</SimpleData>
		<SimpleData name="distance">33000</SimpleData>
		<SimpleData name="angle">132.135688903028</SimpleData>
		<SimpleData name="KM">KM 34.0</SimpleData>
		<SimpleData name="Latitude">1.569521</SimpleData>
		<SimpleData name="Longitude">103.915285</SimpleData>
	</SchemaData></ExtendedData>
      <Point><coordinates>103.915285,1.569521,0</coordinates></Point>
  </Placemark>
  <Placemark id="interpolated_points_sde_hala_senai.332">
	<name>SDE HALA SENAI</name>
	<ExtendedData><SchemaData schemaUrl="#interpolated_points_sde_hala_senai">
		<SimpleData name="fid">1</SimpleData>
		<SimpleData name="tessellate">1</SimpleData>
		<SimpleData name="extrude">0</SimpleData>
		<SimpleData name="visibility">-1</SimpleData>
		<SimpleData name="distance">33100</SimpleData>
		<SimpleData name="angle">134.848194558442</SimpleData>
		<SimpleData name="KM">KM 34.1</SimpleData>
		<SimpleData name="Latitude">1.568878</SimpleData>
		<SimpleData name="Longitude">103.915911</SimpleData>
	</SchemaData></ExtendedData>
      <Point><coordinates>103.915911,1.568878,0</coordinates></Point>
  </Placemark>
  <Placemark id="interpolated_points_sde_hala_senai.333">
	<name>SDE HALA SENAI</name>
	<ExtendedData><SchemaData schemaUrl="#interpolated_points_sde_hala_senai">
		<SimpleData name="fid">1</SimpleData>
		<SimpleData name="tessellate">1</SimpleData>
		<SimpleData name="extrude">0</SimpleData>
		<SimpleData name="visibility">-1</SimpleData>
		<SimpleData name="distance">33200</SimpleData>
		<SimpleData name="angle">137.926580095394</SimpleData>
		<SimpleData name="KM">KM 34.2</SimpleData>
		<SimpleData name="Latitude">1.568206</SimpleData>
		<SimpleData name="Longitude">103.916507</SimpleData>
	</SchemaData></ExtendedData>
      <Point><coordinates>103.916507,1.568206,0</coordinates></Point>
  </Placemark>
  <Placemark id="interpolated_points_sde_hala_senai.334">
	<name>SDE HALA SENAI</name>
	<ExtendedData><SchemaData schemaUrl="#interpolated_points_sde_hala_senai">
		<SimpleData name="fid">1</SimpleData>
		<SimpleData name="tessellate">1</SimpleData>
		<SimpleData name="extrude">0</SimpleData>
		<SimpleData name="visibility">-1</SimpleData>
		<SimpleData name="distance">33300</SimpleData>
		<SimpleData name="angle">144.472626531726</SimpleData>
		<SimpleData name="KM">KM 34.3</SimpleData>
		<SimpleData name="Latitude">1.567505</SimpleData>
		<SimpleData name="Longitude">103.917072</SimpleData>
	</SchemaData></ExtendedData>
      <Point><coordinates>103.917072,1.567505,0</coordinates></Point>
  </Placemark>
  <Placemark id="interpolated_points_sde_hala_senai.335">
	<name>SDE HALA SENAI</name>
	<ExtendedData><SchemaData schemaUrl="#interpolated_points_sde_hala_senai">
		<SimpleData name="fid">1</SimpleData>
		<SimpleData name="tessellate">1</SimpleData>
		<SimpleData name="extrude">0</SimpleData>
		<SimpleData name="visibility">-1</SimpleData>
		<SimpleData name="distance">33400</SimpleData>
		<SimpleData name="angle">143.196981864059</SimpleData>
		<SimpleData name="KM">KM 34.4</SimpleData>
		<SimpleData name="Latitude">1.566769</SimpleData>
		<SimpleData name="Longitude">103.917593</SimpleData>
	</SchemaData></ExtendedData>
      <Point><coordinates>103.917593,1.566769,0</coordinates></Point>
  </Placemark>
  <Placemark id="interpolated_points_sde_hala_senai.336">
	<name>SDE HALA SENAI</name>
	<ExtendedData><SchemaData schemaUrl="#interpolated_points_sde_hala_senai">
		<SimpleData name="fid">1</SimpleData>
		<SimpleData name="tessellate">1</SimpleData>
		<SimpleData name="extrude">0</SimpleData>
		<SimpleData name="visibility">-1</SimpleData>
		<SimpleData name="distance">33500</SimpleData>
		<SimpleData name="angle">146.043242544826</SimpleData>
		<SimpleData name="KM">KM 34.5</SimpleData>
		<SimpleData name="Latitude">1.566022</SimpleData>
		<SimpleData name="Longitude">103.918101</SimpleData>
	</SchemaData></ExtendedData>
      <Point><coordinates>103.918101,1.566022,0</coordinates></Point>
  </Placemark>
  <Placemark id="interpolated_points_sde_hala_senai.337">
	<name>SDE HALA SENAI</name>
	<ExtendedData><SchemaData schemaUrl="#interpolated_points_sde_hala_senai">
		<SimpleData name="fid">1</SimpleData>
		<SimpleData name="tessellate">1</SimpleData>
		<SimpleData name="extrude">0</SimpleData>
		<SimpleData name="visibility">-1</SimpleData>
		<SimpleData name="distance">33600</SimpleData>
		<SimpleData name="angle">150.820531543446</SimpleData>
		<SimpleData name="KM">KM 34.6</SimpleData>
		<SimpleData name="Latitude">1.565241</SimpleData>
		<SimpleData name="Longitude">103.918558</SimpleData>
	</SchemaData></ExtendedData>
      <Point><coordinates>103.918558,1.565241,0</coordinates></Point>
  </Placemark>
  <Placemark id="interpolated_points_sde_hala_senai.338">
	<name>SDE HALA SENAI</name>
	<ExtendedData><SchemaData schemaUrl="#interpolated_points_sde_hala_senai">
		<SimpleData name="fid">1</SimpleData>
		<SimpleData name="tessellate">1</SimpleData>
		<SimpleData name="extrude">0</SimpleData>
		<SimpleData name="visibility">-1</SimpleData>
		<SimpleData name="distance">33700</SimpleData>
		<SimpleData name="angle">153.035634431112</SimpleData>
		<SimpleData name="KM">KM 34.7</SimpleData>
		<SimpleData name="Latitude">1.564430</SimpleData>
		<SimpleData name="Longitude">103.918965</SimpleData>
	</SchemaData></ExtendedData>
      <Point><coordinates>103.918965,1.564430,0</coordinates></Point>
  </Placemark>
  <Placemark id="interpolated_points_sde_hala_senai.339">
	<name>SDE HALA SENAI</name>
	<ExtendedData><SchemaData schemaUrl="#interpolated_points_sde_hala_senai">
		<SimpleData name="fid">1</SimpleData>
		<SimpleData name="tessellate">1</SimpleData>
		<SimpleData name="extrude">0</SimpleData>
		<SimpleData name="visibility">-1</SimpleData>
		<SimpleData name="distance">33800</SimpleData>
		<SimpleData name="angle">155.115902810356</SimpleData>
		<SimpleData name="KM">KM 34.8</SimpleData>
		<SimpleData name="Latitude">1.563603</SimpleData>
		<SimpleData name="Longitude">103.919341</SimpleData>
	</SchemaData></ExtendedData>
      <Point><coordinates>103.919341,1.563603,0</coordinates></Point>
  </Placemark>
  <Placemark id="interpolated_points_sde_hala_senai.340">
	<name>SDE HALA SENAI</name>
	<ExtendedData><SchemaData schemaUrl="#interpolated_points_sde_hala_senai">
		<SimpleData name="fid">1</SimpleData>
		<SimpleData name="tessellate">1</SimpleData>
		<SimpleData name="extrude">0</SimpleData>
		<SimpleData name="visibility">-1</SimpleData>
		<SimpleData name="distance">33900</SimpleData>
		<SimpleData name="angle">158.102546876577</SimpleData>
		<SimpleData name="KM">KM 34.9</SimpleData>
		<SimpleData name="Latitude">1.562759</SimpleData>
		<SimpleData name="Longitude">103.919675</SimpleData>
	</SchemaData></ExtendedData>
      <Point><coordinates>103.919675,1.562759,0</coordinates></Point>
  </Placemark>
  <Placemark id="interpolated_points_sde_hala_senai.341">
	<name>SDE HALA SENAI</name>
	<ExtendedData><SchemaData schemaUrl="#interpolated_points_sde_hala_senai">
		<SimpleData name="fid">1</SimpleData>
		<SimpleData name="tessellate">1</SimpleData>
		<SimpleData name="extrude">0</SimpleData>
		<SimpleData name="visibility">-1</SimpleData>
		<SimpleData name="distance">34000</SimpleData>
		<SimpleData name="angle">160.296437907557</SimpleData>
		<SimpleData name="KM">KM 35.0</SimpleData>
		<SimpleData name="Latitude">1.561897</SimpleData>
		<SimpleData name="Longitude">103.919967</SimpleData>
	</SchemaData></ExtendedData>
      <Point><coordinates>103.919967,1.561897,0</coordinates></Point>
  </Placemark>
  <Placemark id="interpolated_points_sde_hala_senai.342">
	<name>SDE HALA SENAI</name>
	<ExtendedData><SchemaData schemaUrl="#interpolated_points_sde_hala_senai">
		<SimpleData name="fid">1</SimpleData>
		<SimpleData name="tessellate">1</SimpleData>
		<SimpleData name="extrude">0</SimpleData>
		<SimpleData name="visibility">-1</SimpleData>
		<SimpleData name="distance">34100</SimpleData>
		<SimpleData name="angle">163.885309755184</SimpleData>
		<SimpleData name="KM">KM 35.1</SimpleData>
		<SimpleData name="Latitude">1.561018</SimpleData>
		<SimpleData name="Longitude">103.920212</SimpleData>
	</SchemaData></ExtendedData>
      <Point><coordinates>103.920212,1.561018,0</coordinates></Point>
  </Placemark>
  <Placemark id="interpolated_points_sde_hala_senai.343">
	<name>SDE HALA SENAI</name>
	<ExtendedData><SchemaData schemaUrl="#interpolated_points_sde_hala_senai">
		<SimpleData name="fid">1</SimpleData>
		<SimpleData name="tessellate">1</SimpleData>
		<SimpleData name="extrude">0</SimpleData>
		<SimpleData name="visibility">-1</SimpleData>
		<SimpleData name="distance">34200</SimpleData>
		<SimpleData name="angle">169.178151915263</SimpleData>
		<SimpleData name="KM">KM 35.2</SimpleData>
		<SimpleData name="Latitude">1.560129</SimpleData>
		<SimpleData name="Longitude">103.920424</SimpleData>
	</SchemaData></ExtendedData>
      <Point><coordinates>103.920424,1.560129,0</coordinates></Point>
  </Placemark>
  <Placemark id="interpolated_points_sde_hala_senai.344">
	<name>SDE HALA SENAI</name>
	<ExtendedData><SchemaData schemaUrl="#interpolated_points_sde_hala_senai">
		<SimpleData name="fid">1</SimpleData>
		<SimpleData name="tessellate">1</SimpleData>
		<SimpleData name="extrude">0</SimpleData>
		<SimpleData name="visibility">-1</SimpleData>
		<SimpleData name="distance">34300</SimpleData>
		<SimpleData name="angle">167.541225520782</SimpleData>
		<SimpleData name="KM">KM 35.3</SimpleData>
		<SimpleData name="Latitude">1.559232</SimpleData>
		<SimpleData name="Longitude">103.920602</SimpleData>
	</SchemaData></ExtendedData>
      <Point><coordinates>103.920602,1.559232,0</coordinates></Point>
  </Placemark>
  <Placemark id="interpolated_points_sde_hala_senai.345">
	<name>SDE HALA SENAI</name>
	<ExtendedData><SchemaData schemaUrl="#interpolated_points_sde_hala_senai">
		<SimpleData name="fid">1</SimpleData>
		<SimpleData name="tessellate">1</SimpleData>
		<SimpleData name="extrude">0</SimpleData>
		<SimpleData name="visibility">-1</SimpleData>
		<SimpleData name="distance">34400</SimpleData>
		<SimpleData name="angle">167.541225520782</SimpleData>
		<SimpleData name="KM">KM 35.4</SimpleData>
		<SimpleData name="Latitude">1.558333</SimpleData>
		<SimpleData name="Longitude">103.920776</SimpleData>
	</SchemaData></ExtendedData>
      <Point><coordinates>103.920776,1.558333,0</coordinates></Point>
  </Placemark>
  <Placemark id="interpolated_points_sde_hala_senai.346">
	<name>SDE HALA SENAI</name>
	<ExtendedData><SchemaData schemaUrl="#interpolated_points_sde_hala_senai">
		<SimpleData name="fid">1</SimpleData>
		<SimpleData name="tessellate">1</SimpleData>
		<SimpleData name="extrude">0</SimpleData>
		<SimpleData name="visibility">-1</SimpleData>
		<SimpleData name="distance">34500</SimpleData>
		<SimpleData name="angle">167.541225520782</SimpleData>
		<SimpleData name="KM">KM 35.5</SimpleData>
		<SimpleData name="Latitude">1.557434</SimpleData>
		<SimpleData name="Longitude">103.920949</SimpleData>
	</SchemaData></ExtendedData>
      <Point><coordinates>103.920949,1.557434,0</coordinates></Point>
  </Placemark>
  <Placemark id="interpolated_points_sde_hala_senai.347">
	<name>SDE HALA SENAI</name>
	<ExtendedData><SchemaData schemaUrl="#interpolated_points_sde_hala_senai">
		<SimpleData name="fid">1</SimpleData>
		<SimpleData name="tessellate">1</SimpleData>
		<SimpleData name="extrude">0</SimpleData>
		<SimpleData name="visibility">-1</SimpleData>
		<SimpleData name="distance">34600</SimpleData>
		<SimpleData name="angle">167.541225520782</SimpleData>
		<SimpleData name="KM">KM 35.6</SimpleData>
		<SimpleData name="Latitude">1.556535</SimpleData>
		<SimpleData name="Longitude">103.921122</SimpleData>
	</SchemaData></ExtendedData>
      <Point><coordinates>103.921122,1.556535,0</coordinates></Point>
  </Placemark>
  <Placemark id="interpolated_points_sde_hala_senai.348">
	<name>SDE HALA SENAI</name>
	<ExtendedData><SchemaData schemaUrl="#interpolated_points_sde_hala_senai">
		<SimpleData name="fid">1</SimpleData>
		<SimpleData name="tessellate">1</SimpleData>
		<SimpleData name="extrude">0</SimpleData>
		<SimpleData name="visibility">-1</SimpleData>
		<SimpleData name="distance">34700</SimpleData>
		<SimpleData name="angle">167.541225520782</SimpleData>
		<SimpleData name="KM">KM 35.7</SimpleData>
		<SimpleData name="Latitude">1.555636</SimpleData>
		<SimpleData name="Longitude">103.921295</SimpleData>
	</SchemaData></ExtendedData>
      <Point><coordinates>103.921295,1.555636,0</coordinates></Point>
  </Placemark>
  <Placemark id="interpolated_points_sde_hala_senai.349">
	<name>SDE HALA SENAI</name>
	<ExtendedData><SchemaData schemaUrl="#interpolated_points_sde_hala_senai">
		<SimpleData name="fid">1</SimpleData>
		<SimpleData name="tessellate">1</SimpleData>
		<SimpleData name="extrude">0</SimpleData>
		<SimpleData name="visibility">-1</SimpleData>
		<SimpleData name="distance">34800</SimpleData>
		<SimpleData name="angle">167.096117636632</SimpleData>
		<SimpleData name="KM">KM 35.8</SimpleData>
		<SimpleData name="Latitude">1.554737</SimpleData>
		<SimpleData name="Longitude">103.921468</SimpleData>
	</SchemaData></ExtendedData>
      <Point><coordinates>103.921468,1.554737,0</coordinates></Point>
  </Placemark>
  <Placemark id="interpolated_points_sde_hala_senai.350">
	<name>SDE HALA SENAI</name>
	<ExtendedData><SchemaData schemaUrl="#interpolated_points_sde_hala_senai">
		<SimpleData name="fid">1</SimpleData>
		<SimpleData name="tessellate">1</SimpleData>
		<SimpleData name="extrude">0</SimpleData>
		<SimpleData name="visibility">-1</SimpleData>
		<SimpleData name="distance">34900</SimpleData>
		<SimpleData name="angle">164.833546723442</SimpleData>
		<SimpleData name="KM">KM 35.9</SimpleData>
		<SimpleData name="Latitude">1.553844</SimpleData>
		<SimpleData name="Longitude">103.921663</SimpleData>
	</SchemaData></ExtendedData>
      <Point><coordinates>103.921663,1.553844,0</coordinates></Point>
  </Placemark>
  <Placemark id="interpolated_points_sde_hala_senai.351">
	<name>SDE HALA SENAI</name>
	<ExtendedData><SchemaData schemaUrl="#interpolated_points_sde_hala_senai">
		<SimpleData name="fid">1</SimpleData>
		<SimpleData name="tessellate">1</SimpleData>
		<SimpleData name="extrude">0</SimpleData>
		<SimpleData name="visibility">-1</SimpleData>
		<SimpleData name="distance">35000</SimpleData>
		<SimpleData name="angle">160.208283814018</SimpleData>
		<SimpleData name="KM">KM 36.0</SimpleData>
		<SimpleData name="Latitude">1.553006</SimpleData>
		<SimpleData name="Longitude">103.921968</SimpleData>
	</SchemaData></ExtendedData>
      <Point><coordinates>103.921968,1.553006,0</coordinates></Point>
  </Placemark>
  <Placemark id="interpolated_points_sde_hala_senai.352">
	<name>SDE HALA SENAI</name>
	<ExtendedData><SchemaData schemaUrl="#interpolated_points_sde_hala_senai">
		<SimpleData name="fid">1</SimpleData>
		<SimpleData name="tessellate">1</SimpleData>
		<SimpleData name="extrude">0</SimpleData>
		<SimpleData name="visibility">-1</SimpleData>
		<SimpleData name="distance">35100</SimpleData>
		<SimpleData name="angle">154.034431844148</SimpleData>
		<SimpleData name="KM">KM 36.1</SimpleData>
		<SimpleData name="Latitude">1.552205</SimpleData>
		<SimpleData name="Longitude">103.922363</SimpleData>
	</SchemaData></ExtendedData>
      <Point><coordinates>103.922363,1.552205,0</coordinates></Point>
  </Placemark>
  <Placemark id="interpolated_points_sde_hala_senai.353">
	<name>SDE HALA SENAI</name>
	<ExtendedData><SchemaData schemaUrl="#interpolated_points_sde_hala_senai">
		<SimpleData name="fid">1</SimpleData>
		<SimpleData name="tessellate">1</SimpleData>
		<SimpleData name="extrude">0</SimpleData>
		<SimpleData name="visibility">-1</SimpleData>
		<SimpleData name="distance">35200</SimpleData>
		<SimpleData name="angle">146.739813394893</SimpleData>
		<SimpleData name="KM">KM 36.2</SimpleData>
		<SimpleData name="Latitude">1.551437</SimpleData>
		<SimpleData name="Longitude">103.922827</SimpleData>
	</SchemaData></ExtendedData>
      <Point><coordinates>103.922827,1.551437,0</coordinates></Point>
  </Placemark>
  <Placemark id="interpolated_points_sde_hala_senai.354">
	<name>SDE HALA SENAI</name>
	<ExtendedData><SchemaData schemaUrl="#interpolated_points_sde_hala_senai">
		<SimpleData name="fid">1</SimpleData>
		<SimpleData name="tessellate">1</SimpleData>
		<SimpleData name="extrude">0</SimpleData>
		<SimpleData name="visibility">-1</SimpleData>
		<SimpleData name="distance">35300</SimpleData>
		<SimpleData name="angle">141.540536034944</SimpleData>
		<SimpleData name="KM">KM 36.3</SimpleData>
		<SimpleData name="Latitude">1.550726</SimpleData>
		<SimpleData name="Longitude">103.923375</SimpleData>
	</SchemaData></ExtendedData>
      <Point><coordinates>103.923375,1.550726,0</coordinates></Point>
  </Placemark>
  <Placemark id="interpolated_points_sde_hala_senai.355">
	<name>SDE HALA SENAI</name>
	<ExtendedData><SchemaData schemaUrl="#interpolated_points_sde_hala_senai">
		<SimpleData name="fid">1</SimpleData>
		<SimpleData name="tessellate">1</SimpleData>
		<SimpleData name="extrude">0</SimpleData>
		<SimpleData name="visibility">-1</SimpleData>
		<SimpleData name="distance">35400</SimpleData>
		<SimpleData name="angle">139.748999218072</SimpleData>
		<SimpleData name="KM">KM 36.4</SimpleData>
		<SimpleData name="Latitude">1.550041</SimpleData>
		<SimpleData name="Longitude">103.923959</SimpleData>
	</SchemaData></ExtendedData>
      <Point><coordinates>103.923959,1.550041,0</coordinates></Point>
  </Placemark>
  <Placemark id="interpolated_points_sde_hala_senai.356">
	<name>SDE HALA SENAI</name>
	<ExtendedData><SchemaData schemaUrl="#interpolated_points_sde_hala_senai">
		<SimpleData name="fid">1</SimpleData>
		<SimpleData name="tessellate">1</SimpleData>
		<SimpleData name="extrude">0</SimpleData>
		<SimpleData name="visibility">-1</SimpleData>
		<SimpleData name="distance">35500</SimpleData>
		<SimpleData name="angle">139.294772371466</SimpleData>
		<SimpleData name="KM">KM 36.5</SimpleData>
		<SimpleData name="Latitude">1.549375</SimpleData>
		<SimpleData name="Longitude">103.924564</SimpleData>
	</SchemaData></ExtendedData>
      <Point><coordinates>103.924564,1.549375,0</coordinates></Point>
  </Placemark>
  <Placemark id="interpolated_points_sde_hala_senai.357">
	<name>SDE HALA SENAI</name>
	<ExtendedData><SchemaData schemaUrl="#interpolated_points_sde_hala_senai">
		<SimpleData name="fid">1</SimpleData>
		<SimpleData name="tessellate">1</SimpleData>
		<SimpleData name="extrude">0</SimpleData>
		<SimpleData name="visibility">-1</SimpleData>
		<SimpleData name="distance">35600</SimpleData>
		<SimpleData name="angle">139.547313868294</SimpleData>
		<SimpleData name="KM">KM 36.6</SimpleData>
		<SimpleData name="Latitude">1.548705</SimpleData>
		<SimpleData name="Longitude">103.925166</SimpleData>
	</SchemaData></ExtendedData>
      <Point><coordinates>103.925166,1.548705,0</coordinates></Point>
  </Placemark>
  <Placemark id="interpolated_points_sde_hala_senai.358">
	<name>SDE HALA SENAI</name>
	<ExtendedData><SchemaData schemaUrl="#interpolated_points_sde_hala_senai">
		<SimpleData name="fid">1</SimpleData>
		<SimpleData name="tessellate">1</SimpleData>
		<SimpleData name="extrude">0</SimpleData>
		<SimpleData name="visibility">-1</SimpleData>
		<SimpleData name="distance">35700</SimpleData>
		<SimpleData name="angle">138.940561132739</SimpleData>
		<SimpleData name="KM">KM 36.7</SimpleData>
		<SimpleData name="Latitude">1.548032</SimpleData>
		<SimpleData name="Longitude">103.925764</SimpleData>
	</SchemaData></ExtendedData>
      <Point><coordinates>103.925764,1.548032,0</coordinates></Point>
  </Placemark>
  <Placemark id="interpolated_points_sde_hala_senai.359">
	<name>SDE HALA SENAI</name>
	<ExtendedData><SchemaData schemaUrl="#interpolated_points_sde_hala_senai">
		<SimpleData name="fid">1</SimpleData>
		<SimpleData name="tessellate">1</SimpleData>
		<SimpleData name="extrude">0</SimpleData>
		<SimpleData name="visibility">-1</SimpleData>
		<SimpleData name="distance">35800</SimpleData>
		<SimpleData name="angle">139.447556060704</SimpleData>
		<SimpleData name="KM">KM 36.8</SimpleData>
		<SimpleData name="Latitude">1.547364</SimpleData>
		<SimpleData name="Longitude">103.926367</SimpleData>
	</SchemaData></ExtendedData>
      <Point><coordinates>103.926367,1.547364,0</coordinates></Point>
  </Placemark>
  <Placemark id="interpolated_points_sde_hala_senai.360">
	<name>SDE HALA SENAI</name>
	<ExtendedData><SchemaData schemaUrl="#interpolated_points_sde_hala_senai">
		<SimpleData name="fid">1</SimpleData>
		<SimpleData name="tessellate">1</SimpleData>
		<SimpleData name="extrude">0</SimpleData>
		<SimpleData name="visibility">-1</SimpleData>
		<SimpleData name="distance">35900</SimpleData>
		<SimpleData name="angle">139.920697861428</SimpleData>
		<SimpleData name="KM">KM 36.9</SimpleData>
		<SimpleData name="Latitude">1.546691</SimpleData>
		<SimpleData name="Longitude">103.926964</SimpleData>
	</SchemaData></ExtendedData>
      <Point><coordinates>103.926964,1.546691,0</coordinates></Point>
  </Placemark>
  <Placemark id="interpolated_points_sde_hala_senai.361">
	<name>SDE HALA SENAI</name>
	<ExtendedData><SchemaData schemaUrl="#interpolated_points_sde_hala_senai">
		<SimpleData name="fid">1</SimpleData>
		<SimpleData name="tessellate">1</SimpleData>
		<SimpleData name="extrude">0</SimpleData>
		<SimpleData name="visibility">-1</SimpleData>
		<SimpleData name="distance">36000</SimpleData>
		<SimpleData name="angle">139.696768070276</SimpleData>
		<SimpleData name="KM">KM 37.0</SimpleData>
		<SimpleData name="Latitude">1.546017</SimpleData>
		<SimpleData name="Longitude">103.927561</SimpleData>
	</SchemaData></ExtendedData>
      <Point><coordinates>103.927561,1.546017,0</coordinates></Point>
  </Placemark>
  <Placemark id="interpolated_points_sde_hala_senai.362">
	<name>SDE HALA SENAI</name>
	<ExtendedData><SchemaData schemaUrl="#interpolated_points_sde_hala_senai">
		<SimpleData name="fid">1</SimpleData>
		<SimpleData name="tessellate">1</SimpleData>
		<SimpleData name="extrude">0</SimpleData>
		<SimpleData name="visibility">-1</SimpleData>
		<SimpleData name="distance">36100</SimpleData>
		<SimpleData name="angle">139.696768070276</SimpleData>
		<SimpleData name="KM">KM 37.1</SimpleData>
		<SimpleData name="Latitude">1.545344</SimpleData>
		<SimpleData name="Longitude">103.928158</SimpleData>
	</SchemaData></ExtendedData>
      <Point><coordinates>103.928158,1.545344,0</coordinates></Point>
  </Placemark>
  <Placemark id="interpolated_points_sde_hala_senai.363">
	<name>SDE HALA SENAI</name>
	<ExtendedData><SchemaData schemaUrl="#interpolated_points_sde_hala_senai">
		<SimpleData name="fid">1</SimpleData>
		<SimpleData name="tessellate">1</SimpleData>
		<SimpleData name="extrude">0</SimpleData>
		<SimpleData name="visibility">-1</SimpleData>
		<SimpleData name="distance">36200</SimpleData>
		<SimpleData name="angle">139.696768070276</SimpleData>
		<SimpleData name="KM">KM 37.2</SimpleData>
		<SimpleData name="Latitude">1.544670</SimpleData>
		<SimpleData name="Longitude">103.928756</SimpleData>
	</SchemaData></ExtendedData>
      <Point><coordinates>103.928756,1.544670,0</coordinates></Point>
  </Placemark>
  <Placemark id="interpolated_points_sde_hala_senai.364">
	<name>SDE HALA SENAI</name>
	<ExtendedData><SchemaData schemaUrl="#interpolated_points_sde_hala_senai">
		<SimpleData name="fid">1</SimpleData>
		<SimpleData name="tessellate">1</SimpleData>
		<SimpleData name="extrude">0</SimpleData>
		<SimpleData name="visibility">-1</SimpleData>
		<SimpleData name="distance">36300</SimpleData>
		<SimpleData name="angle">139.696768070276</SimpleData>
		<SimpleData name="KM">KM 37.3</SimpleData>
		<SimpleData name="Latitude">1.543997</SimpleData>
		<SimpleData name="Longitude">103.929353</SimpleData>
	</SchemaData></ExtendedData>
      <Point><coordinates>103.929353,1.543997,0</coordinates></Point>
  </Placemark>
  <Placemark id="interpolated_points_sde_hala_senai.365">
	<name>SDE HALA SENAI</name>
	<ExtendedData><SchemaData schemaUrl="#interpolated_points_sde_hala_senai">
		<SimpleData name="fid">1</SimpleData>
		<SimpleData name="tessellate">1</SimpleData>
		<SimpleData name="extrude">0</SimpleData>
		<SimpleData name="visibility">-1</SimpleData>
		<SimpleData name="distance">36400</SimpleData>
		<SimpleData name="angle">139.696768070276</SimpleData>
		<SimpleData name="KM">KM 37.4</SimpleData>
		<SimpleData name="Latitude">1.543324</SimpleData>
		<SimpleData name="Longitude">103.929951</SimpleData>
	</SchemaData></ExtendedData>
      <Point><coordinates>103.929951,1.543324,0</coordinates></Point>
  </Placemark>
  <Placemark id="interpolated_points_sde_hala_senai.366">
	<name>SDE HALA SENAI</name>
	<ExtendedData><SchemaData schemaUrl="#interpolated_points_sde_hala_senai">
		<SimpleData name="fid">1</SimpleData>
		<SimpleData name="tessellate">1</SimpleData>
		<SimpleData name="extrude">0</SimpleData>
		<SimpleData name="visibility">-1</SimpleData>
		<SimpleData name="distance">36500</SimpleData>
		<SimpleData name="angle">139.696768070276</SimpleData>
		<SimpleData name="KM">KM 37.5</SimpleData>
		<SimpleData name="Latitude">1.542651</SimpleData>
		<SimpleData name="Longitude">103.930548</SimpleData>
	</SchemaData></ExtendedData>
      <Point><coordinates>103.930548,1.542651,0</coordinates></Point>
  </Placemark>
  <Placemark id="interpolated_points_sde_hala_senai.367">
	<name>SDE HALA SENAI</name>
	<ExtendedData><SchemaData schemaUrl="#interpolated_points_sde_hala_senai">
		<SimpleData name="fid">1</SimpleData>
		<SimpleData name="tessellate">1</SimpleData>
		<SimpleData name="extrude">0</SimpleData>
		<SimpleData name="visibility">-1</SimpleData>
		<SimpleData name="distance">36600</SimpleData>
		<SimpleData name="angle">139.696768070276</SimpleData>
		<SimpleData name="KM">KM 37.6</SimpleData>
		<SimpleData name="Latitude">1.541977</SimpleData>
		<SimpleData name="Longitude">103.931146</SimpleData>
	</SchemaData></ExtendedData>
      <Point><coordinates>103.931146,1.541977,0</coordinates></Point>
  </Placemark>
  <Placemark id="interpolated_points_sde_hala_senai.368">
	<name>SDE HALA SENAI</name>
	<ExtendedData><SchemaData schemaUrl="#interpolated_points_sde_hala_senai">
		<SimpleData name="fid">1</SimpleData>
		<SimpleData name="tessellate">1</SimpleData>
		<SimpleData name="extrude">0</SimpleData>
		<SimpleData name="visibility">-1</SimpleData>
		<SimpleData name="distance">36700</SimpleData>
		<SimpleData name="angle">139.696768070276</SimpleData>
		<SimpleData name="KM">KM 37.7</SimpleData>
		<SimpleData name="Latitude">1.541304</SimpleData>
		<SimpleData name="Longitude">103.931743</SimpleData>
	</SchemaData></ExtendedData>
      <Point><coordinates>103.931743,1.541304,0</coordinates></Point>
  </Placemark>
  <Placemark id="interpolated_points_sde_hala_senai.369">
	<name>SDE HALA SENAI</name>
	<ExtendedData><SchemaData schemaUrl="#interpolated_points_sde_hala_senai">
		<SimpleData name="fid">1</SimpleData>
		<SimpleData name="tessellate">1</SimpleData>
		<SimpleData name="extrude">0</SimpleData>
		<SimpleData name="visibility">-1</SimpleData>
		<SimpleData name="distance">36800</SimpleData>
		<SimpleData name="angle">137.984196775989</SimpleData>
		<SimpleData name="KM">KM 37.8</SimpleData>
		<SimpleData name="Latitude">1.540638</SimpleData>
		<SimpleData name="Longitude">103.932349</SimpleData>
	</SchemaData></ExtendedData>
      <Point><coordinates>103.932349,1.540638,0</coordinates></Point>
  </Placemark>
  <Placemark id="interpolated_points_sde_hala_senai.370">
	<name>SDE HALA SENAI</name>
	<ExtendedData><SchemaData schemaUrl="#interpolated_points_sde_hala_senai">
		<SimpleData name="fid">1</SimpleData>
		<SimpleData name="tessellate">1</SimpleData>
		<SimpleData name="extrude">0</SimpleData>
		<SimpleData name="visibility">-1</SimpleData>
		<SimpleData name="distance">36900</SimpleData>
		<SimpleData name="angle">139.552681450305</SimpleData>
		<SimpleData name="KM">KM 37.9</SimpleData>
		<SimpleData name="Latitude">1.539976</SimpleData>
		<SimpleData name="Longitude">103.932959</SimpleData>
	</SchemaData></ExtendedData>
      <Point><coordinates>103.932959,1.539976,0</coordinates></Point>
  </Placemark>
  <Placemark id="interpolated_points_sde_hala_senai.371">
	<name>SDE HALA SENAI</name>
	<ExtendedData><SchemaData schemaUrl="#interpolated_points_sde_hala_senai">
		<SimpleData name="fid">1</SimpleData>
		<SimpleData name="tessellate">1</SimpleData>
		<SimpleData name="extrude">0</SimpleData>
		<SimpleData name="visibility">-1</SimpleData>
		<SimpleData name="distance">37000</SimpleData>
		<SimpleData name="angle">139.552681450305</SimpleData>
		<SimpleData name="KM">KM 38.0</SimpleData>
		<SimpleData name="Latitude">1.539304</SimpleData>
		<SimpleData name="Longitude">103.933558</SimpleData>
	</SchemaData></ExtendedData>
      <Point><coordinates>103.933558,1.539304,0</coordinates></Point>
  </Placemark>
  <Placemark id="interpolated_points_sde_hala_senai.372">
	<name>SDE HALA SENAI</name>
	<ExtendedData><SchemaData schemaUrl="#interpolated_points_sde_hala_senai">
		<SimpleData name="fid">1</SimpleData>
		<SimpleData name="tessellate">1</SimpleData>
		<SimpleData name="extrude">0</SimpleData>
		<SimpleData name="visibility">-1</SimpleData>
		<SimpleData name="distance">37100</SimpleData>
		<SimpleData name="angle">139.552681450305</SimpleData>
		<SimpleData name="KM">KM 38.1</SimpleData>
		<SimpleData name="Latitude">1.538633</SimpleData>
		<SimpleData name="Longitude">103.934157</SimpleData>
	</SchemaData></ExtendedData>
      <Point><coordinates>103.934157,1.538633,0</coordinates></Point>
  </Placemark>
  <Placemark id="interpolated_points_sde_hala_senai.373">
	<name>SDE HALA SENAI</name>
	<ExtendedData><SchemaData schemaUrl="#interpolated_points_sde_hala_senai">
		<SimpleData name="fid">1</SimpleData>
		<SimpleData name="tessellate">1</SimpleData>
		<SimpleData name="extrude">0</SimpleData>
		<SimpleData name="visibility">-1</SimpleData>
		<SimpleData name="distance">37200</SimpleData>
		<SimpleData name="angle">139.552681450305</SimpleData>
		<SimpleData name="KM">KM 38.2</SimpleData>
		<SimpleData name="Latitude">1.537961</SimpleData>
		<SimpleData name="Longitude">103.934756</SimpleData>
	</SchemaData></ExtendedData>
      <Point><coordinates>103.934756,1.537961,0</coordinates></Point>
  </Placemark>
  <Placemark id="interpolated_points_sde_hala_senai.374">
	<name>SDE HALA SENAI</name>
	<ExtendedData><SchemaData schemaUrl="#interpolated_points_sde_hala_senai">
		<SimpleData name="fid">1</SimpleData>
		<SimpleData name="tessellate">1</SimpleData>
		<SimpleData name="extrude">0</SimpleData>
		<SimpleData name="visibility">-1</SimpleData>
		<SimpleData name="distance">37300</SimpleData>
		<SimpleData name="angle">139.552681450305</SimpleData>
		<SimpleData name="KM">KM 38.3</SimpleData>
		<SimpleData name="Latitude">1.537289</SimpleData>
		<SimpleData name="Longitude">103.935355</SimpleData>
	</SchemaData></ExtendedData>
      <Point><coordinates>103.935355,1.537289,0</coordinates></Point>
  </Placemark>
  <Placemark id="interpolated_points_sde_hala_senai.375">
	<name>SDE HALA SENAI</name>
	<ExtendedData><SchemaData schemaUrl="#interpolated_points_sde_hala_senai">
		<SimpleData name="fid">1</SimpleData>
		<SimpleData name="tessellate">1</SimpleData>
		<SimpleData name="extrude">0</SimpleData>
		<SimpleData name="visibility">-1</SimpleData>
		<SimpleData name="distance">37400</SimpleData>
		<SimpleData name="angle">139.552681450305</SimpleData>
		<SimpleData name="KM">KM 38.4</SimpleData>
		<SimpleData name="Latitude">1.536617</SimpleData>
		<SimpleData name="Longitude">103.935954</SimpleData>
	</SchemaData></ExtendedData>
      <Point><coordinates>103.935954,1.536617,0</coordinates></Point>
  </Placemark>
  <Placemark id="interpolated_points_sde_hala_senai.376">
	<name>SDE HALA SENAI</name>
	<ExtendedData><SchemaData schemaUrl="#interpolated_points_sde_hala_senai">
		<SimpleData name="fid">1</SimpleData>
		<SimpleData name="tessellate">1</SimpleData>
		<SimpleData name="extrude">0</SimpleData>
		<SimpleData name="visibility">-1</SimpleData>
		<SimpleData name="distance">37500</SimpleData>
		<SimpleData name="angle">139.552681450305</SimpleData>
		<SimpleData name="KM">KM 38.5</SimpleData>
		<SimpleData name="Latitude">1.535946</SimpleData>
		<SimpleData name="Longitude">103.936554</SimpleData>
	</SchemaData></ExtendedData>
      <Point><coordinates>103.936554,1.535946,0</coordinates></Point>
  </Placemark>
  <Placemark id="interpolated_points_sde_hala_senai.377">
	<name>SDE HALA SENAI</name>
	<ExtendedData><SchemaData schemaUrl="#interpolated_points_sde_hala_senai">
		<SimpleData name="fid">1</SimpleData>
		<SimpleData name="tessellate">1</SimpleData>
		<SimpleData name="extrude">0</SimpleData>
		<SimpleData name="visibility">-1</SimpleData>
		<SimpleData name="distance">37600</SimpleData>
		<SimpleData name="angle">139.552681450305</SimpleData>
		<SimpleData name="KM">KM 38.6</SimpleData>
		<SimpleData name="Latitude">1.535274</SimpleData>
		<SimpleData name="Longitude">103.937153</SimpleData>
	</SchemaData></ExtendedData>
      <Point><coordinates>103.937153,1.535274,0</coordinates></Point>
  </Placemark>
  <Placemark id="interpolated_points_sde_hala_senai.378">
	<name>SDE HALA SENAI</name>
	<ExtendedData><SchemaData schemaUrl="#interpolated_points_sde_hala_senai">
		<SimpleData name="fid">1</SimpleData>
		<SimpleData name="tessellate">1</SimpleData>
		<SimpleData name="extrude">0</SimpleData>
		<SimpleData name="visibility">-1</SimpleData>
		<SimpleData name="distance">37700</SimpleData>
		<SimpleData name="angle">138.601809637536</SimpleData>
		<SimpleData name="KM">KM 38.7</SimpleData>
		<SimpleData name="Latitude">1.534606</SimpleData>
		<SimpleData name="Longitude">103.937756</SimpleData>
	</SchemaData></ExtendedData>
      <Point><coordinates>103.937756,1.534606,0</coordinates></Point>
  </Placemark>
  <Placemark id="interpolated_points_sde_hala_senai.379">
	<name>SDE HALA SENAI</name>
	<ExtendedData><SchemaData schemaUrl="#interpolated_points_sde_hala_senai">
		<SimpleData name="fid">1</SimpleData>
		<SimpleData name="tessellate">1</SimpleData>
		<SimpleData name="extrude">0</SimpleData>
		<SimpleData name="visibility">-1</SimpleData>
		<SimpleData name="distance">37800</SimpleData>
		<SimpleData name="angle">136.133920741083</SimpleData>
		<SimpleData name="KM">KM 38.8</SimpleData>
		<SimpleData name="Latitude">1.533949</SimpleData>
		<SimpleData name="Longitude">103.938373</SimpleData>
	</SchemaData></ExtendedData>
      <Point><coordinates>103.938373,1.533949,0</coordinates></Point>
  </Placemark>
  <Placemark id="interpolated_points_sde_hala_senai.380">
	<name>SDE HALA SENAI</name>
	<ExtendedData><SchemaData schemaUrl="#interpolated_points_sde_hala_senai">
		<SimpleData name="fid">1</SimpleData>
		<SimpleData name="tessellate">1</SimpleData>
		<SimpleData name="extrude">0</SimpleData>
		<SimpleData name="visibility">-1</SimpleData>
		<SimpleData name="distance">37900</SimpleData>
		<SimpleData name="angle">133.749538228263</SimpleData>
		<SimpleData name="KM">KM 38.9</SimpleData>
		<SimpleData name="Latitude">1.533323</SimpleData>
		<SimpleData name="Longitude">103.939021</SimpleData>
	</SchemaData></ExtendedData>
      <Point><coordinates>103.939021,1.533323,0</coordinates></Point>
  </Placemark>
  <Placemark id="interpolated_points_sde_hala_senai.381">
	<name>SDE HALA SENAI</name>
	<ExtendedData><SchemaData schemaUrl="#interpolated_points_sde_hala_senai">
		<SimpleData name="fid">1</SimpleData>
		<SimpleData name="tessellate">1</SimpleData>
		<SimpleData name="extrude">0</SimpleData>
		<SimpleData name="visibility">-1</SimpleData>
		<SimpleData name="distance">38000</SimpleData>
		<SimpleData name="angle">131.848054571186</SimpleData>
		<SimpleData name="KM">KM 39.0</SimpleData>
		<SimpleData name="Latitude">1.532728</SimpleData>
		<SimpleData name="Longitude">103.939699</SimpleData>
	</SchemaData></ExtendedData>
      <Point><coordinates>103.939699,1.532728,0</coordinates></Point>
  </Placemark>
  <Placemark id="interpolated_points_sde_hala_senai.382">
	<name>SDE HALA SENAI</name>
	<ExtendedData><SchemaData schemaUrl="#interpolated_points_sde_hala_senai">
		<SimpleData name="fid">1</SimpleData>
		<SimpleData name="tessellate">1</SimpleData>
		<SimpleData name="extrude">0</SimpleData>
		<SimpleData name="visibility">-1</SimpleData>
		<SimpleData name="distance">38100</SimpleData>
		<SimpleData name="angle">125.974510976839</SimpleData>
		<SimpleData name="KM">KM 39.1</SimpleData>
		<SimpleData name="Latitude">1.532163</SimpleData>
		<SimpleData name="Longitude">103.940402</SimpleData>
	</SchemaData></ExtendedData>
      <Point><coordinates>103.940402,1.532163,0</coordinates></Point>
  </Placemark>
  <Placemark id="interpolated_points_sde_hala_senai.383">
	<name>SDE HALA SENAI</name>
	<ExtendedData><SchemaData schemaUrl="#interpolated_points_sde_hala_senai">
		<SimpleData name="fid">1</SimpleData>
		<SimpleData name="tessellate">1</SimpleData>
		<SimpleData name="extrude">0</SimpleData>
		<SimpleData name="visibility">-1</SimpleData>
		<SimpleData name="distance">38200</SimpleData>
		<SimpleData name="angle">126.497588937386</SimpleData>
		<SimpleData name="KM">KM 39.2</SimpleData>
		<SimpleData name="Latitude">1.531642</SimpleData>
		<SimpleData name="Longitude">103.941142</SimpleData>
	</SchemaData></ExtendedData>
      <Point><coordinates>103.941142,1.531642,0</coordinates></Point>
  </Placemark>
  <Placemark id="interpolated_points_sde_hala_senai.384">
	<name>SDE HALA SENAI</name>
	<ExtendedData><SchemaData schemaUrl="#interpolated_points_sde_hala_senai">
		<SimpleData name="fid">1</SimpleData>
		<SimpleData name="tessellate">1</SimpleData>
		<SimpleData name="extrude">0</SimpleData>
		<SimpleData name="visibility">-1</SimpleData>
		<SimpleData name="distance">38300</SimpleData>
		<SimpleData name="angle">121.13566428556</SimpleData>
		<SimpleData name="KM">KM 39.3</SimpleData>
		<SimpleData name="Latitude">1.531150</SimpleData>
		<SimpleData name="Longitude">103.941900</SimpleData>
	</SchemaData></ExtendedData>
      <Point><coordinates>103.941900,1.531150,0</coordinates></Point>
  </Placemark>
  <Placemark id="interpolated_points_sde_hala_senai.385">
	<name>SDE HALA SENAI</name>
	<ExtendedData><SchemaData schemaUrl="#interpolated_points_sde_hala_senai">
		<SimpleData name="fid">1</SimpleData>
		<SimpleData name="tessellate">1</SimpleData>
		<SimpleData name="extrude">0</SimpleData>
		<SimpleData name="visibility">-1</SimpleData>
		<SimpleData name="distance">38400</SimpleData>
		<SimpleData name="angle">119.683517024648</SimpleData>
		<SimpleData name="KM">KM 39.4</SimpleData>
		<SimpleData name="Latitude">1.530706</SimpleData>
		<SimpleData name="Longitude">103.942690</SimpleData>
	</SchemaData></ExtendedData>
      <Point><coordinates>103.942690,1.530706,0</coordinates></Point>
  </Placemark>
  <Placemark id="interpolated_points_sde_hala_senai.386">
	<name>SDE HALA SENAI</name>
	<ExtendedData><SchemaData schemaUrl="#interpolated_points_sde_hala_senai">
		<SimpleData name="fid">1</SimpleData>
		<SimpleData name="tessellate">1</SimpleData>
		<SimpleData name="extrude">0</SimpleData>
		<SimpleData name="visibility">-1</SimpleData>
		<SimpleData name="distance">38500</SimpleData>
		<SimpleData name="angle">119.672409858051</SimpleData>
		<SimpleData name="KM">KM 39.5</SimpleData>
		<SimpleData name="Latitude">1.530290</SimpleData>
		<SimpleData name="Longitude">103.943494</SimpleData>
	</SchemaData></ExtendedData>
      <Point><coordinates>103.943494,1.530290,0</coordinates></Point>
  </Placemark>
  <Placemark id="interpolated_points_sde_hala_senai.387">
	<name>SDE HALA SENAI</name>
	<ExtendedData><SchemaData schemaUrl="#interpolated_points_sde_hala_senai">
		<SimpleData name="fid">1</SimpleData>
		<SimpleData name="tessellate">1</SimpleData>
		<SimpleData name="extrude">0</SimpleData>
		<SimpleData name="visibility">-1</SimpleData>
		<SimpleData name="distance">38600</SimpleData>
		<SimpleData name="angle">113.127190657451</SimpleData>
		<SimpleData name="KM">KM 39.6</SimpleData>
		<SimpleData name="Latitude">1.529919</SimpleData>
		<SimpleData name="Longitude">103.944322</SimpleData>
	</SchemaData></ExtendedData>
      <Point><coordinates>103.944322,1.529919,0</coordinates></Point>
  </Placemark>
  <Placemark id="interpolated_points_sde_hala_senai.388">
	<name>SDE HALA SENAI</name>
	<ExtendedData><SchemaData schemaUrl="#interpolated_points_sde_hala_senai">
		<SimpleData name="fid">1</SimpleData>
		<SimpleData name="tessellate">1</SimpleData>
		<SimpleData name="extrude">0</SimpleData>
		<SimpleData name="visibility">-1</SimpleData>
		<SimpleData name="distance">38700</SimpleData>
		<SimpleData name="angle">110.363939383353</SimpleData>
		<SimpleData name="KM">KM 39.7</SimpleData>
		<SimpleData name="Latitude">1.529591</SimpleData>
		<SimpleData name="Longitude">103.945169</SimpleData>
	</SchemaData></ExtendedData>
      <Point><coordinates>103.945169,1.529591,0</coordinates></Point>
  </Placemark>
  <Placemark id="interpolated_points_sde_hala_senai.389">
	<name>SDE HALA SENAI</name>
	<ExtendedData><SchemaData schemaUrl="#interpolated_points_sde_hala_senai">
		<SimpleData name="fid">1</SimpleData>
		<SimpleData name="tessellate">1</SimpleData>
		<SimpleData name="extrude">0</SimpleData>
		<SimpleData name="visibility">-1</SimpleData>
		<SimpleData name="distance">38800</SimpleData>
		<SimpleData name="angle">109.009374385156</SimpleData>
		<SimpleData name="KM">KM 39.8</SimpleData>
		<SimpleData name="Latitude">1.529309</SimpleData>
		<SimpleData name="Longitude">103.945951</SimpleData>
	</SchemaData></ExtendedData>
      <Point><coordinates>103.945951,1.529309,0</coordinates></Point>
  </Placemark>
  <Placemark id="interpolated_points_sde_hala_senai.390">
	<name>SDE HALA SENAI</name>
	<ExtendedData><SchemaData schemaUrl="#interpolated_points_sde_hala_senai">
		<SimpleData name="fid">1</SimpleData>
		<SimpleData name="tessellate">1</SimpleData>
		<SimpleData name="extrude">0</SimpleData>
		<SimpleData name="visibility">-1</SimpleData>
		<SimpleData name="distance">38900</SimpleData>
		<SimpleData name="angle">106.008182788442</SimpleData>
		<SimpleData name="KM">KM 39.9</SimpleData>
		<SimpleData name="Latitude">1.529071</SimpleData>
		<SimpleData name="Longitude">103.946748</SimpleData>
	</SchemaData></ExtendedData>
      <Point><coordinates>103.946748,1.529071,0</coordinates></Point>
  </Placemark>
  <Placemark id="interpolated_points_sde_hala_senai.391">
	<name>SDE HALA SENAI</name>
	<ExtendedData><SchemaData schemaUrl="#interpolated_points_sde_hala_senai">
		<SimpleData name="fid">1</SimpleData>
		<SimpleData name="tessellate">1</SimpleData>
		<SimpleData name="extrude">0</SimpleData>
		<SimpleData name="visibility">-1</SimpleData>
		<SimpleData name="distance">39000</SimpleData>
		<SimpleData name="angle">101.84356105556</SimpleData>
		<SimpleData name="KM">KM 40.0</SimpleData>
		<SimpleData name="Latitude">1.528885</SimpleData>
		<SimpleData name="Longitude">103.947558</SimpleData>
	</SchemaData></ExtendedData>
      <Point><coordinates>103.947558,1.528885,0</coordinates></Point>
  </Placemark>
  <Placemark id="interpolated_points_sde_hala_senai.392">
	<name>SDE HALA SENAI</name>
	<ExtendedData><SchemaData schemaUrl="#interpolated_points_sde_hala_senai">
		<SimpleData name="fid">1</SimpleData>
		<SimpleData name="tessellate">1</SimpleData>
		<SimpleData name="extrude">0</SimpleData>
		<SimpleData name="visibility">-1</SimpleData>
		<SimpleData name="distance">39100</SimpleData>
		<SimpleData name="angle">98.9355503791651</SimpleData>
		<SimpleData name="KM">KM 40.1</SimpleData>
		<SimpleData name="Latitude">1.528735</SimpleData>
		<SimpleData name="Longitude">103.948376</SimpleData>
	</SchemaData></ExtendedData>
      <Point><coordinates>103.948376,1.528735,0</coordinates></Point>
  </Placemark>
  <Placemark id="interpolated_points_sde_hala_senai.393">
	<name>SDE HALA SENAI</name>
	<ExtendedData><SchemaData schemaUrl="#interpolated_points_sde_hala_senai">
		<SimpleData name="fid">1</SimpleData>
		<SimpleData name="tessellate">1</SimpleData>
		<SimpleData name="extrude">0</SimpleData>
		<SimpleData name="visibility">-1</SimpleData>
		<SimpleData name="distance">39200</SimpleData>
		<SimpleData name="angle">98.0946853585687</SimpleData>
		<SimpleData name="KM">KM 40.2</SimpleData>
		<SimpleData name="Latitude">1.528617</SimpleData>
		<SimpleData name="Longitude">103.949200</SimpleData>
	</SchemaData></ExtendedData>
      <Point><coordinates>103.949200,1.528617,0</coordinates></Point>
  </Placemark>
  <Placemark id="interpolated_points_sde_hala_senai.394">
	<name>SDE HALA SENAI</name>
	<ExtendedData><SchemaData schemaUrl="#interpolated_points_sde_hala_senai">
		<SimpleData name="fid">1</SimpleData>
		<SimpleData name="tessellate">1</SimpleData>
		<SimpleData name="extrude">0</SimpleData>
		<SimpleData name="visibility">-1</SimpleData>
		<SimpleData name="distance">39300</SimpleData>
		<SimpleData name="angle">98.0946853585687</SimpleData>
		<SimpleData name="KM">KM 40.3</SimpleData>
		<SimpleData name="Latitude">1.528513</SimpleData>
		<SimpleData name="Longitude">103.950026</SimpleData>
	</SchemaData></ExtendedData>
      <Point><coordinates>103.950026,1.528513,0</coordinates></Point>
  </Placemark>
  <Placemark id="interpolated_points_sde_hala_senai.395">
	<name>SDE HALA SENAI</name>
	<ExtendedData><SchemaData schemaUrl="#interpolated_points_sde_hala_senai">
		<SimpleData name="fid">1</SimpleData>
		<SimpleData name="tessellate">1</SimpleData>
		<SimpleData name="extrude">0</SimpleData>
		<SimpleData name="visibility">-1</SimpleData>
		<SimpleData name="distance">39400</SimpleData>
		<SimpleData name="angle">98.0946853585687</SimpleData>
		<SimpleData name="KM">KM 40.4</SimpleData>
		<SimpleData name="Latitude">1.528409</SimpleData>
		<SimpleData name="Longitude">103.950851</SimpleData>
	</SchemaData></ExtendedData>
      <Point><coordinates>103.950851,1.528409,0</coordinates></Point>
  </Placemark>
  <Placemark id="interpolated_points_sde_hala_senai.396">
	<name>SDE HALA SENAI</name>
	<ExtendedData><SchemaData schemaUrl="#interpolated_points_sde_hala_senai">
		<SimpleData name="fid">1</SimpleData>
		<SimpleData name="tessellate">1</SimpleData>
		<SimpleData name="extrude">0</SimpleData>
		<SimpleData name="visibility">-1</SimpleData>
		<SimpleData name="distance">39500</SimpleData>
		<SimpleData name="angle">98.0946853585687</SimpleData>
		<SimpleData name="KM">KM 40.5</SimpleData>
		<SimpleData name="Latitude">1.528305</SimpleData>
		<SimpleData name="Longitude">103.951677</SimpleData>
	</SchemaData></ExtendedData>
      <Point><coordinates>103.951677,1.528305,0</coordinates></Point>
  </Placemark>
  <Placemark id="interpolated_points_sde_hala_senai.397">
	<name>SDE HALA SENAI</name>
	<ExtendedData><SchemaData schemaUrl="#interpolated_points_sde_hala_senai">
		<SimpleData name="fid">1</SimpleData>
		<SimpleData name="tessellate">1</SimpleData>
		<SimpleData name="extrude">0</SimpleData>
		<SimpleData name="visibility">-1</SimpleData>
		<SimpleData name="distance">39600</SimpleData>
		<SimpleData name="angle">98.0946853585687</SimpleData>
		<SimpleData name="KM">KM 40.6</SimpleData>
		<SimpleData name="Latitude">1.528201</SimpleData>
		<SimpleData name="Longitude">103.952503</SimpleData>
	</SchemaData></ExtendedData>
      <Point><coordinates>103.952503,1.528201,0</coordinates></Point>
  </Placemark>
  <Placemark id="interpolated_points_sde_hala_senai.398">
	<name>SDE HALA SENAI</name>
	<ExtendedData><SchemaData schemaUrl="#interpolated_points_sde_hala_senai">
		<SimpleData name="fid">1</SimpleData>
		<SimpleData name="tessellate">1</SimpleData>
		<SimpleData name="extrude">0</SimpleData>
		<SimpleData name="visibility">-1</SimpleData>
		<SimpleData name="distance">39700</SimpleData>
		<SimpleData name="angle">98.0946853585687</SimpleData>
		<SimpleData name="KM">KM 40.7</SimpleData>
		<SimpleData name="Latitude">1.528098</SimpleData>
		<SimpleData name="Longitude">103.953329</SimpleData>
	</SchemaData></ExtendedData>
      <Point><coordinates>103.953329,1.528098,0</coordinates></Point>
  </Placemark>
  <Placemark id="interpolated_points_sde_hala_senai.399">
	<name>SDE HALA SENAI</name>
	<ExtendedData><SchemaData schemaUrl="#interpolated_points_sde_hala_senai">
		<SimpleData name="fid">1</SimpleData>
		<SimpleData name="tessellate">1</SimpleData>
		<SimpleData name="extrude">0</SimpleData>
		<SimpleData name="visibility">-1</SimpleData>
		<SimpleData name="distance">39800</SimpleData>
		<SimpleData name="angle">98.0946853585687</SimpleData>
		<SimpleData name="KM">KM 40.8</SimpleData>
		<SimpleData name="Latitude">1.527994</SimpleData>
		<SimpleData name="Longitude">103.954155</SimpleData>
	</SchemaData></ExtendedData>
      <Point><coordinates>103.954155,1.527994,0</coordinates></Point>
  </Placemark>
  <Placemark id="interpolated_points_sde_hala_senai.400">
	<name>SDE HALA SENAI</name>
	<ExtendedData><SchemaData schemaUrl="#interpolated_points_sde_hala_senai">
		<SimpleData name="fid">1</SimpleData>
		<SimpleData name="tessellate">1</SimpleData>
		<SimpleData name="extrude">0</SimpleData>
		<SimpleData name="visibility">-1</SimpleData>
		<SimpleData name="distance">39900</SimpleData>
		<SimpleData name="angle">97.5223973487867</SimpleData>
		<SimpleData name="KM">KM 40.9</SimpleData>
		<SimpleData name="Latitude">1.527893</SimpleData>
		<SimpleData name="Longitude">103.954982</SimpleData>
	</SchemaData></ExtendedData>
      <Point><coordinates>103.954982,1.527893,0</coordinates></Point>
  </Placemark>
  <Placemark id="interpolated_points_sde_hala_senai.401">
	<name>SDE HALA SENAI</name>
	<ExtendedData><SchemaData schemaUrl="#interpolated_points_sde_hala_senai">
		<SimpleData name="fid">1</SimpleData>
		<SimpleData name="tessellate">1</SimpleData>
		<SimpleData name="extrude">0</SimpleData>
		<SimpleData name="visibility">-1</SimpleData>
		<SimpleData name="distance">40000</SimpleData>
		<SimpleData name="angle">97.5223973487867</SimpleData>
		<SimpleData name="KM">KM 41.0</SimpleData>
		<SimpleData name="Latitude">1.527798</SimpleData>
		<SimpleData name="Longitude">103.955809</SimpleData>
	</SchemaData></ExtendedData>
      <Point><coordinates>103.955809,1.527798,0</coordinates></Point>
  </Placemark>
  <Placemark id="interpolated_points_sde_hala_senai.402">
	<name>SDE HALA SENAI</name>
	<ExtendedData><SchemaData schemaUrl="#interpolated_points_sde_hala_senai">
		<SimpleData name="fid">1</SimpleData>
		<SimpleData name="tessellate">1</SimpleData>
		<SimpleData name="extrude">0</SimpleData>
		<SimpleData name="visibility">-1</SimpleData>
		<SimpleData name="distance">40100</SimpleData>
		<SimpleData name="angle">98.0632987436279</SimpleData>
		<SimpleData name="KM">KM 41.1</SimpleData>
		<SimpleData name="Latitude">1.527691</SimpleData>
		<SimpleData name="Longitude">103.956634</SimpleData>
	</SchemaData></ExtendedData>
      <Point><coordinates>103.956634,1.527691,0</coordinates></Point>
  </Placemark>
  <Placemark id="interpolated_points_sde_hala_senai.403">
	<name>SDE HALA SENAI</name>
	<ExtendedData><SchemaData schemaUrl="#interpolated_points_sde_hala_senai">
		<SimpleData name="fid">1</SimpleData>
		<SimpleData name="tessellate">1</SimpleData>
		<SimpleData name="extrude">0</SimpleData>
		<SimpleData name="visibility">-1</SimpleData>
		<SimpleData name="distance">40200</SimpleData>
		<SimpleData name="angle">98.0632987436279</SimpleData>
		<SimpleData name="KM">KM 41.2</SimpleData>
		<SimpleData name="Latitude">1.527587</SimpleData>
		<SimpleData name="Longitude">103.957460</SimpleData>
	</SchemaData></ExtendedData>
      <Point><coordinates>103.957460,1.527587,0</coordinates></Point>
  </Placemark>
  <Placemark id="interpolated_points_sde_hala_senai.404">
	<name>SDE HALA SENAI</name>
	<ExtendedData><SchemaData schemaUrl="#interpolated_points_sde_hala_senai">
		<SimpleData name="fid">1</SimpleData>
		<SimpleData name="tessellate">1</SimpleData>
		<SimpleData name="extrude">0</SimpleData>
		<SimpleData name="visibility">-1</SimpleData>
		<SimpleData name="distance">40300</SimpleData>
		<SimpleData name="angle">98.0632987436279</SimpleData>
		<SimpleData name="KM">KM 41.3</SimpleData>
		<SimpleData name="Latitude">1.527484</SimpleData>
		<SimpleData name="Longitude">103.958286</SimpleData>
	</SchemaData></ExtendedData>
      <Point><coordinates>103.958286,1.527484,0</coordinates></Point>
  </Placemark>
  <Placemark id="interpolated_points_sde_hala_senai.405">
	<name>SDE HALA SENAI</name>
	<ExtendedData><SchemaData schemaUrl="#interpolated_points_sde_hala_senai">
		<SimpleData name="fid">1</SimpleData>
		<SimpleData name="tessellate">1</SimpleData>
		<SimpleData name="extrude">0</SimpleData>
		<SimpleData name="visibility">-1</SimpleData>
		<SimpleData name="distance">40400</SimpleData>
		<SimpleData name="angle">98.0632987436279</SimpleData>
		<SimpleData name="KM">KM 41.4</SimpleData>
		<SimpleData name="Latitude">1.527381</SimpleData>
		<SimpleData name="Longitude">103.959112</SimpleData>
	</SchemaData></ExtendedData>
      <Point><coordinates>103.959112,1.527381,0</coordinates></Point>
  </Placemark>
  <Placemark id="interpolated_points_sde_hala_senai.406">
	<name>SDE HALA SENAI</name>
	<ExtendedData><SchemaData schemaUrl="#interpolated_points_sde_hala_senai">
		<SimpleData name="fid">1</SimpleData>
		<SimpleData name="tessellate">1</SimpleData>
		<SimpleData name="extrude">0</SimpleData>
		<SimpleData name="visibility">-1</SimpleData>
		<SimpleData name="distance">40500</SimpleData>
		<SimpleData name="angle">98.6425285140572</SimpleData>
		<SimpleData name="KM">KM 41.5</SimpleData>
		<SimpleData name="Latitude">1.527272</SimpleData>
		<SimpleData name="Longitude">103.959937</SimpleData>
	</SchemaData></ExtendedData>
      <Point><coordinates>103.959937,1.527272,0</coordinates></Point>
  </Placemark>
  <Placemark id="interpolated_points_sde_hala_senai.407">
	<name>SDE HALA SENAI</name>
	<ExtendedData><SchemaData schemaUrl="#interpolated_points_sde_hala_senai">
		<SimpleData name="fid">1</SimpleData>
		<SimpleData name="tessellate">1</SimpleData>
		<SimpleData name="extrude">0</SimpleData>
		<SimpleData name="visibility">-1</SimpleData>
		<SimpleData name="distance">40600</SimpleData>
		<SimpleData name="angle">97.9804822830352</SimpleData>
		<SimpleData name="KM">KM 41.6</SimpleData>
		<SimpleData name="Latitude">1.527168</SimpleData>
		<SimpleData name="Longitude">103.960763</SimpleData>
	</SchemaData></ExtendedData>
      <Point><coordinates>103.960763,1.527168,0</coordinates></Point>
  </Placemark>
  <Placemark id="interpolated_points_sde_hala_senai.408">
	<name>SDE HALA SENAI</name>
	<ExtendedData><SchemaData schemaUrl="#interpolated_points_sde_hala_senai">
		<SimpleData name="fid">1</SimpleData>
		<SimpleData name="tessellate">1</SimpleData>
		<SimpleData name="extrude">0</SimpleData>
		<SimpleData name="visibility">-1</SimpleData>
		<SimpleData name="distance">40700</SimpleData>
		<SimpleData name="angle">97.9804822830352</SimpleData>
		<SimpleData name="KM">KM 41.7</SimpleData>
		<SimpleData name="Latitude">1.527066</SimpleData>
		<SimpleData name="Longitude">103.961589</SimpleData>
	</SchemaData></ExtendedData>
      <Point><coordinates>103.961589,1.527066,0</coordinates></Point>
  </Placemark>
  <Placemark id="interpolated_points_sde_hala_senai.409">
	<name>SDE HALA SENAI</name>
	<ExtendedData><SchemaData schemaUrl="#interpolated_points_sde_hala_senai">
		<SimpleData name="fid">1</SimpleData>
		<SimpleData name="tessellate">1</SimpleData>
		<SimpleData name="extrude">0</SimpleData>
		<SimpleData name="visibility">-1</SimpleData>
		<SimpleData name="distance">40800</SimpleData>
		<SimpleData name="angle">97.9669787750146</SimpleData>
		<SimpleData name="KM">KM 41.8</SimpleData>
		<SimpleData name="Latitude">1.526964</SimpleData>
		<SimpleData name="Longitude">103.962415</SimpleData>
	</SchemaData></ExtendedData>
      <Point><coordinates>103.962415,1.526964,0</coordinates></Point>
  </Placemark>
  <Placemark id="interpolated_points_sde_hala_senai.410">
	<name>SDE HALA SENAI</name>
	<ExtendedData><SchemaData schemaUrl="#interpolated_points_sde_hala_senai">
		<SimpleData name="fid">1</SimpleData>
		<SimpleData name="tessellate">1</SimpleData>
		<SimpleData name="extrude">0</SimpleData>
		<SimpleData name="visibility">-1</SimpleData>
		<SimpleData name="distance">40900</SimpleData>
		<SimpleData name="angle">98.0693849133686</SimpleData>
		<SimpleData name="KM">KM 41.9</SimpleData>
		<SimpleData name="Latitude">1.526841</SimpleData>
		<SimpleData name="Longitude">103.963129</SimpleData>
	</SchemaData></ExtendedData>
      <Point><coordinates>103.963129,1.526841,0</coordinates></Point>
  </Placemark>
  <Placemark id="interpolated_points_sde_hala_senai.411">
	<name>SDE HALA SENAI</name>
	<ExtendedData><SchemaData schemaUrl="#interpolated_points_sde_hala_senai">
		<SimpleData name="fid">1</SimpleData>
		<SimpleData name="tessellate">1</SimpleData>
		<SimpleData name="extrude">0</SimpleData>
		<SimpleData name="visibility">-1</SimpleData>
		<SimpleData name="distance">41000</SimpleData>
		<SimpleData name="angle">98.0693849133686</SimpleData>
		<SimpleData name="KM">KM 42.0</SimpleData>
		<SimpleData name="Latitude">1.526716</SimpleData>
		<SimpleData name="Longitude">103.963843</SimpleData>
	</SchemaData></ExtendedData>
      <Point><coordinates>103.963843,1.526716,0</coordinates></Point>
  </Placemark>
  <Placemark id="interpolated_points_sde_hala_senai.412">
	<name>SDE HALA SENAI</name>
	<ExtendedData><SchemaData schemaUrl="#interpolated_points_sde_hala_senai">
		<SimpleData name="fid">1</SimpleData>
		<SimpleData name="tessellate">1</SimpleData>
		<SimpleData name="extrude">0</SimpleData>
		<SimpleData name="visibility">-1</SimpleData>
		<SimpleData name="distance">41100</SimpleData>
		<SimpleData name="angle">98.0693849133686</SimpleData>
		<SimpleData name="KM">KM 42.1</SimpleData>
		<SimpleData name="Latitude">1.526592</SimpleData>
		<SimpleData name="Longitude">103.964556</SimpleData>
	</SchemaData></ExtendedData>
      <Point><coordinates>103.964556,1.526592,0</coordinates></Point>
  </Placemark>
  <Placemark id="interpolated_points_sde_hala_senai.413">
	<name>SDE HALA SENAI</name>
	<ExtendedData><SchemaData schemaUrl="#interpolated_points_sde_hala_senai">
		<SimpleData name="fid">1</SimpleData>
		<SimpleData name="tessellate">1</SimpleData>
		<SimpleData name="extrude">0</SimpleData>
		<SimpleData name="visibility">-1</SimpleData>
		<SimpleData name="distance">41200</SimpleData>
		<SimpleData name="angle">98.0693849133686</SimpleData>
		<SimpleData name="KM">KM 42.2</SimpleData>
		<SimpleData name="Latitude">1.526475</SimpleData>
		<SimpleData name="Longitude">103.965487</SimpleData>
	</SchemaData></ExtendedData>
      <Point><coordinates>103.965487,1.526475,0</coordinates></Point>
  </Placemark>
  <Placemark id="interpolated_points_sde_hala_senai.414">
	<name>SDE HALA SENAI</name>
	<ExtendedData><SchemaData schemaUrl="#interpolated_points_sde_hala_senai">
		<SimpleData name="fid">1</SimpleData>
		<SimpleData name="tessellate">1</SimpleData>
		<SimpleData name="extrude">0</SimpleData>
		<SimpleData name="visibility">-1</SimpleData>
		<SimpleData name="distance">41300</SimpleData>
		<SimpleData name="angle">98.0693849133686</SimpleData>
		<SimpleData name="KM">KM 42.3</SimpleData>
		<SimpleData name="Latitude">1.526358</SimpleData>
		<SimpleData name="Longitude">103.966418</SimpleData>
	</SchemaData></ExtendedData>
      <Point><coordinates>103.966418,1.526358,0</coordinates></Point>
  </Placemark>
  <Placemark id="interpolated_points_sde_hala_senai.415">
	<name>SDE HALA SENAI</name>
	<ExtendedData><SchemaData schemaUrl="#interpolated_points_sde_hala_senai">
		<SimpleData name="fid">1</SimpleData>
		<SimpleData name="tessellate">1</SimpleData>
		<SimpleData name="extrude">0</SimpleData>
		<SimpleData name="visibility">-1</SimpleData>
		<SimpleData name="distance">41400</SimpleData>
		<SimpleData name="angle">96.197303041231</SimpleData>
		<SimpleData name="KM">KM 42.4</SimpleData>
		<SimpleData name="Latitude">1.526263</SimpleData>
		<SimpleData name="Longitude">103.967352</SimpleData>
	</SchemaData></ExtendedData>
      <Point><coordinates>103.967352,1.526263,0</coordinates></Point>
  </Placemark>
  <Placemark id="interpolated_points_sde_hala_senai.416">
	<name>SDE HALA SENAI</name>
	<ExtendedData><SchemaData schemaUrl="#interpolated_points_sde_hala_senai">
		<SimpleData name="fid">1</SimpleData>
		<SimpleData name="tessellate">1</SimpleData>
		<SimpleData name="extrude">0</SimpleData>
		<SimpleData name="visibility">-1</SimpleData>
		<SimpleData name="distance">41500</SimpleData>
		<SimpleData name="angle">93.4632534466473</SimpleData>
		<SimpleData name="KM">KM 42.5</SimpleData>
		<SimpleData name="Latitude">1.526203</SimpleData>
		<SimpleData name="Longitude">103.968289</SimpleData>
	</SchemaData></ExtendedData>
      <Point><coordinates>103.968289,1.526203,0</coordinates></Point>
  </Placemark>
  <Placemark id="interpolated_points_sde_hala_senai.417">
	<name>SDE HALA SENAI</name>
	<ExtendedData><SchemaData schemaUrl="#interpolated_points_sde_hala_senai">
		<SimpleData name="fid">1</SimpleData>
		<SimpleData name="tessellate">1</SimpleData>
		<SimpleData name="extrude">0</SimpleData>
		<SimpleData name="visibility">-1</SimpleData>
		<SimpleData name="distance">41600</SimpleData>
		<SimpleData name="angle">93.4632534466473</SimpleData>
		<SimpleData name="KM">KM 42.6</SimpleData>
		<SimpleData name="Latitude">1.526158</SimpleData>
		<SimpleData name="Longitude">103.969227</SimpleData>
	</SchemaData></ExtendedData>
      <Point><coordinates>103.969227,1.526158,0</coordinates></Point>
  </Placemark>
  <Placemark id="interpolated_points_sde_hala_senai.418">
	<name>SDE HALA SENAI</name>
	<ExtendedData><SchemaData schemaUrl="#interpolated_points_sde_hala_senai">
		<SimpleData name="fid">1</SimpleData>
		<SimpleData name="tessellate">1</SimpleData>
		<SimpleData name="extrude">0</SimpleData>
		<SimpleData name="visibility">-1</SimpleData>
		<SimpleData name="distance">41700</SimpleData>
		<SimpleData name="angle">90.4959765692327</SimpleData>
		<SimpleData name="KM">KM 42.7</SimpleData>
		<SimpleData name="Latitude">1.526153</SimpleData>
		<SimpleData name="Longitude">103.970166</SimpleData>
	</SchemaData></ExtendedData>
      <Point><coordinates>103.970166,1.526153,0</coordinates></Point>
  </Placemark>
  <Placemark id="interpolated_points_sde_hala_senai.419">
	<name>SDE HALA SENAI</name>
	<ExtendedData><SchemaData schemaUrl="#interpolated_points_sde_hala_senai">
		<SimpleData name="fid">1</SimpleData>
		<SimpleData name="tessellate">1</SimpleData>
		<SimpleData name="extrude">0</SimpleData>
		<SimpleData name="visibility">-1</SimpleData>
		<SimpleData name="distance">41800</SimpleData>
		<SimpleData name="angle">88.3666885180941</SimpleData>
		<SimpleData name="KM">KM 42.8</SimpleData>
		<SimpleData name="Latitude">1.526174</SimpleData>
		<SimpleData name="Longitude">103.971106</SimpleData>
	</SchemaData></ExtendedData>
      <Point><coordinates>103.971106,1.526174,0</coordinates></Point>
  </Placemark>
  <Placemark id="interpolated_points_sde_hala_senai.420">
	<name>SDE HALA SENAI</name>
	<ExtendedData><SchemaData schemaUrl="#interpolated_points_sde_hala_senai">
		<SimpleData name="fid">1</SimpleData>
		<SimpleData name="tessellate">1</SimpleData>
		<SimpleData name="extrude">0</SimpleData>
		<SimpleData name="visibility">-1</SimpleData>
		<SimpleData name="distance">41900</SimpleData>
		<SimpleData name="angle">87.6790759633026</SimpleData>
		<SimpleData name="KM">KM 42.9</SimpleData>
		<SimpleData name="Latitude">1.526218</SimpleData>
		<SimpleData name="Longitude">103.972045</SimpleData>
	</SchemaData></ExtendedData>
      <Point><coordinates>103.972045,1.526218,0</coordinates></Point>
  </Placemark>
  <Placemark id="interpolated_points_sde_hala_senai.421">
	<name>SDE HALA SENAI</name>
	<ExtendedData><SchemaData schemaUrl="#interpolated_points_sde_hala_senai">
		<SimpleData name="fid">1</SimpleData>
		<SimpleData name="tessellate">1</SimpleData>
		<SimpleData name="extrude">0</SimpleData>
		<SimpleData name="visibility">-1</SimpleData>
		<SimpleData name="distance">42000</SimpleData>
		<SimpleData name="angle">84.6264976193163</SimpleData>
		<SimpleData name="KM">KM 43.0</SimpleData>
		<SimpleData name="Latitude">1.526281</SimpleData>
		<SimpleData name="Longitude">103.972983</SimpleData>
	</SchemaData></ExtendedData>
      <Point><coordinates>103.972983,1.526281,0</coordinates></Point>
  </Placemark>
  <Placemark id="interpolated_points_sde_hala_senai.422">
	<name>SDE HALA SENAI</name>
	<ExtendedData><SchemaData schemaUrl="#interpolated_points_sde_hala_senai">
		<SimpleData name="fid">1</SimpleData>
		<SimpleData name="tessellate">1</SimpleData>
		<SimpleData name="extrude">0</SimpleData>
		<SimpleData name="visibility">-1</SimpleData>
		<SimpleData name="distance">42100</SimpleData>
		<SimpleData name="angle">86.8190786513861</SimpleData>
		<SimpleData name="KM">KM 43.1</SimpleData>
		<SimpleData name="Latitude">1.526349</SimpleData>
		<SimpleData name="Longitude">103.973921</SimpleData>
	</SchemaData></ExtendedData>
      <Point><coordinates>103.973921,1.526349,0</coordinates></Point>
  </Placemark>
  <Placemark id="interpolated_points_sde_hala_senai.423">
	<name>SDE HALA SENAI</name>
	<ExtendedData><SchemaData schemaUrl="#interpolated_points_sde_hala_senai">
		<SimpleData name="fid">1</SimpleData>
		<SimpleData name="tessellate">1</SimpleData>
		<SimpleData name="extrude">0</SimpleData>
		<SimpleData name="visibility">-1</SimpleData>
		<SimpleData name="distance">42200</SimpleData>
		<SimpleData name="angle">86.8190786513861</SimpleData>
		<SimpleData name="KM">KM 43.2</SimpleData>
		<SimpleData name="Latitude">1.526409</SimpleData>
		<SimpleData name="Longitude">103.974859</SimpleData>
	</SchemaData></ExtendedData>
      <Point><coordinates>103.974859,1.526409,0</coordinates></Point>
  </Placemark>
  <Placemark id="interpolated_points_sde_hala_senai.424">
	<name>SDE HALA SENAI</name>
	<ExtendedData><SchemaData schemaUrl="#interpolated_points_sde_hala_senai">
		<SimpleData name="fid">1</SimpleData>
		<SimpleData name="tessellate">1</SimpleData>
		<SimpleData name="extrude">0</SimpleData>
		<SimpleData name="visibility">-1</SimpleData>
		<SimpleData name="distance">42300</SimpleData>
		<SimpleData name="angle">87.8798796637376</SimpleData>
		<SimpleData name="KM">KM 43.3</SimpleData>
		<SimpleData name="Latitude">1.526460</SimpleData>
		<SimpleData name="Longitude">103.975798</SimpleData>
	</SchemaData></ExtendedData>
      <Point><coordinates>103.975798,1.526460,0</coordinates></Point>
  </Placemark>
  <Placemark id="interpolated_points_sde_hala_senai.425">
	<name>SDE HALA SENAI</name>
	<ExtendedData><SchemaData schemaUrl="#interpolated_points_sde_hala_senai">
		<SimpleData name="fid">1</SimpleData>
		<SimpleData name="tessellate">1</SimpleData>
		<SimpleData name="extrude">0</SimpleData>
		<SimpleData name="visibility">-1</SimpleData>
		<SimpleData name="distance">42400</SimpleData>
		<SimpleData name="angle">86.1589392601651</SimpleData>
		<SimpleData name="KM">KM 43.4</SimpleData>
		<SimpleData name="Latitude">1.526541</SimpleData>
		<SimpleData name="Longitude">103.976735</SimpleData>
	</SchemaData></ExtendedData>
      <Point><coordinates>103.976735,1.526541,0</coordinates></Point>
  </Placemark>
  <Placemark id="interpolated_points_sde_hala_senai.426">
	<name>SDE HALA SENAI</name>
	<ExtendedData><SchemaData schemaUrl="#interpolated_points_sde_hala_senai">
		<SimpleData name="fid">1</SimpleData>
		<SimpleData name="tessellate">1</SimpleData>
		<SimpleData name="extrude">0</SimpleData>
		<SimpleData name="visibility">-1</SimpleData>
		<SimpleData name="distance">42500</SimpleData>
		<SimpleData name="angle">86.1589392601651</SimpleData>
		<SimpleData name="KM">KM 43.5</SimpleData>
		<SimpleData name="Latitude">1.526611</SimpleData>
		<SimpleData name="Longitude">103.977673</SimpleData>
	</SchemaData></ExtendedData>
      <Point><coordinates>103.977673,1.526611,0</coordinates></Point>
  </Placemark>
  <Placemark id="interpolated_points_sde_hala_senai.427">
	<name>SDE HALA SENAI</name>
	<ExtendedData><SchemaData schemaUrl="#interpolated_points_sde_hala_senai">
		<SimpleData name="fid">1</SimpleData>
		<SimpleData name="tessellate">1</SimpleData>
		<SimpleData name="extrude">0</SimpleData>
		<SimpleData name="visibility">-1</SimpleData>
		<SimpleData name="distance">42600</SimpleData>
		<SimpleData name="angle">86.1589392601651</SimpleData>
		<SimpleData name="KM">KM 43.6</SimpleData>
		<SimpleData name="Latitude">1.526682</SimpleData>
		<SimpleData name="Longitude">103.978611</SimpleData>
	</SchemaData></ExtendedData>
      <Point><coordinates>103.978611,1.526682,0</coordinates></Point>
  </Placemark>
  <Placemark id="interpolated_points_sde_hala_senai.428">
	<name>SDE HALA SENAI</name>
	<ExtendedData><SchemaData schemaUrl="#interpolated_points_sde_hala_senai">
		<SimpleData name="fid">1</SimpleData>
		<SimpleData name="tessellate">1</SimpleData>
		<SimpleData name="extrude">0</SimpleData>
		<SimpleData name="visibility">-1</SimpleData>
		<SimpleData name="distance">42700</SimpleData>
		<SimpleData name="angle">86.1589392601651</SimpleData>
		<SimpleData name="KM">KM 43.7</SimpleData>
		<SimpleData name="Latitude">1.526752</SimpleData>
		<SimpleData name="Longitude">103.979549</SimpleData>
	</SchemaData></ExtendedData>
      <Point><coordinates>103.979549,1.526752,0</coordinates></Point>
  </Placemark>
  <Placemark id="interpolated_points_sde_hala_senai.429">
	<name>SDE HALA SENAI</name>
	<ExtendedData><SchemaData schemaUrl="#interpolated_points_sde_hala_senai">
		<SimpleData name="fid">1</SimpleData>
		<SimpleData name="tessellate">1</SimpleData>
		<SimpleData name="extrude">0</SimpleData>
		<SimpleData name="visibility">-1</SimpleData>
		<SimpleData name="distance">42800</SimpleData>
		<SimpleData name="angle">86.1589392601651</SimpleData>
		<SimpleData name="KM">KM 43.8</SimpleData>
		<SimpleData name="Latitude">1.526823</SimpleData>
		<SimpleData name="Longitude">103.980487</SimpleData>
	</SchemaData></ExtendedData>
      <Point><coordinates>103.980487,1.526823,0</coordinates></Point>
  </Placemark>
  <Placemark id="interpolated_points_sde_hala_senai.430">
	<name>SDE HALA SENAI</name>
	<ExtendedData><SchemaData schemaUrl="#interpolated_points_sde_hala_senai">
		<SimpleData name="fid">1</SimpleData>
		<SimpleData name="tessellate">1</SimpleData>
		<SimpleData name="extrude">0</SimpleData>
		<SimpleData name="visibility">-1</SimpleData>
		<SimpleData name="distance">42900</SimpleData>
		<SimpleData name="angle">86.1589392601651</SimpleData>
		<SimpleData name="KM">KM 43.9</SimpleData>
		<SimpleData name="Latitude">1.526894</SimpleData>
		<SimpleData name="Longitude">103.981424</SimpleData>
	</SchemaData></ExtendedData>
      <Point><coordinates>103.981424,1.526894,0</coordinates></Point>
  </Placemark>
  <Placemark id="interpolated_points_sde_hala_senai.431">
	<name>SDE HALA SENAI</name>
	<ExtendedData><SchemaData schemaUrl="#interpolated_points_sde_hala_senai">
		<SimpleData name="fid">1</SimpleData>
		<SimpleData name="tessellate">1</SimpleData>
		<SimpleData name="extrude">0</SimpleData>
		<SimpleData name="visibility">-1</SimpleData>
		<SimpleData name="distance">43000</SimpleData>
		<SimpleData name="angle">86.1589392601651</SimpleData>
		<SimpleData name="KM">KM 44.0</SimpleData>
		<SimpleData name="Latitude">1.526964</SimpleData>
		<SimpleData name="Longitude">103.982362</SimpleData>
	</SchemaData></ExtendedData>
      <Point><coordinates>103.982362,1.526964,0</coordinates></Point>
  </Placemark>
  <Placemark id="interpolated_points_sde_hala_senai.432">
	<name>SDE HALA SENAI</name>
	<ExtendedData><SchemaData schemaUrl="#interpolated_points_sde_hala_senai">
		<SimpleData name="fid">1</SimpleData>
		<SimpleData name="tessellate">1</SimpleData>
		<SimpleData name="extrude">0</SimpleData>
		<SimpleData name="visibility">-1</SimpleData>
		<SimpleData name="distance">43100</SimpleData>
		<SimpleData name="angle">86.1589392601651</SimpleData>
		<SimpleData name="KM">KM 44.1</SimpleData>
		<SimpleData name="Latitude">1.527035</SimpleData>
		<SimpleData name="Longitude">103.983300</SimpleData>
	</SchemaData></ExtendedData>
      <Point><coordinates>103.983300,1.527035,0</coordinates></Point>
  </Placemark>
  <Placemark id="interpolated_points_sde_hala_senai.433">
	<name>SDE HALA SENAI</name>
	<ExtendedData><SchemaData schemaUrl="#interpolated_points_sde_hala_senai">
		<SimpleData name="fid">1</SimpleData>
		<SimpleData name="tessellate">1</SimpleData>
		<SimpleData name="extrude">0</SimpleData>
		<SimpleData name="visibility">-1</SimpleData>
		<SimpleData name="distance">43200</SimpleData>
		<SimpleData name="angle">85.934769545197</SimpleData>
		<SimpleData name="KM">KM 44.2</SimpleData>
		<SimpleData name="Latitude">1.527115</SimpleData>
		<SimpleData name="Longitude">103.984237</SimpleData>
	</SchemaData></ExtendedData>
      <Point><coordinates>103.984237,1.527115,0</coordinates></Point>
  </Placemark>
  <Placemark id="interpolated_points_sde_hala_senai.434">
	<name>SDE HALA SENAI</name>
	<ExtendedData><SchemaData schemaUrl="#interpolated_points_sde_hala_senai">
		<SimpleData name="fid">1</SimpleData>
		<SimpleData name="tessellate">1</SimpleData>
		<SimpleData name="extrude">0</SimpleData>
		<SimpleData name="visibility">-1</SimpleData>
		<SimpleData name="distance">43300</SimpleData>
		<SimpleData name="angle">85.934769545197</SimpleData>
		<SimpleData name="KM">KM 44.3</SimpleData>
		<SimpleData name="Latitude">1.527189</SimpleData>
		<SimpleData name="Longitude">103.985175</SimpleData>
	</SchemaData></ExtendedData>
      <Point><coordinates>103.985175,1.527189,0</coordinates></Point>
  </Placemark>
  <Placemark id="interpolated_points_sde_hala_senai.435">
	<name>SDE HALA SENAI</name>
	<ExtendedData><SchemaData schemaUrl="#interpolated_points_sde_hala_senai">
		<SimpleData name="fid">1</SimpleData>
		<SimpleData name="tessellate">1</SimpleData>
		<SimpleData name="extrude">0</SimpleData>
		<SimpleData name="visibility">-1</SimpleData>
		<SimpleData name="distance">43400</SimpleData>
		<SimpleData name="angle">85.934769545197</SimpleData>
		<SimpleData name="KM">KM 44.4</SimpleData>
		<SimpleData name="Latitude">1.527263</SimpleData>
		<SimpleData name="Longitude">103.986112</SimpleData>
	</SchemaData></ExtendedData>
      <Point><coordinates>103.986112,1.527263,0</coordinates></Point>
  </Placemark>
  <Placemark id="interpolated_points_sde_hala_senai.436">
	<name>SDE HALA SENAI</name>
	<ExtendedData><SchemaData schemaUrl="#interpolated_points_sde_hala_senai">
		<SimpleData name="fid">1</SimpleData>
		<SimpleData name="tessellate">1</SimpleData>
		<SimpleData name="extrude">0</SimpleData>
		<SimpleData name="visibility">-1</SimpleData>
		<SimpleData name="distance">43500</SimpleData>
		<SimpleData name="angle">85.934769545197</SimpleData>
		<SimpleData name="KM">KM 44.5</SimpleData>
		<SimpleData name="Latitude">1.527337</SimpleData>
		<SimpleData name="Longitude">103.987050</SimpleData>
	</SchemaData></ExtendedData>
      <Point><coordinates>103.987050,1.527337,0</coordinates></Point>
  </Placemark>
  <Placemark id="interpolated_points_sde_hala_senai.437">
	<name>SDE HALA SENAI</name>
	<ExtendedData><SchemaData schemaUrl="#interpolated_points_sde_hala_senai">
		<SimpleData name="fid">1</SimpleData>
		<SimpleData name="tessellate">1</SimpleData>
		<SimpleData name="extrude">0</SimpleData>
		<SimpleData name="visibility">-1</SimpleData>
		<SimpleData name="distance">43600</SimpleData>
		<SimpleData name="angle">85.934769545197</SimpleData>
		<SimpleData name="KM">KM 44.6</SimpleData>
		<SimpleData name="Latitude">1.527412</SimpleData>
		<SimpleData name="Longitude">103.987987</SimpleData>
	</SchemaData></ExtendedData>
      <Point><coordinates>103.987987,1.527412,0</coordinates></Point>
  </Placemark>
  <Placemark id="interpolated_points_sde_hala_senai.438">
	<name>SDE HALA SENAI</name>
	<ExtendedData><SchemaData schemaUrl="#interpolated_points_sde_hala_senai">
		<SimpleData name="fid">1</SimpleData>
		<SimpleData name="tessellate">1</SimpleData>
		<SimpleData name="extrude">0</SimpleData>
		<SimpleData name="visibility">-1</SimpleData>
		<SimpleData name="distance">43700</SimpleData>
		<SimpleData name="angle">85.934769545197</SimpleData>
		<SimpleData name="KM">KM 44.7</SimpleData>
		<SimpleData name="Latitude">1.527486</SimpleData>
		<SimpleData name="Longitude">103.988925</SimpleData>
	</SchemaData></ExtendedData>
      <Point><coordinates>103.988925,1.527486,0</coordinates></Point>
  </Placemark>
  <Placemark id="interpolated_points_sde_hala_senai.439">
	<name>SDE HALA SENAI</name>
	<ExtendedData><SchemaData schemaUrl="#interpolated_points_sde_hala_senai">
		<SimpleData name="fid">1</SimpleData>
		<SimpleData name="tessellate">1</SimpleData>
		<SimpleData name="extrude">0</SimpleData>
		<SimpleData name="visibility">-1</SimpleData>
		<SimpleData name="distance">43800</SimpleData>
		<SimpleData name="angle">85.934769545197</SimpleData>
		<SimpleData name="KM">KM 44.8</SimpleData>
		<SimpleData name="Latitude">1.527560</SimpleData>
		<SimpleData name="Longitude">103.989862</SimpleData>
	</SchemaData></ExtendedData>
      <Point><coordinates>103.989862,1.527560,0</coordinates></Point>
  </Placemark>
  <Placemark id="interpolated_points_sde_hala_senai.440">
	<name>SDE HALA SENAI</name>
	<ExtendedData><SchemaData schemaUrl="#interpolated_points_sde_hala_senai">
		<SimpleData name="fid">1</SimpleData>
		<SimpleData name="tessellate">1</SimpleData>
		<SimpleData name="extrude">0</SimpleData>
		<SimpleData name="visibility">-1</SimpleData>
		<SimpleData name="distance">43900</SimpleData>
		<SimpleData name="angle">85.934769545197</SimpleData>
		<SimpleData name="KM">KM 44.9</SimpleData>
		<SimpleData name="Latitude">1.527634</SimpleData>
		<SimpleData name="Longitude">103.990800</SimpleData>
	</SchemaData></ExtendedData>
      <Point><coordinates>103.990800,1.527634,0</coordinates></Point>
  </Placemark>
  <Placemark id="interpolated_points_sde_hala_senai.441">
	<name>SDE HALA SENAI</name>
	<ExtendedData><SchemaData schemaUrl="#interpolated_points_sde_hala_senai">
		<SimpleData name="fid">1</SimpleData>
		<SimpleData name="tessellate">1</SimpleData>
		<SimpleData name="extrude">0</SimpleData>
		<SimpleData name="visibility">-1</SimpleData>
		<SimpleData name="distance">44000</SimpleData>
		<SimpleData name="angle">85.934769545197</SimpleData>
		<SimpleData name="KM">KM 45.0</SimpleData>
		<SimpleData name="Latitude">1.527708</SimpleData>
		<SimpleData name="Longitude">103.991737</SimpleData>
	</SchemaData></ExtendedData>
      <Point><coordinates>103.991737,1.527708,0</coordinates></Point>
  </Placemark>
  <Placemark id="interpolated_points_sde_hala_senai.442">
	<name>SDE HALA SENAI</name>
	<ExtendedData><SchemaData schemaUrl="#interpolated_points_sde_hala_senai">
		<SimpleData name="fid">1</SimpleData>
		<SimpleData name="tessellate">1</SimpleData>
		<SimpleData name="extrude">0</SimpleData>
		<SimpleData name="visibility">-1</SimpleData>
		<SimpleData name="distance">44100</SimpleData>
		<SimpleData name="angle">85.934769545197</SimpleData>
		<SimpleData name="KM">KM 45.1</SimpleData>
		<SimpleData name="Latitude">1.527782</SimpleData>
		<SimpleData name="Longitude">103.992675</SimpleData>
	</SchemaData></ExtendedData>
      <Point><coordinates>103.992675,1.527782,0</coordinates></Point>
  </Placemark>
  <Placemark id="interpolated_points_sde_hala_senai.443">
	<name>SDE HALA SENAI</name>
	<ExtendedData><SchemaData schemaUrl="#interpolated_points_sde_hala_senai">
		<SimpleData name="fid">1</SimpleData>
		<SimpleData name="tessellate">1</SimpleData>
		<SimpleData name="extrude">0</SimpleData>
		<SimpleData name="visibility">-1</SimpleData>
		<SimpleData name="distance">44200</SimpleData>
		<SimpleData name="angle">85.934769545197</SimpleData>
		<SimpleData name="KM">KM 45.2</SimpleData>
		<SimpleData name="Latitude">1.527856</SimpleData>
		<SimpleData name="Longitude">103.993613</SimpleData>
	</SchemaData></ExtendedData>
      <Point><coordinates>103.993613,1.527856,0</coordinates></Point>
  </Placemark>
  <Placemark id="interpolated_points_sde_hala_senai.444">
	<name>SDE HALA SENAI</name>
	<ExtendedData><SchemaData schemaUrl="#interpolated_points_sde_hala_senai">
		<SimpleData name="fid">1</SimpleData>
		<SimpleData name="tessellate">1</SimpleData>
		<SimpleData name="extrude">0</SimpleData>
		<SimpleData name="visibility">-1</SimpleData>
		<SimpleData name="distance">44300</SimpleData>
		<SimpleData name="angle">86.1830182752926</SimpleData>
		<SimpleData name="KM">KM 45.3</SimpleData>
		<SimpleData name="Latitude">1.527936</SimpleData>
		<SimpleData name="Longitude">103.994550</SimpleData>
	</SchemaData></ExtendedData>
      <Point><coordinates>103.994550,1.527936,0</coordinates></Point>
  </Placemark>
  <Placemark id="interpolated_points_sde_hala_senai.445">
	<name>SDE HALA SENAI</name>
	<ExtendedData><SchemaData schemaUrl="#interpolated_points_sde_hala_senai">
		<SimpleData name="fid">1</SimpleData>
		<SimpleData name="tessellate">1</SimpleData>
		<SimpleData name="extrude">0</SimpleData>
		<SimpleData name="visibility">-1</SimpleData>
		<SimpleData name="distance">44400</SimpleData>
		<SimpleData name="angle">86.1830182752926</SimpleData>
		<SimpleData name="KM">KM 45.4</SimpleData>
		<SimpleData name="Latitude">1.528006</SimpleData>
		<SimpleData name="Longitude">103.995487</SimpleData>
	</SchemaData></ExtendedData>
      <Point><coordinates>103.995487,1.528006,0</coordinates></Point>
  </Placemark>
  <Placemark id="interpolated_points_sde_hala_senai.446">
	<name>SDE HALA SENAI</name>
	<ExtendedData><SchemaData schemaUrl="#interpolated_points_sde_hala_senai">
		<SimpleData name="fid">1</SimpleData>
		<SimpleData name="tessellate">1</SimpleData>
		<SimpleData name="extrude">0</SimpleData>
		<SimpleData name="visibility">-1</SimpleData>
		<SimpleData name="distance">44500</SimpleData>
		<SimpleData name="angle">86.1830182752926</SimpleData>
		<SimpleData name="KM">KM 45.5</SimpleData>
		<SimpleData name="Latitude">1.528077</SimpleData>
		<SimpleData name="Longitude">103.996425</SimpleData>
	</SchemaData></ExtendedData>
      <Point><coordinates>103.996425,1.528077,0</coordinates></Point>
  </Placemark>
  <Placemark id="interpolated_points_sde_hala_senai.447">
	<name>SDE HALA SENAI</name>
	<ExtendedData><SchemaData schemaUrl="#interpolated_points_sde_hala_senai">
		<SimpleData name="fid">1</SimpleData>
		<SimpleData name="tessellate">1</SimpleData>
		<SimpleData name="extrude">0</SimpleData>
		<SimpleData name="visibility">-1</SimpleData>
		<SimpleData name="distance">44600</SimpleData>
		<SimpleData name="angle">84.7699934029896</SimpleData>
		<SimpleData name="KM">KM 45.6</SimpleData>
		<SimpleData name="Latitude">1.528150</SimpleData>
		<SimpleData name="Longitude">103.997363</SimpleData>
	</SchemaData></ExtendedData>
      <Point><coordinates>103.997363,1.528150,0</coordinates></Point>
  </Placemark>
  <Placemark id="interpolated_points_sde_hala_senai.448">
	<name>SDE HALA SENAI</name>
	<ExtendedData><SchemaData schemaUrl="#interpolated_points_sde_hala_senai">
		<SimpleData name="fid">1</SimpleData>
		<SimpleData name="tessellate">1</SimpleData>
		<SimpleData name="extrude">0</SimpleData>
		<SimpleData name="visibility">-1</SimpleData>
		<SimpleData name="distance">44700</SimpleData>
		<SimpleData name="angle">82.3101352450463</SimpleData>
		<SimpleData name="KM">KM 45.7</SimpleData>
		<SimpleData name="Latitude">1.528262</SimpleData>
		<SimpleData name="Longitude">103.998297</SimpleData>
	</SchemaData></ExtendedData>
      <Point><coordinates>103.998297,1.528262,0</coordinates></Point>
  </Placemark>
  <Placemark id="interpolated_points_sde_hala_senai.449">
	<name>SDE HALA SENAI</name>
	<ExtendedData><SchemaData schemaUrl="#interpolated_points_sde_hala_senai">
		<SimpleData name="fid">1</SimpleData>
		<SimpleData name="tessellate">1</SimpleData>
		<SimpleData name="extrude">0</SimpleData>
		<SimpleData name="visibility">-1</SimpleData>
		<SimpleData name="distance">44800</SimpleData>
		<SimpleData name="angle">82.3101352450463</SimpleData>
		<SimpleData name="KM">KM 45.8</SimpleData>
		<SimpleData name="Latitude">1.528393</SimpleData>
		<SimpleData name="Longitude">103.999228</SimpleData>
	</SchemaData></ExtendedData>
      <Point><coordinates>103.999228,1.528393,0</coordinates></Point>
  </Placemark>
  <Placemark id="interpolated_points_sde_hala_senai.450">
	<name>SDE HALA SENAI</name>
	<ExtendedData><SchemaData schemaUrl="#interpolated_points_sde_hala_senai">
		<SimpleData name="fid">1</SimpleData>
		<SimpleData name="tessellate">1</SimpleData>
		<SimpleData name="extrude">0</SimpleData>
		<SimpleData name="visibility">-1</SimpleData>
		<SimpleData name="distance">44900</SimpleData>
		<SimpleData name="angle">82.3101352450463</SimpleData>
		<SimpleData name="KM">KM 45.9</SimpleData>
		<SimpleData name="Latitude">1.528524</SimpleData>
		<SimpleData name="Longitude">104.000160</SimpleData>
	</SchemaData></ExtendedData>
      <Point><coordinates>104.000160,1.528524,0</coordinates></Point>
  </Placemark>
  <Placemark id="interpolated_points_sde_hala_senai.451">
	<name>SDE HALA SENAI</name>
	<ExtendedData><SchemaData schemaUrl="#interpolated_points_sde_hala_senai">
		<SimpleData name="fid">1</SimpleData>
		<SimpleData name="tessellate">1</SimpleData>
		<SimpleData name="extrude">0</SimpleData>
		<SimpleData name="visibility">-1</SimpleData>
		<SimpleData name="distance">45000</SimpleData>
		<SimpleData name="angle">82.3101352450463</SimpleData>
		<SimpleData name="KM">KM 46.0</SimpleData>
		<SimpleData name="Latitude">1.528655</SimpleData>
		<SimpleData name="Longitude">104.001092</SimpleData>
	</SchemaData></ExtendedData>
      <Point><coordinates>104.001092,1.528655,0</coordinates></Point>
  </Placemark>
  <Placemark id="interpolated_points_sde_hala_senai.452">
	<name>SDE HALA SENAI</name>
	<ExtendedData><SchemaData schemaUrl="#interpolated_points_sde_hala_senai">
		<SimpleData name="fid">1</SimpleData>
		<SimpleData name="tessellate">1</SimpleData>
		<SimpleData name="extrude">0</SimpleData>
		<SimpleData name="visibility">-1</SimpleData>
		<SimpleData name="distance">45100</SimpleData>
		<SimpleData name="angle">80.2313874165826</SimpleData>
		<SimpleData name="KM">KM 46.1</SimpleData>
		<SimpleData name="Latitude">1.528805</SimpleData>
		<SimpleData name="Longitude">104.002021</SimpleData>
	</SchemaData></ExtendedData>
      <Point><coordinates>104.002021,1.528805,0</coordinates></Point>
  </Placemark>
  <Placemark id="interpolated_points_sde_hala_senai.453">
	<name>SDE HALA SENAI</name>
	<ExtendedData><SchemaData schemaUrl="#interpolated_points_sde_hala_senai">
		<SimpleData name="fid">1</SimpleData>
		<SimpleData name="tessellate">1</SimpleData>
		<SimpleData name="extrude">0</SimpleData>
		<SimpleData name="visibility">-1</SimpleData>
		<SimpleData name="distance">45200</SimpleData>
		<SimpleData name="angle">80.2313874165826</SimpleData>
		<SimpleData name="KM">KM 46.2</SimpleData>
		<SimpleData name="Latitude">1.528968</SimpleData>
		<SimpleData name="Longitude">104.002947</SimpleData>
	</SchemaData></ExtendedData>
      <Point><coordinates>104.002947,1.528968,0</coordinates></Point>
  </Placemark>
  <Placemark id="interpolated_points_sde_hala_senai.454">
	<name>SDE HALA SENAI</name>
	<ExtendedData><SchemaData schemaUrl="#interpolated_points_sde_hala_senai">
		<SimpleData name="fid">1</SimpleData>
		<SimpleData name="tessellate">1</SimpleData>
		<SimpleData name="extrude">0</SimpleData>
		<SimpleData name="visibility">-1</SimpleData>
		<SimpleData name="distance">45300</SimpleData>
		<SimpleData name="angle">80.2313874165826</SimpleData>
		<SimpleData name="KM">KM 46.3</SimpleData>
		<SimpleData name="Latitude">1.529131</SimpleData>
		<SimpleData name="Longitude">104.003874</SimpleData>
	</SchemaData></ExtendedData>
      <Point><coordinates>104.003874,1.529131,0</coordinates></Point>
  </Placemark>
  <Placemark id="interpolated_points_sde_hala_senai.455">
	<name>SDE HALA SENAI</name>
	<ExtendedData><SchemaData schemaUrl="#interpolated_points_sde_hala_senai">
		<SimpleData name="fid">1</SimpleData>
		<SimpleData name="tessellate">1</SimpleData>
		<SimpleData name="extrude">0</SimpleData>
		<SimpleData name="visibility">-1</SimpleData>
		<SimpleData name="distance">45400</SimpleData>
		<SimpleData name="angle">80.8998497796091</SimpleData>
		<SimpleData name="KM">KM 46.4</SimpleData>
		<SimpleData name="Latitude">1.529293</SimpleData>
		<SimpleData name="Longitude">104.004801</SimpleData>
	</SchemaData></ExtendedData>
      <Point><coordinates>104.004801,1.529293,0</coordinates></Point>
  </Placemark>
  <Placemark id="interpolated_points_sde_hala_senai.456">
	<name>SDE HALA SENAI</name>
	<ExtendedData><SchemaData schemaUrl="#interpolated_points_sde_hala_senai">
		<SimpleData name="fid">1</SimpleData>
		<SimpleData name="tessellate">1</SimpleData>
		<SimpleData name="extrude">0</SimpleData>
		<SimpleData name="visibility">-1</SimpleData>
		<SimpleData name="distance">45500</SimpleData>
		<SimpleData name="angle">80.8998497796091</SimpleData>
		<SimpleData name="KM">KM 46.5</SimpleData>
		<SimpleData name="Latitude">1.529446</SimpleData>
		<SimpleData name="Longitude">104.005729</SimpleData>
	</SchemaData></ExtendedData>
      <Point><coordinates>104.005729,1.529446,0</coordinates></Point>
  </Placemark>
  <Placemark id="interpolated_points_sde_hala_senai.457">
	<name>SDE HALA SENAI</name>
	<ExtendedData><SchemaData schemaUrl="#interpolated_points_sde_hala_senai">
		<SimpleData name="fid">1</SimpleData>
		<SimpleData name="tessellate">1</SimpleData>
		<SimpleData name="extrude">0</SimpleData>
		<SimpleData name="visibility">-1</SimpleData>
		<SimpleData name="distance">45600</SimpleData>
		<SimpleData name="angle">78.6729434045144</SimpleData>
		<SimpleData name="KM">KM 46.6</SimpleData>
		<SimpleData name="Latitude">1.529608</SimpleData>
		<SimpleData name="Longitude">104.006655</SimpleData>
	</SchemaData></ExtendedData>
      <Point><coordinates>104.006655,1.529608,0</coordinates></Point>
  </Placemark>
  <Placemark id="interpolated_points_sde_hala_senai.458">
	<name>SDE HALA SENAI</name>
	<ExtendedData><SchemaData schemaUrl="#interpolated_points_sde_hala_senai">
		<SimpleData name="fid">1</SimpleData>
		<SimpleData name="tessellate">1</SimpleData>
		<SimpleData name="extrude">0</SimpleData>
		<SimpleData name="visibility">-1</SimpleData>
		<SimpleData name="distance">45700</SimpleData>
		<SimpleData name="angle">78.6729434045144</SimpleData>
		<SimpleData name="KM">KM 46.7</SimpleData>
		<SimpleData name="Latitude">1.529795</SimpleData>
		<SimpleData name="Longitude">104.007577</SimpleData>
	</SchemaData></ExtendedData>
      <Point><coordinates>104.007577,1.529795,0</coordinates></Point>
  </Placemark>
  <Placemark id="interpolated_points_sde_hala_senai.459">
	<name>SDE HALA SENAI</name>
	<ExtendedData><SchemaData schemaUrl="#interpolated_points_sde_hala_senai">
		<SimpleData name="fid">1</SimpleData>
		<SimpleData name="tessellate">1</SimpleData>
		<SimpleData name="extrude">0</SimpleData>
		<SimpleData name="visibility">-1</SimpleData>
		<SimpleData name="distance">45800</SimpleData>
		<SimpleData name="angle">78.006087353461</SimpleData>
		<SimpleData name="KM">KM 46.8</SimpleData>
		<SimpleData name="Latitude">1.529984</SimpleData>
		<SimpleData name="Longitude">104.008499</SimpleData>
	</SchemaData></ExtendedData>
      <Point><coordinates>104.008499,1.529984,0</coordinates></Point>
  </Placemark>
  <Placemark id="interpolated_points_sde_hala_senai.460">
	<name>SDE HALA SENAI</name>
	<ExtendedData><SchemaData schemaUrl="#interpolated_points_sde_hala_senai">
		<SimpleData name="fid">1</SimpleData>
		<SimpleData name="tessellate">1</SimpleData>
		<SimpleData name="extrude">0</SimpleData>
		<SimpleData name="visibility">-1</SimpleData>
		<SimpleData name="distance">45900</SimpleData>
		<SimpleData name="angle">78.006087353461</SimpleData>
		<SimpleData name="KM">KM 46.9</SimpleData>
		<SimpleData name="Latitude">1.530182</SimpleData>
		<SimpleData name="Longitude">104.009420</SimpleData>
	</SchemaData></ExtendedData>
      <Point><coordinates>104.009420,1.530182,0</coordinates></Point>
  </Placemark>
  <Placemark id="interpolated_points_sde_hala_senai.461">
	<name>SDE HALA SENAI</name>
	<ExtendedData><SchemaData schemaUrl="#interpolated_points_sde_hala_senai">
		<SimpleData name="fid">1</SimpleData>
		<SimpleData name="tessellate">1</SimpleData>
		<SimpleData name="extrude">0</SimpleData>
		<SimpleData name="visibility">-1</SimpleData>
		<SimpleData name="distance">46000</SimpleData>
		<SimpleData name="angle">78.006087353461</SimpleData>
		<SimpleData name="KM">KM 47.0</SimpleData>
		<SimpleData name="Latitude">1.530379</SimpleData>
		<SimpleData name="Longitude">104.010340</SimpleData>
	</SchemaData></ExtendedData>
      <Point><coordinates>104.010340,1.530379,0</coordinates></Point>
  </Placemark>
  <Placemark id="interpolated_points_sde_hala_senai.462">
	<name>SDE HALA SENAI</name>
	<ExtendedData><SchemaData schemaUrl="#interpolated_points_sde_hala_senai">
		<SimpleData name="fid">1</SimpleData>
		<SimpleData name="tessellate">1</SimpleData>
		<SimpleData name="extrude">0</SimpleData>
		<SimpleData name="visibility">-1</SimpleData>
		<SimpleData name="distance">46100</SimpleData>
		<SimpleData name="angle">78.006087353461</SimpleData>
		<SimpleData name="KM">KM 47.1</SimpleData>
		<SimpleData name="Latitude">1.530577</SimpleData>
		<SimpleData name="Longitude">104.011260</SimpleData>
	</SchemaData></ExtendedData>
      <Point><coordinates>104.011260,1.530577,0</coordinates></Point>
  </Placemark>
  <Placemark id="interpolated_points_sde_hala_senai.463">
	<name>SDE HALA SENAI</name>
	<ExtendedData><SchemaData schemaUrl="#interpolated_points_sde_hala_senai">
		<SimpleData name="fid">1</SimpleData>
		<SimpleData name="tessellate">1</SimpleData>
		<SimpleData name="extrude">0</SimpleData>
		<SimpleData name="visibility">-1</SimpleData>
		<SimpleData name="distance">46200</SimpleData>
		<SimpleData name="angle">79.2531549991324</SimpleData>
		<SimpleData name="KM">KM 47.2</SimpleData>
		<SimpleData name="Latitude">1.530772</SimpleData>
		<SimpleData name="Longitude">104.012180</SimpleData>
	</SchemaData></ExtendedData>
      <Point><coordinates>104.012180,1.530772,0</coordinates></Point>
  </Placemark>
  <Placemark id="interpolated_points_sde_hala_senai.464">
	<name>SDE HALA SENAI</name>
	<ExtendedData><SchemaData schemaUrl="#interpolated_points_sde_hala_senai">
		<SimpleData name="fid">1</SimpleData>
		<SimpleData name="tessellate">1</SimpleData>
		<SimpleData name="extrude">0</SimpleData>
		<SimpleData name="visibility">-1</SimpleData>
		<SimpleData name="distance">46300</SimpleData>
		<SimpleData name="angle">79.2531549991324</SimpleData>
		<SimpleData name="KM">KM 47.3</SimpleData>
		<SimpleData name="Latitude">1.530951</SimpleData>
		<SimpleData name="Longitude">104.013104</SimpleData>
	</SchemaData></ExtendedData>
      <Point><coordinates>104.013104,1.530951,0</coordinates></Point>
  </Placemark>
  <Placemark id="interpolated_points_sde_hala_senai.465">
	<name>SDE HALA SENAI</name>
	<ExtendedData><SchemaData schemaUrl="#interpolated_points_sde_hala_senai">
		<SimpleData name="fid">1</SimpleData>
		<SimpleData name="tessellate">1</SimpleData>
		<SimpleData name="extrude">0</SimpleData>
		<SimpleData name="visibility">-1</SimpleData>
		<SimpleData name="distance">46400</SimpleData>
		<SimpleData name="angle">80.622919591018</SimpleData>
		<SimpleData name="KM">KM 47.4</SimpleData>
		<SimpleData name="Latitude">1.531081</SimpleData>
		<SimpleData name="Longitude">104.014032</SimpleData>
	</SchemaData></ExtendedData>
      <Point><coordinates>104.014032,1.531081,0</coordinates></Point>
  </Placemark>
  <Placemark id="interpolated_points_sde_hala_senai.466">
	<name>SDE HALA SENAI</name>
	<ExtendedData><SchemaData schemaUrl="#interpolated_points_sde_hala_senai">
		<SimpleData name="fid">1</SimpleData>
		<SimpleData name="tessellate">1</SimpleData>
		<SimpleData name="extrude">0</SimpleData>
		<SimpleData name="visibility">-1</SimpleData>
		<SimpleData name="distance">46500</SimpleData>
		<SimpleData name="angle">79.0099073912566</SimpleData>
		<SimpleData name="KM">KM 47.5</SimpleData>
		<SimpleData name="Latitude">1.531252</SimpleData>
		<SimpleData name="Longitude">104.014957</SimpleData>
	</SchemaData></ExtendedData>
      <Point><coordinates>104.014957,1.531252,0</coordinates></Point>
  </Placemark>
  <Placemark id="interpolated_points_sde_hala_senai.467">
	<name>SDE HALA SENAI</name>
	<ExtendedData><SchemaData schemaUrl="#interpolated_points_sde_hala_senai">
		<SimpleData name="fid">1</SimpleData>
		<SimpleData name="tessellate">1</SimpleData>
		<SimpleData name="extrude">0</SimpleData>
		<SimpleData name="visibility">-1</SimpleData>
		<SimpleData name="distance">46600</SimpleData>
		<SimpleData name="angle">79.0099073912566</SimpleData>
		<SimpleData name="KM">KM 47.6</SimpleData>
		<SimpleData name="Latitude">1.531435</SimpleData>
		<SimpleData name="Longitude">104.015881</SimpleData>
	</SchemaData></ExtendedData>
      <Point><coordinates>104.015881,1.531435,0</coordinates></Point>
  </Placemark>
  <Placemark id="interpolated_points_sde_hala_senai.468">
	<name>SDE HALA SENAI</name>
	<ExtendedData><SchemaData schemaUrl="#interpolated_points_sde_hala_senai">
		<SimpleData name="fid">1</SimpleData>
		<SimpleData name="tessellate">1</SimpleData>
		<SimpleData name="extrude">0</SimpleData>
		<SimpleData name="visibility">-1</SimpleData>
		<SimpleData name="distance">46700</SimpleData>
		<SimpleData name="angle">79.0099073912566</SimpleData>
		<SimpleData name="KM">KM 47.7</SimpleData>
		<SimpleData name="Latitude">1.531500</SimpleData>
		<SimpleData name="Longitude">104.016548</SimpleData>
	</SchemaData></ExtendedData>
      <Point><coordinates>104.016548,1.531500,0</coordinates></Point>
  </Placemark>
  <Placemark id="interpolated_points_sde_hala_senai.469">
	<name>SDE HALA SENAI</name>
	<ExtendedData><SchemaData schemaUrl="#interpolated_points_sde_hala_senai">
		<SimpleData name="fid">1</SimpleData>
		<SimpleData name="tessellate">1</SimpleData>
		<SimpleData name="extrude">0</SimpleData>
		<SimpleData name="visibility">-1</SimpleData>
		<SimpleData name="distance">46800</SimpleData>
		<SimpleData name="angle">79.0099073912566</SimpleData>
		<SimpleData name="KM">KM 47.8</SimpleData>
		<SimpleData name="Latitude">1.531565</SimpleData>
		<SimpleData name="Longitude">104.017215</SimpleData>
	</SchemaData></ExtendedData>
      <Point><coordinates>104.017215,1.531565,0</coordinates></Point>
  </Placemark>
  <Placemark id="interpolated_points_sde_hala_senai.470">
	<name>SDE HALA SENAI</name>
	<ExtendedData><SchemaData schemaUrl="#interpolated_points_sde_hala_senai">
		<SimpleData name="fid">1</SimpleData>
		<SimpleData name="tessellate">1</SimpleData>
		<SimpleData name="extrude">0</SimpleData>
		<SimpleData name="visibility">-1</SimpleData>
		<SimpleData name="distance">46900</SimpleData>
		<SimpleData name="angle">79.0099073912566</SimpleData>
		<SimpleData name="KM">KM 47.9</SimpleData>
		<SimpleData name="Latitude">1.531629</SimpleData>
		<SimpleData name="Longitude">104.017883</SimpleData>
	</SchemaData></ExtendedData>
      <Point><coordinates>104.017883,1.531629,0</coordinates></Point>
  </Placemark>
  <Placemark id="interpolated_points_sde_hala_senai.471">
	<name>SDE HALA SENAI</name>
	<ExtendedData><SchemaData schemaUrl="#interpolated_points_sde_hala_senai">
		<SimpleData name="fid">1</SimpleData>
		<SimpleData name="tessellate">1</SimpleData>
		<SimpleData name="extrude">0</SimpleData>
		<SimpleData name="visibility">-1</SimpleData>
		<SimpleData name="distance">47000</SimpleData>
		<SimpleData name="angle">79.0099073912566</SimpleData>
		<SimpleData name="KM">KM 48.0</SimpleData>
		<SimpleData name="Latitude">1.531694</SimpleData>
		<SimpleData name="Longitude">104.018550</SimpleData>
	</SchemaData></ExtendedData>
      <Point><coordinates>104.018550,1.531694,0</coordinates></Point>
  </Placemark>
  <Placemark id="interpolated_points_sde_hala_senai.472">
	<name>SDE HALA SENAI</name>
	<ExtendedData><SchemaData schemaUrl="#interpolated_points_sde_hala_senai">
		<SimpleData name="fid">1</SimpleData>
		<SimpleData name="tessellate">1</SimpleData>
		<SimpleData name="extrude">0</SimpleData>
		<SimpleData name="visibility">-1</SimpleData>
		<SimpleData name="distance">47100</SimpleData>
		<SimpleData name="angle">78.7861036427981</SimpleData>
		<SimpleData name="KM">KM 48.1</SimpleData>
		<SimpleData name="Latitude">1.531762</SimpleData>
		<SimpleData name="Longitude">104.019217</SimpleData>
	</SchemaData></ExtendedData>
      <Point><coordinates>104.019217,1.531762,0</coordinates></Point>
  </Placemark>
  <Placemark id="interpolated_points_sde_hala_senai.473">
	<name>SDE HALA SENAI</name>
	<ExtendedData><SchemaData schemaUrl="#interpolated_points_sde_hala_senai">
		<SimpleData name="fid">1</SimpleData>
		<SimpleData name="tessellate">1</SimpleData>
		<SimpleData name="extrude">0</SimpleData>
		<SimpleData name="visibility">-1</SimpleData>
		<SimpleData name="distance">47200</SimpleData>
		<SimpleData name="angle">78.8611156887966</SimpleData>
		<SimpleData name="KM">KM 48.2</SimpleData>
		<SimpleData name="Latitude">1.531842</SimpleData>
		<SimpleData name="Longitude">104.019881</SimpleData>
	</SchemaData></ExtendedData>
      <Point><coordinates>104.019881,1.531842,0</coordinates></Point>
  </Placemark>
  <Placemark id="interpolated_points_sde_hala_senai.474">
	<name>SDE HALA SENAI</name>
	<ExtendedData><SchemaData schemaUrl="#interpolated_points_sde_hala_senai">
		<SimpleData name="fid">1</SimpleData>
		<SimpleData name="tessellate">1</SimpleData>
		<SimpleData name="extrude">0</SimpleData>
		<SimpleData name="visibility">-1</SimpleData>
		<SimpleData name="distance">47300</SimpleData>
		<SimpleData name="angle">78.8611156887966</SimpleData>
		<SimpleData name="KM">KM 48.3</SimpleData>
		<SimpleData name="Latitude">1.532017</SimpleData>
		<SimpleData name="Longitude">104.020763</SimpleData>
	</SchemaData></ExtendedData>
      <Point><coordinates>104.020763,1.532017,0</coordinates></Point>
  </Placemark>
  <Placemark id="interpolated_points_sde_hala_senai.475">
	<name>SDE HALA SENAI</name>
	<ExtendedData><SchemaData schemaUrl="#interpolated_points_sde_hala_senai">
		<SimpleData name="fid">1</SimpleData>
		<SimpleData name="tessellate">1</SimpleData>
		<SimpleData name="extrude">0</SimpleData>
		<SimpleData name="visibility">-1</SimpleData>
		<SimpleData name="distance">47400</SimpleData>
		<SimpleData name="angle">45.2082068353819</SimpleData>
		<SimpleData name="KM">KM 48.4</SimpleData>
		<SimpleData name="Latitude">1.532200</SimpleData>
		<SimpleData name="Longitude">104.021641</SimpleData>
	</SchemaData></ExtendedData>
      <Point><coordinates>104.021641,1.532200,0</coordinates></Point>
  </Placemark>
  <Placemark id="interpolated_points_sde_hala_senai.476">
	<name>SDE HALA SENAI</name>
	<ExtendedData><SchemaData schemaUrl="#interpolated_points_sde_hala_senai">
		<SimpleData name="fid">1</SimpleData>
		<SimpleData name="tessellate">1</SimpleData>
		<SimpleData name="extrude">0</SimpleData>
		<SimpleData name="visibility">-1</SimpleData>
		<SimpleData name="distance">47500</SimpleData>
		<SimpleData name="angle">78.4213586945662</SimpleData>
		<SimpleData name="KM">KM 48.5</SimpleData>
		<SimpleData name="Latitude">1.532373</SimpleData>
		<SimpleData name="Longitude">104.022522</SimpleData>
	</SchemaData></ExtendedData>
      <Point><coordinates>104.022522,1.532373,0</coordinates></Point>
  </Placemark>
  <Placemark id="interpolated_points_sde_hala_senai.477">
	<name>SDE HALA SENAI</name>
	<ExtendedData><SchemaData schemaUrl="#interpolated_points_sde_hala_senai">
		<SimpleData name="fid">1</SimpleData>
		<SimpleData name="tessellate">1</SimpleData>
		<SimpleData name="extrude">0</SimpleData>
		<SimpleData name="visibility">-1</SimpleData>
		<SimpleData name="distance">47600</SimpleData>
		<SimpleData name="angle">77.1110471054128</SimpleData>
		<SimpleData name="KM">KM 48.6</SimpleData>
		<SimpleData name="Latitude">1.532559</SimpleData>
		<SimpleData name="Longitude">104.023401</SimpleData>
	</SchemaData></ExtendedData>
      <Point><coordinates>104.023401,1.532559,0</coordinates></Point>
  </Placemark>
  <Placemark id="interpolated_points_sde_hala_senai.478">
	<name>SDE HALA SENAI</name>
	<ExtendedData><SchemaData schemaUrl="#interpolated_points_sde_hala_senai">
		<SimpleData name="fid">1</SimpleData>
		<SimpleData name="tessellate">1</SimpleData>
		<SimpleData name="extrude">0</SimpleData>
		<SimpleData name="visibility">-1</SimpleData>
		<SimpleData name="distance">47700</SimpleData>
		<SimpleData name="angle">78.9403299015588</SimpleData>
		<SimpleData name="KM">KM 48.7</SimpleData>
		<SimpleData name="Latitude">1.532743</SimpleData>
		<SimpleData name="Longitude">104.024281</SimpleData>
	</SchemaData></ExtendedData>
      <Point><coordinates>104.024281,1.532743,0</coordinates></Point>
  </Placemark>
  <Placemark id="interpolated_points_sde_hala_senai.479">
	<name>SDE HALA SENAI</name>
	<ExtendedData><SchemaData schemaUrl="#interpolated_points_sde_hala_senai">
		<SimpleData name="fid">1</SimpleData>
		<SimpleData name="tessellate">1</SimpleData>
		<SimpleData name="extrude">0</SimpleData>
		<SimpleData name="visibility">-1</SimpleData>
		<SimpleData name="distance">47800</SimpleData>
		<SimpleData name="angle">78.9403299015588</SimpleData>
		<SimpleData name="KM">KM 48.8</SimpleData>
		<SimpleData name="Latitude">1.532917</SimpleData>
		<SimpleData name="Longitude">104.025163</SimpleData>
	</SchemaData></ExtendedData>
      <Point><coordinates>104.025163,1.532917,0</coordinates></Point>
  </Placemark>
  <Placemark id="interpolated_points_sde_hala_senai.480">
	<name>SDE HALA SENAI</name>
	<ExtendedData><SchemaData schemaUrl="#interpolated_points_sde_hala_senai">
		<SimpleData name="fid">1</SimpleData>
		<SimpleData name="tessellate">1</SimpleData>
		<SimpleData name="extrude">0</SimpleData>
		<SimpleData name="visibility">-1</SimpleData>
		<SimpleData name="distance">47900</SimpleData>
		<SimpleData name="angle">77.229917099303</SimpleData>
		<SimpleData name="KM">KM 48.9</SimpleData>
		<SimpleData name="Latitude">1.533097</SimpleData>
		<SimpleData name="Longitude">104.026044</SimpleData>
	</SchemaData></ExtendedData>
      <Point><coordinates>104.026044,1.533097,0</coordinates></Point>
  </Placemark>
  <Placemark id="interpolated_points_sde_hala_senai.481">
	<name>SDE HALA SENAI</name>
	<ExtendedData><SchemaData schemaUrl="#interpolated_points_sde_hala_senai">
		<SimpleData name="fid">1</SimpleData>
		<SimpleData name="tessellate">1</SimpleData>
		<SimpleData name="extrude">0</SimpleData>
		<SimpleData name="visibility">-1</SimpleData>
		<SimpleData name="distance">48000</SimpleData>
		<SimpleData name="angle">78.4640747551742</SimpleData>
		<SimpleData name="KM">KM 49.0</SimpleData>
		<SimpleData name="Latitude">1.533281</SimpleData>
		<SimpleData name="Longitude">104.026924</SimpleData>
	</SchemaData></ExtendedData>
      <Point><coordinates>104.026924,1.533281,0</coordinates></Point>
  </Placemark>
  <Placemark id="interpolated_points_sde_hala_senai.482">
	<name>SDE HALA SENAI</name>
	<ExtendedData><SchemaData schemaUrl="#interpolated_points_sde_hala_senai">
		<SimpleData name="fid">1</SimpleData>
		<SimpleData name="tessellate">1</SimpleData>
		<SimpleData name="extrude">0</SimpleData>
		<SimpleData name="visibility">-1</SimpleData>
		<SimpleData name="distance">48100</SimpleData>
		<SimpleData name="angle">78.4640747551742</SimpleData>
		<SimpleData name="KM">KM 49.1</SimpleData>
		<SimpleData name="Latitude">1.533462</SimpleData>
		<SimpleData name="Longitude">104.027805</SimpleData>
	</SchemaData></ExtendedData>
      <Point><coordinates>104.027805,1.533462,0</coordinates></Point>
  </Placemark>
  <Placemark id="interpolated_points_sde_hala_senai.483">
	<name>SDE HALA SENAI</name>
	<ExtendedData><SchemaData schemaUrl="#interpolated_points_sde_hala_senai">
		<SimpleData name="fid">1</SimpleData>
		<SimpleData name="tessellate">1</SimpleData>
		<SimpleData name="extrude">0</SimpleData>
		<SimpleData name="visibility">-1</SimpleData>
		<SimpleData name="distance">48200</SimpleData>
		<SimpleData name="angle">78.4640747551742</SimpleData>
		<SimpleData name="KM">KM 49.2</SimpleData>
		<SimpleData name="Latitude">1.533643</SimpleData>
		<SimpleData name="Longitude">104.028686</SimpleData>
	</SchemaData></ExtendedData>
      <Point><coordinates>104.028686,1.533643,0</coordinates></Point>
  </Placemark>
  <Placemark id="interpolated_points_sde_hala_senai.484">
	<name>SDE HALA SENAI</name>
	<ExtendedData><SchemaData schemaUrl="#interpolated_points_sde_hala_senai">
		<SimpleData name="fid">1</SimpleData>
		<SimpleData name="tessellate">1</SimpleData>
		<SimpleData name="extrude">0</SimpleData>
		<SimpleData name="visibility">-1</SimpleData>
		<SimpleData name="distance">48300</SimpleData>
		<SimpleData name="angle">78.4640747551742</SimpleData>
		<SimpleData name="KM">KM 49.3</SimpleData>
		<SimpleData name="Latitude">1.533824</SimpleData>
		<SimpleData name="Longitude">104.029567</SimpleData>
	</SchemaData></ExtendedData>
      <Point><coordinates>104.029567,1.533824,0</coordinates></Point>
  </Placemark>
  <Placemark id="interpolated_points_sde_hala_senai.485">
	<name>SDE HALA SENAI</name>
	<ExtendedData><SchemaData schemaUrl="#interpolated_points_sde_hala_senai">
		<SimpleData name="fid">1</SimpleData>
		<SimpleData name="tessellate">1</SimpleData>
		<SimpleData name="extrude">0</SimpleData>
		<SimpleData name="visibility">-1</SimpleData>
		<SimpleData name="distance">48400</SimpleData>
		<SimpleData name="angle">77.1903980113754</SimpleData>
		<SimpleData name="KM">KM 49.4</SimpleData>
		<SimpleData name="Latitude">1.534017</SimpleData>
		<SimpleData name="Longitude">104.030445</SimpleData>
	</SchemaData></ExtendedData>
      <Point><coordinates>104.030445,1.534017,0</coordinates></Point>
  </Placemark>
  <Placemark id="interpolated_points_sde_hala_senai.486">
	<name>SDE HALA SENAI</name>
	<ExtendedData><SchemaData schemaUrl="#interpolated_points_sde_hala_senai">
		<SimpleData name="fid">1</SimpleData>
		<SimpleData name="tessellate">1</SimpleData>
		<SimpleData name="extrude">0</SimpleData>
		<SimpleData name="visibility">-1</SimpleData>
		<SimpleData name="distance">48500</SimpleData>
		<SimpleData name="angle">77.1903980113754</SimpleData>
		<SimpleData name="KM">KM 49.5</SimpleData>
		<SimpleData name="Latitude">1.534218</SimpleData>
		<SimpleData name="Longitude">104.031321</SimpleData>
	</SchemaData></ExtendedData>
      <Point><coordinates>104.031321,1.534218,0</coordinates></Point>
  </Placemark>
  <Placemark id="interpolated_points_sde_hala_senai.487">
	<name>SDE HALA SENAI</name>
	<ExtendedData><SchemaData schemaUrl="#interpolated_points_sde_hala_senai">
		<SimpleData name="fid">1</SimpleData>
		<SimpleData name="tessellate">1</SimpleData>
		<SimpleData name="extrude">0</SimpleData>
		<SimpleData name="visibility">-1</SimpleData>
		<SimpleData name="distance">48600</SimpleData>
		<SimpleData name="angle">77.4110580445937</SimpleData>
		<SimpleData name="KM">KM 49.6</SimpleData>
		<SimpleData name="Latitude">1.534444</SimpleData>
		<SimpleData name="Longitude">104.032190</SimpleData>
	</SchemaData></ExtendedData>
      <Point><coordinates>104.032190,1.534444,0</coordinates></Point>
  </Placemark>
  <Placemark id="interpolated_points_sde_hala_senai.488">
	<name>SDE HALA SENAI</name>
	<ExtendedData><SchemaData schemaUrl="#interpolated_points_sde_hala_senai">
		<SimpleData name="fid">1</SimpleData>
		<SimpleData name="tessellate">1</SimpleData>
		<SimpleData name="extrude">0</SimpleData>
		<SimpleData name="visibility">-1</SimpleData>
		<SimpleData name="distance">48700</SimpleData>
		<SimpleData name="angle">78.8183353130217</SimpleData>
		<SimpleData name="KM">KM 49.7</SimpleData>
		<SimpleData name="Latitude">1.534636</SimpleData>
		<SimpleData name="Longitude">104.033069</SimpleData>
	</SchemaData></ExtendedData>
      <Point><coordinates>104.033069,1.534636,0</coordinates></Point>
  </Placemark>
  <Placemark id="interpolated_points_sde_hala_senai.489">
	<name>SDE HALA SENAI</name>
	<ExtendedData><SchemaData schemaUrl="#interpolated_points_sde_hala_senai">
		<SimpleData name="fid">1</SimpleData>
		<SimpleData name="tessellate">1</SimpleData>
		<SimpleData name="extrude">0</SimpleData>
		<SimpleData name="visibility">-1</SimpleData>
		<SimpleData name="distance">48800</SimpleData>
		<SimpleData name="angle">78.8183353130217</SimpleData>
		<SimpleData name="KM">KM 49.8</SimpleData>
		<SimpleData name="Latitude">1.534811</SimpleData>
		<SimpleData name="Longitude">104.033951</SimpleData>
	</SchemaData></ExtendedData>
      <Point><coordinates>104.033951,1.534811,0</coordinates></Point>
  </Placemark>
  <Placemark id="interpolated_points_sde_hala_senai.490">
	<name>SDE HALA SENAI</name>
	<ExtendedData><SchemaData schemaUrl="#interpolated_points_sde_hala_senai">
		<SimpleData name="fid">1</SimpleData>
		<SimpleData name="tessellate">1</SimpleData>
		<SimpleData name="extrude">0</SimpleData>
		<SimpleData name="visibility">-1</SimpleData>
		<SimpleData name="distance">48900</SimpleData>
		<SimpleData name="angle">78.8183353130217</SimpleData>
		<SimpleData name="KM">KM 49.9</SimpleData>
		<SimpleData name="Latitude">1.534987</SimpleData>
		<SimpleData name="Longitude">104.034832</SimpleData>
	</SchemaData></ExtendedData>
      <Point><coordinates>104.034832,1.534987,0</coordinates></Point>
  </Placemark>
  <Placemark id="interpolated_points_sde_hala_senai.491">
	<name>SDE HALA SENAI</name>
	<ExtendedData><SchemaData schemaUrl="#interpolated_points_sde_hala_senai">
		<SimpleData name="fid">1</SimpleData>
		<SimpleData name="tessellate">1</SimpleData>
		<SimpleData name="extrude">0</SimpleData>
		<SimpleData name="visibility">-1</SimpleData>
		<SimpleData name="distance">49000</SimpleData>
		<SimpleData name="angle">78.8183353130217</SimpleData>
		<SimpleData name="KM">KM 50.0</SimpleData>
		<SimpleData name="Latitude">1.535163</SimpleData>
		<SimpleData name="Longitude">104.035714</SimpleData>
	</SchemaData></ExtendedData>
      <Point><coordinates>104.035714,1.535163,0</coordinates></Point>
  </Placemark>
  <Placemark id="interpolated_points_sde_hala_senai.492">
	<name>SDE HALA SENAI</name>
	<ExtendedData><SchemaData schemaUrl="#interpolated_points_sde_hala_senai">
		<SimpleData name="fid">1</SimpleData>
		<SimpleData name="tessellate">1</SimpleData>
		<SimpleData name="extrude">0</SimpleData>
		<SimpleData name="visibility">-1</SimpleData>
		<SimpleData name="distance">49100</SimpleData>
		<SimpleData name="angle">78.8479152514102</SimpleData>
		<SimpleData name="KM">KM 50.1</SimpleData>
		<SimpleData name="Latitude">1.535332</SimpleData>
		<SimpleData name="Longitude">104.036597</SimpleData>
	</SchemaData></ExtendedData>
      <Point><coordinates>104.036597,1.535332,0</coordinates></Point>
  </Placemark>
  <Placemark id="interpolated_points_sde_hala_senai.493">
	<name>SDE HALA SENAI</name>
	<ExtendedData><SchemaData schemaUrl="#interpolated_points_sde_hala_senai">
		<SimpleData name="fid">1</SimpleData>
		<SimpleData name="tessellate">1</SimpleData>
		<SimpleData name="extrude">0</SimpleData>
		<SimpleData name="visibility">-1</SimpleData>
		<SimpleData name="distance">49200</SimpleData>
		<SimpleData name="angle">78.8479152514102</SimpleData>
		<SimpleData name="KM">KM 50.2</SimpleData>
		<SimpleData name="Latitude">1.535508</SimpleData>
		<SimpleData name="Longitude">104.037479</SimpleData>
	</SchemaData></ExtendedData>
      <Point><coordinates>104.037479,1.535508,0</coordinates></Point>
  </Placemark>
  <Placemark id="interpolated_points_sde_hala_senai.494">
	<name>SDE HALA SENAI</name>
	<ExtendedData><SchemaData schemaUrl="#interpolated_points_sde_hala_senai">
		<SimpleData name="fid">1</SimpleData>
		<SimpleData name="tessellate">1</SimpleData>
		<SimpleData name="extrude">0</SimpleData>
		<SimpleData name="visibility">-1</SimpleData>
		<SimpleData name="distance">49300</SimpleData>
		<SimpleData name="angle">77.7819800100032</SimpleData>
		<SimpleData name="KM">KM 50.3</SimpleData>
		<SimpleData name="Latitude">1.535687</SimpleData>
		<SimpleData name="Longitude">104.038360</SimpleData>
	</SchemaData></ExtendedData>
      <Point><coordinates>104.038360,1.535687,0</coordinates></Point>
  </Placemark>
  <Placemark id="interpolated_points_sde_hala_senai.495">
	<name>SDE HALA SENAI</name>
	<ExtendedData><SchemaData schemaUrl="#interpolated_points_sde_hala_senai">
		<SimpleData name="fid">1</SimpleData>
		<SimpleData name="tessellate">1</SimpleData>
		<SimpleData name="extrude">0</SimpleData>
		<SimpleData name="visibility">-1</SimpleData>
		<SimpleData name="distance">49400</SimpleData>
		<SimpleData name="angle">78.8843251844503</SimpleData>
		<SimpleData name="KM">KM 50.4</SimpleData>
		<SimpleData name="Latitude">1.535874</SimpleData>
		<SimpleData name="Longitude">104.039240</SimpleData>
	</SchemaData></ExtendedData>
      <Point><coordinates>104.039240,1.535874,0</coordinates></Point>
  </Placemark>
  <Placemark id="interpolated_points_sde_hala_senai.496">
	<name>SDE HALA SENAI</name>
	<ExtendedData><SchemaData schemaUrl="#interpolated_points_sde_hala_senai">
		<SimpleData name="fid">1</SimpleData>
		<SimpleData name="tessellate">1</SimpleData>
		<SimpleData name="extrude">0</SimpleData>
		<SimpleData name="visibility">-1</SimpleData>
		<SimpleData name="distance">49500</SimpleData>
		<SimpleData name="angle">76.0748926856031</SimpleData>
		<SimpleData name="KM">KM 50.5</SimpleData>
		<SimpleData name="Latitude">1.536049</SimpleData>
		<SimpleData name="Longitude">104.040122</SimpleData>
	</SchemaData></ExtendedData>
      <Point><coordinates>104.040122,1.536049,0</coordinates></Point>
  </Placemark>
  <Placemark id="interpolated_points_sde_hala_senai.497">
	<name>SDE HALA SENAI</name>
	<ExtendedData><SchemaData schemaUrl="#interpolated_points_sde_hala_senai">
		<SimpleData name="fid">1</SimpleData>
		<SimpleData name="tessellate">1</SimpleData>
		<SimpleData name="extrude">0</SimpleData>
		<SimpleData name="visibility">-1</SimpleData>
		<SimpleData name="distance">49600</SimpleData>
		<SimpleData name="angle">77.3793355005413</SimpleData>
		<SimpleData name="KM">KM 50.6</SimpleData>
		<SimpleData name="Latitude">1.536231</SimpleData>
		<SimpleData name="Longitude">104.041002</SimpleData>
	</SchemaData></ExtendedData>
      <Point><coordinates>104.041002,1.536231,0</coordinates></Point>
  </Placemark>
  <Placemark id="interpolated_points_sde_hala_senai.498">
	<name>SDE HALA SENAI</name>
	<ExtendedData><SchemaData schemaUrl="#interpolated_points_sde_hala_senai">
		<SimpleData name="fid">1</SimpleData>
		<SimpleData name="tessellate">1</SimpleData>
		<SimpleData name="extrude">0</SimpleData>
		<SimpleData name="visibility">-1</SimpleData>
		<SimpleData name="distance">49700</SimpleData>
		<SimpleData name="angle">81.9463902502516</SimpleData>
		<SimpleData name="KM">KM 50.7</SimpleData>
		<SimpleData name="Latitude">1.536409</SimpleData>
		<SimpleData name="Longitude">104.041882</SimpleData>
	</SchemaData></ExtendedData>
      <Point><coordinates>104.041882,1.536409,0</coordinates></Point>
  </Placemark>
  <Placemark id="interpolated_points_sde_hala_senai.499">
	<name>SDE HALA SENAI</name>
	<ExtendedData><SchemaData schemaUrl="#interpolated_points_sde_hala_senai">
		<SimpleData name="fid">1</SimpleData>
		<SimpleData name="tessellate">1</SimpleData>
		<SimpleData name="extrude">0</SimpleData>
		<SimpleData name="visibility">-1</SimpleData>
		<SimpleData name="distance">49800</SimpleData>
		<SimpleData name="angle">78.4528393281837</SimpleData>
		<SimpleData name="KM">KM 50.8</SimpleData>
		<SimpleData name="Latitude">1.536583</SimpleData>
		<SimpleData name="Longitude">104.042764</SimpleData>
	</SchemaData></ExtendedData>
      <Point><coordinates>104.042764,1.536583,0</coordinates></Point>
  </Placemark>
  <Placemark id="interpolated_points_sde_hala_senai.500">
	<name>SDE HALA SENAI</name>
	<ExtendedData><SchemaData schemaUrl="#interpolated_points_sde_hala_senai">
		<SimpleData name="fid">1</SimpleData>
		<SimpleData name="tessellate">1</SimpleData>
		<SimpleData name="extrude">0</SimpleData>
		<SimpleData name="visibility">-1</SimpleData>
		<SimpleData name="distance">49900</SimpleData>
		<SimpleData name="angle">78.4528393281837</SimpleData>
		<SimpleData name="KM">KM 50.9</SimpleData>
		<SimpleData name="Latitude">1.536764</SimpleData>
		<SimpleData name="Longitude">104.043645</SimpleData>
	</SchemaData></ExtendedData>
      <Point><coordinates>104.043645,1.536764,0</coordinates></Point>
  </Placemark>
  <Placemark id="interpolated_points_sde_hala_senai.501">
	<name>SDE HALA SENAI</name>
	<ExtendedData><SchemaData schemaUrl="#interpolated_points_sde_hala_senai">
		<SimpleData name="fid">1</SimpleData>
		<SimpleData name="tessellate">1</SimpleData>
		<SimpleData name="extrude">0</SimpleData>
		<SimpleData name="visibility">-1</SimpleData>
		<SimpleData name="distance">50000</SimpleData>
		<SimpleData name="angle">78.4528393281837</SimpleData>
		<SimpleData name="KM">KM 51.0</SimpleData>
		<SimpleData name="Latitude">1.536946</SimpleData>
		<SimpleData name="Longitude">104.044525</SimpleData>
	</SchemaData></ExtendedData>
      <Point><coordinates>104.044525,1.536946,0</coordinates></Point>
  </Placemark>
  <Placemark id="interpolated_points_sde_hala_senai.502">
	<name>SDE HALA SENAI</name>
	<ExtendedData><SchemaData schemaUrl="#interpolated_points_sde_hala_senai">
		<SimpleData name="fid">1</SimpleData>
		<SimpleData name="tessellate">1</SimpleData>
		<SimpleData name="extrude">0</SimpleData>
		<SimpleData name="visibility">-1</SimpleData>
		<SimpleData name="distance">50100</SimpleData>
		<SimpleData name="angle">78.6736744337656</SimpleData>
		<SimpleData name="KM">KM 51.1</SimpleData>
		<SimpleData name="Latitude">1.537124</SimpleData>
		<SimpleData name="Longitude">104.045406</SimpleData>
	</SchemaData></ExtendedData>
      <Point><coordinates>104.045406,1.537124,0</coordinates></Point>
  </Placemark>
  <Placemark id="interpolated_points_sde_hala_senai.503">
	<name>SDE HALA SENAI</name>
	<ExtendedData><SchemaData schemaUrl="#interpolated_points_sde_hala_senai">
		<SimpleData name="fid">1</SimpleData>
		<SimpleData name="tessellate">1</SimpleData>
		<SimpleData name="extrude">0</SimpleData>
		<SimpleData name="visibility">-1</SimpleData>
		<SimpleData name="distance">50200</SimpleData>
		<SimpleData name="angle">78.6736744337656</SimpleData>
		<SimpleData name="KM">KM 51.2</SimpleData>
		<SimpleData name="Latitude">1.537302</SimpleData>
		<SimpleData name="Longitude">104.046288</SimpleData>
	</SchemaData></ExtendedData>
      <Point><coordinates>104.046288,1.537302,0</coordinates></Point>
  </Placemark>
  <Placemark id="interpolated_points_sde_hala_senai.504">
	<name>SDE HALA SENAI</name>
	<ExtendedData><SchemaData schemaUrl="#interpolated_points_sde_hala_senai">
		<SimpleData name="fid">1</SimpleData>
		<SimpleData name="tessellate">1</SimpleData>
		<SimpleData name="extrude">0</SimpleData>
		<SimpleData name="visibility">-1</SimpleData>
		<SimpleData name="distance">50300</SimpleData>
		<SimpleData name="angle">78.6736744337656</SimpleData>
		<SimpleData name="KM">KM 51.3</SimpleData>
		<SimpleData name="Latitude">1.537480</SimpleData>
		<SimpleData name="Longitude">104.047169</SimpleData>
	</SchemaData></ExtendedData>
      <Point><coordinates>104.047169,1.537480,0</coordinates></Point>
  </Placemark>
  <Placemark id="interpolated_points_sde_hala_senai.505">
	<name>SDE HALA SENAI</name>
	<ExtendedData><SchemaData schemaUrl="#interpolated_points_sde_hala_senai">
		<SimpleData name="fid">1</SimpleData>
		<SimpleData name="tessellate">1</SimpleData>
		<SimpleData name="extrude">0</SimpleData>
		<SimpleData name="visibility">-1</SimpleData>
		<SimpleData name="distance">50400</SimpleData>
		<SimpleData name="angle">78.6736744337656</SimpleData>
		<SimpleData name="KM">KM 51.4</SimpleData>
		<SimpleData name="Latitude">1.537658</SimpleData>
		<SimpleData name="Longitude">104.048051</SimpleData>
	</SchemaData></ExtendedData>
      <Point><coordinates>104.048051,1.537658,0</coordinates></Point>
  </Placemark>
  <Placemark id="interpolated_points_sde_hala_senai.506">
	<name>SDE HALA SENAI</name>
	<ExtendedData><SchemaData schemaUrl="#interpolated_points_sde_hala_senai">
		<SimpleData name="fid">1</SimpleData>
		<SimpleData name="tessellate">1</SimpleData>
		<SimpleData name="extrude">0</SimpleData>
		<SimpleData name="visibility">-1</SimpleData>
		<SimpleData name="distance">50500</SimpleData>
		<SimpleData name="angle">78.6736744337656</SimpleData>
		<SimpleData name="KM">KM 51.5</SimpleData>
		<SimpleData name="Latitude">1.537836</SimpleData>
		<SimpleData name="Longitude">104.048932</SimpleData>
	</SchemaData></ExtendedData>
      <Point><coordinates>104.048932,1.537836,0</coordinates></Point>
  </Placemark>
  <Placemark id="interpolated_points_sde_hala_senai.507">
	<name>SDE HALA SENAI</name>
	<ExtendedData><SchemaData schemaUrl="#interpolated_points_sde_hala_senai">
		<SimpleData name="fid">1</SimpleData>
		<SimpleData name="tessellate">1</SimpleData>
		<SimpleData name="extrude">0</SimpleData>
		<SimpleData name="visibility">-1</SimpleData>
		<SimpleData name="distance">50600</SimpleData>
		<SimpleData name="angle">78.6736744337656</SimpleData>
		<SimpleData name="KM">KM 51.6</SimpleData>
		<SimpleData name="Latitude">1.538014</SimpleData>
		<SimpleData name="Longitude">104.049813</SimpleData>
	</SchemaData></ExtendedData>
      <Point><coordinates>104.049813,1.538014,0</coordinates></Point>
  </Placemark>
  <Placemark id="interpolated_points_sde_hala_senai.508">
	<name>SDE HALA SENAI</name>
	<ExtendedData><SchemaData schemaUrl="#interpolated_points_sde_hala_senai">
		<SimpleData name="fid">1</SimpleData>
		<SimpleData name="tessellate">1</SimpleData>
		<SimpleData name="extrude">0</SimpleData>
		<SimpleData name="visibility">-1</SimpleData>
		<SimpleData name="distance">50700</SimpleData>
		<SimpleData name="angle">78.6656313087449</SimpleData>
		<SimpleData name="KM">KM 51.7</SimpleData>
		<SimpleData name="Latitude">1.538197</SimpleData>
		<SimpleData name="Longitude">104.050694</SimpleData>
	</SchemaData></ExtendedData>
      <Point><coordinates>104.050694,1.538197,0</coordinates></Point>
  </Placemark>
  <Placemark id="interpolated_points_sde_hala_senai.509">
	<name>SDE HALA SENAI</name>
	<ExtendedData><SchemaData schemaUrl="#interpolated_points_sde_hala_senai">
		<SimpleData name="fid">1</SimpleData>
		<SimpleData name="tessellate">1</SimpleData>
		<SimpleData name="extrude">0</SimpleData>
		<SimpleData name="visibility">-1</SimpleData>
		<SimpleData name="distance">50800</SimpleData>
		<SimpleData name="angle">78.6656313087449</SimpleData>
		<SimpleData name="KM">KM 51.8</SimpleData>
		<SimpleData name="Latitude">1.538375</SimpleData>
		<SimpleData name="Longitude">104.051575</SimpleData>
	</SchemaData></ExtendedData>
      <Point><coordinates>104.051575,1.538375,0</coordinates></Point>
  </Placemark>
  <Placemark id="interpolated_points_sde_hala_senai.510">
	<name>SDE HALA SENAI</name>
	<ExtendedData><SchemaData schemaUrl="#interpolated_points_sde_hala_senai">
		<SimpleData name="fid">1</SimpleData>
		<SimpleData name="tessellate">1</SimpleData>
		<SimpleData name="extrude">0</SimpleData>
		<SimpleData name="visibility">-1</SimpleData>
		<SimpleData name="distance">50900</SimpleData>
		<SimpleData name="angle">78.6656313087449</SimpleData>
		<SimpleData name="KM">KM 51.9</SimpleData>
		<SimpleData name="Latitude">1.538553</SimpleData>
		<SimpleData name="Longitude">104.052456</SimpleData>
	</SchemaData></ExtendedData>
      <Point><coordinates>104.052456,1.538553,0</coordinates></Point>
  </Placemark>
  <Placemark id="interpolated_points_sde_hala_senai.511">
	<name>SDE HALA SENAI</name>
	<ExtendedData><SchemaData schemaUrl="#interpolated_points_sde_hala_senai">
		<SimpleData name="fid">1</SimpleData>
		<SimpleData name="tessellate">1</SimpleData>
		<SimpleData name="extrude">0</SimpleData>
		<SimpleData name="visibility">-1</SimpleData>
		<SimpleData name="distance">51000</SimpleData>
		<SimpleData name="angle">78.6656313087449</SimpleData>
		<SimpleData name="KM">KM 52.0</SimpleData>
		<SimpleData name="Latitude">1.538731</SimpleData>
		<SimpleData name="Longitude">104.053338</SimpleData>
	</SchemaData></ExtendedData>
      <Point><coordinates>104.053338,1.538731,0</coordinates></Point>
  </Placemark>
  <Placemark id="interpolated_points_sde_hala_senai.512">
	<name>SDE HALA SENAI</name>
	<ExtendedData><SchemaData schemaUrl="#interpolated_points_sde_hala_senai">
		<SimpleData name="fid">1</SimpleData>
		<SimpleData name="tessellate">1</SimpleData>
		<SimpleData name="extrude">0</SimpleData>
		<SimpleData name="visibility">-1</SimpleData>
		<SimpleData name="distance">51100</SimpleData>
		<SimpleData name="angle">78.4979145506373</SimpleData>
		<SimpleData name="KM">KM 52.1</SimpleData>
		<SimpleData name="Latitude">1.538915</SimpleData>
		<SimpleData name="Longitude">104.054217</SimpleData>
	</SchemaData></ExtendedData>
      <Point><coordinates>104.054217,1.538915,0</coordinates></Point>
  </Placemark>
  <Placemark id="interpolated_points_sde_hala_senai.513">
	<name>SDE HALA SENAI</name>
	<ExtendedData><SchemaData schemaUrl="#interpolated_points_sde_hala_senai">
		<SimpleData name="fid">1</SimpleData>
		<SimpleData name="tessellate">1</SimpleData>
		<SimpleData name="extrude">0</SimpleData>
		<SimpleData name="visibility">-1</SimpleData>
		<SimpleData name="distance">51200</SimpleData>
		<SimpleData name="angle">78.4979145506373</SimpleData>
		<SimpleData name="KM">KM 52.2</SimpleData>
		<SimpleData name="Latitude">1.539095</SimpleData>
		<SimpleData name="Longitude">104.055098</SimpleData>
	</SchemaData></ExtendedData>
      <Point><coordinates>104.055098,1.539095,0</coordinates></Point>
  </Placemark>
  <Placemark id="interpolated_points_sde_hala_senai.514">
	<name>SDE HALA SENAI</name>
	<ExtendedData><SchemaData schemaUrl="#interpolated_points_sde_hala_senai">
		<SimpleData name="fid">1</SimpleData>
		<SimpleData name="tessellate">1</SimpleData>
		<SimpleData name="extrude">0</SimpleData>
		<SimpleData name="visibility">-1</SimpleData>
		<SimpleData name="distance">51300</SimpleData>
		<SimpleData name="angle">78.4979145506373</SimpleData>
		<SimpleData name="KM">KM 52.3</SimpleData>
		<SimpleData name="Latitude">1.539276</SimpleData>
		<SimpleData name="Longitude">104.055979</SimpleData>
	</SchemaData></ExtendedData>
      <Point><coordinates>104.055979,1.539276,0</coordinates></Point>
  </Placemark>
  <Placemark id="interpolated_points_sde_hala_senai.515">
	<name>SDE HALA SENAI</name>
	<ExtendedData><SchemaData schemaUrl="#interpolated_points_sde_hala_senai">
		<SimpleData name="fid">1</SimpleData>
		<SimpleData name="tessellate">1</SimpleData>
		<SimpleData name="extrude">0</SimpleData>
		<SimpleData name="visibility">-1</SimpleData>
		<SimpleData name="distance">51400</SimpleData>
		<SimpleData name="angle">78.4979145506373</SimpleData>
		<SimpleData name="KM">KM 52.4</SimpleData>
		<SimpleData name="Latitude">1.539457</SimpleData>
		<SimpleData name="Longitude">104.056860</SimpleData>
	</SchemaData></ExtendedData>
      <Point><coordinates>104.056860,1.539457,0</coordinates></Point>
  </Placemark>
  <Placemark id="interpolated_points_sde_hala_senai.516">
	<name>SDE HALA SENAI</name>
	<ExtendedData><SchemaData schemaUrl="#interpolated_points_sde_hala_senai">
		<SimpleData name="fid">1</SimpleData>
		<SimpleData name="tessellate">1</SimpleData>
		<SimpleData name="extrude">0</SimpleData>
		<SimpleData name="visibility">-1</SimpleData>
		<SimpleData name="distance">51500</SimpleData>
		<SimpleData name="angle">78.4979145506373</SimpleData>
		<SimpleData name="KM">KM 52.5</SimpleData>
		<SimpleData name="Latitude">1.539637</SimpleData>
		<SimpleData name="Longitude">104.057741</SimpleData>
	</SchemaData></ExtendedData>
      <Point><coordinates>104.057741,1.539637,0</coordinates></Point>
  </Placemark>
  <Placemark id="interpolated_points_sde_hala_senai.517">
	<name>SDE HALA SENAI</name>
	<ExtendedData><SchemaData schemaUrl="#interpolated_points_sde_hala_senai">
		<SimpleData name="fid">1</SimpleData>
		<SimpleData name="tessellate">1</SimpleData>
		<SimpleData name="extrude">0</SimpleData>
		<SimpleData name="visibility">-1</SimpleData>
		<SimpleData name="distance">51600</SimpleData>
		<SimpleData name="angle">78.4584934690527</SimpleData>
		<SimpleData name="KM">KM 52.6</SimpleData>
		<SimpleData name="Latitude">1.539809</SimpleData>
		<SimpleData name="Longitude">104.058623</SimpleData>
	</SchemaData></ExtendedData>
      <Point><coordinates>104.058623,1.539809,0</coordinates></Point>
  </Placemark>
  <Placemark id="interpolated_points_sde_hala_senai.518">
	<name>SDE HALA SENAI</name>
	<ExtendedData><SchemaData schemaUrl="#interpolated_points_sde_hala_senai">
		<SimpleData name="fid">1</SimpleData>
		<SimpleData name="tessellate">1</SimpleData>
		<SimpleData name="extrude">0</SimpleData>
		<SimpleData name="visibility">-1</SimpleData>
		<SimpleData name="distance">51700</SimpleData>
		<SimpleData name="angle">78.4584934690527</SimpleData>
		<SimpleData name="KM">KM 52.7</SimpleData>
		<SimpleData name="Latitude">1.539991</SimpleData>
		<SimpleData name="Longitude">104.059504</SimpleData>
	</SchemaData></ExtendedData>
      <Point><coordinates>104.059504,1.539991,0</coordinates></Point>
  </Placemark>
  <Placemark id="interpolated_points_sde_hala_senai.519">
	<name>SDE HALA SENAI</name>
	<ExtendedData><SchemaData schemaUrl="#interpolated_points_sde_hala_senai">
		<SimpleData name="fid">1</SimpleData>
		<SimpleData name="tessellate">1</SimpleData>
		<SimpleData name="extrude">0</SimpleData>
		<SimpleData name="visibility">-1</SimpleData>
		<SimpleData name="distance">51800</SimpleData>
		<SimpleData name="angle">78.4584934690527</SimpleData>
		<SimpleData name="KM">KM 52.8</SimpleData>
		<SimpleData name="Latitude">1.540172</SimpleData>
		<SimpleData name="Longitude">104.060384</SimpleData>
	</SchemaData></ExtendedData>
      <Point><coordinates>104.060384,1.540172,0</coordinates></Point>
  </Placemark>
  <Placemark id="interpolated_points_sde_hala_senai.520">
	<name>SDE HALA SENAI</name>
	<ExtendedData><SchemaData schemaUrl="#interpolated_points_sde_hala_senai">
		<SimpleData name="fid">1</SimpleData>
		<SimpleData name="tessellate">1</SimpleData>
		<SimpleData name="extrude">0</SimpleData>
		<SimpleData name="visibility">-1</SimpleData>
		<SimpleData name="distance">51900</SimpleData>
		<SimpleData name="angle">78.4584934690527</SimpleData>
		<SimpleData name="KM">KM 52.9</SimpleData>
		<SimpleData name="Latitude">1.540353</SimpleData>
		<SimpleData name="Longitude">104.061265</SimpleData>
	</SchemaData></ExtendedData>
      <Point><coordinates>104.061265,1.540353,0</coordinates></Point>
  </Placemark>
  <Placemark id="interpolated_points_sde_hala_senai.521">
	<name>SDE HALA SENAI</name>
	<ExtendedData><SchemaData schemaUrl="#interpolated_points_sde_hala_senai">
		<SimpleData name="fid">1</SimpleData>
		<SimpleData name="tessellate">1</SimpleData>
		<SimpleData name="extrude">0</SimpleData>
		<SimpleData name="visibility">-1</SimpleData>
		<SimpleData name="distance">52000</SimpleData>
		<SimpleData name="angle">78.6967309400315</SimpleData>
		<SimpleData name="KM">KM 53.0</SimpleData>
		<SimpleData name="Latitude">1.540530</SimpleData>
		<SimpleData name="Longitude">104.062146</SimpleData>
	</SchemaData></ExtendedData>
      <Point><coordinates>104.062146,1.540530,0</coordinates></Point>
  </Placemark>
  <Placemark id="interpolated_points_sde_hala_senai.522">
	<name>SDE HALA SENAI</name>
	<ExtendedData><SchemaData schemaUrl="#interpolated_points_sde_hala_senai">
		<SimpleData name="fid">1</SimpleData>
		<SimpleData name="tessellate">1</SimpleData>
		<SimpleData name="extrude">0</SimpleData>
		<SimpleData name="visibility">-1</SimpleData>
		<SimpleData name="distance">52100</SimpleData>
		<SimpleData name="angle">78.6967309400315</SimpleData>
		<SimpleData name="KM">KM 53.1</SimpleData>
		<SimpleData name="Latitude">1.540708</SimpleData>
		<SimpleData name="Longitude">104.063028</SimpleData>
	</SchemaData></ExtendedData>
      <Point><coordinates>104.063028,1.540708,0</coordinates></Point>
  </Placemark>
  <Placemark id="interpolated_points_sde_hala_senai.523">
	<name>SDE HALA SENAI</name>
	<ExtendedData><SchemaData schemaUrl="#interpolated_points_sde_hala_senai">
		<SimpleData name="fid">1</SimpleData>
		<SimpleData name="tessellate">1</SimpleData>
		<SimpleData name="extrude">0</SimpleData>
		<SimpleData name="visibility">-1</SimpleData>
		<SimpleData name="distance">52200</SimpleData>
		<SimpleData name="angle">78.6860343223181</SimpleData>
		<SimpleData name="KM">KM 53.2</SimpleData>
		<SimpleData name="Latitude">1.540891</SimpleData>
		<SimpleData name="Longitude">104.063908</SimpleData>
	</SchemaData></ExtendedData>
      <Point><coordinates>104.063908,1.540891,0</coordinates></Point>
  </Placemark>
  <Placemark id="interpolated_points_sde_hala_senai.524">
	<name>SDE HALA SENAI</name>
	<ExtendedData><SchemaData schemaUrl="#interpolated_points_sde_hala_senai">
		<SimpleData name="fid">1</SimpleData>
		<SimpleData name="tessellate">1</SimpleData>
		<SimpleData name="extrude">0</SimpleData>
		<SimpleData name="visibility">-1</SimpleData>
		<SimpleData name="distance">52300</SimpleData>
		<SimpleData name="angle">78.6860343223181</SimpleData>
		<SimpleData name="KM">KM 53.3</SimpleData>
		<SimpleData name="Latitude">1.541068</SimpleData>
		<SimpleData name="Longitude">104.064789</SimpleData>
	</SchemaData></ExtendedData>
      <Point><coordinates>104.064789,1.541068,0</coordinates></Point>
  </Placemark>
  <Placemark id="interpolated_points_sde_hala_senai.525">
	<name>SDE HALA SENAI</name>
	<ExtendedData><SchemaData schemaUrl="#interpolated_points_sde_hala_senai">
		<SimpleData name="fid">1</SimpleData>
		<SimpleData name="tessellate">1</SimpleData>
		<SimpleData name="extrude">0</SimpleData>
		<SimpleData name="visibility">-1</SimpleData>
		<SimpleData name="distance">52400</SimpleData>
		<SimpleData name="angle">78.6860343223181</SimpleData>
		<SimpleData name="KM">KM 53.4</SimpleData>
		<SimpleData name="Latitude">1.541246</SimpleData>
		<SimpleData name="Longitude">104.065671</SimpleData>
	</SchemaData></ExtendedData>
      <Point><coordinates>104.065671,1.541246,0</coordinates></Point>
  </Placemark>
  <Placemark id="interpolated_points_sde_hala_senai.526">
	<name>SDE HALA SENAI</name>
	<ExtendedData><SchemaData schemaUrl="#interpolated_points_sde_hala_senai">
		<SimpleData name="fid">1</SimpleData>
		<SimpleData name="tessellate">1</SimpleData>
		<SimpleData name="extrude">0</SimpleData>
		<SimpleData name="visibility">-1</SimpleData>
		<SimpleData name="distance">52500</SimpleData>
		<SimpleData name="angle">78.6860343223181</SimpleData>
		<SimpleData name="KM">KM 53.5</SimpleData>
		<SimpleData name="Latitude">1.541424</SimpleData>
		<SimpleData name="Longitude">104.066552</SimpleData>
	</SchemaData></ExtendedData>
      <Point><coordinates>104.066552,1.541424,0</coordinates></Point>
  </Placemark>
  <Placemark id="interpolated_points_sde_hala_senai.527">
	<name>SDE HALA SENAI</name>
	<ExtendedData><SchemaData schemaUrl="#interpolated_points_sde_hala_senai">
		<SimpleData name="fid">1</SimpleData>
		<SimpleData name="tessellate">1</SimpleData>
		<SimpleData name="extrude">0</SimpleData>
		<SimpleData name="visibility">-1</SimpleData>
		<SimpleData name="distance">52600</SimpleData>
		<SimpleData name="angle">78.5361762642515</SimpleData>
		<SimpleData name="KM">KM 53.6</SimpleData>
		<SimpleData name="Latitude">1.541600</SimpleData>
		<SimpleData name="Longitude">104.067433</SimpleData>
	</SchemaData></ExtendedData>
      <Point><coordinates>104.067433,1.541600,0</coordinates></Point>
  </Placemark>
  <Placemark id="interpolated_points_sde_hala_senai.528">
	<name>SDE HALA SENAI</name>
	<ExtendedData><SchemaData schemaUrl="#interpolated_points_sde_hala_senai">
		<SimpleData name="fid">1</SimpleData>
		<SimpleData name="tessellate">1</SimpleData>
		<SimpleData name="extrude">0</SimpleData>
		<SimpleData name="visibility">-1</SimpleData>
		<SimpleData name="distance">52700</SimpleData>
		<SimpleData name="angle">78.5361762642515</SimpleData>
		<SimpleData name="KM">KM 53.7</SimpleData>
		<SimpleData name="Latitude">1.541780</SimpleData>
		<SimpleData name="Longitude">104.068314</SimpleData>
	</SchemaData></ExtendedData>
      <Point><coordinates>104.068314,1.541780,0</coordinates></Point>
  </Placemark>
  <Placemark id="interpolated_points_sde_hala_senai.529">
	<name>SDE HALA SENAI</name>
	<ExtendedData><SchemaData schemaUrl="#interpolated_points_sde_hala_senai">
		<SimpleData name="fid">1</SimpleData>
		<SimpleData name="tessellate">1</SimpleData>
		<SimpleData name="extrude">0</SimpleData>
		<SimpleData name="visibility">-1</SimpleData>
		<SimpleData name="distance">52800</SimpleData>
		<SimpleData name="angle">76.3724651800635</SimpleData>
		<SimpleData name="KM">KM 53.8</SimpleData>
		<SimpleData name="Latitude">1.541986</SimpleData>
		<SimpleData name="Longitude">104.069189</SimpleData>
	</SchemaData></ExtendedData>
      <Point><coordinates>104.069189,1.541986,0</coordinates></Point>
  </Placemark>
  <Placemark id="interpolated_points_sde_hala_senai.530">
	<name>SDE HALA SENAI</name>
	<ExtendedData><SchemaData schemaUrl="#interpolated_points_sde_hala_senai">
		<SimpleData name="fid">1</SimpleData>
		<SimpleData name="tessellate">1</SimpleData>
		<SimpleData name="extrude">0</SimpleData>
		<SimpleData name="visibility">-1</SimpleData>
		<SimpleData name="distance">52900</SimpleData>
		<SimpleData name="angle">76.0741510657804</SimpleData>
		<SimpleData name="KM">KM 53.9</SimpleData>
		<SimpleData name="Latitude">1.542191</SimpleData>
		<SimpleData name="Longitude">104.070063</SimpleData>
	</SchemaData></ExtendedData>
      <Point><coordinates>104.070063,1.542191,0</coordinates></Point>
  </Placemark>
  <Placemark id="interpolated_points_sde_hala_senai.531">
	<name>SDE HALA SENAI</name>
	<ExtendedData><SchemaData schemaUrl="#interpolated_points_sde_hala_senai">
		<SimpleData name="fid">1</SimpleData>
		<SimpleData name="tessellate">1</SimpleData>
		<SimpleData name="extrude">0</SimpleData>
		<SimpleData name="visibility">-1</SimpleData>
		<SimpleData name="distance">53000</SimpleData>
		<SimpleData name="angle">79.3709148508499</SimpleData>
		<SimpleData name="KM">KM 54.0</SimpleData>
		<SimpleData name="Latitude">1.542387</SimpleData>
		<SimpleData name="Longitude">104.070940</SimpleData>
	</SchemaData></ExtendedData>
      <Point><coordinates>104.070940,1.542387,0</coordinates></Point>
  </Placemark>
  <Placemark id="interpolated_points_sde_hala_senai.532">
	<name>SDE HALA SENAI</name>
	<ExtendedData><SchemaData schemaUrl="#interpolated_points_sde_hala_senai">
		<SimpleData name="fid">1</SimpleData>
		<SimpleData name="tessellate">1</SimpleData>
		<SimpleData name="extrude">0</SimpleData>
		<SimpleData name="visibility">-1</SimpleData>
		<SimpleData name="distance">53100</SimpleData>
		<SimpleData name="angle">79.3709148508499</SimpleData>
		<SimpleData name="KM">KM 54.1</SimpleData>
		<SimpleData name="Latitude">1.542554</SimpleData>
		<SimpleData name="Longitude">104.071823</SimpleData>
	</SchemaData></ExtendedData>
      <Point><coordinates>104.071823,1.542554,0</coordinates></Point>
  </Placemark>
  <Placemark id="interpolated_points_sde_hala_senai.533">
	<name>SDE HALA SENAI</name>
	<ExtendedData><SchemaData schemaUrl="#interpolated_points_sde_hala_senai">
		<SimpleData name="fid">1</SimpleData>
		<SimpleData name="tessellate">1</SimpleData>
		<SimpleData name="extrude">0</SimpleData>
		<SimpleData name="visibility">-1</SimpleData>
		<SimpleData name="distance">53200</SimpleData>
		<SimpleData name="angle">79.1248369102815</SimpleData>
		<SimpleData name="KM">KM 54.2</SimpleData>
		<SimpleData name="Latitude">1.542714</SimpleData>
		<SimpleData name="Longitude">104.072707</SimpleData>
	</SchemaData></ExtendedData>
      <Point><coordinates>104.072707,1.542714,0</coordinates></Point>
  </Placemark>
  <Placemark id="interpolated_points_sde_hala_senai.534">
	<name>SDE HALA SENAI</name>
	<ExtendedData><SchemaData schemaUrl="#interpolated_points_sde_hala_senai">
		<SimpleData name="fid">1</SimpleData>
		<SimpleData name="tessellate">1</SimpleData>
		<SimpleData name="extrude">0</SimpleData>
		<SimpleData name="visibility">-1</SimpleData>
		<SimpleData name="distance">53300</SimpleData>
		<SimpleData name="angle">79.1248369102815</SimpleData>
		<SimpleData name="KM">KM 54.3</SimpleData>
		<SimpleData name="Latitude">1.542885</SimpleData>
		<SimpleData name="Longitude">104.073590</SimpleData>
	</SchemaData></ExtendedData>
      <Point><coordinates>104.073590,1.542885,0</coordinates></Point>
  </Placemark>
  <Placemark id="interpolated_points_sde_hala_senai.535">
	<name>SDE HALA SENAI</name>
	<ExtendedData><SchemaData schemaUrl="#interpolated_points_sde_hala_senai">
		<SimpleData name="fid">1</SimpleData>
		<SimpleData name="tessellate">1</SimpleData>
		<SimpleData name="extrude">0</SimpleData>
		<SimpleData name="visibility">-1</SimpleData>
		<SimpleData name="distance">53400</SimpleData>
		<SimpleData name="angle">77.6894129916754</SimpleData>
		<SimpleData name="KM">KM 54.4</SimpleData>
		<SimpleData name="Latitude">1.543064</SimpleData>
		<SimpleData name="Longitude">104.074471</SimpleData>
	</SchemaData></ExtendedData>
      <Point><coordinates>104.074471,1.543064,0</coordinates></Point>
  </Placemark>
  <Placemark id="interpolated_points_sde_hala_senai.536">
	<name>SDE HALA SENAI</name>
	<ExtendedData><SchemaData schemaUrl="#interpolated_points_sde_hala_senai">
		<SimpleData name="fid">1</SimpleData>
		<SimpleData name="tessellate">1</SimpleData>
		<SimpleData name="extrude">0</SimpleData>
		<SimpleData name="visibility">-1</SimpleData>
		<SimpleData name="distance">53500</SimpleData>
		<SimpleData name="angle">77.6894129916754</SimpleData>
		<SimpleData name="KM">KM 54.5</SimpleData>
		<SimpleData name="Latitude">1.543257</SimpleData>
		<SimpleData name="Longitude">104.075349</SimpleData>
	</SchemaData></ExtendedData>
      <Point><coordinates>104.075349,1.543257,0</coordinates></Point>
  </Placemark>
  <Placemark id="interpolated_points_sde_hala_senai.537">
	<name>SDE HALA SENAI</name>
	<ExtendedData><SchemaData schemaUrl="#interpolated_points_sde_hala_senai">
		<SimpleData name="fid">1</SimpleData>
		<SimpleData name="tessellate">1</SimpleData>
		<SimpleData name="extrude">0</SimpleData>
		<SimpleData name="visibility">-1</SimpleData>
		<SimpleData name="distance">53600</SimpleData>
		<SimpleData name="angle">77.6894129916754</SimpleData>
		<SimpleData name="KM">KM 54.6</SimpleData>
		<SimpleData name="Latitude">1.543450</SimpleData>
		<SimpleData name="Longitude">104.076227</SimpleData>
	</SchemaData></ExtendedData>
      <Point><coordinates>104.076227,1.543450,0</coordinates></Point>
  </Placemark>
  <Placemark id="interpolated_points_sde_hala_senai.538">
	<name>SDE HALA SENAI</name>
	<ExtendedData><SchemaData schemaUrl="#interpolated_points_sde_hala_senai">
		<SimpleData name="fid">1</SimpleData>
		<SimpleData name="tessellate">1</SimpleData>
		<SimpleData name="extrude">0</SimpleData>
		<SimpleData name="visibility">-1</SimpleData>
		<SimpleData name="distance">53700</SimpleData>
		<SimpleData name="angle">78.9996311962875</SimpleData>
		<SimpleData name="KM">KM 54.7</SimpleData>
		<SimpleData name="Latitude">1.543642</SimpleData>
		<SimpleData name="Longitude">104.077106</SimpleData>
	</SchemaData></ExtendedData>
      <Point><coordinates>104.077106,1.543642,0</coordinates></Point>
  </Placemark>
  <Placemark id="interpolated_points_sde_hala_senai.539">
	<name>SDE HALA SENAI</name>
	<ExtendedData><SchemaData schemaUrl="#interpolated_points_sde_hala_senai">
		<SimpleData name="fid">1</SimpleData>
		<SimpleData name="tessellate">1</SimpleData>
		<SimpleData name="extrude">0</SimpleData>
		<SimpleData name="visibility">-1</SimpleData>
		<SimpleData name="distance">53800</SimpleData>
		<SimpleData name="angle">77.8162967808573</SimpleData>
		<SimpleData name="KM">KM 54.8</SimpleData>
		<SimpleData name="Latitude">1.543831</SimpleData>
		<SimpleData name="Longitude">104.077985</SimpleData>
	</SchemaData></ExtendedData>
      <Point><coordinates>104.077985,1.543831,0</coordinates></Point>
  </Placemark>
  <Placemark id="interpolated_points_sde_hala_senai.540">
	<name>SDE HALA SENAI</name>
	<ExtendedData><SchemaData schemaUrl="#interpolated_points_sde_hala_senai">
		<SimpleData name="fid">1</SimpleData>
		<SimpleData name="tessellate">1</SimpleData>
		<SimpleData name="extrude">0</SimpleData>
		<SimpleData name="visibility">-1</SimpleData>
		<SimpleData name="distance">53900</SimpleData>
		<SimpleData name="angle">77.5728261363454</SimpleData>
		<SimpleData name="KM">KM 54.9</SimpleData>
		<SimpleData name="Latitude">1.544016</SimpleData>
		<SimpleData name="Longitude">104.078865</SimpleData>
	</SchemaData></ExtendedData>
      <Point><coordinates>104.078865,1.544016,0</coordinates></Point>
  </Placemark>
  <Placemark id="interpolated_points_sde_hala_senai.541">
	<name>SDE HALA SENAI</name>
	<ExtendedData><SchemaData schemaUrl="#interpolated_points_sde_hala_senai">
		<SimpleData name="fid">1</SimpleData>
		<SimpleData name="tessellate">1</SimpleData>
		<SimpleData name="extrude">0</SimpleData>
		<SimpleData name="visibility">-1</SimpleData>
		<SimpleData name="distance">54000</SimpleData>
		<SimpleData name="angle">79.5291187482557</SimpleData>
		<SimpleData name="KM">KM 55.0</SimpleData>
		<SimpleData name="Latitude">1.544195</SimpleData>
		<SimpleData name="Longitude">104.079746</SimpleData>
	</SchemaData></ExtendedData>
      <Point><coordinates>104.079746,1.544195,0</coordinates></Point>
  </Placemark>
  <Placemark id="interpolated_points_sde_hala_senai.542">
	<name>SDE HALA SENAI</name>
	<ExtendedData><SchemaData schemaUrl="#interpolated_points_sde_hala_senai">
		<SimpleData name="fid">1</SimpleData>
		<SimpleData name="tessellate">1</SimpleData>
		<SimpleData name="extrude">0</SimpleData>
		<SimpleData name="visibility">-1</SimpleData>
		<SimpleData name="distance">54100</SimpleData>
		<SimpleData name="angle">79.5291187482557</SimpleData>
		<SimpleData name="KM">KM 55.1</SimpleData>
		<SimpleData name="Latitude">1.544359</SimpleData>
		<SimpleData name="Longitude">104.080629</SimpleData>
	</SchemaData></ExtendedData>
      <Point><coordinates>104.080629,1.544359,0</coordinates></Point>
  </Placemark>
  <Placemark id="interpolated_points_sde_hala_senai.543">
	<name>SDE HALA SENAI</name>
	<ExtendedData><SchemaData schemaUrl="#interpolated_points_sde_hala_senai">
		<SimpleData name="fid">1</SimpleData>
		<SimpleData name="tessellate">1</SimpleData>
		<SimpleData name="extrude">0</SimpleData>
		<SimpleData name="visibility">-1</SimpleData>
		<SimpleData name="distance">54200</SimpleData>
		<SimpleData name="angle">78.3843626549423</SimpleData>
		<SimpleData name="KM">KM 55.2</SimpleData>
		<SimpleData name="Latitude">1.544525</SimpleData>
		<SimpleData name="Longitude">104.081513</SimpleData>
	</SchemaData></ExtendedData>
      <Point><coordinates>104.081513,1.544525,0</coordinates></Point>
  </Placemark>
  <Placemark id="interpolated_points_sde_hala_senai.544">
	<name>SDE HALA SENAI</name>
	<ExtendedData><SchemaData schemaUrl="#interpolated_points_sde_hala_senai">
		<SimpleData name="fid">1</SimpleData>
		<SimpleData name="tessellate">1</SimpleData>
		<SimpleData name="extrude">0</SimpleData>
		<SimpleData name="visibility">-1</SimpleData>
		<SimpleData name="distance">54300</SimpleData>
		<SimpleData name="angle">78.3843626549423</SimpleData>
		<SimpleData name="KM">KM 55.3</SimpleData>
		<SimpleData name="Latitude">1.544707</SimpleData>
		<SimpleData name="Longitude">104.082394</SimpleData>
	</SchemaData></ExtendedData>
      <Point><coordinates>104.082394,1.544707,0</coordinates></Point>
  </Placemark>
  <Placemark id="interpolated_points_sde_hala_senai.545">
	<name>SDE HALA SENAI</name>
	<ExtendedData><SchemaData schemaUrl="#interpolated_points_sde_hala_senai">
		<SimpleData name="fid">1</SimpleData>
		<SimpleData name="tessellate">1</SimpleData>
		<SimpleData name="extrude">0</SimpleData>
		<SimpleData name="visibility">-1</SimpleData>
		<SimpleData name="distance">54400</SimpleData>
		<SimpleData name="angle">80.3648301894183</SimpleData>
		<SimpleData name="KM">KM 55.4</SimpleData>
		<SimpleData name="Latitude">1.544884</SimpleData>
		<SimpleData name="Longitude">104.083275</SimpleData>
	</SchemaData></ExtendedData>
      <Point><coordinates>104.083275,1.544884,0</coordinates></Point>
  </Placemark>
  <Placemark id="interpolated_points_sde_hala_senai.546">
	<name>SDE HALA SENAI</name>
	<ExtendedData><SchemaData schemaUrl="#interpolated_points_sde_hala_senai">
		<SimpleData name="fid">1</SimpleData>
		<SimpleData name="tessellate">1</SimpleData>
		<SimpleData name="extrude">0</SimpleData>
		<SimpleData name="visibility">-1</SimpleData>
		<SimpleData name="distance">54500</SimpleData>
		<SimpleData name="angle">80.3648301894183</SimpleData>
		<SimpleData name="KM">KM 55.5</SimpleData>
		<SimpleData name="Latitude">1.545035</SimpleData>
		<SimpleData name="Longitude">104.084162</SimpleData>
	</SchemaData></ExtendedData>
      <Point><coordinates>104.084162,1.545035,0</coordinates></Point>
  </Placemark>
  <Placemark id="interpolated_points_sde_hala_senai.547">
	<name>SDE HALA SENAI</name>
	<ExtendedData><SchemaData schemaUrl="#interpolated_points_sde_hala_senai">
		<SimpleData name="fid">1</SimpleData>
		<SimpleData name="tessellate">1</SimpleData>
		<SimpleData name="extrude">0</SimpleData>
		<SimpleData name="visibility">-1</SimpleData>
		<SimpleData name="distance">54600</SimpleData>
		<SimpleData name="angle">80.3648301894183</SimpleData>
		<SimpleData name="KM">KM 55.6</SimpleData>
		<SimpleData name="Latitude">1.545187</SimpleData>
		<SimpleData name="Longitude">104.085048</SimpleData>
	</SchemaData></ExtendedData>
      <Point><coordinates>104.085048,1.545187,0</coordinates></Point>
  </Placemark>
  <Placemark id="interpolated_points_sde_hala_senai.548">
	<name>SDE HALA SENAI</name>
	<ExtendedData><SchemaData schemaUrl="#interpolated_points_sde_hala_senai">
		<SimpleData name="fid">1</SimpleData>
		<SimpleData name="tessellate">1</SimpleData>
		<SimpleData name="extrude">0</SimpleData>
		<SimpleData name="visibility">-1</SimpleData>
		<SimpleData name="distance">54700</SimpleData>
		<SimpleData name="angle">75.7549979649191</SimpleData>
		<SimpleData name="KM">KM 55.7</SimpleData>
		<SimpleData name="Latitude">1.545389</SimpleData>
		<SimpleData name="Longitude">104.085923</SimpleData>
	</SchemaData></ExtendedData>
      <Point><coordinates>104.085923,1.545389,0</coordinates></Point>
  </Placemark>
  <Placemark id="interpolated_points_sde_hala_senai.549">
	<name>SDE HALA SENAI</name>
	<ExtendedData><SchemaData schemaUrl="#interpolated_points_sde_hala_senai">
		<SimpleData name="fid">1</SimpleData>
		<SimpleData name="tessellate">1</SimpleData>
		<SimpleData name="extrude">0</SimpleData>
		<SimpleData name="visibility">-1</SimpleData>
		<SimpleData name="distance">54800</SimpleData>
		<SimpleData name="angle">75.7549979649191</SimpleData>
		<SimpleData name="KM">KM 55.8</SimpleData>
		<SimpleData name="Latitude">1.545612</SimpleData>
		<SimpleData name="Longitude">104.086795</SimpleData>
	</SchemaData></ExtendedData>
      <Point><coordinates>104.086795,1.545612,0</coordinates></Point>
  </Placemark>
  <Placemark id="interpolated_points_sde_hala_senai.550">
	<name>SDE HALA SENAI</name>
	<ExtendedData><SchemaData schemaUrl="#interpolated_points_sde_hala_senai">
		<SimpleData name="fid">1</SimpleData>
		<SimpleData name="tessellate">1</SimpleData>
		<SimpleData name="extrude">0</SimpleData>
		<SimpleData name="visibility">-1</SimpleData>
		<SimpleData name="distance">54900</SimpleData>
		<SimpleData name="angle">78.1955782972616</SimpleData>
		<SimpleData name="KM">KM 55.9</SimpleData>
		<SimpleData name="Latitude">1.545817</SimpleData>
		<SimpleData name="Longitude">104.087670</SimpleData>
	</SchemaData></ExtendedData>
      <Point><coordinates>104.087670,1.545817,0</coordinates></Point>
  </Placemark>
  <Placemark id="interpolated_points_sde_hala_senai.551">
	<name>SDE HALA SENAI</name>
	<ExtendedData><SchemaData schemaUrl="#interpolated_points_sde_hala_senai">
		<SimpleData name="fid">1</SimpleData>
		<SimpleData name="tessellate">1</SimpleData>
		<SimpleData name="extrude">0</SimpleData>
		<SimpleData name="visibility">-1</SimpleData>
		<SimpleData name="distance">55000</SimpleData>
		<SimpleData name="angle">78.1955782972616</SimpleData>
		<SimpleData name="KM">KM 56.0</SimpleData>
		<SimpleData name="Latitude">1.546002</SimpleData>
		<SimpleData name="Longitude">104.088550</SimpleData>
	</SchemaData></ExtendedData>
      <Point><coordinates>104.088550,1.546002,0</coordinates></Point>
  </Placemark>
  <Placemark id="interpolated_points_sde_hala_senai.552">
	<name>SDE HALA SENAI</name>
	<ExtendedData><SchemaData schemaUrl="#interpolated_points_sde_hala_senai">
		<SimpleData name="fid">1</SimpleData>
		<SimpleData name="tessellate">1</SimpleData>
		<SimpleData name="extrude">0</SimpleData>
		<SimpleData name="visibility">-1</SimpleData>
		<SimpleData name="distance">55100</SimpleData>
		<SimpleData name="angle">78.1955782972616</SimpleData>
		<SimpleData name="KM">KM 56.1</SimpleData>
		<SimpleData name="Latitude">1.546187</SimpleData>
		<SimpleData name="Longitude">104.089430</SimpleData>
	</SchemaData></ExtendedData>
      <Point><coordinates>104.089430,1.546187,0</coordinates></Point>
  </Placemark>
  <Placemark id="interpolated_points_sde_hala_senai.553">
	<name>SDE HALA SENAI</name>
	<ExtendedData><SchemaData schemaUrl="#interpolated_points_sde_hala_senai">
		<SimpleData name="fid">1</SimpleData>
		<SimpleData name="tessellate">1</SimpleData>
		<SimpleData name="extrude">0</SimpleData>
		<SimpleData name="visibility">-1</SimpleData>
		<SimpleData name="distance">55200</SimpleData>
		<SimpleData name="angle">78.1955782972616</SimpleData>
		<SimpleData name="KM">KM 56.2</SimpleData>
		<SimpleData name="Latitude">1.546372</SimpleData>
		<SimpleData name="Longitude">104.090310</SimpleData>
	</SchemaData></ExtendedData>
      <Point><coordinates>104.090310,1.546372,0</coordinates></Point>
  </Placemark>
  <Placemark id="interpolated_points_sde_hala_senai.554">
	<name>SDE HALA SENAI</name>
	<ExtendedData><SchemaData schemaUrl="#interpolated_points_sde_hala_senai">
		<SimpleData name="fid">1</SimpleData>
		<SimpleData name="tessellate">1</SimpleData>
		<SimpleData name="extrude">0</SimpleData>
		<SimpleData name="visibility">-1</SimpleData>
		<SimpleData name="distance">55300</SimpleData>
		<SimpleData name="angle">78.1955782972616</SimpleData>
		<SimpleData name="KM">KM 56.3</SimpleData>
		<SimpleData name="Latitude">1.546558</SimpleData>
		<SimpleData name="Longitude">104.091190</SimpleData>
	</SchemaData></ExtendedData>
      <Point><coordinates>104.091190,1.546558,0</coordinates></Point>
  </Placemark>
  <Placemark id="interpolated_points_sde_hala_senai.555">
	<name>SDE HALA SENAI</name>
	<ExtendedData><SchemaData schemaUrl="#interpolated_points_sde_hala_senai">
		<SimpleData name="fid">1</SimpleData>
		<SimpleData name="tessellate">1</SimpleData>
		<SimpleData name="extrude">0</SimpleData>
		<SimpleData name="visibility">-1</SimpleData>
		<SimpleData name="distance">55400</SimpleData>
		<SimpleData name="angle">79.4056392784447</SimpleData>
		<SimpleData name="KM">KM 56.4</SimpleData>
		<SimpleData name="Latitude">1.546731</SimpleData>
		<SimpleData name="Longitude">104.092072</SimpleData>
	</SchemaData></ExtendedData>
      <Point><coordinates>104.092072,1.546731,0</coordinates></Point>
  </Placemark>
  <Placemark id="interpolated_points_sde_hala_senai.556">
	<name>SDE HALA SENAI</name>
	<ExtendedData><SchemaData schemaUrl="#interpolated_points_sde_hala_senai">
		<SimpleData name="fid">1</SimpleData>
		<SimpleData name="tessellate">1</SimpleData>
		<SimpleData name="extrude">0</SimpleData>
		<SimpleData name="visibility">-1</SimpleData>
		<SimpleData name="distance">55500</SimpleData>
		<SimpleData name="angle">79.4056392784447</SimpleData>
		<SimpleData name="KM">KM 56.5</SimpleData>
		<SimpleData name="Latitude">1.546897</SimpleData>
		<SimpleData name="Longitude">104.092955</SimpleData>
	</SchemaData></ExtendedData>
      <Point><coordinates>104.092955,1.546897,0</coordinates></Point>
  </Placemark>
  <Placemark id="interpolated_points_sde_hala_senai.557">
	<name>SDE HALA SENAI</name>
	<ExtendedData><SchemaData schemaUrl="#interpolated_points_sde_hala_senai">
		<SimpleData name="fid">1</SimpleData>
		<SimpleData name="tessellate">1</SimpleData>
		<SimpleData name="extrude">0</SimpleData>
		<SimpleData name="visibility">-1</SimpleData>
		<SimpleData name="distance">55600</SimpleData>
		<SimpleData name="angle">79.4056392784447</SimpleData>
		<SimpleData name="KM">KM 56.6</SimpleData>
		<SimpleData name="Latitude">1.547064</SimpleData>
		<SimpleData name="Longitude">104.093839</SimpleData>
	</SchemaData></ExtendedData>
      <Point><coordinates>104.093839,1.547064,0</coordinates></Point>
  </Placemark>
  <Placemark id="interpolated_points_sde_hala_senai.558">
	<name>SDE HALA SENAI</name>
	<ExtendedData><SchemaData schemaUrl="#interpolated_points_sde_hala_senai">
		<SimpleData name="fid">1</SimpleData>
		<SimpleData name="tessellate">1</SimpleData>
		<SimpleData name="extrude">0</SimpleData>
		<SimpleData name="visibility">-1</SimpleData>
		<SimpleData name="distance">55700</SimpleData>
		<SimpleData name="angle">76.5837416146745</SimpleData>
		<SimpleData name="KM">KM 56.7</SimpleData>
		<SimpleData name="Latitude">1.547258</SimpleData>
		<SimpleData name="Longitude">104.094717</SimpleData>
	</SchemaData></ExtendedData>
      <Point><coordinates>104.094717,1.547258,0</coordinates></Point>
  </Placemark>
  <Placemark id="interpolated_points_sde_hala_senai.559">
	<name>SDE HALA SENAI</name>
	<ExtendedData><SchemaData schemaUrl="#interpolated_points_sde_hala_senai">
		<SimpleData name="fid">1</SimpleData>
		<SimpleData name="tessellate">1</SimpleData>
		<SimpleData name="extrude">0</SimpleData>
		<SimpleData name="visibility">-1</SimpleData>
		<SimpleData name="distance">55800</SimpleData>
		<SimpleData name="angle">71.6982981505538</SimpleData>
		<SimpleData name="KM">KM 56.8</SimpleData>
		<SimpleData name="Latitude">1.547489</SimpleData>
		<SimpleData name="Longitude">104.095586</SimpleData>
	</SchemaData></ExtendedData>
      <Point><coordinates>104.095586,1.547489,0</coordinates></Point>
  </Placemark>
  <Placemark id="interpolated_points_sde_hala_senai.560">
	<name>SDE HALA SENAI</name>
	<ExtendedData><SchemaData schemaUrl="#interpolated_points_sde_hala_senai">
		<SimpleData name="fid">1</SimpleData>
		<SimpleData name="tessellate">1</SimpleData>
		<SimpleData name="extrude">0</SimpleData>
		<SimpleData name="visibility">-1</SimpleData>
		<SimpleData name="distance">55900</SimpleData>
		<SimpleData name="angle">68.7347514458151</SimpleData>
		<SimpleData name="KM">KM 56.9</SimpleData>
		<SimpleData name="Latitude">1.547787</SimpleData>
		<SimpleData name="Longitude">104.096434</SimpleData>
	</SchemaData></ExtendedData>
      <Point><coordinates>104.096434,1.547787,0</coordinates></Point>
  </Placemark>
  <Placemark id="interpolated_points_sde_hala_senai.561">
	<name>SDE HALA SENAI</name>
	<ExtendedData><SchemaData schemaUrl="#interpolated_points_sde_hala_senai">
		<SimpleData name="fid">1</SimpleData>
		<SimpleData name="tessellate">1</SimpleData>
		<SimpleData name="extrude">0</SimpleData>
		<SimpleData name="visibility">-1</SimpleData>
		<SimpleData name="distance">56000</SimpleData>
		<SimpleData name="angle">70.0806625754917</SimpleData>
		<SimpleData name="KM">KM 57.0</SimpleData>
		<SimpleData name="Latitude">1.548106</SimpleData>
		<SimpleData name="Longitude">104.097275</SimpleData>
	</SchemaData></ExtendedData>
      <Point><coordinates>104.097275,1.548106,0</coordinates></Point>
  </Placemark>
  <Placemark id="interpolated_points_sde_hala_senai.562">
	<name>SDE HALA SENAI</name>
	<ExtendedData><SchemaData schemaUrl="#interpolated_points_sde_hala_senai">
		<SimpleData name="fid">1</SimpleData>
		<SimpleData name="tessellate">1</SimpleData>
		<SimpleData name="extrude">0</SimpleData>
		<SimpleData name="visibility">-1</SimpleData>
		<SimpleData name="distance">56100</SimpleData>
		<SimpleData name="angle">70.0806625754917</SimpleData>
		<SimpleData name="KM">KM 57.1</SimpleData>
		<SimpleData name="Latitude">1.548415</SimpleData>
		<SimpleData name="Longitude">104.098120</SimpleData>
	</SchemaData></ExtendedData>
      <Point><coordinates>104.098120,1.548415,0</coordinates></Point>
  </Placemark>
  <Placemark id="interpolated_points_sde_hala_senai.563">
	<name>SDE HALA SENAI</name>
	<ExtendedData><SchemaData schemaUrl="#interpolated_points_sde_hala_senai">
		<SimpleData name="fid">1</SimpleData>
		<SimpleData name="tessellate">1</SimpleData>
		<SimpleData name="extrude">0</SimpleData>
		<SimpleData name="visibility">-1</SimpleData>
		<SimpleData name="distance">56200</SimpleData>
		<SimpleData name="angle">68.6466386591417</SimpleData>
		<SimpleData name="KM">KM 57.2</SimpleData>
		<SimpleData name="Latitude">1.548740</SimpleData>
		<SimpleData name="Longitude">104.098959</SimpleData>
	</SchemaData></ExtendedData>
      <Point><coordinates>104.098959,1.548740,0</coordinates></Point>
  </Placemark>
  <Placemark id="interpolated_points_sde_hala_senai.564">
	<name>SDE HALA SENAI</name>
	<ExtendedData><SchemaData schemaUrl="#interpolated_points_sde_hala_senai">
		<SimpleData name="fid">1</SimpleData>
		<SimpleData name="tessellate">1</SimpleData>
		<SimpleData name="extrude">0</SimpleData>
		<SimpleData name="visibility">-1</SimpleData>
		<SimpleData name="distance">56300</SimpleData>
		<SimpleData name="angle">62.27716716735</SimpleData>
		<SimpleData name="KM">KM 57.3</SimpleData>
		<SimpleData name="Latitude">1.549110</SimpleData>
		<SimpleData name="Longitude">104.099771</SimpleData>
	</SchemaData></ExtendedData>
      <Point><coordinates>104.099771,1.549110,0</coordinates></Point>
  </Placemark>
  <Placemark id="interpolated_points_sde_hala_senai.565">
	<name>SDE HALA SENAI</name>
	<ExtendedData><SchemaData schemaUrl="#interpolated_points_sde_hala_senai">
		<SimpleData name="fid">1</SimpleData>
		<SimpleData name="tessellate">1</SimpleData>
		<SimpleData name="extrude">0</SimpleData>
		<SimpleData name="visibility">-1</SimpleData>
		<SimpleData name="distance">56400</SimpleData>
		<SimpleData name="angle">58.7338736086062</SimpleData>
		<SimpleData name="KM">KM 57.4</SimpleData>
		<SimpleData name="Latitude">1.549547</SimpleData>
		<SimpleData name="Longitude">104.100557</SimpleData>
	</SchemaData></ExtendedData>
      <Point><coordinates>104.100557,1.549547,0</coordinates></Point>
  </Placemark>
  <Placemark id="interpolated_points_sde_hala_senai.566">
	<name>SDE HALA SENAI</name>
	<ExtendedData><SchemaData schemaUrl="#interpolated_points_sde_hala_senai">
		<SimpleData name="fid">1</SimpleData>
		<SimpleData name="tessellate">1</SimpleData>
		<SimpleData name="extrude">0</SimpleData>
		<SimpleData name="visibility">-1</SimpleData>
		<SimpleData name="distance">56500</SimpleData>
		<SimpleData name="angle">58.7338736086062</SimpleData>
		<SimpleData name="KM">KM 57.5</SimpleData>
		<SimpleData name="Latitude">1.550017</SimpleData>
		<SimpleData name="Longitude">104.101326</SimpleData>
	</SchemaData></ExtendedData>
      <Point><coordinates>104.101326,1.550017,0</coordinates></Point>
  </Placemark>
  <Placemark id="interpolated_points_sde_hala_senai.567">
	<name>SDE HALA SENAI</name>
	<ExtendedData><SchemaData schemaUrl="#interpolated_points_sde_hala_senai">
		<SimpleData name="fid">1</SimpleData>
		<SimpleData name="tessellate">1</SimpleData>
		<SimpleData name="extrude">0</SimpleData>
		<SimpleData name="visibility">-1</SimpleData>
		<SimpleData name="distance">56600</SimpleData>
		<SimpleData name="angle">55.9442063145118</SimpleData>
		<SimpleData name="KM">KM 57.6</SimpleData>
		<SimpleData name="Latitude">1.550498</SimpleData>
		<SimpleData name="Longitude">104.102085</SimpleData>
	</SchemaData></ExtendedData>
      <Point><coordinates>104.102085,1.550498,0</coordinates></Point>
  </Placemark>
  <Placemark id="interpolated_points_sde_hala_senai.568">
	<name>SDE HALA SENAI</name>
	<ExtendedData><SchemaData schemaUrl="#interpolated_points_sde_hala_senai">
		<SimpleData name="fid">1</SimpleData>
		<SimpleData name="tessellate">1</SimpleData>
		<SimpleData name="extrude">0</SimpleData>
		<SimpleData name="visibility">-1</SimpleData>
		<SimpleData name="distance">56700</SimpleData>
		<SimpleData name="angle">53.7286733628975</SimpleData>
		<SimpleData name="KM">KM 57.7</SimpleData>
		<SimpleData name="Latitude">1.551016</SimpleData>
		<SimpleData name="Longitude">104.102822</SimpleData>
	</SchemaData></ExtendedData>
      <Point><coordinates>104.102822,1.551016,0</coordinates></Point>
  </Placemark>
  <Placemark id="interpolated_points_sde_hala_senai.569">
	<name>SDE HALA SENAI</name>
	<ExtendedData><SchemaData schemaUrl="#interpolated_points_sde_hala_senai">
		<SimpleData name="fid">1</SimpleData>
		<SimpleData name="tessellate">1</SimpleData>
		<SimpleData name="extrude">0</SimpleData>
		<SimpleData name="visibility">-1</SimpleData>
		<SimpleData name="distance">56800</SimpleData>
		<SimpleData name="angle">50.3974030059107</SimpleData>
		<SimpleData name="KM">KM 57.8</SimpleData>
		<SimpleData name="Latitude">1.551557</SimpleData>
		<SimpleData name="Longitude">104.103542</SimpleData>
	</SchemaData></ExtendedData>
      <Point><coordinates>104.103542,1.551557,0</coordinates></Point>
  </Placemark>
  <Placemark id="interpolated_points_sde_hala_senai.570">
	<name>SDE HALA SENAI</name>
	<ExtendedData><SchemaData schemaUrl="#interpolated_points_sde_hala_senai">
		<SimpleData name="fid">1</SimpleData>
		<SimpleData name="tessellate">1</SimpleData>
		<SimpleData name="extrude">0</SimpleData>
		<SimpleData name="visibility">-1</SimpleData>
		<SimpleData name="distance">56900</SimpleData>
		<SimpleData name="angle">52.9644226166012</SimpleData>
		<SimpleData name="KM">KM 57.9</SimpleData>
		<SimpleData name="Latitude">1.552103</SimpleData>
		<SimpleData name="Longitude">104.104259</SimpleData>
	</SchemaData></ExtendedData>
      <Point><coordinates>104.104259,1.552103,0</coordinates></Point>
  </Placemark>
  <Placemark id="interpolated_points_sde_hala_senai.571">
	<name>SDE HALA SENAI</name>
	<ExtendedData><SchemaData schemaUrl="#interpolated_points_sde_hala_senai">
		<SimpleData name="fid">1</SimpleData>
		<SimpleData name="tessellate">1</SimpleData>
		<SimpleData name="extrude">0</SimpleData>
		<SimpleData name="visibility">-1</SimpleData>
		<SimpleData name="distance">57000</SimpleData>
		<SimpleData name="angle">54.2245139755054</SimpleData>
		<SimpleData name="KM">KM 58.0</SimpleData>
		<SimpleData name="Latitude">1.552639</SimpleData>
		<SimpleData name="Longitude">104.104983</SimpleData>
	</SchemaData></ExtendedData>
      <Point><coordinates>104.104983,1.552639,0</coordinates></Point>
  </Placemark>
  <Placemark id="interpolated_points_sde_hala_senai.572">
	<name>SDE HALA SENAI</name>
	<ExtendedData><SchemaData schemaUrl="#interpolated_points_sde_hala_senai">
		<SimpleData name="fid">1</SimpleData>
		<SimpleData name="tessellate">1</SimpleData>
		<SimpleData name="extrude">0</SimpleData>
		<SimpleData name="visibility">-1</SimpleData>
		<SimpleData name="distance">57100</SimpleData>
		<SimpleData name="angle">52.7039521576769</SimpleData>
		<SimpleData name="KM">KM 58.1</SimpleData>
		<SimpleData name="Latitude">1.553182</SimpleData>
		<SimpleData name="Longitude">104.105702</SimpleData>
	</SchemaData></ExtendedData>
      <Point><coordinates>104.105702,1.553182,0</coordinates></Point>
  </Placemark>
  <Placemark id="interpolated_points_sde_hala_senai.573">
	<name>SDE HALA SENAI</name>
	<ExtendedData><SchemaData schemaUrl="#interpolated_points_sde_hala_senai">
		<SimpleData name="fid">1</SimpleData>
		<SimpleData name="tessellate">1</SimpleData>
		<SimpleData name="extrude">0</SimpleData>
		<SimpleData name="visibility">-1</SimpleData>
		<SimpleData name="distance">57200</SimpleData>
		<SimpleData name="angle">52.7039521576769</SimpleData>
		<SimpleData name="KM">KM 58.2</SimpleData>
		<SimpleData name="Latitude">1.553730</SimpleData>
		<SimpleData name="Longitude">104.106417</SimpleData>
	</SchemaData></ExtendedData>
      <Point><coordinates>104.106417,1.553730,0</coordinates></Point>
  </Placemark>
  <Placemark id="interpolated_points_sde_hala_senai.574">
	<name>SDE HALA SENAI</name>
	<ExtendedData><SchemaData schemaUrl="#interpolated_points_sde_hala_senai">
		<SimpleData name="fid">1</SimpleData>
		<SimpleData name="tessellate">1</SimpleData>
		<SimpleData name="extrude">0</SimpleData>
		<SimpleData name="visibility">-1</SimpleData>
		<SimpleData name="distance">57300</SimpleData>
		<SimpleData name="angle">52.7039521576769</SimpleData>
		<SimpleData name="KM">KM 58.3</SimpleData>
		<SimpleData name="Latitude">1.554278</SimpleData>
		<SimpleData name="Longitude">104.107132</SimpleData>
	</SchemaData></ExtendedData>
      <Point><coordinates>104.107132,1.554278,0</coordinates></Point>
  </Placemark>
  <Placemark id="interpolated_points_sde_hala_senai.575">
	<name>SDE HALA SENAI</name>
	<ExtendedData><SchemaData schemaUrl="#interpolated_points_sde_hala_senai">
		<SimpleData name="fid">1</SimpleData>
		<SimpleData name="tessellate">1</SimpleData>
		<SimpleData name="extrude">0</SimpleData>
		<SimpleData name="visibility">-1</SimpleData>
		<SimpleData name="distance">57400</SimpleData>
		<SimpleData name="angle">52.7039521576769</SimpleData>
		<SimpleData name="KM">KM 58.4</SimpleData>
		<SimpleData name="Latitude">1.554827</SimpleData>
		<SimpleData name="Longitude">104.107847</SimpleData>
	</SchemaData></ExtendedData>
      <Point><coordinates>104.107847,1.554827,0</coordinates></Point>
  </Placemark>
  <Placemark id="interpolated_points_sde_hala_senai.576">
	<name>SDE HALA SENAI</name>
	<ExtendedData><SchemaData schemaUrl="#interpolated_points_sde_hala_senai">
		<SimpleData name="fid">1</SimpleData>
		<SimpleData name="tessellate">1</SimpleData>
		<SimpleData name="extrude">0</SimpleData>
		<SimpleData name="visibility">-1</SimpleData>
		<SimpleData name="distance">57500</SimpleData>
		<SimpleData name="angle">52.7039521576769</SimpleData>
		<SimpleData name="KM">KM 58.5</SimpleData>
		<SimpleData name="Latitude">1.555375</SimpleData>
		<SimpleData name="Longitude">104.108562</SimpleData>
	</SchemaData></ExtendedData>
      <Point><coordinates>104.108562,1.555375,0</coordinates></Point>
  </Placemark>
  <Placemark id="interpolated_points_sde_hala_senai.577">
	<name>SDE HALA SENAI</name>
	<ExtendedData><SchemaData schemaUrl="#interpolated_points_sde_hala_senai">
		<SimpleData name="fid">1</SimpleData>
		<SimpleData name="tessellate">1</SimpleData>
		<SimpleData name="extrude">0</SimpleData>
		<SimpleData name="visibility">-1</SimpleData>
		<SimpleData name="distance">57600</SimpleData>
		<SimpleData name="angle">52.7039521576769</SimpleData>
		<SimpleData name="KM">KM 58.6</SimpleData>
		<SimpleData name="Latitude">1.555923</SimpleData>
		<SimpleData name="Longitude">104.109277</SimpleData>
	</SchemaData></ExtendedData>
      <Point><coordinates>104.109277,1.555923,0</coordinates></Point>
  </Placemark>
  <Placemark id="interpolated_points_sde_hala_senai.578">
	<name>SDE HALA SENAI</name>
	<ExtendedData><SchemaData schemaUrl="#interpolated_points_sde_hala_senai">
		<SimpleData name="fid">1</SimpleData>
		<SimpleData name="tessellate">1</SimpleData>
		<SimpleData name="extrude">0</SimpleData>
		<SimpleData name="visibility">-1</SimpleData>
		<SimpleData name="distance">57700</SimpleData>
		<SimpleData name="angle">52.7039521576769</SimpleData>
		<SimpleData name="KM">KM 58.7</SimpleData>
		<SimpleData name="Latitude">1.556471</SimpleData>
		<SimpleData name="Longitude">104.109992</SimpleData>
	</SchemaData></ExtendedData>
      <Point><coordinates>104.109992,1.556471,0</coordinates></Point>
  </Placemark>
  <Placemark id="interpolated_points_sde_hala_senai.579">
	<name>SDE HALA SENAI</name>
	<ExtendedData><SchemaData schemaUrl="#interpolated_points_sde_hala_senai">
		<SimpleData name="fid">1</SimpleData>
		<SimpleData name="tessellate">1</SimpleData>
		<SimpleData name="extrude">0</SimpleData>
		<SimpleData name="visibility">-1</SimpleData>
		<SimpleData name="distance">57800</SimpleData>
		<SimpleData name="angle">54.2681440540202</SimpleData>
		<SimpleData name="KM">KM 58.8</SimpleData>
		<SimpleData name="Latitude">1.557004</SimpleData>
		<SimpleData name="Longitude">104.110718</SimpleData>
	</SchemaData></ExtendedData>
      <Point><coordinates>104.110718,1.557004,0</coordinates></Point>
  </Placemark>
  <Placemark id="interpolated_points_sde_hala_senai.580">
	<name>SDE HALA SENAI</name>
	<ExtendedData><SchemaData schemaUrl="#interpolated_points_sde_hala_senai">
		<SimpleData name="fid">1</SimpleData>
		<SimpleData name="tessellate">1</SimpleData>
		<SimpleData name="extrude">0</SimpleData>
		<SimpleData name="visibility">-1</SimpleData>
		<SimpleData name="distance">57900</SimpleData>
		<SimpleData name="angle">54.2681440540202</SimpleData>
		<SimpleData name="KM">KM 58.9</SimpleData>
		<SimpleData name="Latitude">1.557532</SimpleData>
		<SimpleData name="Longitude">104.111448</SimpleData>
	</SchemaData></ExtendedData>
      <Point><coordinates>104.111448,1.557532,0</coordinates></Point>
  </Placemark>
  <Placemark id="interpolated_points_sde_hala_senai.581">
	<name>SDE HALA SENAI</name>
	<ExtendedData><SchemaData schemaUrl="#interpolated_points_sde_hala_senai">
		<SimpleData name="fid">1</SimpleData>
		<SimpleData name="tessellate">1</SimpleData>
		<SimpleData name="extrude">0</SimpleData>
		<SimpleData name="visibility">-1</SimpleData>
		<SimpleData name="distance">58000</SimpleData>
		<SimpleData name="angle">54.2681440540202</SimpleData>
		<SimpleData name="KM">KM 59.0</SimpleData>
		<SimpleData name="Latitude">1.558060</SimpleData>
		<SimpleData name="Longitude">104.112177</SimpleData>
	</SchemaData></ExtendedData>
      <Point><coordinates>104.112177,1.558060,0</coordinates></Point>
  </Placemark>
  <Placemark id="interpolated_points_sde_hala_senai.582">
	<name>SDE HALA SENAI</name>
	<ExtendedData><SchemaData schemaUrl="#interpolated_points_sde_hala_senai">
		<SimpleData name="fid">1</SimpleData>
		<SimpleData name="tessellate">1</SimpleData>
		<SimpleData name="extrude">0</SimpleData>
		<SimpleData name="visibility">-1</SimpleData>
		<SimpleData name="distance">58100</SimpleData>
		<SimpleData name="angle">49.6022935652272</SimpleData>
		<SimpleData name="KM">KM 59.1</SimpleData>
		<SimpleData name="Latitude">1.558590</SimpleData>
		<SimpleData name="Longitude">104.112906</SimpleData>
	</SchemaData></ExtendedData>
      <Point><coordinates>104.112906,1.558590,0</coordinates></Point>
  </Placemark>
  <Placemark id="interpolated_points_sde_hala_senai.583">
	<name>SDE HALA SENAI</name>
	<ExtendedData><SchemaData schemaUrl="#interpolated_points_sde_hala_senai">
		<SimpleData name="fid">1</SimpleData>
		<SimpleData name="tessellate">1</SimpleData>
		<SimpleData name="extrude">0</SimpleData>
		<SimpleData name="visibility">-1</SimpleData>
		<SimpleData name="distance">58200</SimpleData>
		<SimpleData name="angle">57.840688043739</SimpleData>
		<SimpleData name="KM">KM 59.2</SimpleData>
		<SimpleData name="Latitude">1.559142</SimpleData>
		<SimpleData name="Longitude">104.113617</SimpleData>
	</SchemaData></ExtendedData>
      <Point><coordinates>104.113617,1.559142,0</coordinates></Point>
  </Placemark>
  <Placemark id="interpolated_points_sde_hala_senai.584">
	<name>SDE HALA SENAI</name>
	<ExtendedData><SchemaData schemaUrl="#interpolated_points_sde_hala_senai">
		<SimpleData name="fid">1</SimpleData>
		<SimpleData name="tessellate">1</SimpleData>
		<SimpleData name="extrude">0</SimpleData>
		<SimpleData name="visibility">-1</SimpleData>
		<SimpleData name="distance">58300</SimpleData>
		<SimpleData name="angle">57.840688043739</SimpleData>
		<SimpleData name="KM">KM 59.3</SimpleData>
		<SimpleData name="Latitude">1.559624</SimpleData>
		<SimpleData name="Longitude">104.114378</SimpleData>
	</SchemaData></ExtendedData>
      <Point><coordinates>104.114378,1.559624,0</coordinates></Point>
  </Placemark>
  <Placemark id="interpolated_points_sde_hala_senai.585">
	<name>SDE HALA SENAI</name>
	<ExtendedData><SchemaData schemaUrl="#interpolated_points_sde_hala_senai">
		<SimpleData name="fid">1</SimpleData>
		<SimpleData name="tessellate">1</SimpleData>
		<SimpleData name="extrude">0</SimpleData>
		<SimpleData name="visibility">-1</SimpleData>
		<SimpleData name="distance">58400</SimpleData>
		<SimpleData name="angle">52.0432423267927</SimpleData>
		<SimpleData name="KM">KM 59.4</SimpleData>
		<SimpleData name="Latitude">1.560158</SimpleData>
		<SimpleData name="Longitude">104.115103</SimpleData>
	</SchemaData></ExtendedData>
      <Point><coordinates>104.115103,1.560158,0</coordinates></Point>
  </Placemark>
  <Placemark id="interpolated_points_sde_hala_senai.586">
	<name>SDE HALA SENAI</name>
	<ExtendedData><SchemaData schemaUrl="#interpolated_points_sde_hala_senai">
		<SimpleData name="fid">1</SimpleData>
		<SimpleData name="tessellate">1</SimpleData>
		<SimpleData name="extrude">0</SimpleData>
		<SimpleData name="visibility">-1</SimpleData>
		<SimpleData name="distance">58500</SimpleData>
		<SimpleData name="angle">55.6849752047435</SimpleData>
		<SimpleData name="KM">KM 59.5</SimpleData>
		<SimpleData name="Latitude">1.560696</SimpleData>
		<SimpleData name="Longitude">104.115825</SimpleData>
	</SchemaData></ExtendedData>
      <Point><coordinates>104.115825,1.560696,0</coordinates></Point>
  </Placemark>
  <Placemark id="interpolated_points_sde_hala_senai.587">
	<name>SDE HALA SENAI</name>
	<ExtendedData><SchemaData schemaUrl="#interpolated_points_sde_hala_senai">
		<SimpleData name="fid">1</SimpleData>
		<SimpleData name="tessellate">1</SimpleData>
		<SimpleData name="extrude">0</SimpleData>
		<SimpleData name="visibility">-1</SimpleData>
		<SimpleData name="distance">58600</SimpleData>
		<SimpleData name="angle">52.1812760639629</SimpleData>
		<SimpleData name="KM">KM 59.6</SimpleData>
		<SimpleData name="Latitude">1.561242</SimpleData>
		<SimpleData name="Longitude">104.116541</SimpleData>
	</SchemaData></ExtendedData>
      <Point><coordinates>104.116541,1.561242,0</coordinates></Point>
  </Placemark>
  <Placemark id="interpolated_points_sde_hala_senai.588">
	<name>SDE HALA SENAI</name>
	<ExtendedData><SchemaData schemaUrl="#interpolated_points_sde_hala_senai">
		<SimpleData name="fid">1</SimpleData>
		<SimpleData name="tessellate">1</SimpleData>
		<SimpleData name="extrude">0</SimpleData>
		<SimpleData name="visibility">-1</SimpleData>
		<SimpleData name="distance">58700</SimpleData>
		<SimpleData name="angle">51.10787887245</SimpleData>
		<SimpleData name="KM">KM 59.7</SimpleData>
		<SimpleData name="Latitude">1.561800</SimpleData>
		<SimpleData name="Longitude">104.117249</SimpleData>
	</SchemaData></ExtendedData>
      <Point><coordinates>104.117249,1.561800,0</coordinates></Point>
  </Placemark>
  <Placemark id="interpolated_points_sde_hala_senai.589">
	<name>SDE HALA SENAI</name>
	<ExtendedData><SchemaData schemaUrl="#interpolated_points_sde_hala_senai">
		<SimpleData name="fid">1</SimpleData>
		<SimpleData name="tessellate">1</SimpleData>
		<SimpleData name="extrude">0</SimpleData>
		<SimpleData name="visibility">-1</SimpleData>
		<SimpleData name="distance">58800</SimpleData>
		<SimpleData name="angle">52.3249617504659</SimpleData>
		<SimpleData name="KM">KM 59.8</SimpleData>
		<SimpleData name="Latitude">1.562358</SimpleData>
		<SimpleData name="Longitude">104.117955</SimpleData>
	</SchemaData></ExtendedData>
      <Point><coordinates>104.117955,1.562358,0</coordinates></Point>
  </Placemark>
  <Placemark id="interpolated_points_sde_hala_senai.590">
	<name>SDE HALA SENAI</name>
	<ExtendedData><SchemaData schemaUrl="#interpolated_points_sde_hala_senai">
		<SimpleData name="fid">1</SimpleData>
		<SimpleData name="tessellate">1</SimpleData>
		<SimpleData name="extrude">0</SimpleData>
		<SimpleData name="visibility">-1</SimpleData>
		<SimpleData name="distance">58900</SimpleData>
		<SimpleData name="angle">52.3249617504659</SimpleData>
		<SimpleData name="KM">KM 59.9</SimpleData>
		<SimpleData name="Latitude">1.562911</SimpleData>
		<SimpleData name="Longitude">104.118666</SimpleData>
	</SchemaData></ExtendedData>
      <Point><coordinates>104.118666,1.562911,0</coordinates></Point>
  </Placemark>
  <Placemark id="interpolated_points_sde_hala_senai.591">
	<name>SDE HALA SENAI</name>
	<ExtendedData><SchemaData schemaUrl="#interpolated_points_sde_hala_senai">
		<SimpleData name="fid">1</SimpleData>
		<SimpleData name="tessellate">1</SimpleData>
		<SimpleData name="extrude">0</SimpleData>
		<SimpleData name="visibility">-1</SimpleData>
		<SimpleData name="distance">59000</SimpleData>
		<SimpleData name="angle">52.1812032125863</SimpleData>
		<SimpleData name="KM">KM 60.0</SimpleData>
		<SimpleData name="Latitude">1.563465</SimpleData>
		<SimpleData name="Longitude">104.119376</SimpleData>
	</SchemaData></ExtendedData>
      <Point><coordinates>104.119376,1.563465,0</coordinates></Point>
  </Placemark>
  <Placemark id="interpolated_points_sde_hala_senai.592">
	<name>SDE HALA SENAI</name>
	<ExtendedData><SchemaData schemaUrl="#interpolated_points_sde_hala_senai">
		<SimpleData name="fid">1</SimpleData>
		<SimpleData name="tessellate">1</SimpleData>
		<SimpleData name="extrude">0</SimpleData>
		<SimpleData name="visibility">-1</SimpleData>
		<SimpleData name="distance">59100</SimpleData>
		<SimpleData name="angle">52.1274287613705</SimpleData>
		<SimpleData name="KM">KM 60.1</SimpleData>
		<SimpleData name="Latitude">1.564019</SimpleData>
		<SimpleData name="Longitude">104.120086</SimpleData>
	</SchemaData></ExtendedData>
      <Point><coordinates>104.120086,1.564019,0</coordinates></Point>
  </Placemark>
  <Placemark id="interpolated_points_sde_hala_senai.593">
	<name>SDE HALA SENAI</name>
	<ExtendedData><SchemaData schemaUrl="#interpolated_points_sde_hala_senai">
		<SimpleData name="fid">1</SimpleData>
		<SimpleData name="tessellate">1</SimpleData>
		<SimpleData name="extrude">0</SimpleData>
		<SimpleData name="visibility">-1</SimpleData>
		<SimpleData name="distance">59200</SimpleData>
		<SimpleData name="angle">53.328294853921</SimpleData>
		<SimpleData name="KM">KM 60.2</SimpleData>
		<SimpleData name="Latitude">1.564565</SimpleData>
		<SimpleData name="Longitude">104.120803</SimpleData>
	</SchemaData></ExtendedData>
      <Point><coordinates>104.120803,1.564565,0</coordinates></Point>
  </Placemark>
  <Placemark id="interpolated_points_sde_hala_senai.594">
	<name>SDE HALA SENAI</name>
	<ExtendedData><SchemaData schemaUrl="#interpolated_points_sde_hala_senai">
		<SimpleData name="fid">1</SimpleData>
		<SimpleData name="tessellate">1</SimpleData>
		<SimpleData name="extrude">0</SimpleData>
		<SimpleData name="visibility">-1</SimpleData>
		<SimpleData name="distance">59300</SimpleData>
		<SimpleData name="angle">56.501355932473</SimpleData>
		<SimpleData name="KM">KM 60.3</SimpleData>
		<SimpleData name="Latitude">1.565067</SimpleData>
		<SimpleData name="Longitude">104.121550</SimpleData>
	</SchemaData></ExtendedData>
      <Point><coordinates>104.121550,1.565067,0</coordinates></Point>
  </Placemark>
  <Placemark id="interpolated_points_sde_hala_senai.595">
	<name>SDE HALA SENAI</name>
	<ExtendedData><SchemaData schemaUrl="#interpolated_points_sde_hala_senai">
		<SimpleData name="fid">1</SimpleData>
		<SimpleData name="tessellate">1</SimpleData>
		<SimpleData name="extrude">0</SimpleData>
		<SimpleData name="visibility">-1</SimpleData>
		<SimpleData name="distance">59400</SimpleData>
		<SimpleData name="angle">54.9082969485036</SimpleData>
		<SimpleData name="KM">KM 60.4</SimpleData>
		<SimpleData name="Latitude">1.565599</SimpleData>
		<SimpleData name="Longitude">104.122277</SimpleData>
	</SchemaData></ExtendedData>
      <Point><coordinates>104.122277,1.565599,0</coordinates></Point>
  </Placemark>
  <Placemark id="interpolated_points_sde_hala_senai.596">
	<name>SDE HALA SENAI</name>
	<ExtendedData><SchemaData schemaUrl="#interpolated_points_sde_hala_senai">
		<SimpleData name="fid">1</SimpleData>
		<SimpleData name="tessellate">1</SimpleData>
		<SimpleData name="extrude">0</SimpleData>
		<SimpleData name="visibility">-1</SimpleData>
		<SimpleData name="distance">59500</SimpleData>
		<SimpleData name="angle">56.6729402974317</SimpleData>
		<SimpleData name="KM">KM 60.5</SimpleData>
		<SimpleData name="Latitude">1.566113</SimpleData>
		<SimpleData name="Longitude">104.123016</SimpleData>
	</SchemaData></ExtendedData>
      <Point><coordinates>104.123016,1.566113,0</coordinates></Point>
  </Placemark>
  <Placemark id="interpolated_points_sde_hala_senai.597">
	<name>SDE HALA SENAI</name>
	<ExtendedData><SchemaData schemaUrl="#interpolated_points_sde_hala_senai">
		<SimpleData name="fid">1</SimpleData>
		<SimpleData name="tessellate">1</SimpleData>
		<SimpleData name="extrude">0</SimpleData>
		<SimpleData name="visibility">-1</SimpleData>
		<SimpleData name="distance">59600</SimpleData>
		<SimpleData name="angle">59.2628113162954</SimpleData>
		<SimpleData name="KM">KM 60.6</SimpleData>
		<SimpleData name="Latitude">1.566610</SimpleData>
		<SimpleData name="Longitude">104.123768</SimpleData>
	</SchemaData></ExtendedData>
      <Point><coordinates>104.123768,1.566610,0</coordinates></Point>
  </Placemark>
  <Placemark id="interpolated_points_sde_hala_senai.598">
	<name>SDE HALA SENAI</name>
	<ExtendedData><SchemaData schemaUrl="#interpolated_points_sde_hala_senai">
		<SimpleData name="fid">1</SimpleData>
		<SimpleData name="tessellate">1</SimpleData>
		<SimpleData name="extrude">0</SimpleData>
		<SimpleData name="visibility">-1</SimpleData>
		<SimpleData name="distance">59700</SimpleData>
		<SimpleData name="angle">59.2628113162954</SimpleData>
		<SimpleData name="KM">KM 60.7</SimpleData>
		<SimpleData name="Latitude">1.567072</SimpleData>
		<SimpleData name="Longitude">104.124540</SimpleData>
	</SchemaData></ExtendedData>
      <Point><coordinates>104.124540,1.567072,0</coordinates></Point>
  </Placemark>
  <Placemark id="interpolated_points_sde_hala_senai.599">
	<name>SDE HALA SENAI</name>
	<ExtendedData><SchemaData schemaUrl="#interpolated_points_sde_hala_senai">
		<SimpleData name="fid">1</SimpleData>
		<SimpleData name="tessellate">1</SimpleData>
		<SimpleData name="extrude">0</SimpleData>
		<SimpleData name="visibility">-1</SimpleData>
		<SimpleData name="distance">59800</SimpleData>
		<SimpleData name="angle">59.2628113162954</SimpleData>
		<SimpleData name="KM">KM 60.8</SimpleData>
		<SimpleData name="Latitude">1.567534</SimpleData>
		<SimpleData name="Longitude">104.125313</SimpleData>
	</SchemaData></ExtendedData>
      <Point><coordinates>104.125313,1.567534,0</coordinates></Point>
  </Placemark>
  <Placemark id="interpolated_points_sde_hala_senai.600">
	<name>SDE HALA SENAI</name>
	<ExtendedData><SchemaData schemaUrl="#interpolated_points_sde_hala_senai">
		<SimpleData name="fid">1</SimpleData>
		<SimpleData name="tessellate">1</SimpleData>
		<SimpleData name="extrude">0</SimpleData>
		<SimpleData name="visibility">-1</SimpleData>
		<SimpleData name="distance">59900</SimpleData>
		<SimpleData name="angle">63.130147004851</SimpleData>
		<SimpleData name="KM">KM 60.9</SimpleData>
		<SimpleData name="Latitude">1.567971</SimpleData>
		<SimpleData name="Longitude">104.126099</SimpleData>
	</SchemaData></ExtendedData>
      <Point><coordinates>104.126099,1.567971,0</coordinates></Point>
  </Placemark>
  <Placemark id="interpolated_points_sde_hala_senai.601">
	<name>SDE HALA SENAI</name>
	<ExtendedData><SchemaData schemaUrl="#interpolated_points_sde_hala_senai">
		<SimpleData name="fid">1</SimpleData>
		<SimpleData name="tessellate">1</SimpleData>
		<SimpleData name="extrude">0</SimpleData>
		<SimpleData name="visibility">-1</SimpleData>
		<SimpleData name="distance">60000</SimpleData>
		<SimpleData name="angle">68.3474087854606</SimpleData>
		<SimpleData name="KM">KM 61.0</SimpleData>
		<SimpleData name="Latitude">1.568371</SimpleData>
		<SimpleData name="Longitude">104.126904</SimpleData>
	</SchemaData></ExtendedData>
      <Point><coordinates>104.126904,1.568371,0</coordinates></Point>
  </Placemark>
  <Placemark id="interpolated_points_sde_hala_senai.602">
	<name>SDE HALA SENAI</name>
	<ExtendedData><SchemaData schemaUrl="#interpolated_points_sde_hala_senai">
		<SimpleData name="fid">1</SimpleData>
		<SimpleData name="tessellate">1</SimpleData>
		<SimpleData name="extrude">0</SimpleData>
		<SimpleData name="visibility">-1</SimpleData>
		<SimpleData name="distance">60100</SimpleData>
		<SimpleData name="angle">62.8947333001288</SimpleData>
		<SimpleData name="KM">KM 61.1</SimpleData>
		<SimpleData name="Latitude">1.568767</SimpleData>
		<SimpleData name="Longitude">104.127702</SimpleData>
	</SchemaData></ExtendedData>
      <Point><coordinates>104.127702,1.568767,0</coordinates></Point>
  </Placemark>
  <Placemark id="interpolated_points_sde_hala_senai.603">
	<name>SDE HALA SENAI</name>
	<ExtendedData><SchemaData schemaUrl="#interpolated_points_sde_hala_senai">
		<SimpleData name="fid">1</SimpleData>
		<SimpleData name="tessellate">1</SimpleData>
		<SimpleData name="extrude">0</SimpleData>
		<SimpleData name="visibility">-1</SimpleData>
		<SimpleData name="distance">60200</SimpleData>
		<SimpleData name="angle">62.8947333001288</SimpleData>
		<SimpleData name="KM">KM 61.2</SimpleData>
		<SimpleData name="Latitude">1.569179</SimpleData>
		<SimpleData name="Longitude">104.128502</SimpleData>
	</SchemaData></ExtendedData>
      <Point><coordinates>104.128502,1.569179,0</coordinates></Point>
  </Placemark>
  <Placemark id="interpolated_points_sde_hala_senai.604">
	<name>SDE HALA SENAI</name>
	<ExtendedData><SchemaData schemaUrl="#interpolated_points_sde_hala_senai">
		<SimpleData name="fid">1</SimpleData>
		<SimpleData name="tessellate">1</SimpleData>
		<SimpleData name="extrude">0</SimpleData>
		<SimpleData name="visibility">-1</SimpleData>
		<SimpleData name="distance">60300</SimpleData>
		<SimpleData name="angle">67.1030679109249</SimpleData>
		<SimpleData name="KM">KM 61.3</SimpleData>
		<SimpleData name="Latitude">1.569574</SimpleData>
		<SimpleData name="Longitude">104.129311</SimpleData>
	</SchemaData></ExtendedData>
      <Point><coordinates>104.129311,1.569574,0</coordinates></Point>
  </Placemark>
  <Placemark id="interpolated_points_sde_hala_senai.605">
	<name>SDE HALA SENAI</name>
	<ExtendedData><SchemaData schemaUrl="#interpolated_points_sde_hala_senai">
		<SimpleData name="fid">1</SimpleData>
		<SimpleData name="tessellate">1</SimpleData>
		<SimpleData name="extrude">0</SimpleData>
		<SimpleData name="visibility">-1</SimpleData>
		<SimpleData name="distance">60400</SimpleData>
		<SimpleData name="angle">70.6974635686384</SimpleData>
		<SimpleData name="KM">KM 61.4</SimpleData>
		<SimpleData name="Latitude">1.569906</SimpleData>
		<SimpleData name="Longitude">104.130145</SimpleData>
	</SchemaData></ExtendedData>
      <Point><coordinates>104.130145,1.569906,0</coordinates></Point>
  </Placemark>
  <Placemark id="interpolated_points_sde_hala_senai.606">
	<name>SDE HALA SENAI</name>
	<ExtendedData><SchemaData schemaUrl="#interpolated_points_sde_hala_senai">
		<SimpleData name="fid">1</SimpleData>
		<SimpleData name="tessellate">1</SimpleData>
		<SimpleData name="extrude">0</SimpleData>
		<SimpleData name="visibility">-1</SimpleData>
		<SimpleData name="distance">60500</SimpleData>
		<SimpleData name="angle">71.2814001083078</SimpleData>
		<SimpleData name="KM">KM 61.5</SimpleData>
		<SimpleData name="Latitude">1.570216</SimpleData>
		<SimpleData name="Longitude">104.130982</SimpleData>
	</SchemaData></ExtendedData>
      <Point><coordinates>104.130982,1.570216,0</coordinates></Point>
  </Placemark>
  <Placemark id="interpolated_points_sde_hala_senai.607">
	<name>SDE HALA SENAI</name>
	<ExtendedData><SchemaData schemaUrl="#interpolated_points_sde_hala_senai">
		<SimpleData name="fid">1</SimpleData>
		<SimpleData name="tessellate">1</SimpleData>
		<SimpleData name="extrude">0</SimpleData>
		<SimpleData name="visibility">-1</SimpleData>
		<SimpleData name="distance">60600</SimpleData>
		<SimpleData name="angle">71.6974791766771</SimpleData>
		<SimpleData name="KM">KM 61.6</SimpleData>
		<SimpleData name="Latitude">1.570501</SimpleData>
		<SimpleData name="Longitude">104.131835</SimpleData>
	</SchemaData></ExtendedData>
      <Point><coordinates>104.131835,1.570501,0</coordinates></Point>
  </Placemark>
  <Placemark id="interpolated_points_sde_hala_senai.608">
	<name>SDE HALA SENAI</name>
	<ExtendedData><SchemaData schemaUrl="#interpolated_points_sde_hala_senai">
		<SimpleData name="fid">1</SimpleData>
		<SimpleData name="tessellate">1</SimpleData>
		<SimpleData name="extrude">0</SimpleData>
		<SimpleData name="visibility">-1</SimpleData>
		<SimpleData name="distance">60700</SimpleData>
		<SimpleData name="angle">73.3921037351665</SimpleData>
		<SimpleData name="KM">KM 61.7</SimpleData>
		<SimpleData name="Latitude">1.570772</SimpleData>
		<SimpleData name="Longitude">104.132693</SimpleData>
	</SchemaData></ExtendedData>
      <Point><coordinates>104.132693,1.570772,0</coordinates></Point>
  </Placemark>
  <Placemark id="interpolated_points_sde_hala_senai.609">
	<name>SDE HALA SENAI</name>
	<ExtendedData><SchemaData schemaUrl="#interpolated_points_sde_hala_senai">
		<SimpleData name="fid">1</SimpleData>
		<SimpleData name="tessellate">1</SimpleData>
		<SimpleData name="extrude">0</SimpleData>
		<SimpleData name="visibility">-1</SimpleData>
		<SimpleData name="distance">60800</SimpleData>
		<SimpleData name="angle">73.3921037351665</SimpleData>
		<SimpleData name="KM">KM 61.8</SimpleData>
		<SimpleData name="Latitude">1.571031</SimpleData>
		<SimpleData name="Longitude">104.133554</SimpleData>
	</SchemaData></ExtendedData>
      <Point><coordinates>104.133554,1.571031,0</coordinates></Point>
  </Placemark>
  <Placemark id="interpolated_points_sde_hala_senai.610">
	<name>SDE HALA SENAI</name>
	<ExtendedData><SchemaData schemaUrl="#interpolated_points_sde_hala_senai">
		<SimpleData name="fid">1</SimpleData>
		<SimpleData name="tessellate">1</SimpleData>
		<SimpleData name="extrude">0</SimpleData>
		<SimpleData name="visibility">-1</SimpleData>
		<SimpleData name="distance">60900</SimpleData>
		<SimpleData name="angle">75.7294386257831</SimpleData>
		<SimpleData name="KM">KM 61.9</SimpleData>
		<SimpleData name="Latitude">1.571268</SimpleData>
		<SimpleData name="Longitude">104.134421</SimpleData>
	</SchemaData></ExtendedData>
      <Point><coordinates>104.134421,1.571268,0</coordinates></Point>
  </Placemark>
  <Placemark id="interpolated_points_sde_hala_senai.611">
	<name>SDE HALA SENAI</name>
	<ExtendedData><SchemaData schemaUrl="#interpolated_points_sde_hala_senai">
		<SimpleData name="fid">1</SimpleData>
		<SimpleData name="tessellate">1</SimpleData>
		<SimpleData name="extrude">0</SimpleData>
		<SimpleData name="visibility">-1</SimpleData>
		<SimpleData name="distance">61000</SimpleData>
		<SimpleData name="angle">78.3277015260844</SimpleData>
		<SimpleData name="KM">KM 62.0</SimpleData>
		<SimpleData name="Latitude">1.571485</SimpleData>
		<SimpleData name="Longitude">104.135294</SimpleData>
	</SchemaData></ExtendedData>
      <Point><coordinates>104.135294,1.571485,0</coordinates></Point>
  </Placemark>
  <Placemark id="interpolated_points_sde_hala_senai.612">
	<name>SDE HALA SENAI</name>
	<ExtendedData><SchemaData schemaUrl="#interpolated_points_sde_hala_senai">
		<SimpleData name="fid">1</SimpleData>
		<SimpleData name="tessellate">1</SimpleData>
		<SimpleData name="extrude">0</SimpleData>
		<SimpleData name="visibility">-1</SimpleData>
		<SimpleData name="distance">61100</SimpleData>
		<SimpleData name="angle">79.1921594983151</SimpleData>
		<SimpleData name="KM">KM 62.1</SimpleData>
		<SimpleData name="Latitude">1.571675</SimpleData>
		<SimpleData name="Longitude">104.136172</SimpleData>
	</SchemaData></ExtendedData>
      <Point><coordinates>104.136172,1.571675,0</coordinates></Point>
  </Placemark>
  <Placemark id="interpolated_points_sde_hala_senai.613">
	<name>SDE HALA SENAI</name>
	<ExtendedData><SchemaData schemaUrl="#interpolated_points_sde_hala_senai">
		<SimpleData name="fid">1</SimpleData>
		<SimpleData name="tessellate">1</SimpleData>
		<SimpleData name="extrude">0</SimpleData>
		<SimpleData name="visibility">-1</SimpleData>
		<SimpleData name="distance">61200</SimpleData>
		<SimpleData name="angle">79.1921594983151</SimpleData>
		<SimpleData name="KM">KM 62.2</SimpleData>
		<SimpleData name="Latitude">1.571845</SimpleData>
		<SimpleData name="Longitude">104.137055</SimpleData>
	</SchemaData></ExtendedData>
      <Point><coordinates>104.137055,1.571845,0</coordinates></Point>
  </Placemark>
  <Placemark id="interpolated_points_sde_hala_senai.614">
	<name>SDE HALA SENAI</name>
	<ExtendedData><SchemaData schemaUrl="#interpolated_points_sde_hala_senai">
		<SimpleData name="fid">1</SimpleData>
		<SimpleData name="tessellate">1</SimpleData>
		<SimpleData name="extrude">0</SimpleData>
		<SimpleData name="visibility">-1</SimpleData>
		<SimpleData name="distance">61300</SimpleData>
		<SimpleData name="angle">82.1658070114307</SimpleData>
		<SimpleData name="KM">KM 62.3</SimpleData>
		<SimpleData name="Latitude">1.571984</SimpleData>
		<SimpleData name="Longitude">104.137943</SimpleData>
	</SchemaData></ExtendedData>
      <Point><coordinates>104.137943,1.571984,0</coordinates></Point>
  </Placemark>
  <Placemark id="interpolated_points_sde_hala_senai.615">
	<name>SDE HALA SENAI</name>
	<ExtendedData><SchemaData schemaUrl="#interpolated_points_sde_hala_senai">
		<SimpleData name="fid">1</SimpleData>
		<SimpleData name="tessellate">1</SimpleData>
		<SimpleData name="extrude">0</SimpleData>
		<SimpleData name="visibility">-1</SimpleData>
		<SimpleData name="distance">61400</SimpleData>
		<SimpleData name="angle">80.1807626315046</SimpleData>
		<SimpleData name="KM">KM 62.4</SimpleData>
		<SimpleData name="Latitude">1.572123</SimpleData>
		<SimpleData name="Longitude">104.138831</SimpleData>
	</SchemaData></ExtendedData>
      <Point><coordinates>104.138831,1.572123,0</coordinates></Point>
  </Placemark>
  <Placemark id="interpolated_points_sde_hala_senai.616">
	<name>SDE HALA SENAI</name>
	<ExtendedData><SchemaData schemaUrl="#interpolated_points_sde_hala_senai">
		<SimpleData name="fid">1</SimpleData>
		<SimpleData name="tessellate">1</SimpleData>
		<SimpleData name="extrude">0</SimpleData>
		<SimpleData name="visibility">-1</SimpleData>
		<SimpleData name="distance">61500</SimpleData>
		<SimpleData name="angle">77.3770149913727</SimpleData>
		<SimpleData name="KM">KM 62.5</SimpleData>
		<SimpleData name="Latitude">1.572279</SimpleData>
		<SimpleData name="Longitude">104.139717</SimpleData>
	</SchemaData></ExtendedData>
      <Point><coordinates>104.139717,1.572279,0</coordinates></Point>
  </Placemark>
  <Placemark id="interpolated_points_sde_hala_senai.617">
	<name>SDE HALA SENAI</name>
	<ExtendedData><SchemaData schemaUrl="#interpolated_points_sde_hala_senai">
		<SimpleData name="fid">1</SimpleData>
		<SimpleData name="tessellate">1</SimpleData>
		<SimpleData name="extrude">0</SimpleData>
		<SimpleData name="visibility">-1</SimpleData>
		<SimpleData name="distance">61600</SimpleData>
		<SimpleData name="angle">80.190929197535</SimpleData>
		<SimpleData name="KM">KM 62.6</SimpleData>
		<SimpleData name="Latitude">1.572447</SimpleData>
		<SimpleData name="Longitude">104.140600</SimpleData>
	</SchemaData></ExtendedData>
      <Point><coordinates>104.140600,1.572447,0</coordinates></Point>
  </Placemark>
  <Placemark id="interpolated_points_sde_hala_senai.618">
	<name>SDE HALA SENAI</name>
	<ExtendedData><SchemaData schemaUrl="#interpolated_points_sde_hala_senai">
		<SimpleData name="fid">1</SimpleData>
		<SimpleData name="tessellate">1</SimpleData>
		<SimpleData name="extrude">0</SimpleData>
		<SimpleData name="visibility">-1</SimpleData>
		<SimpleData name="distance">61700</SimpleData>
		<SimpleData name="angle">83.2770608942144</SimpleData>
		<SimpleData name="KM">KM 62.7</SimpleData>
		<SimpleData name="Latitude">1.572567</SimpleData>
		<SimpleData name="Longitude">104.141491</SimpleData>
	</SchemaData></ExtendedData>
      <Point><coordinates>104.141491,1.572567,0</coordinates></Point>
  </Placemark>
  <Placemark id="interpolated_points_sde_hala_senai.619">
	<name>SDE HALA SENAI</name>
	<ExtendedData><SchemaData schemaUrl="#interpolated_points_sde_hala_senai">
		<SimpleData name="fid">1</SimpleData>
		<SimpleData name="tessellate">1</SimpleData>
		<SimpleData name="extrude">0</SimpleData>
		<SimpleData name="visibility">-1</SimpleData>
		<SimpleData name="distance">61800</SimpleData>
		<SimpleData name="angle">83.2770608942144</SimpleData>
		<SimpleData name="KM">KM 62.8</SimpleData>
		<SimpleData name="Latitude">1.572674</SimpleData>
		<SimpleData name="Longitude">104.142383</SimpleData>
	</SchemaData></ExtendedData>
      <Point><coordinates>104.142383,1.572674,0</coordinates></Point>
  </Placemark>
  <Placemark id="interpolated_points_sde_hala_senai.620">
	<name>SDE HALA SENAI</name>
	<ExtendedData><SchemaData schemaUrl="#interpolated_points_sde_hala_senai">
		<SimpleData name="fid">1</SimpleData>
		<SimpleData name="tessellate">1</SimpleData>
		<SimpleData name="extrude">0</SimpleData>
		<SimpleData name="visibility">-1</SimpleData>
		<SimpleData name="distance">61900</SimpleData>
		<SimpleData name="angle">86.4697112268276</SimpleData>
		<SimpleData name="KM">KM 62.9</SimpleData>
		<SimpleData name="Latitude">1.572793</SimpleData>
		<SimpleData name="Longitude">104.143274</SimpleData>
	</SchemaData></ExtendedData>
      <Point><coordinates>104.143274,1.572793,0</coordinates></Point>
  </Placemark>
  <Placemark id="interpolated_points_sde_hala_senai.621">
	<name>SDE HALA SENAI</name>
	<ExtendedData><SchemaData schemaUrl="#interpolated_points_sde_hala_senai">
		<SimpleData name="fid">1</SimpleData>
		<SimpleData name="tessellate">1</SimpleData>
		<SimpleData name="extrude">0</SimpleData>
		<SimpleData name="visibility">-1</SimpleData>
		<SimpleData name="distance">62000</SimpleData>
		<SimpleData name="angle">85.9312213826859</SimpleData>
		<SimpleData name="KM">KM 63.0</SimpleData>
		<SimpleData name="Latitude">1.572863</SimpleData>
		<SimpleData name="Longitude">104.144170</SimpleData>
	</SchemaData></ExtendedData>
      <Point><coordinates>104.144170,1.572863,0</coordinates></Point>
  </Placemark>
  <Placemark id="interpolated_points_sde_hala_senai.622">
	<name>SDE HALA SENAI</name>
	<ExtendedData><SchemaData schemaUrl="#interpolated_points_sde_hala_senai">
		<SimpleData name="fid">1</SimpleData>
		<SimpleData name="tessellate">1</SimpleData>
		<SimpleData name="extrude">0</SimpleData>
		<SimpleData name="visibility">-1</SimpleData>
		<SimpleData name="distance">62100</SimpleData>
		<SimpleData name="angle">80.3861628866868</SimpleData>
		<SimpleData name="KM">KM 63.1</SimpleData>
		<SimpleData name="Latitude">1.572948</SimpleData>
		<SimpleData name="Longitude">104.145064</SimpleData>
	</SchemaData></ExtendedData>
      <Point><coordinates>104.145064,1.572948,0</coordinates></Point>
  </Placemark>
  <Placemark id="interpolated_points_sde_hala_senai.623">
	<name>SDE HALA SENAI</name>
	<ExtendedData><SchemaData schemaUrl="#interpolated_points_sde_hala_senai">
		<SimpleData name="fid">1</SimpleData>
		<SimpleData name="tessellate">1</SimpleData>
		<SimpleData name="extrude">0</SimpleData>
		<SimpleData name="visibility">-1</SimpleData>
		<SimpleData name="distance">62200</SimpleData>
		<SimpleData name="angle">80.3861628866868</SimpleData>
		<SimpleData name="KM">KM 63.2</SimpleData>
		<SimpleData name="Latitude">1.573099</SimpleData>
		<SimpleData name="Longitude">104.145950</SimpleData>
	</SchemaData></ExtendedData>
      <Point><coordinates>104.145950,1.573099,0</coordinates></Point>
  </Placemark>
  <Placemark id="interpolated_points_sde_hala_senai.624">
	<name>SDE HALA SENAI</name>
	<ExtendedData><SchemaData schemaUrl="#interpolated_points_sde_hala_senai">
		<SimpleData name="fid">1</SimpleData>
		<SimpleData name="tessellate">1</SimpleData>
		<SimpleData name="extrude">0</SimpleData>
		<SimpleData name="visibility">-1</SimpleData>
		<SimpleData name="distance">62300</SimpleData>
		<SimpleData name="angle">79.9883839119174</SimpleData>
		<SimpleData name="KM">KM 63.3</SimpleData>
		<SimpleData name="Latitude">1.573245</SimpleData>
		<SimpleData name="Longitude">104.146838</SimpleData>
	</SchemaData></ExtendedData>
      <Point><coordinates>104.146838,1.573245,0</coordinates></Point>
  </Placemark>
  <Placemark id="interpolated_points_sde_hala_senai.625">
	<name>SDE HALA SENAI</name>
	<ExtendedData><SchemaData schemaUrl="#interpolated_points_sde_hala_senai">
		<SimpleData name="fid">1</SimpleData>
		<SimpleData name="tessellate">1</SimpleData>
		<SimpleData name="extrude">0</SimpleData>
		<SimpleData name="visibility">-1</SimpleData>
		<SimpleData name="distance">62400</SimpleData>
		<SimpleData name="angle">81.943958472948</SimpleData>
		<SimpleData name="KM">KM 63.4</SimpleData>
		<SimpleData name="Latitude">1.573412</SimpleData>
		<SimpleData name="Longitude">104.147720</SimpleData>
	</SchemaData></ExtendedData>
      <Point><coordinates>104.147720,1.573412,0</coordinates></Point>
  </Placemark>
  <Placemark id="interpolated_points_sde_hala_senai.626">
	<name>SDE HALA SENAI</name>
	<ExtendedData><SchemaData schemaUrl="#interpolated_points_sde_hala_senai">
		<SimpleData name="fid">1</SimpleData>
		<SimpleData name="tessellate">1</SimpleData>
		<SimpleData name="extrude">0</SimpleData>
		<SimpleData name="visibility">-1</SimpleData>
		<SimpleData name="distance">62500</SimpleData>
		<SimpleData name="angle">83.7229047739152</SimpleData>
		<SimpleData name="KM">KM 63.5</SimpleData>
		<SimpleData name="Latitude">1.573546</SimpleData>
		<SimpleData name="Longitude">104.148609</SimpleData>
	</SchemaData></ExtendedData>
      <Point><coordinates>104.148609,1.573546,0</coordinates></Point>
  </Placemark>
  <Placemark id="interpolated_points_sde_hala_senai.627">
	<name>SDE HALA SENAI</name>
	<ExtendedData><SchemaData schemaUrl="#interpolated_points_sde_hala_senai">
		<SimpleData name="fid">1</SimpleData>
		<SimpleData name="tessellate">1</SimpleData>
		<SimpleData name="extrude">0</SimpleData>
		<SimpleData name="visibility">-1</SimpleData>
		<SimpleData name="distance">62600</SimpleData>
		<SimpleData name="angle">81.9439018917451</SimpleData>
		<SimpleData name="KM">KM 63.6</SimpleData>
		<SimpleData name="Latitude">1.573655</SimpleData>
		<SimpleData name="Longitude">104.149501</SimpleData>
	</SchemaData></ExtendedData>
      <Point><coordinates>104.149501,1.573655,0</coordinates></Point>
  </Placemark>
  <Placemark id="interpolated_points_sde_hala_senai.628">
	<name>SDE HALA SENAI</name>
	<ExtendedData><SchemaData schemaUrl="#interpolated_points_sde_hala_senai">
		<SimpleData name="fid">1</SimpleData>
		<SimpleData name="tessellate">1</SimpleData>
		<SimpleData name="extrude">0</SimpleData>
		<SimpleData name="visibility">-1</SimpleData>
		<SimpleData name="distance">62700</SimpleData>
		<SimpleData name="angle">81.9439018917451</SimpleData>
		<SimpleData name="KM">KM 63.7</SimpleData>
		<SimpleData name="Latitude">1.573782</SimpleData>
		<SimpleData name="Longitude">104.150391</SimpleData>
	</SchemaData></ExtendedData>
      <Point><coordinates>104.150391,1.573782,0</coordinates></Point>
  </Placemark>
  <Placemark id="interpolated_points_sde_hala_senai.629">
	<name>SDE HALA SENAI</name>
	<ExtendedData><SchemaData schemaUrl="#interpolated_points_sde_hala_senai">
		<SimpleData name="fid">1</SimpleData>
		<SimpleData name="tessellate">1</SimpleData>
		<SimpleData name="extrude">0</SimpleData>
		<SimpleData name="visibility">-1</SimpleData>
		<SimpleData name="distance">62800</SimpleData>
		<SimpleData name="angle">75.1820082730388</SimpleData>
		<SimpleData name="KM">KM 63.8</SimpleData>
		<SimpleData name="Latitude">1.573947</SimpleData>
		<SimpleData name="Longitude">104.151274</SimpleData>
	</SchemaData></ExtendedData>
      <Point><coordinates>104.151274,1.573947,0</coordinates></Point>
  </Placemark>
  <Placemark id="interpolated_points_sde_hala_senai.630">
	<name>SDE HALA SENAI</name>
	<ExtendedData><SchemaData schemaUrl="#interpolated_points_sde_hala_senai">
		<SimpleData name="fid">1</SimpleData>
		<SimpleData name="tessellate">1</SimpleData>
		<SimpleData name="extrude">0</SimpleData>
		<SimpleData name="visibility">-1</SimpleData>
		<SimpleData name="distance">62900</SimpleData>
		<SimpleData name="angle">75.7702154975334</SimpleData>
		<SimpleData name="KM">KM 63.9</SimpleData>
		<SimpleData name="Latitude">1.574165</SimpleData>
		<SimpleData name="Longitude">104.152146</SimpleData>
	</SchemaData></ExtendedData>
      <Point><coordinates>104.152146,1.574165,0</coordinates></Point>
  </Placemark>
  <Placemark id="interpolated_points_sde_hala_senai.631">
	<name>SDE HALA SENAI</name>
	<ExtendedData><SchemaData schemaUrl="#interpolated_points_sde_hala_senai">
		<SimpleData name="fid">1</SimpleData>
		<SimpleData name="tessellate">1</SimpleData>
		<SimpleData name="extrude">0</SimpleData>
		<SimpleData name="visibility">-1</SimpleData>
		<SimpleData name="distance">63000</SimpleData>
		<SimpleData name="angle">74.1734878397299</SimpleData>
		<SimpleData name="KM">KM 64.0</SimpleData>
		<SimpleData name="Latitude">1.574386</SimpleData>
		<SimpleData name="Longitude">104.153017</SimpleData>
	</SchemaData></ExtendedData>
      <Point><coordinates>104.153017,1.574386,0</coordinates></Point>
  </Placemark>
  <Placemark id="interpolated_points_sde_hala_senai.632">
	<name>SDE HALA SENAI</name>
	<ExtendedData><SchemaData schemaUrl="#interpolated_points_sde_hala_senai">
		<SimpleData name="fid">1</SimpleData>
		<SimpleData name="tessellate">1</SimpleData>
		<SimpleData name="extrude">0</SimpleData>
		<SimpleData name="visibility">-1</SimpleData>
		<SimpleData name="distance">63100</SimpleData>
		<SimpleData name="angle">71.9645357185104</SimpleData>
		<SimpleData name="KM">KM 64.1</SimpleData>
		<SimpleData name="Latitude">1.574652</SimpleData>
		<SimpleData name="Longitude">104.153876</SimpleData>
	</SchemaData></ExtendedData>
      <Point><coordinates>104.153876,1.574652,0</coordinates></Point>
  </Placemark>
  <Placemark id="interpolated_points_sde_hala_senai.633">
	<name>SDE HALA SENAI</name>
	<ExtendedData><SchemaData schemaUrl="#interpolated_points_sde_hala_senai">
		<SimpleData name="fid">1</SimpleData>
		<SimpleData name="tessellate">1</SimpleData>
		<SimpleData name="extrude">0</SimpleData>
		<SimpleData name="visibility">-1</SimpleData>
		<SimpleData name="distance">63200</SimpleData>
		<SimpleData name="angle">72.7238343348144</SimpleData>
		<SimpleData name="KM">KM 64.2</SimpleData>
		<SimpleData name="Latitude">1.574906</SimpleData>
		<SimpleData name="Longitude">104.154738</SimpleData>
	</SchemaData></ExtendedData>
      <Point><coordinates>104.154738,1.574906,0</coordinates></Point>
  </Placemark>
  <Placemark id="interpolated_points_sde_hala_senai.634">
	<name>SDE HALA SENAI</name>
	<ExtendedData><SchemaData schemaUrl="#interpolated_points_sde_hala_senai">
		<SimpleData name="fid">1</SimpleData>
		<SimpleData name="tessellate">1</SimpleData>
		<SimpleData name="extrude">0</SimpleData>
		<SimpleData name="visibility">-1</SimpleData>
		<SimpleData name="distance">63300</SimpleData>
		<SimpleData name="angle">72.4435760953929</SimpleData>
		<SimpleData name="KM">KM 64.3</SimpleData>
		<SimpleData name="Latitude">1.575177</SimpleData>
		<SimpleData name="Longitude">104.155596</SimpleData>
	</SchemaData></ExtendedData>
      <Point><coordinates>104.155596,1.575177,0</coordinates></Point>
  </Placemark>
  <Placemark id="interpolated_points_sde_hala_senai.635">
	<name>SDE HALA SENAI</name>
	<ExtendedData><SchemaData schemaUrl="#interpolated_points_sde_hala_senai">
		<SimpleData name="fid">1</SimpleData>
		<SimpleData name="tessellate">1</SimpleData>
		<SimpleData name="extrude">0</SimpleData>
		<SimpleData name="visibility">-1</SimpleData>
		<SimpleData name="distance">63400</SimpleData>
		<SimpleData name="angle">71.1379525199784</SimpleData>
		<SimpleData name="KM">KM 64.4</SimpleData>
		<SimpleData name="Latitude">1.575459</SimpleData>
		<SimpleData name="Longitude">104.156449</SimpleData>
	</SchemaData></ExtendedData>
      <Point><coordinates>104.156449,1.575459,0</coordinates></Point>
  </Placemark>
  <Placemark id="interpolated_points_sde_hala_senai.636">
	<name>SDE HALA SENAI</name>
	<ExtendedData><SchemaData schemaUrl="#interpolated_points_sde_hala_senai">
		<SimpleData name="fid">1</SimpleData>
		<SimpleData name="tessellate">1</SimpleData>
		<SimpleData name="extrude">0</SimpleData>
		<SimpleData name="visibility">-1</SimpleData>
		<SimpleData name="distance">63500</SimpleData>
		<SimpleData name="angle">70.6967485263912</SimpleData>
		<SimpleData name="KM">KM 64.5</SimpleData>
		<SimpleData name="Latitude">1.575735</SimpleData>
		<SimpleData name="Longitude">104.157305</SimpleData>
	</SchemaData></ExtendedData>
      <Point><coordinates>104.157305,1.575735,0</coordinates></Point>
  </Placemark>
  <Placemark id="interpolated_points_sde_hala_senai.637">
	<name>SDE HALA SENAI</name>
	<ExtendedData><SchemaData schemaUrl="#interpolated_points_sde_hala_senai">
		<SimpleData name="fid">1</SimpleData>
		<SimpleData name="tessellate">1</SimpleData>
		<SimpleData name="extrude">0</SimpleData>
		<SimpleData name="visibility">-1</SimpleData>
		<SimpleData name="distance">63600</SimpleData>
		<SimpleData name="angle">71.9524252961817</SimpleData>
		<SimpleData name="KM">KM 64.6</SimpleData>
		<SimpleData name="Latitude">1.576025</SimpleData>
		<SimpleData name="Longitude">104.158157</SimpleData>
	</SchemaData></ExtendedData>
      <Point><coordinates>104.158157,1.576025,0</coordinates></Point>
  </Placemark>
  <Placemark id="interpolated_points_sde_hala_senai.638">
	<name>SDE HALA SENAI</name>
	<ExtendedData><SchemaData schemaUrl="#interpolated_points_sde_hala_senai">
		<SimpleData name="fid">1</SimpleData>
		<SimpleData name="tessellate">1</SimpleData>
		<SimpleData name="extrude">0</SimpleData>
		<SimpleData name="visibility">-1</SimpleData>
		<SimpleData name="distance">63700</SimpleData>
		<SimpleData name="angle">71.6967753364992</SimpleData>
		<SimpleData name="KM">KM 64.7</SimpleData>
		<SimpleData name="Latitude">1.576311</SimpleData>
		<SimpleData name="Longitude">104.159008</SimpleData>
	</SchemaData></ExtendedData>
      <Point><coordinates>104.159008,1.576311,0</coordinates></Point>
  </Placemark>
  <Placemark id="interpolated_points_sde_hala_senai.639">
	<name>SDE HALA SENAI</name>
	<ExtendedData><SchemaData schemaUrl="#interpolated_points_sde_hala_senai">
		<SimpleData name="fid">1</SimpleData>
		<SimpleData name="tessellate">1</SimpleData>
		<SimpleData name="extrude">0</SimpleData>
		<SimpleData name="visibility">-1</SimpleData>
		<SimpleData name="distance">63800</SimpleData>
		<SimpleData name="angle">74.1733045083908</SimpleData>
		<SimpleData name="KM">KM 64.8</SimpleData>
		<SimpleData name="Latitude">1.576561</SimpleData>
		<SimpleData name="Longitude">104.159871</SimpleData>
	</SchemaData></ExtendedData>
      <Point><coordinates>104.159871,1.576561,0</coordinates></Point>
  </Placemark>
  <Placemark id="interpolated_points_sde_hala_senai.640">
	<name>SDE HALA SENAI</name>
	<ExtendedData><SchemaData schemaUrl="#interpolated_points_sde_hala_senai">
		<SimpleData name="fid">1</SimpleData>
		<SimpleData name="tessellate">1</SimpleData>
		<SimpleData name="extrude">0</SimpleData>
		<SimpleData name="visibility">-1</SimpleData>
		<SimpleData name="distance">63900</SimpleData>
		<SimpleData name="angle">74.1733045083908</SimpleData>
		<SimpleData name="KM">KM 64.9</SimpleData>
		<SimpleData name="Latitude">1.576808</SimpleData>
		<SimpleData name="Longitude">104.160736</SimpleData>
	</SchemaData></ExtendedData>
      <Point><coordinates>104.160736,1.576808,0</coordinates></Point>
  </Placemark>
  <Placemark id="interpolated_points_sde_hala_senai.641">
	<name>SDE HALA SENAI</name>
	<ExtendedData><SchemaData schemaUrl="#interpolated_points_sde_hala_senai">
		<SimpleData name="fid">1</SimpleData>
		<SimpleData name="tessellate">1</SimpleData>
		<SimpleData name="extrude">0</SimpleData>
		<SimpleData name="visibility">-1</SimpleData>
		<SimpleData name="distance">64000</SimpleData>
		<SimpleData name="angle">74.1733045083908</SimpleData>
		<SimpleData name="KM">KM 65.0</SimpleData>
		<SimpleData name="Latitude">1.577055</SimpleData>
		<SimpleData name="Longitude">104.161601</SimpleData>
	</SchemaData></ExtendedData>
      <Point><coordinates>104.161601,1.577055,0</coordinates></Point>
  </Placemark>
  <Placemark id="interpolated_points_sde_hala_senai.642">
	<name>SDE HALA SENAI</name>
	<ExtendedData><SchemaData schemaUrl="#interpolated_points_sde_hala_senai">
		<SimpleData name="fid">1</SimpleData>
		<SimpleData name="tessellate">1</SimpleData>
		<SimpleData name="extrude">0</SimpleData>
		<SimpleData name="visibility">-1</SimpleData>
		<SimpleData name="distance">64100</SimpleData>
		<SimpleData name="angle">77.8618849799612</SimpleData>
		<SimpleData name="KM">KM 65.1</SimpleData>
		<SimpleData name="Latitude">1.577246</SimpleData>
		<SimpleData name="Longitude">104.162480</SimpleData>
	</SchemaData></ExtendedData>
      <Point><coordinates>104.162480,1.577246,0</coordinates></Point>
  </Placemark>
  <Placemark id="interpolated_points_sde_hala_senai.643">
	<name>SDE HALA SENAI</name>
	<ExtendedData><SchemaData schemaUrl="#interpolated_points_sde_hala_senai">
		<SimpleData name="fid">1</SimpleData>
		<SimpleData name="tessellate">1</SimpleData>
		<SimpleData name="extrude">0</SimpleData>
		<SimpleData name="visibility">-1</SimpleData>
		<SimpleData name="distance">64200</SimpleData>
		<SimpleData name="angle">79.596329423239</SimpleData>
		<SimpleData name="KM">KM 65.2</SimpleData>
		<SimpleData name="Latitude">1.577428</SimpleData>
		<SimpleData name="Longitude">104.163360</SimpleData>
	</SchemaData></ExtendedData>
      <Point><coordinates>104.163360,1.577428,0</coordinates></Point>
  </Placemark>
  <Placemark id="interpolated_points_sde_hala_senai.644">
	<name>SDE HALA SENAI</name>
	<ExtendedData><SchemaData schemaUrl="#interpolated_points_sde_hala_senai">
		<SimpleData name="fid">1</SimpleData>
		<SimpleData name="tessellate">1</SimpleData>
		<SimpleData name="extrude">0</SimpleData>
		<SimpleData name="visibility">-1</SimpleData>
		<SimpleData name="distance">64300</SimpleData>
		<SimpleData name="angle">84.1538946817989</SimpleData>
		<SimpleData name="KM">KM 65.3</SimpleData>
		<SimpleData name="Latitude">1.577541</SimpleData>
		<SimpleData name="Longitude">104.164251</SimpleData>
	</SchemaData></ExtendedData>
      <Point><coordinates>104.164251,1.577541,0</coordinates></Point>
  </Placemark>
  <Placemark id="interpolated_points_sde_hala_senai.645">
	<name>SDE HALA SENAI</name>
	<ExtendedData><SchemaData schemaUrl="#interpolated_points_sde_hala_senai">
		<SimpleData name="fid">1</SimpleData>
		<SimpleData name="tessellate">1</SimpleData>
		<SimpleData name="extrude">0</SimpleData>
		<SimpleData name="visibility">-1</SimpleData>
		<SimpleData name="distance">64400</SimpleData>
		<SimpleData name="angle">86.1904613751028</SimpleData>
		<SimpleData name="KM">KM 65.4</SimpleData>
		<SimpleData name="Latitude">1.577617</SimpleData>
		<SimpleData name="Longitude">104.165146</SimpleData>
	</SchemaData></ExtendedData>
      <Point><coordinates>104.165146,1.577617,0</coordinates></Point>
  </Placemark>
  <Placemark id="interpolated_points_sde_hala_senai.646">
	<name>SDE HALA SENAI</name>
	<ExtendedData><SchemaData schemaUrl="#interpolated_points_sde_hala_senai">
		<SimpleData name="fid">1</SimpleData>
		<SimpleData name="tessellate">1</SimpleData>
		<SimpleData name="extrude">0</SimpleData>
		<SimpleData name="visibility">-1</SimpleData>
		<SimpleData name="distance">64500</SimpleData>
		<SimpleData name="angle">89.8563991304784</SimpleData>
		<SimpleData name="KM">KM 65.5</SimpleData>
		<SimpleData name="Latitude">1.577657</SimpleData>
		<SimpleData name="Longitude">104.166044</SimpleData>
	</SchemaData></ExtendedData>
      <Point><coordinates>104.166044,1.577657,0</coordinates></Point>
  </Placemark>
  <Placemark id="interpolated_points_sde_hala_senai.647">
	<name>SDE HALA SENAI</name>
	<ExtendedData><SchemaData schemaUrl="#interpolated_points_sde_hala_senai">
		<SimpleData name="fid">1</SimpleData>
		<SimpleData name="tessellate">1</SimpleData>
		<SimpleData name="extrude">0</SimpleData>
		<SimpleData name="visibility">-1</SimpleData>
		<SimpleData name="distance">64600</SimpleData>
		<SimpleData name="angle">89.8563991304784</SimpleData>
		<SimpleData name="KM">KM 65.6</SimpleData>
		<SimpleData name="Latitude">1.577659</SimpleData>
		<SimpleData name="Longitude">104.166943</SimpleData>
	</SchemaData></ExtendedData>
      <Point><coordinates>104.166943,1.577659,0</coordinates></Point>
  </Placemark>
  <Placemark id="interpolated_points_sde_hala_senai.648">
	<name>SDE HALA SENAI</name>
	<ExtendedData><SchemaData schemaUrl="#interpolated_points_sde_hala_senai">
		<SimpleData name="fid">1</SimpleData>
		<SimpleData name="tessellate">1</SimpleData>
		<SimpleData name="extrude">0</SimpleData>
		<SimpleData name="visibility">-1</SimpleData>
		<SimpleData name="distance">64700</SimpleData>
		<SimpleData name="angle">89.8563991304784</SimpleData>
		<SimpleData name="KM">KM 65.7</SimpleData>
		<SimpleData name="Latitude">1.577662</SimpleData>
		<SimpleData name="Longitude">104.167842</SimpleData>
	</SchemaData></ExtendedData>
      <Point><coordinates>104.167842,1.577662,0</coordinates></Point>
  </Placemark>
  <Placemark id="interpolated_points_sde_hala_senai.649">
	<name>SDE HALA SENAI</name>
	<ExtendedData><SchemaData schemaUrl="#interpolated_points_sde_hala_senai">
		<SimpleData name="fid">1</SimpleData>
		<SimpleData name="tessellate">1</SimpleData>
		<SimpleData name="extrude">0</SimpleData>
		<SimpleData name="visibility">-1</SimpleData>
		<SimpleData name="distance">64800</SimpleData>
		<SimpleData name="angle">89.8563991304784</SimpleData>
		<SimpleData name="KM">KM 65.8</SimpleData>
		<SimpleData name="Latitude">1.577664</SimpleData>
		<SimpleData name="Longitude">104.168741</SimpleData>
	</SchemaData></ExtendedData>
      <Point><coordinates>104.168741,1.577664,0</coordinates></Point>
  </Placemark>
  <Placemark id="interpolated_points_sde_hala_senai.650">
	<name>SDE HALA SENAI</name>
	<ExtendedData><SchemaData schemaUrl="#interpolated_points_sde_hala_senai">
		<SimpleData name="fid">1</SimpleData>
		<SimpleData name="tessellate">1</SimpleData>
		<SimpleData name="extrude">0</SimpleData>
		<SimpleData name="visibility">-1</SimpleData>
		<SimpleData name="distance">64900</SimpleData>
		<SimpleData name="angle">89.8563991304784</SimpleData>
		<SimpleData name="KM">KM 65.9</SimpleData>
		<SimpleData name="Latitude">1.577666</SimpleData>
		<SimpleData name="Longitude">104.169640</SimpleData>
	</SchemaData></ExtendedData>
      <Point><coordinates>104.169640,1.577666,0</coordinates></Point>
  </Placemark>
  <Placemark id="interpolated_points_sde_hala_senai.651">
	<name>SDE HALA SENAI</name>
	<ExtendedData><SchemaData schemaUrl="#interpolated_points_sde_hala_senai">
		<SimpleData name="fid">1</SimpleData>
		<SimpleData name="tessellate">1</SimpleData>
		<SimpleData name="extrude">0</SimpleData>
		<SimpleData name="visibility">-1</SimpleData>
		<SimpleData name="distance">65000</SimpleData>
		<SimpleData name="angle">89.8563991304784</SimpleData>
		<SimpleData name="KM">KM 66.0</SimpleData>
		<SimpleData name="Latitude">1.577669</SimpleData>
		<SimpleData name="Longitude">104.170539</SimpleData>
	</SchemaData></ExtendedData>
      <Point><coordinates>104.170539,1.577669,0</coordinates></Point>
  </Placemark>
  <Placemark id="interpolated_points_sde_hala_senai.652">
	<name>SDE HALA SENAI</name>
	<ExtendedData><SchemaData schemaUrl="#interpolated_points_sde_hala_senai">
		<SimpleData name="fid">1</SimpleData>
		<SimpleData name="tessellate">1</SimpleData>
		<SimpleData name="extrude">0</SimpleData>
		<SimpleData name="visibility">-1</SimpleData>
		<SimpleData name="distance">65100</SimpleData>
		<SimpleData name="angle">89.8563991304784</SimpleData>
		<SimpleData name="KM">KM 66.1</SimpleData>
		<SimpleData name="Latitude">1.577671</SimpleData>
		<SimpleData name="Longitude">104.171438</SimpleData>
	</SchemaData></ExtendedData>
      <Point><coordinates>104.171438,1.577671,0</coordinates></Point>
  </Placemark>
  <Placemark id="interpolated_points_sde_hala_senai.653">
	<name>SDE HALA SENAI</name>
	<ExtendedData><SchemaData schemaUrl="#interpolated_points_sde_hala_senai">
		<SimpleData name="fid">1</SimpleData>
		<SimpleData name="tessellate">1</SimpleData>
		<SimpleData name="extrude">0</SimpleData>
		<SimpleData name="visibility">-1</SimpleData>
		<SimpleData name="distance">65200</SimpleData>
		<SimpleData name="angle">89.8563991304784</SimpleData>
		<SimpleData name="KM">KM 66.2</SimpleData>
		<SimpleData name="Latitude">1.577674</SimpleData>
		<SimpleData name="Longitude">104.172337</SimpleData>
	</SchemaData></ExtendedData>
      <Point><coordinates>104.172337,1.577674,0</coordinates></Point>
  </Placemark>
  <Placemark id="interpolated_points_sde_hala_senai.654">
	<name>SDE HALA SENAI</name>
	<ExtendedData><SchemaData schemaUrl="#interpolated_points_sde_hala_senai">
		<SimpleData name="fid">1</SimpleData>
		<SimpleData name="tessellate">1</SimpleData>
		<SimpleData name="extrude">0</SimpleData>
		<SimpleData name="visibility">-1</SimpleData>
		<SimpleData name="distance">65300</SimpleData>
		<SimpleData name="angle">88.8115890303158</SimpleData>
		<SimpleData name="KM">KM 66.3</SimpleData>
		<SimpleData name="Latitude">1.577684</SimpleData>
		<SimpleData name="Longitude">104.173236</SimpleData>
	</SchemaData></ExtendedData>
      <Point><coordinates>104.173236,1.577684,0</coordinates></Point>
  </Placemark>
  <Placemark id="interpolated_points_sde_hala_senai.655">
	<name>SDE HALA SENAI</name>
	<ExtendedData><SchemaData schemaUrl="#interpolated_points_sde_hala_senai">
		<SimpleData name="fid">1</SimpleData>
		<SimpleData name="tessellate">1</SimpleData>
		<SimpleData name="extrude">0</SimpleData>
		<SimpleData name="visibility">-1</SimpleData>
		<SimpleData name="distance">65400</SimpleData>
		<SimpleData name="angle">91.5076421321673</SimpleData>
		<SimpleData name="KM">KM 66.4</SimpleData>
		<SimpleData name="Latitude">1.577653</SimpleData>
		<SimpleData name="Longitude">104.174134</SimpleData>
	</SchemaData></ExtendedData>
      <Point><coordinates>104.174134,1.577653,0</coordinates></Point>
  </Placemark>
  <Placemark id="interpolated_points_sde_hala_senai.656">
	<name>SDE HALA SENAI</name>
	<ExtendedData><SchemaData schemaUrl="#interpolated_points_sde_hala_senai">
		<SimpleData name="fid">1</SimpleData>
		<SimpleData name="tessellate">1</SimpleData>
		<SimpleData name="extrude">0</SimpleData>
		<SimpleData name="visibility">-1</SimpleData>
		<SimpleData name="distance">65500</SimpleData>
		<SimpleData name="angle">90.4367424250099</SimpleData>
		<SimpleData name="KM">KM 66.5</SimpleData>
		<SimpleData name="Latitude">1.577633</SimpleData>
		<SimpleData name="Longitude">104.175033</SimpleData>
	</SchemaData></ExtendedData>
      <Point><coordinates>104.175033,1.577633,0</coordinates></Point>
  </Placemark>
  <Placemark id="interpolated_points_sde_hala_senai.657">
	<name>SDE HALA SENAI</name>
	<ExtendedData><SchemaData schemaUrl="#interpolated_points_sde_hala_senai">
		<SimpleData name="fid">1</SimpleData>
		<SimpleData name="tessellate">1</SimpleData>
		<SimpleData name="extrude">0</SimpleData>
		<SimpleData name="visibility">-1</SimpleData>
		<SimpleData name="distance">65600</SimpleData>
		<SimpleData name="angle">90.4367424250099</SimpleData>
		<SimpleData name="KM">KM 66.6</SimpleData>
		<SimpleData name="Latitude">1.577626</SimpleData>
		<SimpleData name="Longitude">104.175932</SimpleData>
	</SchemaData></ExtendedData>
      <Point><coordinates>104.175932,1.577626,0</coordinates></Point>
  </Placemark>
  <Placemark id="interpolated_points_sde_hala_senai.658">
	<name>SDE HALA SENAI</name>
	<ExtendedData><SchemaData schemaUrl="#interpolated_points_sde_hala_senai">
		<SimpleData name="fid">1</SimpleData>
		<SimpleData name="tessellate">1</SimpleData>
		<SimpleData name="extrude">0</SimpleData>
		<SimpleData name="visibility">-1</SimpleData>
		<SimpleData name="distance">65700</SimpleData>
		<SimpleData name="angle">90.4367424250099</SimpleData>
		<SimpleData name="KM">KM 66.7</SimpleData>
		<SimpleData name="Latitude">1.577620</SimpleData>
		<SimpleData name="Longitude">104.176831</SimpleData>
	</SchemaData></ExtendedData>
      <Point><coordinates>104.176831,1.577620,0</coordinates></Point>
  </Placemark>
  <Placemark id="interpolated_points_sde_hala_senai.659">
	<name>SDE HALA SENAI</name>
	<ExtendedData><SchemaData schemaUrl="#interpolated_points_sde_hala_senai">
		<SimpleData name="fid">1</SimpleData>
		<SimpleData name="tessellate">1</SimpleData>
		<SimpleData name="extrude">0</SimpleData>
		<SimpleData name="visibility">-1</SimpleData>
		<SimpleData name="distance">65800</SimpleData>
		<SimpleData name="angle">88.4117136783435</SimpleData>
		<SimpleData name="KM">KM 66.8</SimpleData>
		<SimpleData name="Latitude">1.577618</SimpleData>
		<SimpleData name="Longitude">104.177730</SimpleData>
	</SchemaData></ExtendedData>
      <Point><coordinates>104.177730,1.577618,0</coordinates></Point>
  </Placemark>
  <Placemark id="interpolated_points_sde_hala_senai.660">
	<name>SDE HALA SENAI</name>
	<ExtendedData><SchemaData schemaUrl="#interpolated_points_sde_hala_senai">
		<SimpleData name="fid">1</SimpleData>
		<SimpleData name="tessellate">1</SimpleData>
		<SimpleData name="extrude">0</SimpleData>
		<SimpleData name="visibility">-1</SimpleData>
		<SimpleData name="distance">65900</SimpleData>
		<SimpleData name="angle">88.4117136783435</SimpleData>
		<SimpleData name="KM">KM 66.9</SimpleData>
		<SimpleData name="Latitude">1.577643</SimpleData>
		<SimpleData name="Longitude">104.178629</SimpleData>
	</SchemaData></ExtendedData>
      <Point><coordinates>104.178629,1.577643,0</coordinates></Point>
  </Placemark>
  <Placemark id="interpolated_points_sde_hala_senai.661">
	<name>SDE HALA SENAI</name>
	<ExtendedData><SchemaData schemaUrl="#interpolated_points_sde_hala_senai">
		<SimpleData name="fid">1</SimpleData>
		<SimpleData name="tessellate">1</SimpleData>
		<SimpleData name="extrude">0</SimpleData>
		<SimpleData name="visibility">-1</SimpleData>
		<SimpleData name="distance">66000</SimpleData>
		<SimpleData name="angle">89.671153971102</SimpleData>
		<SimpleData name="KM">KM 67.0</SimpleData>
		<SimpleData name="Latitude">1.577649</SimpleData>
		<SimpleData name="Longitude">104.179528</SimpleData>
	</SchemaData></ExtendedData>
      <Point><coordinates>104.179528,1.577649,0</coordinates></Point>
  </Placemark>
  <Placemark id="interpolated_points_sde_hala_senai.662">
	<name>SDE HALA SENAI</name>
	<ExtendedData><SchemaData schemaUrl="#interpolated_points_sde_hala_senai">
		<SimpleData name="fid">1</SimpleData>
		<SimpleData name="tessellate">1</SimpleData>
		<SimpleData name="extrude">0</SimpleData>
		<SimpleData name="visibility">-1</SimpleData>
		<SimpleData name="distance">66100</SimpleData>
		<SimpleData name="angle">87.8615329919367</SimpleData>
		<SimpleData name="KM">KM 67.1</SimpleData>
		<SimpleData name="Latitude">1.577659</SimpleData>
		<SimpleData name="Longitude">104.180427</SimpleData>
	</SchemaData></ExtendedData>
      <Point><coordinates>104.180427,1.577659,0</coordinates></Point>
  </Placemark>
  <Placemark id="interpolated_points_sde_hala_senai.663">
	<name>SDE HALA SENAI</name>
	<ExtendedData><SchemaData schemaUrl="#interpolated_points_sde_hala_senai">
		<SimpleData name="fid">1</SimpleData>
		<SimpleData name="tessellate">1</SimpleData>
		<SimpleData name="extrude">0</SimpleData>
		<SimpleData name="visibility">-1</SimpleData>
		<SimpleData name="distance">66200</SimpleData>
		<SimpleData name="angle">90.0225457614154</SimpleData>
		<SimpleData name="KM">KM 67.2</SimpleData>
		<SimpleData name="Latitude">1.577683</SimpleData>
		<SimpleData name="Longitude">104.181325</SimpleData>
	</SchemaData></ExtendedData>
      <Point><coordinates>104.181325,1.577683,0</coordinates></Point>
  </Placemark>
  <Placemark id="interpolated_points_sde_hala_senai.664">
	<name>SDE HALA SENAI</name>
	<ExtendedData><SchemaData schemaUrl="#interpolated_points_sde_hala_senai">
		<SimpleData name="fid">1</SimpleData>
		<SimpleData name="tessellate">1</SimpleData>
		<SimpleData name="extrude">0</SimpleData>
		<SimpleData name="visibility">-1</SimpleData>
		<SimpleData name="distance">66300</SimpleData>
		<SimpleData name="angle">90.0225270417919</SimpleData>
		<SimpleData name="KM">KM 67.3</SimpleData>
		<SimpleData name="Latitude">1.577693</SimpleData>
		<SimpleData name="Longitude">104.182224</SimpleData>
	</SchemaData></ExtendedData>
      <Point><coordinates>104.182224,1.577693,0</coordinates></Point>
  </Placemark>
  <Placemark id="interpolated_points_sde_hala_senai.665">
	<name>SDE HALA SENAI</name>
	<ExtendedData><SchemaData schemaUrl="#interpolated_points_sde_hala_senai">
		<SimpleData name="fid">1</SimpleData>
		<SimpleData name="tessellate">1</SimpleData>
		<SimpleData name="extrude">0</SimpleData>
		<SimpleData name="visibility">-1</SimpleData>
		<SimpleData name="distance">66400</SimpleData>
		<SimpleData name="angle">91.6965480342897</SimpleData>
		<SimpleData name="KM">KM 67.4</SimpleData>
		<SimpleData name="Latitude">1.577679</SimpleData>
		<SimpleData name="Longitude">104.183123</SimpleData>
	</SchemaData></ExtendedData>
      <Point><coordinates>104.183123,1.577679,0</coordinates></Point>
  </Placemark>
  <Placemark id="interpolated_points_sde_hala_senai.666">
	<name>SDE HALA SENAI</name>
	<ExtendedData><SchemaData schemaUrl="#interpolated_points_sde_hala_senai">
		<SimpleData name="fid">1</SimpleData>
		<SimpleData name="tessellate">1</SimpleData>
		<SimpleData name="extrude">0</SimpleData>
		<SimpleData name="visibility">-1</SimpleData>
		<SimpleData name="distance">66500</SimpleData>
		<SimpleData name="angle">88.1253627988667</SimpleData>
		<SimpleData name="KM">KM 67.5</SimpleData>
		<SimpleData name="Latitude">1.577681</SimpleData>
		<SimpleData name="Longitude">104.184022</SimpleData>
	</SchemaData></ExtendedData>
      <Point><coordinates>104.184022,1.577681,0</coordinates></Point>
  </Placemark>
  <Placemark id="interpolated_points_sde_hala_senai.667">
	<name>SDE HALA SENAI</name>
	<ExtendedData><SchemaData schemaUrl="#interpolated_points_sde_hala_senai">
		<SimpleData name="fid">1</SimpleData>
		<SimpleData name="tessellate">1</SimpleData>
		<SimpleData name="extrude">0</SimpleData>
		<SimpleData name="visibility">-1</SimpleData>
		<SimpleData name="distance">66600</SimpleData>
		<SimpleData name="angle">90.1888944259882</SimpleData>
		<SimpleData name="KM">KM 67.6</SimpleData>
		<SimpleData name="Latitude">1.577680</SimpleData>
		<SimpleData name="Longitude">104.184921</SimpleData>
	</SchemaData></ExtendedData>
      <Point><coordinates>104.184921,1.577680,0</coordinates></Point>
  </Placemark>
  <Placemark id="interpolated_points_sde_hala_senai.668">
	<name>SDE HALA SENAI</name>
	<ExtendedData><SchemaData schemaUrl="#interpolated_points_sde_hala_senai">
		<SimpleData name="fid">1</SimpleData>
		<SimpleData name="tessellate">1</SimpleData>
		<SimpleData name="extrude">0</SimpleData>
		<SimpleData name="visibility">-1</SimpleData>
		<SimpleData name="distance">66700</SimpleData>
		<SimpleData name="angle">90.1888944259882</SimpleData>
		<SimpleData name="KM">KM 67.7</SimpleData>
		<SimpleData name="Latitude">1.577677</SimpleData>
		<SimpleData name="Longitude">104.185820</SimpleData>
	</SchemaData></ExtendedData>
      <Point><coordinates>104.185820,1.577677,0</coordinates></Point>
  </Placemark>
  <Placemark id="interpolated_points_sde_hala_senai.669">
	<name>SDE HALA SENAI</name>
	<ExtendedData><SchemaData schemaUrl="#interpolated_points_sde_hala_senai">
		<SimpleData name="fid">1</SimpleData>
		<SimpleData name="tessellate">1</SimpleData>
		<SimpleData name="extrude">0</SimpleData>
		<SimpleData name="visibility">-1</SimpleData>
		<SimpleData name="distance">66800</SimpleData>
		<SimpleData name="angle">90.1888944259882</SimpleData>
		<SimpleData name="KM">KM 67.8</SimpleData>
		<SimpleData name="Latitude">1.577674</SimpleData>
		<SimpleData name="Longitude">104.186719</SimpleData>
	</SchemaData></ExtendedData>
      <Point><coordinates>104.186719,1.577674,0</coordinates></Point>
  </Placemark>
  <Placemark id="interpolated_points_sde_hala_senai.670">
	<name>SDE HALA SENAI</name>
	<ExtendedData><SchemaData schemaUrl="#interpolated_points_sde_hala_senai">
		<SimpleData name="fid">1</SimpleData>
		<SimpleData name="tessellate">1</SimpleData>
		<SimpleData name="extrude">0</SimpleData>
		<SimpleData name="visibility">-1</SimpleData>
		<SimpleData name="distance">66900</SimpleData>
		<SimpleData name="angle">92.6085260761417</SimpleData>
		<SimpleData name="KM">KM 67.9</SimpleData>
		<SimpleData name="Latitude">1.577666</SimpleData>
		<SimpleData name="Longitude">104.187617</SimpleData>
	</SchemaData></ExtendedData>
      <Point><coordinates>104.187617,1.577666,0</coordinates></Point>
  </Placemark>
  <Placemark id="interpolated_points_sde_hala_senai.671">
	<name>SDE HALA SENAI</name>
	<ExtendedData><SchemaData schemaUrl="#interpolated_points_sde_hala_senai">
		<SimpleData name="fid">1</SimpleData>
		<SimpleData name="tessellate">1</SimpleData>
		<SimpleData name="extrude">0</SimpleData>
		<SimpleData name="visibility">-1</SimpleData>
		<SimpleData name="distance">67000</SimpleData>
		<SimpleData name="angle">88.1864001294401</SimpleData>
		<SimpleData name="KM">KM 68.0</SimpleData>
		<SimpleData name="Latitude">1.577687</SimpleData>
		<SimpleData name="Longitude">104.188516</SimpleData>
	</SchemaData></ExtendedData>
      <Point><coordinates>104.188516,1.577687,0</coordinates></Point>
  </Placemark>
  <Placemark id="interpolated_points_sde_hala_senai.672">
	<name>SDE HALA SENAI</name>
	<ExtendedData><SchemaData schemaUrl="#interpolated_points_sde_hala_senai">
		<SimpleData name="fid">1</SimpleData>
		<SimpleData name="tessellate">1</SimpleData>
		<SimpleData name="extrude">0</SimpleData>
		<SimpleData name="visibility">-1</SimpleData>
		<SimpleData name="distance">67100</SimpleData>
		<SimpleData name="angle">89.5357176515457</SimpleData>
		<SimpleData name="KM">KM 68.1</SimpleData>
		<SimpleData name="Latitude">1.577666</SimpleData>
		<SimpleData name="Longitude">104.189411</SimpleData>
	</SchemaData></ExtendedData>
      <Point><coordinates>104.189411,1.577666,0</coordinates></Point>
  </Placemark>
  <Placemark id="interpolated_points_sde_hala_senai.673">
	<name>SDE HALA SENAI</name>
	<ExtendedData><SchemaData schemaUrl="#interpolated_points_sde_hala_senai">
		<SimpleData name="fid">1</SimpleData>
		<SimpleData name="tessellate">1</SimpleData>
		<SimpleData name="extrude">0</SimpleData>
		<SimpleData name="visibility">-1</SimpleData>
		<SimpleData name="distance">67200</SimpleData>
		<SimpleData name="angle">87.3131712356396</SimpleData>
		<SimpleData name="KM">KM 68.2</SimpleData>
		<SimpleData name="Latitude">1.577688</SimpleData>
		<SimpleData name="Longitude">104.190310</SimpleData>
	</SchemaData></ExtendedData>
      <Point><coordinates>104.190310,1.577688,0</coordinates></Point>
  </Placemark>
  <Placemark id="interpolated_points_sde_hala_senai.674">
	<name>SDE HALA SENAI</name>
	<ExtendedData><SchemaData schemaUrl="#interpolated_points_sde_hala_senai">
		<SimpleData name="fid">1</SimpleData>
		<SimpleData name="tessellate">1</SimpleData>
		<SimpleData name="extrude">0</SimpleData>
		<SimpleData name="visibility">-1</SimpleData>
		<SimpleData name="distance">67300</SimpleData>
		<SimpleData name="angle">83.8907481612449</SimpleData>
		<SimpleData name="KM">KM 68.3</SimpleData>
		<SimpleData name="Latitude">1.577752</SimpleData>
		<SimpleData name="Longitude">104.191206</SimpleData>
	</SchemaData></ExtendedData>
      <Point><coordinates>104.191206,1.577752,0</coordinates></Point>
  </Placemark>
  <Placemark id="interpolated_points_sde_hala_senai.675">
	<name>SDE HALA SENAI</name>
	<ExtendedData><SchemaData schemaUrl="#interpolated_points_sde_hala_senai">
		<SimpleData name="fid">1</SimpleData>
		<SimpleData name="tessellate">1</SimpleData>
		<SimpleData name="extrude">0</SimpleData>
		<SimpleData name="visibility">-1</SimpleData>
		<SimpleData name="distance">67400</SimpleData>
		<SimpleData name="angle">76.5687212445619</SimpleData>
		<SimpleData name="KM">KM 68.4</SimpleData>
		<SimpleData name="Latitude">1.577884</SimpleData>
		<SimpleData name="Longitude">104.192094</SimpleData>
	</SchemaData></ExtendedData>
      <Point><coordinates>104.192094,1.577884,0</coordinates></Point>
  </Placemark>
  <Placemark id="interpolated_points_sde_hala_senai.676">
	<name>SDE HALA SENAI</name>
	<ExtendedData><SchemaData schemaUrl="#interpolated_points_sde_hala_senai">
		<SimpleData name="fid">1</SimpleData>
		<SimpleData name="tessellate">1</SimpleData>
		<SimpleData name="extrude">0</SimpleData>
		<SimpleData name="visibility">-1</SimpleData>
		<SimpleData name="distance">67500</SimpleData>
		<SimpleData name="angle">73.6164322020581</SimpleData>
		<SimpleData name="KM">KM 68.5</SimpleData>
		<SimpleData name="Latitude">1.578108</SimpleData>
		<SimpleData name="Longitude">104.192965</SimpleData>
	</SchemaData></ExtendedData>
      <Point><coordinates>104.192965,1.578108,0</coordinates></Point>
  </Placemark>
  <Placemark id="interpolated_points_sde_hala_senai.677">
	<name>SDE HALA SENAI</name>
	<ExtendedData><SchemaData schemaUrl="#interpolated_points_sde_hala_senai">
		<SimpleData name="fid">1</SimpleData>
		<SimpleData name="tessellate">1</SimpleData>
		<SimpleData name="extrude">0</SimpleData>
		<SimpleData name="visibility">-1</SimpleData>
		<SimpleData name="distance">67600</SimpleData>
		<SimpleData name="angle">72.9785786338547</SimpleData>
		<SimpleData name="KM">KM 68.6</SimpleData>
		<SimpleData name="Latitude">1.578390</SimpleData>
		<SimpleData name="Longitude">104.193819</SimpleData>
	</SchemaData></ExtendedData>
      <Point><coordinates>104.193819,1.578390,0</coordinates></Point>
  </Placemark>
  <Placemark id="interpolated_points_sde_hala_senai.678">
	<name>SDE HALA SENAI</name>
	<ExtendedData><SchemaData schemaUrl="#interpolated_points_sde_hala_senai">
		<SimpleData name="fid">1</SimpleData>
		<SimpleData name="tessellate">1</SimpleData>
		<SimpleData name="extrude">0</SimpleData>
		<SimpleData name="visibility">-1</SimpleData>
		<SimpleData name="distance">67700</SimpleData>
		<SimpleData name="angle">72.9785786338547</SimpleData>
		<SimpleData name="KM">KM 68.7</SimpleData>
		<SimpleData name="Latitude">1.578655</SimpleData>
		<SimpleData name="Longitude">104.194678</SimpleData>
	</SchemaData></ExtendedData>
      <Point><coordinates>104.194678,1.578655,0</coordinates></Point>
  </Placemark>
  <Placemark id="interpolated_points_sde_hala_senai.679">
	<name>SDE HALA SENAI</name>
	<ExtendedData><SchemaData schemaUrl="#interpolated_points_sde_hala_senai">
		<SimpleData name="fid">1</SimpleData>
		<SimpleData name="tessellate">1</SimpleData>
		<SimpleData name="extrude">0</SimpleData>
		<SimpleData name="visibility">-1</SimpleData>
		<SimpleData name="distance">67800</SimpleData>
		<SimpleData name="angle">71.2989747595051</SimpleData>
		<SimpleData name="KM">KM 68.8</SimpleData>
		<SimpleData name="Latitude">1.578922</SimpleData>
		<SimpleData name="Longitude">104.195537</SimpleData>
	</SchemaData></ExtendedData>
      <Point><coordinates>104.195537,1.578922,0</coordinates></Point>
  </Placemark>
  <Placemark id="interpolated_points_sde_hala_senai.680">
	<name>SDE HALA SENAI</name>
	<ExtendedData><SchemaData schemaUrl="#interpolated_points_sde_hala_senai">
		<SimpleData name="fid">1</SimpleData>
		<SimpleData name="tessellate">1</SimpleData>
		<SimpleData name="extrude">0</SimpleData>
		<SimpleData name="visibility">-1</SimpleData>
		<SimpleData name="distance">67900</SimpleData>
		<SimpleData name="angle">71.2989747595051</SimpleData>
		<SimpleData name="KM">KM 68.9</SimpleData>
		<SimpleData name="Latitude">1.579212</SimpleData>
		<SimpleData name="Longitude">104.196388</SimpleData>
	</SchemaData></ExtendedData>
      <Point><coordinates>104.196388,1.579212,0</coordinates></Point>
  </Placemark>
  <Placemark id="interpolated_points_sde_hala_senai.681">
	<name>SDE HALA SENAI</name>
	<ExtendedData><SchemaData schemaUrl="#interpolated_points_sde_hala_senai">
		<SimpleData name="fid">1</SimpleData>
		<SimpleData name="tessellate">1</SimpleData>
		<SimpleData name="extrude">0</SimpleData>
		<SimpleData name="visibility">-1</SimpleData>
		<SimpleData name="distance">68000</SimpleData>
		<SimpleData name="angle">70.1552511899985</SimpleData>
		<SimpleData name="KM">KM 69.0</SimpleData>
		<SimpleData name="Latitude">1.579512</SimpleData>
		<SimpleData name="Longitude">104.197236</SimpleData>
	</SchemaData></ExtendedData>
      <Point><coordinates>104.197236,1.579512,0</coordinates></Point>
  </Placemark>
  <Placemark id="interpolated_points_sde_hala_senai.682">
	<name>SDE HALA SENAI</name>
	<ExtendedData><SchemaData schemaUrl="#interpolated_points_sde_hala_senai">
		<SimpleData name="fid">1</SimpleData>
		<SimpleData name="tessellate">1</SimpleData>
		<SimpleData name="extrude">0</SimpleData>
		<SimpleData name="visibility">-1</SimpleData>
		<SimpleData name="distance">68100</SimpleData>
		<SimpleData name="angle">70.1552511899985</SimpleData>
		<SimpleData name="KM">KM 69.1</SimpleData>
		<SimpleData name="Latitude">1.579820</SimpleData>
		<SimpleData name="Longitude">104.198082</SimpleData>
	</SchemaData></ExtendedData>
      <Point><coordinates>104.198082,1.579820,0</coordinates></Point>
  </Placemark>
  <Placemark id="interpolated_points_sde_hala_senai.683">
	<name>SDE HALA SENAI</name>
	<ExtendedData><SchemaData schemaUrl="#interpolated_points_sde_hala_senai">
		<SimpleData name="fid">1</SimpleData>
		<SimpleData name="tessellate">1</SimpleData>
		<SimpleData name="extrude">0</SimpleData>
		<SimpleData name="visibility">-1</SimpleData>
		<SimpleData name="distance">68200</SimpleData>
		<SimpleData name="angle">70.1551985590034</SimpleData>
		<SimpleData name="KM">KM 69.2</SimpleData>
		<SimpleData name="Latitude">1.580081</SimpleData>
		<SimpleData name="Longitude">104.198938</SimpleData>
	</SchemaData></ExtendedData>
      <Point><coordinates>104.198938,1.580081,0</coordinates></Point>
  </Placemark>
  <Placemark id="interpolated_points_sde_hala_senai.684">
	<name>SDE HALA SENAI</name>
	<ExtendedData><SchemaData schemaUrl="#interpolated_points_sde_hala_senai">
		<SimpleData name="fid">1</SimpleData>
		<SimpleData name="tessellate">1</SimpleData>
		<SimpleData name="extrude">0</SimpleData>
		<SimpleData name="visibility">-1</SimpleData>
		<SimpleData name="distance">68300</SimpleData>
		<SimpleData name="angle">70.1551985590034</SimpleData>
		<SimpleData name="KM">KM 69.3</SimpleData>
		<SimpleData name="Latitude">1.580388</SimpleData>
		<SimpleData name="Longitude">104.199783</SimpleData>
	</SchemaData></ExtendedData>
      <Point><coordinates>104.199783,1.580388,0</coordinates></Point>
  </Placemark>
</Folder>
</Document></kml>
