<?xml version="1.0" encoding="utf-8" ?>
<kml xmlns="http://www.opengis.net/kml/2.2">
<Document id="root_doc">
<Schema name="sde_hala_penawar__interpolated_points_sde_hala_penawar" id="sde_hala_penawar__interpolated_points_sde_hala_penawar">
	<SimpleField name="id" type="string"></SimpleField>
	<SimpleField name="timestamp" type="string"></SimpleField>
	<SimpleField name="begin" type="string"></SimpleField>
	<SimpleField name="end" type="string"></SimpleField>
	<SimpleField name="altitudeMode" type="string"></SimpleField>
	<SimpleField name="tessellate" type="int"></SimpleField>
	<SimpleField name="extrude" type="int"></SimpleField>
	<SimpleField name="visibility" type="int"></SimpleField>
	<SimpleField name="drawOrder" type="int"></SimpleField>
	<SimpleField name="icon" type="string"></SimpleField>
	<SimpleField name="fid" type="float"></SimpleField>
	<SimpleField name="id2" type="string"></SimpleField>
	<SimpleField name="timestamp2" type="string"></SimpleField>
	<SimpleField name="begin2" type="string"></SimpleField>
	<SimpleField name="end2" type="string"></SimpleField>
	<SimpleField name="altitudeMode2" type="string"></SimpleField>
	<SimpleField name="tessellate2" type="int"></SimpleField>
	<SimpleField name="extrude2" type="int"></SimpleField>
	<SimpleField name="visibility2" type="int"></SimpleField>
	<SimpleField name="drawOrder2" type="int"></SimpleField>
	<SimpleField name="icon2" type="string"></SimpleField>
	<SimpleField name="distance" type="float"></SimpleField>
	<SimpleField name="angle" type="float"></SimpleField>
	<SimpleField name="KM" type="string"></SimpleField>
	<SimpleField name="Latitude" type="float"></SimpleField>
	<SimpleField name="Longitude" type="float"></SimpleField>
</Schema>
<Folder><name>sde_hala_penawar__interpolated_points_sde_hala_penawar</name>
  <Placemark id="sde_hala_penawar__interpolated_points_sde_hala_penawar.1">
	<name>SDE HALA PENAWAR</name>
	<ExtendedData><SchemaData schemaUrl="#sde_hala_penawar__interpolated_points_sde_hala_penawar">
		<SimpleData name="id">interpolated_points_sde_hala_penawar.1</SimpleData>
		<SimpleData name="tessellate">-1</SimpleData>
		<SimpleData name="extrude">0</SimpleData>
		<SimpleData name="visibility">-1</SimpleData>
		<SimpleData name="fid">1</SimpleData>
		<SimpleData name="tessellate2">1</SimpleData>
		<SimpleData name="extrude2">0</SimpleData>
		<SimpleData name="visibility2">-1</SimpleData>
		<SimpleData name="distance">0</SimpleData>
		<SimpleData name="angle">173.201694571201</SimpleData>
		<SimpleData name="KM">KM 1.0</SimpleData>
		<SimpleData name="Latitude">1.612</SimpleData>
		<SimpleData name="Longitude">103.652</SimpleData>
	</SchemaData></ExtendedData>
      <Point><coordinates>103.651795,1.612284,0</coordinates></Point>
  </Placemark>
  <Placemark id="sde_hala_penawar__interpolated_points_sde_hala_penawar.2">
	<name>SDE HALA PENAWAR</name>
	<ExtendedData><SchemaData schemaUrl="#sde_hala_penawar__interpolated_points_sde_hala_penawar">
		<SimpleData name="id">interpolated_points_sde_hala_penawar.2</SimpleData>
		<SimpleData name="tessellate">-1</SimpleData>
		<SimpleData name="extrude">0</SimpleData>
		<SimpleData name="visibility">-1</SimpleData>
		<SimpleData name="fid">1</SimpleData>
		<SimpleData name="tessellate2">1</SimpleData>
		<SimpleData name="extrude2">0</SimpleData>
		<SimpleData name="visibility2">-1</SimpleData>
		<SimpleData name="distance">100</SimpleData>
		<SimpleData name="angle">172.041747300737</SimpleData>
		<SimpleData name="KM">KM 1.1</SimpleData>
		<SimpleData name="Latitude">1.611</SimpleData>
		<SimpleData name="Longitude">103.652</SimpleData>
	</SchemaData></ExtendedData>
      <Point><coordinates>103.651902486348,1.61138602405484,0</coordinates></Point>
  </Placemark>
  <Placemark id="sde_hala_penawar__interpolated_points_sde_hala_penawar.3">
	<name>SDE HALA PENAWAR</name>
	<ExtendedData><SchemaData schemaUrl="#sde_hala_penawar__interpolated_points_sde_hala_penawar">
		<SimpleData name="id">interpolated_points_sde_hala_penawar.3</SimpleData>
		<SimpleData name="tessellate">-1</SimpleData>
		<SimpleData name="extrude">0</SimpleData>
		<SimpleData name="visibility">-1</SimpleData>
		<SimpleData name="fid">1</SimpleData>
		<SimpleData name="tessellate2">1</SimpleData>
		<SimpleData name="extrude2">0</SimpleData>
		<SimpleData name="visibility2">-1</SimpleData>
		<SimpleData name="distance">200</SimpleData>
		<SimpleData name="angle">168.432157250377</SimpleData>
		<SimpleData name="KM">KM 1.2</SimpleData>
		<SimpleData name="Latitude">1.610</SimpleData>
		<SimpleData name="Longitude">103.652</SimpleData>
	</SchemaData></ExtendedData>
      <Point><coordinates>103.652050378148,1.61049414708057,0</coordinates></Point>
  </Placemark>
  <Placemark id="sde_hala_penawar__interpolated_points_sde_hala_penawar.4">
	<name>SDE HALA PENAWAR</name>
	<ExtendedData><SchemaData schemaUrl="#sde_hala_penawar__interpolated_points_sde_hala_penawar">
		<SimpleData name="id">interpolated_points_sde_hala_penawar.4</SimpleData>
		<SimpleData name="tessellate">-1</SimpleData>
		<SimpleData name="extrude">0</SimpleData>
		<SimpleData name="visibility">-1</SimpleData>
		<SimpleData name="fid">1</SimpleData>
		<SimpleData name="tessellate2">1</SimpleData>
		<SimpleData name="extrude2">0</SimpleData>
		<SimpleData name="visibility2">-1</SimpleData>
		<SimpleData name="distance">300</SimpleData>
		<SimpleData name="angle">164.479289692933</SimpleData>
		<SimpleData name="KM">KM 1.3</SimpleData>
		<SimpleData name="Latitude">1.610</SimpleData>
		<SimpleData name="Longitude">103.652</SimpleData>
	</SchemaData></ExtendedData>
      <Point><coordinates>103.652274691086,1.60961856101756,0</coordinates></Point>
  </Placemark>
  <Placemark id="sde_hala_penawar__interpolated_points_sde_hala_penawar.5">
	<name>SDE HALA PENAWAR</name>
	<ExtendedData><SchemaData schemaUrl="#sde_hala_penawar__interpolated_points_sde_hala_penawar">
		<SimpleData name="id">interpolated_points_sde_hala_penawar.5</SimpleData>
		<SimpleData name="tessellate">-1</SimpleData>
		<SimpleData name="extrude">0</SimpleData>
		<SimpleData name="visibility">-1</SimpleData>
		<SimpleData name="fid">1</SimpleData>
		<SimpleData name="tessellate2">1</SimpleData>
		<SimpleData name="extrude2">0</SimpleData>
		<SimpleData name="visibility2">-1</SimpleData>
		<SimpleData name="distance">400</SimpleData>
		<SimpleData name="angle">159.837511097718</SimpleData>
		<SimpleData name="KM">KM 1.4</SimpleData>
		<SimpleData name="Latitude">1.609</SimpleData>
		<SimpleData name="Longitude">103.653</SimpleData>
	</SchemaData></ExtendedData>
      <Point><coordinates>103.652566045213,1.60876377729268,0</coordinates></Point>
  </Placemark>
  <Placemark id="sde_hala_penawar__interpolated_points_sde_hala_penawar.6">
	<name>SDE HALA PENAWAR</name>
	<ExtendedData><SchemaData schemaUrl="#sde_hala_penawar__interpolated_points_sde_hala_penawar">
		<SimpleData name="id">interpolated_points_sde_hala_penawar.6</SimpleData>
		<SimpleData name="tessellate">-1</SimpleData>
		<SimpleData name="extrude">0</SimpleData>
		<SimpleData name="visibility">-1</SimpleData>
		<SimpleData name="fid">1</SimpleData>
		<SimpleData name="tessellate2">1</SimpleData>
		<SimpleData name="extrude2">0</SimpleData>
		<SimpleData name="visibility2">-1</SimpleData>
		<SimpleData name="distance">500</SimpleData>
		<SimpleData name="angle">159.837511097718</SimpleData>
		<SimpleData name="KM">KM 1.5</SimpleData>
		<SimpleData name="Latitude">1.608</SimpleData>
		<SimpleData name="Longitude">103.653</SimpleData>
	</SchemaData></ExtendedData>
      <Point><coordinates>103.652876395705,1.60791493774646,0</coordinates></Point>
  </Placemark>
  <Placemark id="sde_hala_penawar__interpolated_points_sde_hala_penawar.7">
	<name>SDE HALA PENAWAR</name>
	<ExtendedData><SchemaData schemaUrl="#sde_hala_penawar__interpolated_points_sde_hala_penawar">
		<SimpleData name="id">interpolated_points_sde_hala_penawar.7</SimpleData>
		<SimpleData name="tessellate">-1</SimpleData>
		<SimpleData name="extrude">0</SimpleData>
		<SimpleData name="visibility">-1</SimpleData>
		<SimpleData name="fid">1</SimpleData>
		<SimpleData name="tessellate2">1</SimpleData>
		<SimpleData name="extrude2">0</SimpleData>
		<SimpleData name="visibility2">-1</SimpleData>
		<SimpleData name="distance">600</SimpleData>
		<SimpleData name="angle">157.806559477048</SimpleData>
		<SimpleData name="KM">KM 1.6</SimpleData>
		<SimpleData name="Latitude">1.607</SimpleData>
		<SimpleData name="Longitude">103.653</SimpleData>
	</SchemaData></ExtendedData>
      <Point><coordinates>103.653187413875,1.60706642040818,0</coordinates></Point>
  </Placemark>
  <Placemark id="sde_hala_penawar__interpolated_points_sde_hala_penawar.8">
	<name>SDE HALA PENAWAR</name>
	<ExtendedData><SchemaData schemaUrl="#sde_hala_penawar__interpolated_points_sde_hala_penawar">
		<SimpleData name="id">interpolated_points_sde_hala_penawar.8</SimpleData>
		<SimpleData name="tessellate">-1</SimpleData>
		<SimpleData name="extrude">0</SimpleData>
		<SimpleData name="visibility">-1</SimpleData>
		<SimpleData name="fid">1</SimpleData>
		<SimpleData name="tessellate2">1</SimpleData>
		<SimpleData name="extrude2">0</SimpleData>
		<SimpleData name="visibility2">-1</SimpleData>
		<SimpleData name="distance">700</SimpleData>
		<SimpleData name="angle">159.496752968457</SimpleData>
		<SimpleData name="KM">KM 1.7</SimpleData>
		<SimpleData name="Latitude">1.606</SimpleData>
		<SimpleData name="Longitude">103.654</SimpleData>
	</SchemaData></ExtendedData>
      <Point><coordinates>103.65350719551,1.60622124636799,0</coordinates></Point>
  </Placemark>
  <Placemark id="sde_hala_penawar__interpolated_points_sde_hala_penawar.9">
	<name>SDE HALA PENAWAR</name>
	<ExtendedData><SchemaData schemaUrl="#sde_hala_penawar__interpolated_points_sde_hala_penawar">
		<SimpleData name="id">interpolated_points_sde_hala_penawar.9</SimpleData>
		<SimpleData name="tessellate">-1</SimpleData>
		<SimpleData name="extrude">0</SimpleData>
		<SimpleData name="visibility">-1</SimpleData>
		<SimpleData name="fid">1</SimpleData>
		<SimpleData name="tessellate2">1</SimpleData>
		<SimpleData name="extrude2">0</SimpleData>
		<SimpleData name="visibility2">-1</SimpleData>
		<SimpleData name="distance">800</SimpleData>
		<SimpleData name="angle">160.287260210741</SimpleData>
		<SimpleData name="KM">KM 1.8</SimpleData>
		<SimpleData name="Latitude">1.605</SimpleData>
		<SimpleData name="Longitude">103.654</SimpleData>
	</SchemaData></ExtendedData>
      <Point><coordinates>103.653811755721,1.60537029140845,0</coordinates></Point>
  </Placemark>
  <Placemark id="sde_hala_penawar__interpolated_points_sde_hala_penawar.10">
	<name>SDE HALA PENAWAR</name>
	<ExtendedData><SchemaData schemaUrl="#sde_hala_penawar__interpolated_points_sde_hala_penawar">
		<SimpleData name="id">interpolated_points_sde_hala_penawar.10</SimpleData>
		<SimpleData name="tessellate">-1</SimpleData>
		<SimpleData name="extrude">0</SimpleData>
		<SimpleData name="visibility">-1</SimpleData>
		<SimpleData name="fid">1</SimpleData>
		<SimpleData name="tessellate2">1</SimpleData>
		<SimpleData name="extrude2">0</SimpleData>
		<SimpleData name="visibility2">-1</SimpleData>
		<SimpleData name="distance">900</SimpleData>
		<SimpleData name="angle">160.287260210741</SimpleData>
		<SimpleData name="KM">KM 1.9</SimpleData>
		<SimpleData name="Latitude">1.605</SimpleData>
		<SimpleData name="Longitude">103.654</SimpleData>
	</SchemaData></ExtendedData>
      <Point><coordinates>103.65411547359,1.60451902539563,0</coordinates></Point>
  </Placemark>
  <Placemark id="sde_hala_penawar__interpolated_points_sde_hala_penawar.11">
	<name>SDE HALA PENAWAR</name>
	<ExtendedData><SchemaData schemaUrl="#sde_hala_penawar__interpolated_points_sde_hala_penawar">
		<SimpleData name="id">interpolated_points_sde_hala_penawar.11</SimpleData>
		<SimpleData name="tessellate">-1</SimpleData>
		<SimpleData name="extrude">0</SimpleData>
		<SimpleData name="visibility">-1</SimpleData>
		<SimpleData name="fid">1</SimpleData>
		<SimpleData name="tessellate2">1</SimpleData>
		<SimpleData name="extrude2">0</SimpleData>
		<SimpleData name="visibility2">-1</SimpleData>
		<SimpleData name="distance">1000</SimpleData>
		<SimpleData name="angle">156.193499167383</SimpleData>
		<SimpleData name="KM">KM 2.0</SimpleData>
		<SimpleData name="Latitude">1.604</SimpleData>
		<SimpleData name="Longitude">103.654</SimpleData>
	</SchemaData></ExtendedData>
      <Point><coordinates>103.654450359373,1.60368025866524,0</coordinates></Point>
  </Placemark>
  <Placemark id="sde_hala_penawar__interpolated_points_sde_hala_penawar.12">
	<name>SDE HALA PENAWAR</name>
	<ExtendedData><SchemaData schemaUrl="#sde_hala_penawar__interpolated_points_sde_hala_penawar">
		<SimpleData name="id">interpolated_points_sde_hala_penawar.12</SimpleData>
		<SimpleData name="tessellate">-1</SimpleData>
		<SimpleData name="extrude">0</SimpleData>
		<SimpleData name="visibility">-1</SimpleData>
		<SimpleData name="fid">1</SimpleData>
		<SimpleData name="tessellate2">1</SimpleData>
		<SimpleData name="extrude2">0</SimpleData>
		<SimpleData name="visibility2">-1</SimpleData>
		<SimpleData name="distance">1100</SimpleData>
		<SimpleData name="angle">149.898998226244</SimpleData>
		<SimpleData name="KM">KM 2.1</SimpleData>
		<SimpleData name="Latitude">1.603</SimpleData>
		<SimpleData name="Longitude">103.655</SimpleData>
	</SchemaData></ExtendedData>
      <Point><coordinates>103.654852391849,1.60287185414514,0</coordinates></Point>
  </Placemark>
  <Placemark id="sde_hala_penawar__interpolated_points_sde_hala_penawar.13">
	<name>SDE HALA PENAWAR</name>
	<ExtendedData><SchemaData schemaUrl="#sde_hala_penawar__interpolated_points_sde_hala_penawar">
		<SimpleData name="id">interpolated_points_sde_hala_penawar.13</SimpleData>
		<SimpleData name="tessellate">-1</SimpleData>
		<SimpleData name="extrude">0</SimpleData>
		<SimpleData name="visibility">-1</SimpleData>
		<SimpleData name="fid">1</SimpleData>
		<SimpleData name="tessellate2">1</SimpleData>
		<SimpleData name="extrude2">0</SimpleData>
		<SimpleData name="visibility2">-1</SimpleData>
		<SimpleData name="distance">1200</SimpleData>
		<SimpleData name="angle">142.929548673772</SimpleData>
		<SimpleData name="KM">KM 2.2</SimpleData>
		<SimpleData name="Latitude">1.602</SimpleData>
		<SimpleData name="Longitude">103.655</SimpleData>
	</SchemaData></ExtendedData>
      <Point><coordinates>103.655360360978,1.60212658965619,0</coordinates></Point>
  </Placemark>
  <Placemark id="sde_hala_penawar__interpolated_points_sde_hala_penawar.14">
	<name>SDE HALA PENAWAR</name>
	<ExtendedData><SchemaData schemaUrl="#sde_hala_penawar__interpolated_points_sde_hala_penawar">
		<SimpleData name="id">interpolated_points_sde_hala_penawar.14</SimpleData>
		<SimpleData name="tessellate">-1</SimpleData>
		<SimpleData name="extrude">0</SimpleData>
		<SimpleData name="visibility">-1</SimpleData>
		<SimpleData name="fid">1</SimpleData>
		<SimpleData name="tessellate2">1</SimpleData>
		<SimpleData name="extrude2">0</SimpleData>
		<SimpleData name="visibility2">-1</SimpleData>
		<SimpleData name="distance">1300</SimpleData>
		<SimpleData name="angle">135.224552998474</SimpleData>
		<SimpleData name="KM">KM 2.3</SimpleData>
		<SimpleData name="Latitude">1.601</SimpleData>
		<SimpleData name="Longitude">103.656</SimpleData>
	</SchemaData></ExtendedData>
      <Point><coordinates>103.655933650748,1.60143156498773,0</coordinates></Point>
  </Placemark>
  <Placemark id="sde_hala_penawar__interpolated_points_sde_hala_penawar.15">
	<name>SDE HALA PENAWAR</name>
	<ExtendedData><SchemaData schemaUrl="#sde_hala_penawar__interpolated_points_sde_hala_penawar">
		<SimpleData name="id">interpolated_points_sde_hala_penawar.15</SimpleData>
		<SimpleData name="tessellate">-1</SimpleData>
		<SimpleData name="extrude">0</SimpleData>
		<SimpleData name="visibility">-1</SimpleData>
		<SimpleData name="fid">1</SimpleData>
		<SimpleData name="tessellate2">1</SimpleData>
		<SimpleData name="extrude2">0</SimpleData>
		<SimpleData name="visibility2">-1</SimpleData>
		<SimpleData name="distance">1400</SimpleData>
		<SimpleData name="angle">130.654555544232</SimpleData>
		<SimpleData name="KM">KM 2.4</SimpleData>
		<SimpleData name="Latitude">1.601</SimpleData>
		<SimpleData name="Longitude">103.657</SimpleData>
	</SchemaData></ExtendedData>
      <Point><coordinates>103.656593125918,1.60081771618188,0</coordinates></Point>
  </Placemark>
  <Placemark id="sde_hala_penawar__interpolated_points_sde_hala_penawar.16">
	<name>SDE HALA PENAWAR</name>
	<ExtendedData><SchemaData schemaUrl="#sde_hala_penawar__interpolated_points_sde_hala_penawar">
		<SimpleData name="id">interpolated_points_sde_hala_penawar.16</SimpleData>
		<SimpleData name="tessellate">-1</SimpleData>
		<SimpleData name="extrude">0</SimpleData>
		<SimpleData name="visibility">-1</SimpleData>
		<SimpleData name="fid">1</SimpleData>
		<SimpleData name="tessellate2">1</SimpleData>
		<SimpleData name="extrude2">0</SimpleData>
		<SimpleData name="visibility2">-1</SimpleData>
		<SimpleData name="distance">1500</SimpleData>
		<SimpleData name="angle">120.841703803028</SimpleData>
		<SimpleData name="KM">KM 2.5</SimpleData>
		<SimpleData name="Latitude">1.600</SimpleData>
		<SimpleData name="Longitude">103.657</SimpleData>
	</SchemaData></ExtendedData>
      <Point><coordinates>103.657318135244,1.6002851188712,0</coordinates></Point>
  </Placemark>
  <Placemark id="sde_hala_penawar__interpolated_points_sde_hala_penawar.17">
	<name>SDE HALA PENAWAR</name>
	<ExtendedData><SchemaData schemaUrl="#sde_hala_penawar__interpolated_points_sde_hala_penawar">
		<SimpleData name="id">interpolated_points_sde_hala_penawar.17</SimpleData>
		<SimpleData name="tessellate">-1</SimpleData>
		<SimpleData name="extrude">0</SimpleData>
		<SimpleData name="visibility">-1</SimpleData>
		<SimpleData name="fid">1</SimpleData>
		<SimpleData name="tessellate2">1</SimpleData>
		<SimpleData name="extrude2">0</SimpleData>
		<SimpleData name="visibility2">-1</SimpleData>
		<SimpleData name="distance">1600</SimpleData>
		<SimpleData name="angle">114.095551537891</SimpleData>
		<SimpleData name="KM">KM 2.6</SimpleData>
		<SimpleData name="Latitude">1.600</SimpleData>
		<SimpleData name="Longitude">103.658</SimpleData>
	</SchemaData></ExtendedData>
      <Point><coordinates>103.658106123344,1.59985130692718,0</coordinates></Point>
  </Placemark>
  <Placemark id="sde_hala_penawar__interpolated_points_sde_hala_penawar.18">
	<name>SDE HALA PENAWAR</name>
	<ExtendedData><SchemaData schemaUrl="#sde_hala_penawar__interpolated_points_sde_hala_penawar">
		<SimpleData name="id">interpolated_points_sde_hala_penawar.18</SimpleData>
		<SimpleData name="tessellate">-1</SimpleData>
		<SimpleData name="extrude">0</SimpleData>
		<SimpleData name="visibility">-1</SimpleData>
		<SimpleData name="fid">1</SimpleData>
		<SimpleData name="tessellate2">1</SimpleData>
		<SimpleData name="extrude2">0</SimpleData>
		<SimpleData name="visibility2">-1</SimpleData>
		<SimpleData name="distance">1700</SimpleData>
		<SimpleData name="angle">107.935399362903</SimpleData>
		<SimpleData name="KM">KM 2.7</SimpleData>
		<SimpleData name="Latitude">1.600</SimpleData>
		<SimpleData name="Longitude">103.659</SimpleData>
	</SchemaData></ExtendedData>
      <Point><coordinates>103.658935959405,1.59950656320799,0</coordinates></Point>
  </Placemark>
  <Placemark id="sde_hala_penawar__interpolated_points_sde_hala_penawar.19">
	<name>SDE HALA PENAWAR</name>
	<ExtendedData><SchemaData schemaUrl="#sde_hala_penawar__interpolated_points_sde_hala_penawar">
		<SimpleData name="id">interpolated_points_sde_hala_penawar.19</SimpleData>
		<SimpleData name="tessellate">-1</SimpleData>
		<SimpleData name="extrude">0</SimpleData>
		<SimpleData name="visibility">-1</SimpleData>
		<SimpleData name="fid">1</SimpleData>
		<SimpleData name="tessellate2">1</SimpleData>
		<SimpleData name="extrude2">0</SimpleData>
		<SimpleData name="visibility2">-1</SimpleData>
		<SimpleData name="distance">1800</SimpleData>
		<SimpleData name="angle">103.111083409778</SimpleData>
		<SimpleData name="KM">KM 2.8</SimpleData>
		<SimpleData name="Latitude">1.599</SimpleData>
		<SimpleData name="Longitude">103.660</SimpleData>
	</SchemaData></ExtendedData>
      <Point><coordinates>103.65980262313,1.59926873481611,0</coordinates></Point>
  </Placemark>
  <Placemark id="sde_hala_penawar__interpolated_points_sde_hala_penawar.20">
	<name>SDE HALA PENAWAR</name>
	<ExtendedData><SchemaData schemaUrl="#sde_hala_penawar__interpolated_points_sde_hala_penawar">
		<SimpleData name="id">interpolated_points_sde_hala_penawar.20</SimpleData>
		<SimpleData name="tessellate">-1</SimpleData>
		<SimpleData name="extrude">0</SimpleData>
		<SimpleData name="visibility">-1</SimpleData>
		<SimpleData name="fid">1</SimpleData>
		<SimpleData name="tessellate2">1</SimpleData>
		<SimpleData name="extrude2">0</SimpleData>
		<SimpleData name="visibility2">-1</SimpleData>
		<SimpleData name="distance">1900</SimpleData>
		<SimpleData name="angle">93.1972158989171</SimpleData>
		<SimpleData name="KM">KM 2.9</SimpleData>
		<SimpleData name="Latitude">1.599</SimpleData>
		<SimpleData name="Longitude">103.661</SimpleData>
	</SchemaData></ExtendedData>
      <Point><coordinates>103.660691066948,1.59914049628108,0</coordinates></Point>
  </Placemark>
  <Placemark id="sde_hala_penawar__interpolated_points_sde_hala_penawar.21">
	<name>SDE HALA PENAWAR</name>
	<ExtendedData><SchemaData schemaUrl="#sde_hala_penawar__interpolated_points_sde_hala_penawar">
		<SimpleData name="id">interpolated_points_sde_hala_penawar.21</SimpleData>
		<SimpleData name="tessellate">-1</SimpleData>
		<SimpleData name="extrude">0</SimpleData>
		<SimpleData name="visibility">-1</SimpleData>
		<SimpleData name="fid">1</SimpleData>
		<SimpleData name="tessellate2">1</SimpleData>
		<SimpleData name="extrude2">0</SimpleData>
		<SimpleData name="visibility2">-1</SimpleData>
		<SimpleData name="distance">2000</SimpleData>
		<SimpleData name="angle">87.6664271836312</SimpleData>
		<SimpleData name="KM">KM 3.0</SimpleData>
		<SimpleData name="Latitude">1.599</SimpleData>
		<SimpleData name="Longitude">103.662</SimpleData>
	</SchemaData></ExtendedData>
      <Point><coordinates>103.66158760919,1.5991024003887,0</coordinates></Point>
  </Placemark>
  <Placemark id="sde_hala_penawar__interpolated_points_sde_hala_penawar.22">
	<name>SDE HALA PENAWAR</name>
	<ExtendedData><SchemaData schemaUrl="#sde_hala_penawar__interpolated_points_sde_hala_penawar">
		<SimpleData name="id">interpolated_points_sde_hala_penawar.22</SimpleData>
		<SimpleData name="tessellate">-1</SimpleData>
		<SimpleData name="extrude">0</SimpleData>
		<SimpleData name="visibility">-1</SimpleData>
		<SimpleData name="fid">1</SimpleData>
		<SimpleData name="tessellate2">1</SimpleData>
		<SimpleData name="extrude2">0</SimpleData>
		<SimpleData name="visibility2">-1</SimpleData>
		<SimpleData name="distance">2100</SimpleData>
		<SimpleData name="angle">82.1849024327007</SimpleData>
		<SimpleData name="KM">KM 3.1</SimpleData>
		<SimpleData name="Latitude">1.599</SimpleData>
		<SimpleData name="Longitude">103.662</SimpleData>
	</SchemaData></ExtendedData>
      <Point><coordinates>103.662483758768,1.59916292026004,0</coordinates></Point>
  </Placemark>
  <Placemark id="sde_hala_penawar__interpolated_points_sde_hala_penawar.23">
	<name>SDE HALA PENAWAR</name>
	<ExtendedData><SchemaData schemaUrl="#sde_hala_penawar__interpolated_points_sde_hala_penawar">
		<SimpleData name="id">interpolated_points_sde_hala_penawar.23</SimpleData>
		<SimpleData name="tessellate">-1</SimpleData>
		<SimpleData name="extrude">0</SimpleData>
		<SimpleData name="visibility">-1</SimpleData>
		<SimpleData name="fid">1</SimpleData>
		<SimpleData name="tessellate2">1</SimpleData>
		<SimpleData name="extrude2">0</SimpleData>
		<SimpleData name="visibility2">-1</SimpleData>
		<SimpleData name="distance">2200</SimpleData>
		<SimpleData name="angle">75.3131361140624</SimpleData>
		<SimpleData name="KM">KM 3.2</SimpleData>
		<SimpleData name="Latitude">1.599</SimpleData>
		<SimpleData name="Longitude">103.663</SimpleData>
	</SchemaData></ExtendedData>
      <Point><coordinates>103.663365455039,1.59933463273836,0</coordinates></Point>
  </Placemark>
  <Placemark id="sde_hala_penawar__interpolated_points_sde_hala_penawar.24">
	<name>SDE HALA PENAWAR</name>
	<ExtendedData><SchemaData schemaUrl="#sde_hala_penawar__interpolated_points_sde_hala_penawar">
		<SimpleData name="id">interpolated_points_sde_hala_penawar.24</SimpleData>
		<SimpleData name="tessellate">-1</SimpleData>
		<SimpleData name="extrude">0</SimpleData>
		<SimpleData name="visibility">-1</SimpleData>
		<SimpleData name="fid">1</SimpleData>
		<SimpleData name="tessellate2">1</SimpleData>
		<SimpleData name="extrude2">0</SimpleData>
		<SimpleData name="visibility2">-1</SimpleData>
		<SimpleData name="distance">2300</SimpleData>
		<SimpleData name="angle">69.394315481208</SimpleData>
		<SimpleData name="KM">KM 3.3</SimpleData>
		<SimpleData name="Latitude">1.600</SimpleData>
		<SimpleData name="Longitude">103.664</SimpleData>
	</SchemaData></ExtendedData>
      <Point><coordinates>103.664222309005,1.59960591385435,0</coordinates></Point>
  </Placemark>
  <Placemark id="sde_hala_penawar__interpolated_points_sde_hala_penawar.25">
	<name>SDE HALA PENAWAR</name>
	<ExtendedData><SchemaData schemaUrl="#sde_hala_penawar__interpolated_points_sde_hala_penawar">
		<SimpleData name="id">interpolated_points_sde_hala_penawar.25</SimpleData>
		<SimpleData name="tessellate">-1</SimpleData>
		<SimpleData name="extrude">0</SimpleData>
		<SimpleData name="visibility">-1</SimpleData>
		<SimpleData name="fid">1</SimpleData>
		<SimpleData name="tessellate2">1</SimpleData>
		<SimpleData name="extrude2">0</SimpleData>
		<SimpleData name="visibility2">-1</SimpleData>
		<SimpleData name="distance">2400</SimpleData>
		<SimpleData name="angle">62.8221297874911</SimpleData>
		<SimpleData name="KM">KM 3.4</SimpleData>
		<SimpleData name="Latitude">1.600</SimpleData>
		<SimpleData name="Longitude">103.665</SimpleData>
	</SchemaData></ExtendedData>
      <Point><coordinates>103.665040412052,1.59997934315342,0</coordinates></Point>
  </Placemark>
  <Placemark id="sde_hala_penawar__interpolated_points_sde_hala_penawar.26">
	<name>SDE HALA PENAWAR</name>
	<ExtendedData><SchemaData schemaUrl="#sde_hala_penawar__interpolated_points_sde_hala_penawar">
		<SimpleData name="id">interpolated_points_sde_hala_penawar.26</SimpleData>
		<SimpleData name="tessellate">-1</SimpleData>
		<SimpleData name="extrude">0</SimpleData>
		<SimpleData name="visibility">-1</SimpleData>
		<SimpleData name="fid">1</SimpleData>
		<SimpleData name="tessellate2">1</SimpleData>
		<SimpleData name="extrude2">0</SimpleData>
		<SimpleData name="visibility2">-1</SimpleData>
		<SimpleData name="distance">2500</SimpleData>
		<SimpleData name="angle">62.667195114819</SimpleData>
		<SimpleData name="KM">KM 3.5</SimpleData>
		<SimpleData name="Latitude">1.600</SimpleData>
		<SimpleData name="Longitude">103.666</SimpleData>
	</SchemaData></ExtendedData>
      <Point><coordinates>103.665839122587,1.60039409918868,0</coordinates></Point>
  </Placemark>
  <Placemark id="sde_hala_penawar__interpolated_points_sde_hala_penawar.27">
	<name>SDE HALA PENAWAR</name>
	<ExtendedData><SchemaData schemaUrl="#sde_hala_penawar__interpolated_points_sde_hala_penawar">
		<SimpleData name="id">interpolated_points_sde_hala_penawar.27</SimpleData>
		<SimpleData name="tessellate">-1</SimpleData>
		<SimpleData name="extrude">0</SimpleData>
		<SimpleData name="visibility">-1</SimpleData>
		<SimpleData name="fid">1</SimpleData>
		<SimpleData name="tessellate2">1</SimpleData>
		<SimpleData name="extrude2">0</SimpleData>
		<SimpleData name="visibility2">-1</SimpleData>
		<SimpleData name="distance">2600</SimpleData>
		<SimpleData name="angle">63.7649285150919</SimpleData>
		<SimpleData name="KM">KM 3.6</SimpleData>
		<SimpleData name="Latitude">1.601</SimpleData>
		<SimpleData name="Longitude">103.667</SimpleData>
	</SchemaData></ExtendedData>
      <Point><coordinates>103.666641007937,1.60080254823095,0</coordinates></Point>
  </Placemark>
  <Placemark id="sde_hala_penawar__interpolated_points_sde_hala_penawar.28">
	<name>SDE HALA PENAWAR</name>
	<ExtendedData><SchemaData schemaUrl="#sde_hala_penawar__interpolated_points_sde_hala_penawar">
		<SimpleData name="id">interpolated_points_sde_hala_penawar.28</SimpleData>
		<SimpleData name="tessellate">-1</SimpleData>
		<SimpleData name="extrude">0</SimpleData>
		<SimpleData name="visibility">-1</SimpleData>
		<SimpleData name="fid">1</SimpleData>
		<SimpleData name="tessellate2">1</SimpleData>
		<SimpleData name="extrude2">0</SimpleData>
		<SimpleData name="visibility2">-1</SimpleData>
		<SimpleData name="distance">2700</SimpleData>
		<SimpleData name="angle">67.0063235800343</SimpleData>
		<SimpleData name="KM">KM 3.7</SimpleData>
		<SimpleData name="Latitude">1.601</SimpleData>
		<SimpleData name="Longitude">103.667</SimpleData>
	</SchemaData></ExtendedData>
      <Point><coordinates>103.667458435082,1.60117827169498,0</coordinates></Point>
  </Placemark>
  <Placemark id="sde_hala_penawar__interpolated_points_sde_hala_penawar.29">
	<name>SDE HALA PENAWAR</name>
	<ExtendedData><SchemaData schemaUrl="#sde_hala_penawar__interpolated_points_sde_hala_penawar">
		<SimpleData name="id">interpolated_points_sde_hala_penawar.29</SimpleData>
		<SimpleData name="tessellate">-1</SimpleData>
		<SimpleData name="extrude">0</SimpleData>
		<SimpleData name="visibility">-1</SimpleData>
		<SimpleData name="fid">1</SimpleData>
		<SimpleData name="tessellate2">1</SimpleData>
		<SimpleData name="extrude2">0</SimpleData>
		<SimpleData name="visibility2">-1</SimpleData>
		<SimpleData name="distance">2800</SimpleData>
		<SimpleData name="angle">71.1983910110437</SimpleData>
		<SimpleData name="KM">KM 3.8</SimpleData>
		<SimpleData name="Latitude">1.602</SimpleData>
		<SimpleData name="Longitude">103.668</SimpleData>
	</SchemaData></ExtendedData>
      <Point><coordinates>103.668295038882,1.60150852408457,0</coordinates></Point>
  </Placemark>
  <Placemark id="sde_hala_penawar__interpolated_points_sde_hala_penawar.30">
	<name>SDE HALA PENAWAR</name>
	<ExtendedData><SchemaData schemaUrl="#sde_hala_penawar__interpolated_points_sde_hala_penawar">
		<SimpleData name="id">interpolated_points_sde_hala_penawar.30</SimpleData>
		<SimpleData name="tessellate">-1</SimpleData>
		<SimpleData name="extrude">0</SimpleData>
		<SimpleData name="visibility">-1</SimpleData>
		<SimpleData name="fid">1</SimpleData>
		<SimpleData name="tessellate2">1</SimpleData>
		<SimpleData name="extrude2">0</SimpleData>
		<SimpleData name="visibility2">-1</SimpleData>
		<SimpleData name="distance">2900</SimpleData>
		<SimpleData name="angle">71.4417351341006</SimpleData>
		<SimpleData name="KM">KM 3.9</SimpleData>
		<SimpleData name="Latitude">1.602</SimpleData>
		<SimpleData name="Longitude">103.669</SimpleData>
	</SchemaData></ExtendedData>
      <Point><coordinates>103.669146298775,1.6017987232143,0</coordinates></Point>
  </Placemark>
  <Placemark id="sde_hala_penawar__interpolated_points_sde_hala_penawar.31">
	<name>SDE HALA PENAWAR</name>
	<ExtendedData><SchemaData schemaUrl="#sde_hala_penawar__interpolated_points_sde_hala_penawar">
		<SimpleData name="id">interpolated_points_sde_hala_penawar.31</SimpleData>
		<SimpleData name="tessellate">-1</SimpleData>
		<SimpleData name="extrude">0</SimpleData>
		<SimpleData name="visibility">-1</SimpleData>
		<SimpleData name="fid">1</SimpleData>
		<SimpleData name="tessellate2">1</SimpleData>
		<SimpleData name="extrude2">0</SimpleData>
		<SimpleData name="visibility2">-1</SimpleData>
		<SimpleData name="distance">3000</SimpleData>
		<SimpleData name="angle">74.7931543059926</SimpleData>
		<SimpleData name="KM">KM 4.0</SimpleData>
		<SimpleData name="Latitude">1.602</SimpleData>
		<SimpleData name="Longitude">103.670</SimpleData>
	</SchemaData></ExtendedData>
      <Point><coordinates>103.670009297811,1.60205098468411,0</coordinates></Point>
  </Placemark>
  <Placemark id="sde_hala_penawar__interpolated_points_sde_hala_penawar.32">
	<name>SDE HALA PENAWAR</name>
	<ExtendedData><SchemaData schemaUrl="#sde_hala_penawar__interpolated_points_sde_hala_penawar">
		<SimpleData name="id">interpolated_points_sde_hala_penawar.32</SimpleData>
		<SimpleData name="tessellate">-1</SimpleData>
		<SimpleData name="extrude">0</SimpleData>
		<SimpleData name="visibility">-1</SimpleData>
		<SimpleData name="fid">1</SimpleData>
		<SimpleData name="tessellate2">1</SimpleData>
		<SimpleData name="extrude2">0</SimpleData>
		<SimpleData name="visibility2">-1</SimpleData>
		<SimpleData name="distance">3100</SimpleData>
		<SimpleData name="angle">76.3789881062389</SimpleData>
		<SimpleData name="KM">KM 4.1</SimpleData>
		<SimpleData name="Latitude">1.602</SimpleData>
		<SimpleData name="Longitude">103.671</SimpleData>
	</SchemaData></ExtendedData>
      <Point><coordinates>103.670885352098,1.60225252715393,0</coordinates></Point>
  </Placemark>
  <Placemark id="sde_hala_penawar__interpolated_points_sde_hala_penawar.33">
	<name>SDE HALA PENAWAR</name>
	<ExtendedData><SchemaData schemaUrl="#sde_hala_penawar__interpolated_points_sde_hala_penawar">
		<SimpleData name="id">interpolated_points_sde_hala_penawar.33</SimpleData>
		<SimpleData name="tessellate">-1</SimpleData>
		<SimpleData name="extrude">0</SimpleData>
		<SimpleData name="visibility">-1</SimpleData>
		<SimpleData name="fid">1</SimpleData>
		<SimpleData name="tessellate2">1</SimpleData>
		<SimpleData name="extrude2">0</SimpleData>
		<SimpleData name="visibility2">-1</SimpleData>
		<SimpleData name="distance">3200</SimpleData>
		<SimpleData name="angle">75.3098968320801</SimpleData>
		<SimpleData name="KM">KM 4.2</SimpleData>
		<SimpleData name="Latitude">1.602</SimpleData>
		<SimpleData name="Longitude">103.672</SimpleData>
	</SchemaData></ExtendedData>
      <Point><coordinates>103.671759072748,1.60246420674337,0</coordinates></Point>
  </Placemark>
  <Placemark id="sde_hala_penawar__interpolated_points_sde_hala_penawar.34">
	<name>SDE HALA PENAWAR</name>
	<ExtendedData><SchemaData schemaUrl="#sde_hala_penawar__interpolated_points_sde_hala_penawar">
		<SimpleData name="id">interpolated_points_sde_hala_penawar.34</SimpleData>
		<SimpleData name="tessellate">-1</SimpleData>
		<SimpleData name="extrude">0</SimpleData>
		<SimpleData name="visibility">-1</SimpleData>
		<SimpleData name="fid">1</SimpleData>
		<SimpleData name="tessellate2">1</SimpleData>
		<SimpleData name="extrude2">0</SimpleData>
		<SimpleData name="visibility2">-1</SimpleData>
		<SimpleData name="distance">3300</SimpleData>
		<SimpleData name="angle">75.3098968320801</SimpleData>
		<SimpleData name="KM">KM 4.3</SimpleData>
		<SimpleData name="Latitude">1.603</SimpleData>
		<SimpleData name="Longitude">103.673</SimpleData>
	</SchemaData></ExtendedData>
      <Point><coordinates>103.672628326279,1.60269414167748,0</coordinates></Point>
  </Placemark>
  <Placemark id="sde_hala_penawar__interpolated_points_sde_hala_penawar.35">
	<name>SDE HALA PENAWAR</name>
	<ExtendedData><SchemaData schemaUrl="#sde_hala_penawar__interpolated_points_sde_hala_penawar">
		<SimpleData name="id">interpolated_points_sde_hala_penawar.35</SimpleData>
		<SimpleData name="tessellate">-1</SimpleData>
		<SimpleData name="extrude">0</SimpleData>
		<SimpleData name="visibility">-1</SimpleData>
		<SimpleData name="fid">1</SimpleData>
		<SimpleData name="tessellate2">1</SimpleData>
		<SimpleData name="extrude2">0</SimpleData>
		<SimpleData name="visibility2">-1</SimpleData>
		<SimpleData name="distance">3400</SimpleData>
		<SimpleData name="angle">70.4504048786098</SimpleData>
		<SimpleData name="KM">KM 4.4</SimpleData>
		<SimpleData name="Latitude">1.603</SimpleData>
		<SimpleData name="Longitude">103.673</SimpleData>
	</SchemaData></ExtendedData>
      <Point><coordinates>103.673495030858,1.60293238659845,0</coordinates></Point>
  </Placemark>
  <Placemark id="sde_hala_penawar__interpolated_points_sde_hala_penawar.36">
	<name>SDE HALA PENAWAR</name>
	<ExtendedData><SchemaData schemaUrl="#sde_hala_penawar__interpolated_points_sde_hala_penawar">
		<SimpleData name="id">interpolated_points_sde_hala_penawar.36</SimpleData>
		<SimpleData name="tessellate">-1</SimpleData>
		<SimpleData name="extrude">0</SimpleData>
		<SimpleData name="visibility">-1</SimpleData>
		<SimpleData name="fid">1</SimpleData>
		<SimpleData name="tessellate2">1</SimpleData>
		<SimpleData name="extrude2">0</SimpleData>
		<SimpleData name="visibility2">-1</SimpleData>
		<SimpleData name="distance">3500</SimpleData>
		<SimpleData name="angle">71.9155675171571</SimpleData>
		<SimpleData name="KM">KM 4.5</SimpleData>
		<SimpleData name="Latitude">1.603</SimpleData>
		<SimpleData name="Longitude">103.674</SimpleData>
	</SchemaData></ExtendedData>
      <Point><coordinates>103.674348066033,1.60321714754153,0</coordinates></Point>
  </Placemark>
  <Placemark id="sde_hala_penawar__interpolated_points_sde_hala_penawar.37">
	<name>SDE HALA PENAWAR</name>
	<ExtendedData><SchemaData schemaUrl="#sde_hala_penawar__interpolated_points_sde_hala_penawar">
		<SimpleData name="id">interpolated_points_sde_hala_penawar.37</SimpleData>
		<SimpleData name="tessellate">-1</SimpleData>
		<SimpleData name="extrude">0</SimpleData>
		<SimpleData name="visibility">-1</SimpleData>
		<SimpleData name="fid">1</SimpleData>
		<SimpleData name="tessellate2">1</SimpleData>
		<SimpleData name="extrude2">0</SimpleData>
		<SimpleData name="visibility2">-1</SimpleData>
		<SimpleData name="distance">3600</SimpleData>
		<SimpleData name="angle">68.7295443632853</SimpleData>
		<SimpleData name="KM">KM 4.6</SimpleData>
		<SimpleData name="Latitude">1.604</SimpleData>
		<SimpleData name="Longitude">103.675</SimpleData>
	</SchemaData></ExtendedData>
      <Point><coordinates>103.675190974617,1.60353018711218,0</coordinates></Point>
  </Placemark>
  <Placemark id="sde_hala_penawar__interpolated_points_sde_hala_penawar.38">
	<name>SDE HALA PENAWAR</name>
	<ExtendedData><SchemaData schemaUrl="#sde_hala_penawar__interpolated_points_sde_hala_penawar">
		<SimpleData name="id">interpolated_points_sde_hala_penawar.38</SimpleData>
		<SimpleData name="tessellate">-1</SimpleData>
		<SimpleData name="extrude">0</SimpleData>
		<SimpleData name="visibility">-1</SimpleData>
		<SimpleData name="fid">1</SimpleData>
		<SimpleData name="tessellate2">1</SimpleData>
		<SimpleData name="extrude2">0</SimpleData>
		<SimpleData name="visibility2">-1</SimpleData>
		<SimpleData name="distance">3700</SimpleData>
		<SimpleData name="angle">66.4989710702389</SimpleData>
		<SimpleData name="KM">KM 4.7</SimpleData>
		<SimpleData name="Latitude">1.604</SimpleData>
		<SimpleData name="Longitude">103.676</SimpleData>
	</SchemaData></ExtendedData>
      <Point><coordinates>103.676015819201,1.6038893385022,0</coordinates></Point>
  </Placemark>
  <Placemark id="sde_hala_penawar__interpolated_points_sde_hala_penawar.39">
	<name>SDE HALA PENAWAR</name>
	<ExtendedData><SchemaData schemaUrl="#sde_hala_penawar__interpolated_points_sde_hala_penawar">
		<SimpleData name="id">interpolated_points_sde_hala_penawar.39</SimpleData>
		<SimpleData name="tessellate">-1</SimpleData>
		<SimpleData name="extrude">0</SimpleData>
		<SimpleData name="visibility">-1</SimpleData>
		<SimpleData name="fid">1</SimpleData>
		<SimpleData name="tessellate2">1</SimpleData>
		<SimpleData name="extrude2">0</SimpleData>
		<SimpleData name="visibility2">-1</SimpleData>
		<SimpleData name="distance">3800</SimpleData>
		<SimpleData name="angle">61.5179559502965</SimpleData>
		<SimpleData name="KM">KM 4.8</SimpleData>
		<SimpleData name="Latitude">1.604</SimpleData>
		<SimpleData name="Longitude">103.677</SimpleData>
	</SchemaData></ExtendedData>
      <Point><coordinates>103.676839577099,1.60425104973693,0</coordinates></Point>
  </Placemark>
  <Placemark id="sde_hala_penawar__interpolated_points_sde_hala_penawar.40">
	<name>SDE HALA PENAWAR</name>
	<ExtendedData><SchemaData schemaUrl="#sde_hala_penawar__interpolated_points_sde_hala_penawar">
		<SimpleData name="id">interpolated_points_sde_hala_penawar.40</SimpleData>
		<SimpleData name="tessellate">-1</SimpleData>
		<SimpleData name="extrude">0</SimpleData>
		<SimpleData name="visibility">-1</SimpleData>
		<SimpleData name="fid">1</SimpleData>
		<SimpleData name="tessellate2">1</SimpleData>
		<SimpleData name="extrude2">0</SimpleData>
		<SimpleData name="visibility2">-1</SimpleData>
		<SimpleData name="distance">3900</SimpleData>
		<SimpleData name="angle">58.4628221433065</SimpleData>
		<SimpleData name="KM">KM 4.9</SimpleData>
		<SimpleData name="Latitude">1.605</SimpleData>
		<SimpleData name="Longitude">103.678</SimpleData>
	</SchemaData></ExtendedData>
      <Point><coordinates>103.677627195324,1.60468655896643,0</coordinates></Point>
  </Placemark>
  <Placemark id="sde_hala_penawar__interpolated_points_sde_hala_penawar.41">
	<name>SDE HALA PENAWAR</name>
	<ExtendedData><SchemaData schemaUrl="#sde_hala_penawar__interpolated_points_sde_hala_penawar">
		<SimpleData name="id">interpolated_points_sde_hala_penawar.41</SimpleData>
		<SimpleData name="tessellate">-1</SimpleData>
		<SimpleData name="extrude">0</SimpleData>
		<SimpleData name="visibility">-1</SimpleData>
		<SimpleData name="fid">1</SimpleData>
		<SimpleData name="tessellate2">1</SimpleData>
		<SimpleData name="extrude2">0</SimpleData>
		<SimpleData name="visibility2">-1</SimpleData>
		<SimpleData name="distance">4000</SimpleData>
		<SimpleData name="angle">55.7944896956961</SimpleData>
		<SimpleData name="KM">KM 5.0</SimpleData>
		<SimpleData name="Latitude">1.605</SimpleData>
		<SimpleData name="Longitude">103.678</SimpleData>
	</SchemaData></ExtendedData>
      <Point><coordinates>103.678388117548,1.60516762554794,0</coordinates></Point>
  </Placemark>
  <Placemark id="sde_hala_penawar__interpolated_points_sde_hala_penawar.42">
	<name>SDE HALA PENAWAR</name>
	<ExtendedData><SchemaData schemaUrl="#sde_hala_penawar__interpolated_points_sde_hala_penawar">
		<SimpleData name="id">interpolated_points_sde_hala_penawar.42</SimpleData>
		<SimpleData name="tessellate">-1</SimpleData>
		<SimpleData name="extrude">0</SimpleData>
		<SimpleData name="visibility">-1</SimpleData>
		<SimpleData name="fid">1</SimpleData>
		<SimpleData name="tessellate2">1</SimpleData>
		<SimpleData name="extrude2">0</SimpleData>
		<SimpleData name="visibility2">-1</SimpleData>
		<SimpleData name="distance">4100</SimpleData>
		<SimpleData name="angle">53.7085302341062</SimpleData>
		<SimpleData name="KM">KM 5.1</SimpleData>
		<SimpleData name="Latitude">1.606</SimpleData>
		<SimpleData name="Longitude">103.679</SimpleData>
	</SchemaData></ExtendedData>
      <Point><coordinates>103.67912856313,1.60568019672479,0</coordinates></Point>
  </Placemark>
  <Placemark id="sde_hala_penawar__interpolated_points_sde_hala_penawar.43">
	<name>SDE HALA PENAWAR</name>
	<ExtendedData><SchemaData schemaUrl="#sde_hala_penawar__interpolated_points_sde_hala_penawar">
		<SimpleData name="id">interpolated_points_sde_hala_penawar.43</SimpleData>
		<SimpleData name="tessellate">-1</SimpleData>
		<SimpleData name="extrude">0</SimpleData>
		<SimpleData name="visibility">-1</SimpleData>
		<SimpleData name="fid">1</SimpleData>
		<SimpleData name="tessellate2">1</SimpleData>
		<SimpleData name="extrude2">0</SimpleData>
		<SimpleData name="visibility2">-1</SimpleData>
		<SimpleData name="distance">4200</SimpleData>
		<SimpleData name="angle">52.7126434842888</SimpleData>
		<SimpleData name="KM">KM 5.2</SimpleData>
		<SimpleData name="Latitude">1.606</SimpleData>
		<SimpleData name="Longitude">103.680</SimpleData>
	</SchemaData></ExtendedData>
      <Point><coordinates>103.679848438709,1.60622168445308,0</coordinates></Point>
  </Placemark>
  <Placemark id="sde_hala_penawar__interpolated_points_sde_hala_penawar.44">
	<name>SDE HALA PENAWAR</name>
	<ExtendedData><SchemaData schemaUrl="#sde_hala_penawar__interpolated_points_sde_hala_penawar">
		<SimpleData name="id">interpolated_points_sde_hala_penawar.44</SimpleData>
		<SimpleData name="tessellate">-1</SimpleData>
		<SimpleData name="extrude">0</SimpleData>
		<SimpleData name="visibility">-1</SimpleData>
		<SimpleData name="fid">1</SimpleData>
		<SimpleData name="tessellate2">1</SimpleData>
		<SimpleData name="extrude2">0</SimpleData>
		<SimpleData name="visibility2">-1</SimpleData>
		<SimpleData name="distance">4300</SimpleData>
		<SimpleData name="angle">52.7126434842888</SimpleData>
		<SimpleData name="KM">KM 5.3</SimpleData>
		<SimpleData name="Latitude">1.607</SimpleData>
		<SimpleData name="Longitude">103.681</SimpleData>
	</SchemaData></ExtendedData>
      <Point><coordinates>103.680563167345,1.60677009642824,0</coordinates></Point>
  </Placemark>
  <Placemark id="sde_hala_penawar__interpolated_points_sde_hala_penawar.45">
	<name>SDE HALA PENAWAR</name>
	<ExtendedData><SchemaData schemaUrl="#sde_hala_penawar__interpolated_points_sde_hala_penawar">
		<SimpleData name="id">interpolated_points_sde_hala_penawar.45</SimpleData>
		<SimpleData name="tessellate">-1</SimpleData>
		<SimpleData name="extrude">0</SimpleData>
		<SimpleData name="visibility">-1</SimpleData>
		<SimpleData name="fid">1</SimpleData>
		<SimpleData name="tessellate2">1</SimpleData>
		<SimpleData name="extrude2">0</SimpleData>
		<SimpleData name="visibility2">-1</SimpleData>
		<SimpleData name="distance">4400</SimpleData>
		<SimpleData name="angle">52.6280893295091</SimpleData>
		<SimpleData name="KM">KM 5.4</SimpleData>
		<SimpleData name="Latitude">1.607</SimpleData>
		<SimpleData name="Longitude">103.681</SimpleData>
	</SchemaData></ExtendedData>
      <Point><coordinates>103.68127720727,1.60731941668301,0</coordinates></Point>
  </Placemark>
  <Placemark id="sde_hala_penawar__interpolated_points_sde_hala_penawar.46">
	<name>SDE HALA PENAWAR</name>
	<ExtendedData><SchemaData schemaUrl="#sde_hala_penawar__interpolated_points_sde_hala_penawar">
		<SimpleData name="id">interpolated_points_sde_hala_penawar.46</SimpleData>
		<SimpleData name="tessellate">-1</SimpleData>
		<SimpleData name="extrude">0</SimpleData>
		<SimpleData name="visibility">-1</SimpleData>
		<SimpleData name="fid">1</SimpleData>
		<SimpleData name="tessellate2">1</SimpleData>
		<SimpleData name="extrude2">0</SimpleData>
		<SimpleData name="visibility2">-1</SimpleData>
		<SimpleData name="distance">4500</SimpleData>
		<SimpleData name="angle">52.6280893295091</SimpleData>
		<SimpleData name="KM">KM 5.5</SimpleData>
		<SimpleData name="Latitude">1.608</SimpleData>
		<SimpleData name="Longitude">103.682</SimpleData>
	</SchemaData></ExtendedData>
      <Point><coordinates>103.681991131841,1.60786888963178,0</coordinates></Point>
  </Placemark>
  <Placemark id="sde_hala_penawar__interpolated_points_sde_hala_penawar.47">
	<name>SDE HALA PENAWAR</name>
	<ExtendedData><SchemaData schemaUrl="#sde_hala_penawar__interpolated_points_sde_hala_penawar">
		<SimpleData name="id">interpolated_points_sde_hala_penawar.47</SimpleData>
		<SimpleData name="tessellate">-1</SimpleData>
		<SimpleData name="extrude">0</SimpleData>
		<SimpleData name="visibility">-1</SimpleData>
		<SimpleData name="fid">1</SimpleData>
		<SimpleData name="tessellate2">1</SimpleData>
		<SimpleData name="extrude2">0</SimpleData>
		<SimpleData name="visibility2">-1</SimpleData>
		<SimpleData name="distance">4600</SimpleData>
		<SimpleData name="angle">52.8694143661497</SimpleData>
		<SimpleData name="KM">KM 5.6</SimpleData>
		<SimpleData name="Latitude">1.608</SimpleData>
		<SimpleData name="Longitude">103.683</SimpleData>
	</SchemaData></ExtendedData>
      <Point><coordinates>103.682706907412,1.60841591703691,0</coordinates></Point>
  </Placemark>
  <Placemark id="sde_hala_penawar__interpolated_points_sde_hala_penawar.48">
	<name>SDE HALA PENAWAR</name>
	<ExtendedData><SchemaData schemaUrl="#sde_hala_penawar__interpolated_points_sde_hala_penawar">
		<SimpleData name="id">interpolated_points_sde_hala_penawar.48</SimpleData>
		<SimpleData name="tessellate">-1</SimpleData>
		<SimpleData name="extrude">0</SimpleData>
		<SimpleData name="visibility">-1</SimpleData>
		<SimpleData name="fid">1</SimpleData>
		<SimpleData name="tessellate2">1</SimpleData>
		<SimpleData name="extrude2">0</SimpleData>
		<SimpleData name="visibility2">-1</SimpleData>
		<SimpleData name="distance">4700</SimpleData>
		<SimpleData name="angle">52.8694143661497</SimpleData>
		<SimpleData name="KM">KM 5.7</SimpleData>
		<SimpleData name="Latitude">1.609</SimpleData>
		<SimpleData name="Longitude">103.683</SimpleData>
	</SchemaData></ExtendedData>
      <Point><coordinates>103.683423126341,1.60896235919326,0</coordinates></Point>
  </Placemark>
  <Placemark id="sde_hala_penawar__interpolated_points_sde_hala_penawar.49">
	<name>SDE HALA PENAWAR</name>
	<ExtendedData><SchemaData schemaUrl="#sde_hala_penawar__interpolated_points_sde_hala_penawar">
		<SimpleData name="id">interpolated_points_sde_hala_penawar.49</SimpleData>
		<SimpleData name="tessellate">-1</SimpleData>
		<SimpleData name="extrude">0</SimpleData>
		<SimpleData name="visibility">-1</SimpleData>
		<SimpleData name="fid">1</SimpleData>
		<SimpleData name="tessellate2">1</SimpleData>
		<SimpleData name="extrude2">0</SimpleData>
		<SimpleData name="visibility2">-1</SimpleData>
		<SimpleData name="distance">4800</SimpleData>
		<SimpleData name="angle">52.5652736108924</SimpleData>
		<SimpleData name="KM">KM 5.8</SimpleData>
		<SimpleData name="Latitude">1.610</SimpleData>
		<SimpleData name="Longitude">103.684</SimpleData>
	</SchemaData></ExtendedData>
      <Point><coordinates>103.684138007592,1.60951056785424,0</coordinates></Point>
  </Placemark>
  <Placemark id="sde_hala_penawar__interpolated_points_sde_hala_penawar.50">
	<name>SDE HALA PENAWAR</name>
	<ExtendedData><SchemaData schemaUrl="#sde_hala_penawar__interpolated_points_sde_hala_penawar">
		<SimpleData name="id">interpolated_points_sde_hala_penawar.50</SimpleData>
		<SimpleData name="tessellate">-1</SimpleData>
		<SimpleData name="extrude">0</SimpleData>
		<SimpleData name="visibility">-1</SimpleData>
		<SimpleData name="fid">1</SimpleData>
		<SimpleData name="tessellate2">1</SimpleData>
		<SimpleData name="extrude2">0</SimpleData>
		<SimpleData name="visibility2">-1</SimpleData>
		<SimpleData name="distance">4900</SimpleData>
		<SimpleData name="angle">53.0781877179291</SimpleData>
		<SimpleData name="KM">KM 5.9</SimpleData>
		<SimpleData name="Latitude">1.610</SimpleData>
		<SimpleData name="Longitude">103.685</SimpleData>
	</SchemaData></ExtendedData>
      <Point><coordinates>103.684851678374,1.61006037338035,0</coordinates></Point>
  </Placemark>
  <Placemark id="sde_hala_penawar__interpolated_points_sde_hala_penawar.51">
	<name>SDE HALA PENAWAR</name>
	<ExtendedData><SchemaData schemaUrl="#sde_hala_penawar__interpolated_points_sde_hala_penawar">
		<SimpleData name="id">interpolated_points_sde_hala_penawar.51</SimpleData>
		<SimpleData name="tessellate">-1</SimpleData>
		<SimpleData name="extrude">0</SimpleData>
		<SimpleData name="visibility">-1</SimpleData>
		<SimpleData name="fid">1</SimpleData>
		<SimpleData name="tessellate2">1</SimpleData>
		<SimpleData name="extrude2">0</SimpleData>
		<SimpleData name="visibility2">-1</SimpleData>
		<SimpleData name="distance">5000</SimpleData>
		<SimpleData name="angle">53.5058493116904</SimpleData>
		<SimpleData name="KM">KM 6.0</SimpleData>
		<SimpleData name="Latitude">1.611</SimpleData>
		<SimpleData name="Longitude">103.686</SimpleData>
	</SchemaData></ExtendedData>
      <Point><coordinates>103.685571062121,1.61060258236149,0</coordinates></Point>
  </Placemark>
  <Placemark id="sde_hala_penawar__interpolated_points_sde_hala_penawar.52">
	<name>SDE HALA PENAWAR</name>
	<ExtendedData><SchemaData schemaUrl="#sde_hala_penawar__interpolated_points_sde_hala_penawar">
		<SimpleData name="id">interpolated_points_sde_hala_penawar.52</SimpleData>
		<SimpleData name="tessellate">-1</SimpleData>
		<SimpleData name="extrude">0</SimpleData>
		<SimpleData name="visibility">-1</SimpleData>
		<SimpleData name="fid">1</SimpleData>
		<SimpleData name="tessellate2">1</SimpleData>
		<SimpleData name="extrude2">0</SimpleData>
		<SimpleData name="visibility2">-1</SimpleData>
		<SimpleData name="distance">5100</SimpleData>
		<SimpleData name="angle">54.2182978231036</SimpleData>
		<SimpleData name="KM">KM 6.1</SimpleData>
		<SimpleData name="Latitude">1.611</SimpleData>
		<SimpleData name="Longitude">103.686</SimpleData>
	</SchemaData></ExtendedData>
      <Point><coordinates>103.686297766619,1.61113479693173,0</coordinates></Point>
  </Placemark>
  <Placemark id="sde_hala_penawar__interpolated_points_sde_hala_penawar.53">
	<name>SDE HALA PENAWAR</name>
	<ExtendedData><SchemaData schemaUrl="#sde_hala_penawar__interpolated_points_sde_hala_penawar">
		<SimpleData name="id">interpolated_points_sde_hala_penawar.53</SimpleData>
		<SimpleData name="tessellate">-1</SimpleData>
		<SimpleData name="extrude">0</SimpleData>
		<SimpleData name="visibility">-1</SimpleData>
		<SimpleData name="fid">1</SimpleData>
		<SimpleData name="tessellate2">1</SimpleData>
		<SimpleData name="extrude2">0</SimpleData>
		<SimpleData name="visibility2">-1</SimpleData>
		<SimpleData name="distance">5200</SimpleData>
		<SimpleData name="angle">56.4343004340583</SimpleData>
		<SimpleData name="KM">KM 6.2</SimpleData>
		<SimpleData name="Latitude">1.612</SimpleData>
		<SimpleData name="Longitude">103.687</SimpleData>
	</SchemaData></ExtendedData>
      <Point><coordinates>103.687029238472,1.61166014138839,0</coordinates></Point>
  </Placemark>
  <Placemark id="sde_hala_penawar__interpolated_points_sde_hala_penawar.54">
	<name>SDE HALA PENAWAR</name>
	<ExtendedData><SchemaData schemaUrl="#sde_hala_penawar__interpolated_points_sde_hala_penawar">
		<SimpleData name="id">interpolated_points_sde_hala_penawar.54</SimpleData>
		<SimpleData name="tessellate">-1</SimpleData>
		<SimpleData name="extrude">0</SimpleData>
		<SimpleData name="visibility">-1</SimpleData>
		<SimpleData name="fid">1</SimpleData>
		<SimpleData name="tessellate2">1</SimpleData>
		<SimpleData name="extrude2">0</SimpleData>
		<SimpleData name="visibility2">-1</SimpleData>
		<SimpleData name="distance">5300</SimpleData>
		<SimpleData name="angle">55.766516980007</SimpleData>
		<SimpleData name="KM">KM 6.3</SimpleData>
		<SimpleData name="Latitude">1.612</SimpleData>
		<SimpleData name="Longitude">103.688</SimpleData>
	</SchemaData></ExtendedData>
      <Point><coordinates>103.68777722765,1.61216161324858,0</coordinates></Point>
  </Placemark>
  <Placemark id="sde_hala_penawar__interpolated_points_sde_hala_penawar.55">
	<name>SDE HALA PENAWAR</name>
	<ExtendedData><SchemaData schemaUrl="#sde_hala_penawar__interpolated_points_sde_hala_penawar">
		<SimpleData name="id">interpolated_points_sde_hala_penawar.55</SimpleData>
		<SimpleData name="tessellate">-1</SimpleData>
		<SimpleData name="extrude">0</SimpleData>
		<SimpleData name="visibility">-1</SimpleData>
		<SimpleData name="fid">1</SimpleData>
		<SimpleData name="tessellate2">1</SimpleData>
		<SimpleData name="extrude2">0</SimpleData>
		<SimpleData name="visibility2">-1</SimpleData>
		<SimpleData name="distance">5400</SimpleData>
		<SimpleData name="angle">57.5429475343943</SimpleData>
		<SimpleData name="KM">KM 6.4</SimpleData>
		<SimpleData name="Latitude">1.613</SimpleData>
		<SimpleData name="Longitude">103.689</SimpleData>
	</SchemaData></ExtendedData>
      <Point><coordinates>103.688531145007,1.61265394667456,0</coordinates></Point>
  </Placemark>
  <Placemark id="sde_hala_penawar__interpolated_points_sde_hala_penawar.56">
	<name>SDE HALA PENAWAR</name>
	<ExtendedData><SchemaData schemaUrl="#sde_hala_penawar__interpolated_points_sde_hala_penawar">
		<SimpleData name="id">interpolated_points_sde_hala_penawar.56</SimpleData>
		<SimpleData name="tessellate">-1</SimpleData>
		<SimpleData name="extrude">0</SimpleData>
		<SimpleData name="visibility">-1</SimpleData>
		<SimpleData name="fid">1</SimpleData>
		<SimpleData name="tessellate2">1</SimpleData>
		<SimpleData name="extrude2">0</SimpleData>
		<SimpleData name="visibility2">-1</SimpleData>
		<SimpleData name="distance">5500</SimpleData>
		<SimpleData name="angle">60.8559183219704</SimpleData>
		<SimpleData name="KM">KM 6.5</SimpleData>
		<SimpleData name="Latitude">1.613</SimpleData>
		<SimpleData name="Longitude">103.689</SimpleData>
	</SchemaData></ExtendedData>
      <Point><coordinates>103.689295768761,1.61312904360298,0</coordinates></Point>
  </Placemark>
  <Placemark id="sde_hala_penawar__interpolated_points_sde_hala_penawar.57">
	<name>SDE HALA PENAWAR</name>
	<ExtendedData><SchemaData schemaUrl="#sde_hala_penawar__interpolated_points_sde_hala_penawar">
		<SimpleData name="id">interpolated_points_sde_hala_penawar.57</SimpleData>
		<SimpleData name="tessellate">-1</SimpleData>
		<SimpleData name="extrude">0</SimpleData>
		<SimpleData name="visibility">-1</SimpleData>
		<SimpleData name="fid">1</SimpleData>
		<SimpleData name="tessellate2">1</SimpleData>
		<SimpleData name="extrude2">0</SimpleData>
		<SimpleData name="visibility2">-1</SimpleData>
		<SimpleData name="distance">5600</SimpleData>
		<SimpleData name="angle">59.3704446492042</SimpleData>
		<SimpleData name="KM">KM 6.6</SimpleData>
		<SimpleData name="Latitude">1.614</SimpleData>
		<SimpleData name="Longitude">103.690</SimpleData>
	</SchemaData></ExtendedData>
      <Point><coordinates>103.690072054088,1.61358479293831,0</coordinates></Point>
  </Placemark>
  <Placemark id="sde_hala_penawar__interpolated_points_sde_hala_penawar.58">
	<name>SDE HALA PENAWAR</name>
	<ExtendedData><SchemaData schemaUrl="#sde_hala_penawar__interpolated_points_sde_hala_penawar">
		<SimpleData name="id">interpolated_points_sde_hala_penawar.58</SimpleData>
		<SimpleData name="tessellate">-1</SimpleData>
		<SimpleData name="extrude">0</SimpleData>
		<SimpleData name="visibility">-1</SimpleData>
		<SimpleData name="fid">1</SimpleData>
		<SimpleData name="tessellate2">1</SimpleData>
		<SimpleData name="extrude2">0</SimpleData>
		<SimpleData name="visibility2">-1</SimpleData>
		<SimpleData name="distance">5700</SimpleData>
		<SimpleData name="angle">60.791774261605</SimpleData>
		<SimpleData name="KM">KM 6.7</SimpleData>
		<SimpleData name="Latitude">1.614</SimpleData>
		<SimpleData name="Longitude">103.691</SimpleData>
	</SchemaData></ExtendedData>
      <Point><coordinates>103.690844339245,1.61404726808347,0</coordinates></Point>
  </Placemark>
  <Placemark id="sde_hala_penawar__interpolated_points_sde_hala_penawar.59">
	<name>SDE HALA PENAWAR</name>
	<ExtendedData><SchemaData schemaUrl="#sde_hala_penawar__interpolated_points_sde_hala_penawar">
		<SimpleData name="id">interpolated_points_sde_hala_penawar.59</SimpleData>
		<SimpleData name="tessellate">-1</SimpleData>
		<SimpleData name="extrude">0</SimpleData>
		<SimpleData name="visibility">-1</SimpleData>
		<SimpleData name="fid">1</SimpleData>
		<SimpleData name="tessellate2">1</SimpleData>
		<SimpleData name="extrude2">0</SimpleData>
		<SimpleData name="visibility2">-1</SimpleData>
		<SimpleData name="distance">5800</SimpleData>
		<SimpleData name="angle">61.1546946391241</SimpleData>
		<SimpleData name="KM">KM 6.8</SimpleData>
		<SimpleData name="Latitude">1.614</SimpleData>
		<SimpleData name="Longitude">103.692</SimpleData>
	</SchemaData></ExtendedData>
      <Point><coordinates>103.691629785434,1.61448695177084,0</coordinates></Point>
  </Placemark>
  <Placemark id="sde_hala_penawar__interpolated_points_sde_hala_penawar.60">
	<name>SDE HALA PENAWAR</name>
	<ExtendedData><SchemaData schemaUrl="#sde_hala_penawar__interpolated_points_sde_hala_penawar">
		<SimpleData name="id">interpolated_points_sde_hala_penawar.60</SimpleData>
		<SimpleData name="tessellate">-1</SimpleData>
		<SimpleData name="extrude">0</SimpleData>
		<SimpleData name="visibility">-1</SimpleData>
		<SimpleData name="fid">1</SimpleData>
		<SimpleData name="tessellate2">1</SimpleData>
		<SimpleData name="extrude2">0</SimpleData>
		<SimpleData name="visibility2">-1</SimpleData>
		<SimpleData name="distance">5900</SimpleData>
		<SimpleData name="angle">62.7039398737116</SimpleData>
		<SimpleData name="KM">KM 6.9</SimpleData>
		<SimpleData name="Latitude">1.615</SimpleData>
		<SimpleData name="Longitude">103.692</SimpleData>
	</SchemaData></ExtendedData>
      <Point><coordinates>103.692426035329,1.61490638440609,0</coordinates></Point>
  </Placemark>
  <Placemark id="sde_hala_penawar__interpolated_points_sde_hala_penawar.61">
	<name>SDE HALA PENAWAR</name>
	<ExtendedData><SchemaData schemaUrl="#sde_hala_penawar__interpolated_points_sde_hala_penawar">
		<SimpleData name="id">interpolated_points_sde_hala_penawar.61</SimpleData>
		<SimpleData name="tessellate">-1</SimpleData>
		<SimpleData name="extrude">0</SimpleData>
		<SimpleData name="visibility">-1</SimpleData>
		<SimpleData name="fid">1</SimpleData>
		<SimpleData name="tessellate2">1</SimpleData>
		<SimpleData name="extrude2">0</SimpleData>
		<SimpleData name="visibility2">-1</SimpleData>
		<SimpleData name="distance">6000</SimpleData>
		<SimpleData name="angle">64.4358310139621</SimpleData>
		<SimpleData name="KM">KM 7.0</SimpleData>
		<SimpleData name="Latitude">1.615</SimpleData>
		<SimpleData name="Longitude">103.693</SimpleData>
	</SchemaData></ExtendedData>
      <Point><coordinates>103.693228584075,1.61531339796722,0</coordinates></Point>
  </Placemark>
  <Placemark id="sde_hala_penawar__interpolated_points_sde_hala_penawar.62">
	<name>SDE HALA PENAWAR</name>
	<ExtendedData><SchemaData schemaUrl="#sde_hala_penawar__interpolated_points_sde_hala_penawar">
		<SimpleData name="id">interpolated_points_sde_hala_penawar.62</SimpleData>
		<SimpleData name="tessellate">-1</SimpleData>
		<SimpleData name="extrude">0</SimpleData>
		<SimpleData name="visibility">-1</SimpleData>
		<SimpleData name="fid">1</SimpleData>
		<SimpleData name="tessellate2">1</SimpleData>
		<SimpleData name="extrude2">0</SimpleData>
		<SimpleData name="visibility2">-1</SimpleData>
		<SimpleData name="distance">6100</SimpleData>
		<SimpleData name="angle">63.1923484675727</SimpleData>
		<SimpleData name="KM">KM 7.1</SimpleData>
		<SimpleData name="Latitude">1.616</SimpleData>
		<SimpleData name="Longitude">103.694</SimpleData>
	</SchemaData></ExtendedData>
      <Point><coordinates>103.694039519659,1.61570294169037,0</coordinates></Point>
  </Placemark>
  <Placemark id="sde_hala_penawar__interpolated_points_sde_hala_penawar.63">
	<name>SDE HALA PENAWAR</name>
	<ExtendedData><SchemaData schemaUrl="#sde_hala_penawar__interpolated_points_sde_hala_penawar">
		<SimpleData name="id">interpolated_points_sde_hala_penawar.63</SimpleData>
		<SimpleData name="tessellate">-1</SimpleData>
		<SimpleData name="extrude">0</SimpleData>
		<SimpleData name="visibility">-1</SimpleData>
		<SimpleData name="fid">1</SimpleData>
		<SimpleData name="tessellate2">1</SimpleData>
		<SimpleData name="extrude2">0</SimpleData>
		<SimpleData name="visibility2">-1</SimpleData>
		<SimpleData name="distance">6200</SimpleData>
		<SimpleData name="angle">65.668125588385</SimpleData>
		<SimpleData name="KM">KM 7.2</SimpleData>
		<SimpleData name="Latitude">1.616</SimpleData>
		<SimpleData name="Longitude">103.695</SimpleData>
	</SchemaData></ExtendedData>
      <Point><coordinates>103.694855279367,1.6160823570543,0</coordinates></Point>
  </Placemark>
  <Placemark id="sde_hala_penawar__interpolated_points_sde_hala_penawar.64">
	<name>SDE HALA PENAWAR</name>
	<ExtendedData><SchemaData schemaUrl="#sde_hala_penawar__interpolated_points_sde_hala_penawar">
		<SimpleData name="id">interpolated_points_sde_hala_penawar.64</SimpleData>
		<SimpleData name="tessellate">-1</SimpleData>
		<SimpleData name="extrude">0</SimpleData>
		<SimpleData name="visibility">-1</SimpleData>
		<SimpleData name="fid">1</SimpleData>
		<SimpleData name="tessellate2">1</SimpleData>
		<SimpleData name="extrude2">0</SimpleData>
		<SimpleData name="visibility2">-1</SimpleData>
		<SimpleData name="distance">6300</SimpleData>
		<SimpleData name="angle">66.8696381701227</SimpleData>
		<SimpleData name="KM">KM 7.3</SimpleData>
		<SimpleData name="Latitude">1.616</SimpleData>
		<SimpleData name="Longitude">103.696</SimpleData>
	</SchemaData></ExtendedData>
      <Point><coordinates>103.695679975797,1.61644190082611,0</coordinates></Point>
  </Placemark>
  <Placemark id="sde_hala_penawar__interpolated_points_sde_hala_penawar.65">
	<name>SDE HALA PENAWAR</name>
	<ExtendedData><SchemaData schemaUrl="#sde_hala_penawar__interpolated_points_sde_hala_penawar">
		<SimpleData name="id">interpolated_points_sde_hala_penawar.65</SimpleData>
		<SimpleData name="tessellate">-1</SimpleData>
		<SimpleData name="extrude">0</SimpleData>
		<SimpleData name="visibility">-1</SimpleData>
		<SimpleData name="fid">1</SimpleData>
		<SimpleData name="tessellate2">1</SimpleData>
		<SimpleData name="extrude2">0</SimpleData>
		<SimpleData name="visibility2">-1</SimpleData>
		<SimpleData name="distance">6400</SimpleData>
		<SimpleData name="angle">67.699485993776</SimpleData>
		<SimpleData name="KM">KM 7.4</SimpleData>
		<SimpleData name="Latitude">1.617</SimpleData>
		<SimpleData name="Longitude">103.697</SimpleData>
	</SchemaData></ExtendedData>
      <Point><coordinates>103.696509798946,1.61678932931678,0</coordinates></Point>
  </Placemark>
  <Placemark id="sde_hala_penawar__interpolated_points_sde_hala_penawar.66">
	<name>SDE HALA PENAWAR</name>
	<ExtendedData><SchemaData schemaUrl="#sde_hala_penawar__interpolated_points_sde_hala_penawar">
		<SimpleData name="id">interpolated_points_sde_hala_penawar.66</SimpleData>
		<SimpleData name="tessellate">-1</SimpleData>
		<SimpleData name="extrude">0</SimpleData>
		<SimpleData name="visibility">-1</SimpleData>
		<SimpleData name="fid">1</SimpleData>
		<SimpleData name="tessellate2">1</SimpleData>
		<SimpleData name="extrude2">0</SimpleData>
		<SimpleData name="visibility2">-1</SimpleData>
		<SimpleData name="distance">6500</SimpleData>
		<SimpleData name="angle">67.7837002481347</SimpleData>
		<SimpleData name="KM">KM 7.5</SimpleData>
		<SimpleData name="Latitude">1.617</SimpleData>
		<SimpleData name="Longitude">103.697</SimpleData>
	</SchemaData></ExtendedData>
      <Point><coordinates>103.697346698239,1.61711864045167,0</coordinates></Point>
  </Placemark>
  <Placemark id="sde_hala_penawar__interpolated_points_sde_hala_penawar.67">
	<name>SDE HALA PENAWAR</name>
	<ExtendedData><SchemaData schemaUrl="#sde_hala_penawar__interpolated_points_sde_hala_penawar">
		<SimpleData name="id">interpolated_points_sde_hala_penawar.67</SimpleData>
		<SimpleData name="tessellate">-1</SimpleData>
		<SimpleData name="extrude">0</SimpleData>
		<SimpleData name="visibility">-1</SimpleData>
		<SimpleData name="fid">1</SimpleData>
		<SimpleData name="tessellate2">1</SimpleData>
		<SimpleData name="extrude2">0</SimpleData>
		<SimpleData name="visibility2">-1</SimpleData>
		<SimpleData name="distance">6600</SimpleData>
		<SimpleData name="angle">70.4003056464042</SimpleData>
		<SimpleData name="KM">KM 7.6</SimpleData>
		<SimpleData name="Latitude">1.617</SimpleData>
		<SimpleData name="Longitude">103.698</SimpleData>
	</SchemaData></ExtendedData>
      <Point><coordinates>103.698185254838,1.6174433767419,0</coordinates></Point>
  </Placemark>
  <Placemark id="sde_hala_penawar__interpolated_points_sde_hala_penawar.68">
	<name>SDE HALA PENAWAR</name>
	<ExtendedData><SchemaData schemaUrl="#sde_hala_penawar__interpolated_points_sde_hala_penawar">
		<SimpleData name="id">interpolated_points_sde_hala_penawar.68</SimpleData>
		<SimpleData name="tessellate">-1</SimpleData>
		<SimpleData name="extrude">0</SimpleData>
		<SimpleData name="visibility">-1</SimpleData>
		<SimpleData name="fid">1</SimpleData>
		<SimpleData name="tessellate2">1</SimpleData>
		<SimpleData name="extrude2">0</SimpleData>
		<SimpleData name="visibility2">-1</SimpleData>
		<SimpleData name="distance">6700</SimpleData>
		<SimpleData name="angle">69.7269626606412</SimpleData>
		<SimpleData name="KM">KM 7.7</SimpleData>
		<SimpleData name="Latitude">1.618</SimpleData>
		<SimpleData name="Longitude">103.699</SimpleData>
	</SchemaData></ExtendedData>
      <Point><coordinates>103.699033795902,1.61774077092398,0</coordinates></Point>
  </Placemark>
  <Placemark id="sde_hala_penawar__interpolated_points_sde_hala_penawar.69">
	<name>SDE HALA PENAWAR</name>
	<ExtendedData><SchemaData schemaUrl="#sde_hala_penawar__interpolated_points_sde_hala_penawar">
		<SimpleData name="id">interpolated_points_sde_hala_penawar.69</SimpleData>
		<SimpleData name="tessellate">-1</SimpleData>
		<SimpleData name="extrude">0</SimpleData>
		<SimpleData name="visibility">-1</SimpleData>
		<SimpleData name="fid">1</SimpleData>
		<SimpleData name="tessellate2">1</SimpleData>
		<SimpleData name="extrude2">0</SimpleData>
		<SimpleData name="visibility2">-1</SimpleData>
		<SimpleData name="distance">6800</SimpleData>
		<SimpleData name="angle">71.6528269537771</SimpleData>
		<SimpleData name="KM">KM 7.8</SimpleData>
		<SimpleData name="Latitude">1.618</SimpleData>
		<SimpleData name="Longitude">103.700</SimpleData>
	</SchemaData></ExtendedData>
      <Point><coordinates>103.699886299249,1.61802675225814,0</coordinates></Point>
  </Placemark>
  <Placemark id="sde_hala_penawar__interpolated_points_sde_hala_penawar.70">
	<name>SDE HALA PENAWAR</name>
	<ExtendedData><SchemaData schemaUrl="#sde_hala_penawar__interpolated_points_sde_hala_penawar">
		<SimpleData name="id">interpolated_points_sde_hala_penawar.70</SimpleData>
		<SimpleData name="tessellate">-1</SimpleData>
		<SimpleData name="extrude">0</SimpleData>
		<SimpleData name="visibility">-1</SimpleData>
		<SimpleData name="fid">1</SimpleData>
		<SimpleData name="tessellate2">1</SimpleData>
		<SimpleData name="extrude2">0</SimpleData>
		<SimpleData name="visibility2">-1</SimpleData>
		<SimpleData name="distance">6900</SimpleData>
		<SimpleData name="angle">73.678487318992</SimpleData>
		<SimpleData name="KM">KM 7.9</SimpleData>
		<SimpleData name="Latitude">1.618</SimpleData>
		<SimpleData name="Longitude">103.701</SimpleData>
	</SchemaData></ExtendedData>
      <Point><coordinates>103.700743990993,1.61829705867029,0</coordinates></Point>
  </Placemark>
  <Placemark id="sde_hala_penawar__interpolated_points_sde_hala_penawar.71">
	<name>SDE HALA PENAWAR</name>
	<ExtendedData><SchemaData schemaUrl="#sde_hala_penawar__interpolated_points_sde_hala_penawar">
		<SimpleData name="id">interpolated_points_sde_hala_penawar.71</SimpleData>
		<SimpleData name="tessellate">-1</SimpleData>
		<SimpleData name="extrude">0</SimpleData>
		<SimpleData name="visibility">-1</SimpleData>
		<SimpleData name="fid">1</SimpleData>
		<SimpleData name="tessellate2">1</SimpleData>
		<SimpleData name="extrude2">0</SimpleData>
		<SimpleData name="visibility2">-1</SimpleData>
		<SimpleData name="distance">7000</SimpleData>
		<SimpleData name="angle">73.678487318992</SimpleData>
		<SimpleData name="KM">KM 8.0</SimpleData>
		<SimpleData name="Latitude">1.619</SimpleData>
		<SimpleData name="Longitude">103.702</SimpleData>
	</SchemaData></ExtendedData>
      <Point><coordinates>103.701606405984,1.61855180071806,0</coordinates></Point>
  </Placemark>
  <Placemark id="sde_hala_penawar__interpolated_points_sde_hala_penawar.72">
	<name>SDE HALA PENAWAR</name>
	<ExtendedData><SchemaData schemaUrl="#sde_hala_penawar__interpolated_points_sde_hala_penawar">
		<SimpleData name="id">interpolated_points_sde_hala_penawar.72</SimpleData>
		<SimpleData name="tessellate">-1</SimpleData>
		<SimpleData name="extrude">0</SimpleData>
		<SimpleData name="visibility">-1</SimpleData>
		<SimpleData name="fid">1</SimpleData>
		<SimpleData name="tessellate2">1</SimpleData>
		<SimpleData name="extrude2">0</SimpleData>
		<SimpleData name="visibility2">-1</SimpleData>
		<SimpleData name="distance">7100</SimpleData>
		<SimpleData name="angle">74.7655627307166</SimpleData>
		<SimpleData name="KM">KM 8.1</SimpleData>
		<SimpleData name="Latitude">1.619</SimpleData>
		<SimpleData name="Longitude">103.702</SimpleData>
	</SchemaData></ExtendedData>
      <Point><coordinates>103.702471859731,1.6187957480904,0</coordinates></Point>
  </Placemark>
  <Placemark id="sde_hala_penawar__interpolated_points_sde_hala_penawar.73">
	<name>SDE HALA PENAWAR</name>
	<ExtendedData><SchemaData schemaUrl="#sde_hala_penawar__interpolated_points_sde_hala_penawar">
		<SimpleData name="id">interpolated_points_sde_hala_penawar.73</SimpleData>
		<SimpleData name="tessellate">-1</SimpleData>
		<SimpleData name="extrude">0</SimpleData>
		<SimpleData name="visibility">-1</SimpleData>
		<SimpleData name="fid">1</SimpleData>
		<SimpleData name="tessellate2">1</SimpleData>
		<SimpleData name="extrude2">0</SimpleData>
		<SimpleData name="visibility2">-1</SimpleData>
		<SimpleData name="distance">7200</SimpleData>
		<SimpleData name="angle">76.0852552863497</SimpleData>
		<SimpleData name="KM">KM 8.2</SimpleData>
		<SimpleData name="Latitude">1.619</SimpleData>
		<SimpleData name="Longitude">103.703</SimpleData>
	</SchemaData></ExtendedData>
      <Point><coordinates>103.703342419224,1.61902060480935,0</coordinates></Point>
  </Placemark>
  <Placemark id="sde_hala_penawar__interpolated_points_sde_hala_penawar.74">
	<name>SDE HALA PENAWAR</name>
	<ExtendedData><SchemaData schemaUrl="#sde_hala_penawar__interpolated_points_sde_hala_penawar">
		<SimpleData name="id">interpolated_points_sde_hala_penawar.74</SimpleData>
		<SimpleData name="tessellate">-1</SimpleData>
		<SimpleData name="extrude">0</SimpleData>
		<SimpleData name="visibility">-1</SimpleData>
		<SimpleData name="fid">1</SimpleData>
		<SimpleData name="tessellate2">1</SimpleData>
		<SimpleData name="extrude2">0</SimpleData>
		<SimpleData name="visibility2">-1</SimpleData>
		<SimpleData name="distance">7300</SimpleData>
		<SimpleData name="angle">76.8852845538774</SimpleData>
		<SimpleData name="KM">KM 8.3</SimpleData>
		<SimpleData name="Latitude">1.619</SimpleData>
		<SimpleData name="Longitude">103.704</SimpleData>
	</SchemaData></ExtendedData>
      <Point><coordinates>103.704218924212,1.61921461151732,0</coordinates></Point>
  </Placemark>
  <Placemark id="sde_hala_penawar__interpolated_points_sde_hala_penawar.75">
	<name>SDE HALA PENAWAR</name>
	<ExtendedData><SchemaData schemaUrl="#sde_hala_penawar__interpolated_points_sde_hala_penawar">
		<SimpleData name="id">interpolated_points_sde_hala_penawar.75</SimpleData>
		<SimpleData name="tessellate">-1</SimpleData>
		<SimpleData name="extrude">0</SimpleData>
		<SimpleData name="visibility">-1</SimpleData>
		<SimpleData name="fid">1</SimpleData>
		<SimpleData name="tessellate2">1</SimpleData>
		<SimpleData name="extrude2">0</SimpleData>
		<SimpleData name="visibility2">-1</SimpleData>
		<SimpleData name="distance">7400</SimpleData>
		<SimpleData name="angle">79.5593113900362</SimpleData>
		<SimpleData name="KM">KM 8.4</SimpleData>
		<SimpleData name="Latitude">1.619</SimpleData>
		<SimpleData name="Longitude">103.705</SimpleData>
	</SchemaData></ExtendedData>
      <Point><coordinates>103.705096713608,1.61940807713328,0</coordinates></Point>
  </Placemark>
  <Placemark id="sde_hala_penawar__interpolated_points_sde_hala_penawar.76">
	<name>SDE HALA PENAWAR</name>
	<ExtendedData><SchemaData schemaUrl="#sde_hala_penawar__interpolated_points_sde_hala_penawar">
		<SimpleData name="id">interpolated_points_sde_hala_penawar.76</SimpleData>
		<SimpleData name="tessellate">-1</SimpleData>
		<SimpleData name="extrude">0</SimpleData>
		<SimpleData name="visibility">-1</SimpleData>
		<SimpleData name="fid">1</SimpleData>
		<SimpleData name="tessellate2">1</SimpleData>
		<SimpleData name="extrude2">0</SimpleData>
		<SimpleData name="visibility2">-1</SimpleData>
		<SimpleData name="distance">7500</SimpleData>
		<SimpleData name="angle">79.5593113900362</SimpleData>
		<SimpleData name="KM">KM 8.5</SimpleData>
		<SimpleData name="Latitude">1.620</SimpleData>
		<SimpleData name="Longitude">103.706</SimpleData>
	</SchemaData></ExtendedData>
      <Point><coordinates>103.705980528658,1.61957255498716,0</coordinates></Point>
  </Placemark>
  <Placemark id="sde_hala_penawar__interpolated_points_sde_hala_penawar.77">
	<name>SDE HALA PENAWAR</name>
	<ExtendedData><SchemaData schemaUrl="#sde_hala_penawar__interpolated_points_sde_hala_penawar">
		<SimpleData name="id">interpolated_points_sde_hala_penawar.77</SimpleData>
		<SimpleData name="tessellate">-1</SimpleData>
		<SimpleData name="extrude">0</SimpleData>
		<SimpleData name="visibility">-1</SimpleData>
		<SimpleData name="fid">1</SimpleData>
		<SimpleData name="tessellate2">1</SimpleData>
		<SimpleData name="extrude2">0</SimpleData>
		<SimpleData name="visibility2">-1</SimpleData>
		<SimpleData name="distance">7600</SimpleData>
		<SimpleData name="angle">79.5593113900362</SimpleData>
		<SimpleData name="KM">KM 8.6</SimpleData>
		<SimpleData name="Latitude">1.620</SimpleData>
		<SimpleData name="Longitude">103.707</SimpleData>
	</SchemaData></ExtendedData>
      <Point><coordinates>103.706864344151,1.61973703256812,0</coordinates></Point>
  </Placemark>
  <Placemark id="sde_hala_penawar__interpolated_points_sde_hala_penawar.78">
	<name>SDE HALA PENAWAR</name>
	<ExtendedData><SchemaData schemaUrl="#sde_hala_penawar__interpolated_points_sde_hala_penawar">
		<SimpleData name="id">interpolated_points_sde_hala_penawar.78</SimpleData>
		<SimpleData name="tessellate">-1</SimpleData>
		<SimpleData name="extrude">0</SimpleData>
		<SimpleData name="visibility">-1</SimpleData>
		<SimpleData name="fid">1</SimpleData>
		<SimpleData name="tessellate2">1</SimpleData>
		<SimpleData name="extrude2">0</SimpleData>
		<SimpleData name="visibility2">-1</SimpleData>
		<SimpleData name="distance">7700</SimpleData>
		<SimpleData name="angle">82.8284931378962</SimpleData>
		<SimpleData name="KM">KM 8.7</SimpleData>
		<SimpleData name="Latitude">1.620</SimpleData>
		<SimpleData name="Longitude">103.708</SimpleData>
	</SchemaData></ExtendedData>
      <Point><coordinates>103.707750908191,1.61988527923044,0</coordinates></Point>
  </Placemark>
  <Placemark id="sde_hala_penawar__interpolated_points_sde_hala_penawar.79">
	<name>SDE HALA PENAWAR</name>
	<ExtendedData><SchemaData schemaUrl="#sde_hala_penawar__interpolated_points_sde_hala_penawar">
		<SimpleData name="id">interpolated_points_sde_hala_penawar.79</SimpleData>
		<SimpleData name="tessellate">-1</SimpleData>
		<SimpleData name="extrude">0</SimpleData>
		<SimpleData name="visibility">-1</SimpleData>
		<SimpleData name="fid">1</SimpleData>
		<SimpleData name="tessellate2">1</SimpleData>
		<SimpleData name="extrude2">0</SimpleData>
		<SimpleData name="visibility2">-1</SimpleData>
		<SimpleData name="distance">7800</SimpleData>
		<SimpleData name="angle">84.8878892495006</SimpleData>
		<SimpleData name="KM">KM 8.8</SimpleData>
		<SimpleData name="Latitude">1.620</SimpleData>
		<SimpleData name="Longitude">103.709</SimpleData>
	</SchemaData></ExtendedData>
      <Point><coordinates>103.708637668977,1.62002794926567,0</coordinates></Point>
  </Placemark>
  <Placemark id="sde_hala_penawar__interpolated_points_sde_hala_penawar.80">
	<name>SDE HALA PENAWAR</name>
	<ExtendedData><SchemaData schemaUrl="#sde_hala_penawar__interpolated_points_sde_hala_penawar">
		<SimpleData name="id">interpolated_points_sde_hala_penawar.80</SimpleData>
		<SimpleData name="tessellate">-1</SimpleData>
		<SimpleData name="extrude">0</SimpleData>
		<SimpleData name="visibility">-1</SimpleData>
		<SimpleData name="fid">1</SimpleData>
		<SimpleData name="tessellate2">1</SimpleData>
		<SimpleData name="extrude2">0</SimpleData>
		<SimpleData name="visibility2">-1</SimpleData>
		<SimpleData name="distance">7900</SimpleData>
		<SimpleData name="angle">84.8452356751322</SimpleData>
		<SimpleData name="KM">KM 8.9</SimpleData>
		<SimpleData name="Latitude">1.620</SimpleData>
		<SimpleData name="Longitude">103.710</SimpleData>
	</SchemaData></ExtendedData>
      <Point><coordinates>103.709532804548,1.62010956502618,0</coordinates></Point>
  </Placemark>
  <Placemark id="sde_hala_penawar__interpolated_points_sde_hala_penawar.81">
	<name>SDE HALA PENAWAR</name>
	<ExtendedData><SchemaData schemaUrl="#sde_hala_penawar__interpolated_points_sde_hala_penawar">
		<SimpleData name="id">interpolated_points_sde_hala_penawar.81</SimpleData>
		<SimpleData name="tessellate">-1</SimpleData>
		<SimpleData name="extrude">0</SimpleData>
		<SimpleData name="visibility">-1</SimpleData>
		<SimpleData name="fid">1</SimpleData>
		<SimpleData name="tessellate2">1</SimpleData>
		<SimpleData name="extrude2">0</SimpleData>
		<SimpleData name="visibility2">-1</SimpleData>
		<SimpleData name="distance">8000</SimpleData>
		<SimpleData name="angle">84.2789563214856</SimpleData>
		<SimpleData name="KM">KM 9.0</SimpleData>
		<SimpleData name="Latitude">1.620</SimpleData>
		<SimpleData name="Longitude">103.710</SimpleData>
	</SchemaData></ExtendedData>
      <Point><coordinates>103.710427336334,1.62019753698373,0</coordinates></Point>
  </Placemark>
  <Placemark id="sde_hala_penawar__interpolated_points_sde_hala_penawar.82">
	<name>SDE HALA PENAWAR</name>
	<ExtendedData><SchemaData schemaUrl="#sde_hala_penawar__interpolated_points_sde_hala_penawar">
		<SimpleData name="id">interpolated_points_sde_hala_penawar.82</SimpleData>
		<SimpleData name="tessellate">-1</SimpleData>
		<SimpleData name="extrude">0</SimpleData>
		<SimpleData name="visibility">-1</SimpleData>
		<SimpleData name="fid">1</SimpleData>
		<SimpleData name="tessellate2">1</SimpleData>
		<SimpleData name="extrude2">0</SimpleData>
		<SimpleData name="visibility2">-1</SimpleData>
		<SimpleData name="distance">8100</SimpleData>
		<SimpleData name="angle">85.7067729277618</SimpleData>
		<SimpleData name="KM">KM 9.1</SimpleData>
		<SimpleData name="Latitude">1.620</SimpleData>
		<SimpleData name="Longitude">103.711</SimpleData>
	</SchemaData></ExtendedData>
      <Point><coordinates>103.711320815206,1.62029558592244,0</coordinates></Point>
  </Placemark>
  <Placemark id="sde_hala_penawar__interpolated_points_sde_hala_penawar.83">
	<name>SDE HALA PENAWAR</name>
	<ExtendedData><SchemaData schemaUrl="#sde_hala_penawar__interpolated_points_sde_hala_penawar">
		<SimpleData name="id">interpolated_points_sde_hala_penawar.83</SimpleData>
		<SimpleData name="tessellate">-1</SimpleData>
		<SimpleData name="extrude">0</SimpleData>
		<SimpleData name="visibility">-1</SimpleData>
		<SimpleData name="fid">1</SimpleData>
		<SimpleData name="tessellate2">1</SimpleData>
		<SimpleData name="extrude2">0</SimpleData>
		<SimpleData name="visibility2">-1</SimpleData>
		<SimpleData name="distance">8200</SimpleData>
		<SimpleData name="angle">86.810306467285</SimpleData>
		<SimpleData name="KM">KM 9.2</SimpleData>
		<SimpleData name="Latitude">1.620</SimpleData>
		<SimpleData name="Longitude">103.712</SimpleData>
	</SchemaData></ExtendedData>
      <Point><coordinates>103.712217505417,1.62035414842207,0</coordinates></Point>
  </Placemark>
  <Placemark id="sde_hala_penawar__interpolated_points_sde_hala_penawar.84">
	<name>SDE HALA PENAWAR</name>
	<ExtendedData><SchemaData schemaUrl="#sde_hala_penawar__interpolated_points_sde_hala_penawar">
		<SimpleData name="id">interpolated_points_sde_hala_penawar.84</SimpleData>
		<SimpleData name="tessellate">-1</SimpleData>
		<SimpleData name="extrude">0</SimpleData>
		<SimpleData name="visibility">-1</SimpleData>
		<SimpleData name="fid">1</SimpleData>
		<SimpleData name="tessellate2">1</SimpleData>
		<SimpleData name="extrude2">0</SimpleData>
		<SimpleData name="visibility2">-1</SimpleData>
		<SimpleData name="distance">8300</SimpleData>
		<SimpleData name="angle">87.873613889309</SimpleData>
		<SimpleData name="KM">KM 9.3</SimpleData>
		<SimpleData name="Latitude">1.620</SimpleData>
		<SimpleData name="Longitude">103.713</SimpleData>
	</SchemaData></ExtendedData>
      <Point><coordinates>103.713115301307,1.62039613975918,0</coordinates></Point>
  </Placemark>
  <Placemark id="sde_hala_penawar__interpolated_points_sde_hala_penawar.85">
	<name>SDE HALA PENAWAR</name>
	<ExtendedData><SchemaData schemaUrl="#sde_hala_penawar__interpolated_points_sde_hala_penawar">
		<SimpleData name="id">interpolated_points_sde_hala_penawar.85</SimpleData>
		<SimpleData name="tessellate">-1</SimpleData>
		<SimpleData name="extrude">0</SimpleData>
		<SimpleData name="visibility">-1</SimpleData>
		<SimpleData name="fid">1</SimpleData>
		<SimpleData name="tessellate2">1</SimpleData>
		<SimpleData name="extrude2">0</SimpleData>
		<SimpleData name="visibility2">-1</SimpleData>
		<SimpleData name="distance">8400</SimpleData>
		<SimpleData name="angle">89.3473108234022</SimpleData>
		<SimpleData name="KM">KM 9.4</SimpleData>
		<SimpleData name="Latitude">1.620</SimpleData>
		<SimpleData name="Longitude">103.714</SimpleData>
	</SchemaData></ExtendedData>
      <Point><coordinates>103.714013806644,1.6204164607852,0</coordinates></Point>
  </Placemark>
  <Placemark id="sde_hala_penawar__interpolated_points_sde_hala_penawar.86">
	<name>SDE HALA PENAWAR</name>
	<ExtendedData><SchemaData schemaUrl="#sde_hala_penawar__interpolated_points_sde_hala_penawar">
		<SimpleData name="id">interpolated_points_sde_hala_penawar.86</SimpleData>
		<SimpleData name="tessellate">-1</SimpleData>
		<SimpleData name="extrude">0</SimpleData>
		<SimpleData name="visibility">-1</SimpleData>
		<SimpleData name="fid">1</SimpleData>
		<SimpleData name="tessellate2">1</SimpleData>
		<SimpleData name="extrude2">0</SimpleData>
		<SimpleData name="visibility2">-1</SimpleData>
		<SimpleData name="distance">8500</SimpleData>
		<SimpleData name="angle">89.3473108234022</SimpleData>
		<SimpleData name="KM">KM 9.5</SimpleData>
		<SimpleData name="Latitude">1.620</SimpleData>
		<SimpleData name="Longitude">103.715</SimpleData>
	</SchemaData></ExtendedData>
      <Point><coordinates>103.714912545896,1.6204273381172,0</coordinates></Point>
  </Placemark>
  <Placemark id="sde_hala_penawar__interpolated_points_sde_hala_penawar.87">
	<name>SDE HALA PENAWAR</name>
	<ExtendedData><SchemaData schemaUrl="#sde_hala_penawar__interpolated_points_sde_hala_penawar">
		<SimpleData name="id">interpolated_points_sde_hala_penawar.87</SimpleData>
		<SimpleData name="tessellate">-1</SimpleData>
		<SimpleData name="extrude">0</SimpleData>
		<SimpleData name="visibility">-1</SimpleData>
		<SimpleData name="fid">1</SimpleData>
		<SimpleData name="tessellate2">1</SimpleData>
		<SimpleData name="extrude2">0</SimpleData>
		<SimpleData name="visibility2">-1</SimpleData>
		<SimpleData name="distance">8600</SimpleData>
		<SimpleData name="angle">89.4024011681402</SimpleData>
		<SimpleData name="KM">KM 9.6</SimpleData>
		<SimpleData name="Latitude">1.620</SimpleData>
		<SimpleData name="Longitude">103.716</SimpleData>
	</SchemaData></ExtendedData>
      <Point><coordinates>103.715811289342,1.62043787805407,0</coordinates></Point>
  </Placemark>
  <Placemark id="sde_hala_penawar__interpolated_points_sde_hala_penawar.88">
	<name>SDE HALA PENAWAR</name>
	<ExtendedData><SchemaData schemaUrl="#sde_hala_penawar__interpolated_points_sde_hala_penawar">
		<SimpleData name="id">interpolated_points_sde_hala_penawar.88</SimpleData>
		<SimpleData name="tessellate">-1</SimpleData>
		<SimpleData name="extrude">0</SimpleData>
		<SimpleData name="visibility">-1</SimpleData>
		<SimpleData name="fid">1</SimpleData>
		<SimpleData name="tessellate2">1</SimpleData>
		<SimpleData name="extrude2">0</SimpleData>
		<SimpleData name="visibility2">-1</SimpleData>
		<SimpleData name="distance">8700</SimpleData>
		<SimpleData name="angle">89.4024011681402</SimpleData>
		<SimpleData name="KM">KM 9.7</SimpleData>
		<SimpleData name="Latitude">1.620</SimpleData>
		<SimpleData name="Longitude">103.717</SimpleData>
	</SchemaData></ExtendedData>
      <Point><coordinates>103.716710039226,1.62044788497667,0</coordinates></Point>
  </Placemark>
  <Placemark id="sde_hala_penawar__interpolated_points_sde_hala_penawar.89">
	<name>SDE HALA PENAWAR</name>
	<ExtendedData><SchemaData schemaUrl="#sde_hala_penawar__interpolated_points_sde_hala_penawar">
		<SimpleData name="id">interpolated_points_sde_hala_penawar.89</SimpleData>
		<SimpleData name="tessellate">-1</SimpleData>
		<SimpleData name="extrude">0</SimpleData>
		<SimpleData name="visibility">-1</SimpleData>
		<SimpleData name="fid">1</SimpleData>
		<SimpleData name="tessellate2">1</SimpleData>
		<SimpleData name="extrude2">0</SimpleData>
		<SimpleData name="visibility2">-1</SimpleData>
		<SimpleData name="distance">8800</SimpleData>
		<SimpleData name="angle">88.8049207085526</SimpleData>
		<SimpleData name="KM">KM 9.8</SimpleData>
		<SimpleData name="Latitude">1.620</SimpleData>
		<SimpleData name="Longitude">103.718</SimpleData>
	</SchemaData></ExtendedData>
      <Point><coordinates>103.717608436669,1.62045143041984,0</coordinates></Point>
  </Placemark>
  <Placemark id="sde_hala_penawar__interpolated_points_sde_hala_penawar.90">
	<name>SDE HALA PENAWAR</name>
	<ExtendedData><SchemaData schemaUrl="#sde_hala_penawar__interpolated_points_sde_hala_penawar">
		<SimpleData name="id">interpolated_points_sde_hala_penawar.90</SimpleData>
		<SimpleData name="tessellate">-1</SimpleData>
		<SimpleData name="extrude">0</SimpleData>
		<SimpleData name="visibility">-1</SimpleData>
		<SimpleData name="fid">1</SimpleData>
		<SimpleData name="tessellate2">1</SimpleData>
		<SimpleData name="extrude2">0</SimpleData>
		<SimpleData name="visibility2">-1</SimpleData>
		<SimpleData name="distance">8900</SimpleData>
		<SimpleData name="angle">89.5845050078485</SimpleData>
		<SimpleData name="KM">KM 9.9</SimpleData>
		<SimpleData name="Latitude">1.620</SimpleData>
		<SimpleData name="Longitude">103.719</SimpleData>
	</SchemaData></ExtendedData>
      <Point><coordinates>103.718506498933,1.62046314603402,0</coordinates></Point>
  </Placemark>
  <Placemark id="sde_hala_penawar__interpolated_points_sde_hala_penawar.91">
	<name>SDE HALA PENAWAR</name>
	<ExtendedData><SchemaData schemaUrl="#sde_hala_penawar__interpolated_points_sde_hala_penawar">
		<SimpleData name="id">interpolated_points_sde_hala_penawar.91</SimpleData>
		<SimpleData name="tessellate">-1</SimpleData>
		<SimpleData name="extrude">0</SimpleData>
		<SimpleData name="visibility">-1</SimpleData>
		<SimpleData name="fid">1</SimpleData>
		<SimpleData name="tessellate2">1</SimpleData>
		<SimpleData name="extrude2">0</SimpleData>
		<SimpleData name="visibility2">-1</SimpleData>
		<SimpleData name="distance">9000</SimpleData>
		<SimpleData name="angle">89.5845050078485</SimpleData>
		<SimpleData name="KM">KM 10.0</SimpleData>
		<SimpleData name="Latitude">1.620</SimpleData>
		<SimpleData name="Longitude">103.719</SimpleData>
	</SchemaData></ExtendedData>
      <Point><coordinates>103.719405276854,1.62047027712996,0</coordinates></Point>
  </Placemark>
  <Placemark id="sde_hala_penawar__interpolated_points_sde_hala_penawar.92">
	<name>SDE HALA PENAWAR</name>
	<ExtendedData><SchemaData schemaUrl="#sde_hala_penawar__interpolated_points_sde_hala_penawar">
		<SimpleData name="id">interpolated_points_sde_hala_penawar.92</SimpleData>
		<SimpleData name="tessellate">-1</SimpleData>
		<SimpleData name="extrude">0</SimpleData>
		<SimpleData name="visibility">-1</SimpleData>
		<SimpleData name="fid">1</SimpleData>
		<SimpleData name="tessellate2">1</SimpleData>
		<SimpleData name="extrude2">0</SimpleData>
		<SimpleData name="visibility2">-1</SimpleData>
		<SimpleData name="distance">9100</SimpleData>
		<SimpleData name="angle">89.5845050078485</SimpleData>
		<SimpleData name="KM">KM 10.1</SimpleData>
		<SimpleData name="Latitude">1.620</SimpleData>
		<SimpleData name="Longitude">103.720</SimpleData>
	</SchemaData></ExtendedData>
      <Point><coordinates>103.720304055098,1.6204774078295,0</coordinates></Point>
  </Placemark>
  <Placemark id="sde_hala_penawar__interpolated_points_sde_hala_penawar.93">
	<name>SDE HALA PENAWAR</name>
	<ExtendedData><SchemaData schemaUrl="#sde_hala_penawar__interpolated_points_sde_hala_penawar">
		<SimpleData name="id">interpolated_points_sde_hala_penawar.93</SimpleData>
		<SimpleData name="tessellate">-1</SimpleData>
		<SimpleData name="extrude">0</SimpleData>
		<SimpleData name="visibility">-1</SimpleData>
		<SimpleData name="fid">1</SimpleData>
		<SimpleData name="tessellate2">1</SimpleData>
		<SimpleData name="extrude2">0</SimpleData>
		<SimpleData name="visibility2">-1</SimpleData>
		<SimpleData name="distance">9200</SimpleData>
		<SimpleData name="angle">88.874381529221</SimpleData>
		<SimpleData name="KM">KM 10.2</SimpleData>
		<SimpleData name="Latitude">1.620</SimpleData>
		<SimpleData name="Longitude">103.721</SimpleData>
	</SchemaData></ExtendedData>
      <Point><coordinates>103.721202821829,1.6204853841227,0</coordinates></Point>
  </Placemark>
  <Placemark id="sde_hala_penawar__interpolated_points_sde_hala_penawar.94">
	<name>SDE HALA PENAWAR</name>
	<ExtendedData><SchemaData schemaUrl="#sde_hala_penawar__interpolated_points_sde_hala_penawar">
		<SimpleData name="id">interpolated_points_sde_hala_penawar.94</SimpleData>
		<SimpleData name="tessellate">-1</SimpleData>
		<SimpleData name="extrude">0</SimpleData>
		<SimpleData name="visibility">-1</SimpleData>
		<SimpleData name="fid">1</SimpleData>
		<SimpleData name="tessellate2">1</SimpleData>
		<SimpleData name="extrude2">0</SimpleData>
		<SimpleData name="visibility2">-1</SimpleData>
		<SimpleData name="distance">9300</SimpleData>
		<SimpleData name="angle">89.3209142601002</SimpleData>
		<SimpleData name="KM">KM 10.3</SimpleData>
		<SimpleData name="Latitude">1.620</SimpleData>
		<SimpleData name="Longitude">103.722</SimpleData>
	</SchemaData></ExtendedData>
      <Point><coordinates>103.722101531739,1.6204922831009,0</coordinates></Point>
  </Placemark>
  <Placemark id="sde_hala_penawar__interpolated_points_sde_hala_penawar.95">
	<name>SDE HALA PENAWAR</name>
	<ExtendedData><SchemaData schemaUrl="#sde_hala_penawar__interpolated_points_sde_hala_penawar">
		<SimpleData name="id">interpolated_points_sde_hala_penawar.95</SimpleData>
		<SimpleData name="tessellate">-1</SimpleData>
		<SimpleData name="extrude">0</SimpleData>
		<SimpleData name="visibility">-1</SimpleData>
		<SimpleData name="fid">1</SimpleData>
		<SimpleData name="tessellate2">1</SimpleData>
		<SimpleData name="extrude2">0</SimpleData>
		<SimpleData name="visibility2">-1</SimpleData>
		<SimpleData name="distance">9400</SimpleData>
		<SimpleData name="angle">89.8870777565564</SimpleData>
		<SimpleData name="KM">KM 10.4</SimpleData>
		<SimpleData name="Latitude">1.620</SimpleData>
		<SimpleData name="Longitude">103.723</SimpleData>
	</SchemaData></ExtendedData>
      <Point><coordinates>103.723000307848,1.62049836994707,0</coordinates></Point>
  </Placemark>
  <Placemark id="sde_hala_penawar__interpolated_points_sde_hala_penawar.96">
	<name>SDE HALA PENAWAR</name>
	<ExtendedData><SchemaData schemaUrl="#sde_hala_penawar__interpolated_points_sde_hala_penawar">
		<SimpleData name="id">interpolated_points_sde_hala_penawar.96</SimpleData>
		<SimpleData name="tessellate">-1</SimpleData>
		<SimpleData name="extrude">0</SimpleData>
		<SimpleData name="visibility">-1</SimpleData>
		<SimpleData name="fid">1</SimpleData>
		<SimpleData name="tessellate2">1</SimpleData>
		<SimpleData name="extrude2">0</SimpleData>
		<SimpleData name="visibility2">-1</SimpleData>
		<SimpleData name="distance">9500</SimpleData>
		<SimpleData name="angle">89.3920622154231</SimpleData>
		<SimpleData name="KM">KM 10.5</SimpleData>
		<SimpleData name="Latitude">1.621</SimpleData>
		<SimpleData name="Longitude">103.724</SimpleData>
	</SchemaData></ExtendedData>
      <Point><coordinates>103.723899072912,1.62050644430033,0</coordinates></Point>
  </Placemark>
  <Placemark id="sde_hala_penawar__interpolated_points_sde_hala_penawar.97">
	<name>SDE HALA PENAWAR</name>
	<ExtendedData><SchemaData schemaUrl="#sde_hala_penawar__interpolated_points_sde_hala_penawar">
		<SimpleData name="id">interpolated_points_sde_hala_penawar.97</SimpleData>
		<SimpleData name="tessellate">-1</SimpleData>
		<SimpleData name="extrude">0</SimpleData>
		<SimpleData name="visibility">-1</SimpleData>
		<SimpleData name="fid">1</SimpleData>
		<SimpleData name="tessellate2">1</SimpleData>
		<SimpleData name="extrude2">0</SimpleData>
		<SimpleData name="visibility2">-1</SimpleData>
		<SimpleData name="distance">9600</SimpleData>
		<SimpleData name="angle">89.7818924726096</SimpleData>
		<SimpleData name="KM">KM 10.6</SimpleData>
		<SimpleData name="Latitude">1.621</SimpleData>
		<SimpleData name="Longitude">103.725</SimpleData>
	</SchemaData></ExtendedData>
      <Point><coordinates>103.724797841117,1.6205146868019,0</coordinates></Point>
  </Placemark>
  <Placemark id="sde_hala_penawar__interpolated_points_sde_hala_penawar.98">
	<name>SDE HALA PENAWAR</name>
	<ExtendedData><SchemaData schemaUrl="#sde_hala_penawar__interpolated_points_sde_hala_penawar">
		<SimpleData name="id">interpolated_points_sde_hala_penawar.98</SimpleData>
		<SimpleData name="tessellate">-1</SimpleData>
		<SimpleData name="extrude">0</SimpleData>
		<SimpleData name="visibility">-1</SimpleData>
		<SimpleData name="fid">1</SimpleData>
		<SimpleData name="tessellate2">1</SimpleData>
		<SimpleData name="extrude2">0</SimpleData>
		<SimpleData name="visibility2">-1</SimpleData>
		<SimpleData name="distance">9700</SimpleData>
		<SimpleData name="angle">88.7756881165047</SimpleData>
		<SimpleData name="KM">KM 10.7</SimpleData>
		<SimpleData name="Latitude">1.621</SimpleData>
		<SimpleData name="Longitude">103.726</SimpleData>
	</SchemaData></ExtendedData>
      <Point><coordinates>103.725696586237,1.62052348530754,0</coordinates></Point>
  </Placemark>
  <Placemark id="sde_hala_penawar__interpolated_points_sde_hala_penawar.99">
	<name>SDE HALA PENAWAR</name>
	<ExtendedData><SchemaData schemaUrl="#sde_hala_penawar__interpolated_points_sde_hala_penawar">
		<SimpleData name="id">interpolated_points_sde_hala_penawar.99</SimpleData>
		<SimpleData name="tessellate">-1</SimpleData>
		<SimpleData name="extrude">0</SimpleData>
		<SimpleData name="visibility">-1</SimpleData>
		<SimpleData name="fid">1</SimpleData>
		<SimpleData name="tessellate2">1</SimpleData>
		<SimpleData name="extrude2">0</SimpleData>
		<SimpleData name="visibility2">-1</SimpleData>
		<SimpleData name="distance">9800</SimpleData>
		<SimpleData name="angle">90.8002089170685</SimpleData>
		<SimpleData name="KM">KM 10.8</SimpleData>
		<SimpleData name="Latitude">1.621</SimpleData>
		<SimpleData name="Longitude">103.727</SimpleData>
	</SchemaData></ExtendedData>
      <Point><coordinates>103.726595334166,1.62052286800398,0</coordinates></Point>
  </Placemark>
  <Placemark id="sde_hala_penawar__interpolated_points_sde_hala_penawar.100">
	<name>SDE HALA PENAWAR</name>
	<ExtendedData><SchemaData schemaUrl="#sde_hala_penawar__interpolated_points_sde_hala_penawar">
		<SimpleData name="id">interpolated_points_sde_hala_penawar.100</SimpleData>
		<SimpleData name="tessellate">-1</SimpleData>
		<SimpleData name="extrude">0</SimpleData>
		<SimpleData name="visibility">-1</SimpleData>
		<SimpleData name="fid">1</SimpleData>
		<SimpleData name="tessellate2">1</SimpleData>
		<SimpleData name="extrude2">0</SimpleData>
		<SimpleData name="visibility2">-1</SimpleData>
		<SimpleData name="distance">9900</SimpleData>
		<SimpleData name="angle">90.1222622475069</SimpleData>
		<SimpleData name="KM">KM 10.9</SimpleData>
		<SimpleData name="Latitude">1.621</SimpleData>
		<SimpleData name="Longitude">103.727</SimpleData>
	</SchemaData></ExtendedData>
      <Point><coordinates>103.727493994745,1.62053126366536,0</coordinates></Point>
  </Placemark>
  <Placemark id="sde_hala_penawar__interpolated_points_sde_hala_penawar.101">
	<name>SDE HALA PENAWAR</name>
	<ExtendedData><SchemaData schemaUrl="#sde_hala_penawar__interpolated_points_sde_hala_penawar">
		<SimpleData name="id">interpolated_points_sde_hala_penawar.101</SimpleData>
		<SimpleData name="tessellate">-1</SimpleData>
		<SimpleData name="extrude">0</SimpleData>
		<SimpleData name="visibility">-1</SimpleData>
		<SimpleData name="fid">1</SimpleData>
		<SimpleData name="tessellate2">1</SimpleData>
		<SimpleData name="extrude2">0</SimpleData>
		<SimpleData name="visibility2">-1</SimpleData>
		<SimpleData name="distance">10000</SimpleData>
		<SimpleData name="angle">90.7458415549739</SimpleData>
		<SimpleData name="KM">KM 11.0</SimpleData>
		<SimpleData name="Latitude">1.621</SimpleData>
		<SimpleData name="Longitude">103.728</SimpleData>
	</SchemaData></ExtendedData>
      <Point><coordinates>103.728392688066,1.62054397895197,0</coordinates></Point>
  </Placemark>
  <Placemark id="sde_hala_penawar__interpolated_points_sde_hala_penawar.102">
	<name>SDE HALA PENAWAR</name>
	<ExtendedData><SchemaData schemaUrl="#sde_hala_penawar__interpolated_points_sde_hala_penawar">
		<SimpleData name="id">interpolated_points_sde_hala_penawar.102</SimpleData>
		<SimpleData name="tessellate">-1</SimpleData>
		<SimpleData name="extrude">0</SimpleData>
		<SimpleData name="visibility">-1</SimpleData>
		<SimpleData name="fid">1</SimpleData>
		<SimpleData name="tessellate2">1</SimpleData>
		<SimpleData name="extrude2">0</SimpleData>
		<SimpleData name="visibility2">-1</SimpleData>
		<SimpleData name="distance">10100</SimpleData>
		<SimpleData name="angle">89.9320418818441</SimpleData>
		<SimpleData name="KM">KM 11.1</SimpleData>
		<SimpleData name="Latitude">1.621</SimpleData>
		<SimpleData name="Longitude">103.729</SimpleData>
	</SchemaData></ExtendedData>
      <Point><coordinates>103.72929135229,1.62054827255545,0</coordinates></Point>
  </Placemark>
  <Placemark id="sde_hala_penawar__interpolated_points_sde_hala_penawar.103">
	<name>SDE HALA PENAWAR</name>
	<ExtendedData><SchemaData schemaUrl="#sde_hala_penawar__interpolated_points_sde_hala_penawar">
		<SimpleData name="id">interpolated_points_sde_hala_penawar.103</SimpleData>
		<SimpleData name="tessellate">-1</SimpleData>
		<SimpleData name="extrude">0</SimpleData>
		<SimpleData name="visibility">-1</SimpleData>
		<SimpleData name="fid">1</SimpleData>
		<SimpleData name="tessellate2">1</SimpleData>
		<SimpleData name="extrude2">0</SimpleData>
		<SimpleData name="visibility2">-1</SimpleData>
		<SimpleData name="distance">10200</SimpleData>
		<SimpleData name="angle">89.5945658825756</SimpleData>
		<SimpleData name="KM">KM 11.2</SimpleData>
		<SimpleData name="Latitude">1.621</SimpleData>
		<SimpleData name="Longitude">103.730</SimpleData>
	</SchemaData></ExtendedData>
      <Point><coordinates>103.730190146478,1.62055287717018,0</coordinates></Point>
  </Placemark>
  <Placemark id="sde_hala_penawar__interpolated_points_sde_hala_penawar.104">
	<name>SDE HALA PENAWAR</name>
	<ExtendedData><SchemaData schemaUrl="#sde_hala_penawar__interpolated_points_sde_hala_penawar">
		<SimpleData name="id">interpolated_points_sde_hala_penawar.104</SimpleData>
		<SimpleData name="tessellate">-1</SimpleData>
		<SimpleData name="extrude">0</SimpleData>
		<SimpleData name="visibility">-1</SimpleData>
		<SimpleData name="fid">1</SimpleData>
		<SimpleData name="tessellate2">1</SimpleData>
		<SimpleData name="extrude2">0</SimpleData>
		<SimpleData name="visibility2">-1</SimpleData>
		<SimpleData name="distance">10300</SimpleData>
		<SimpleData name="angle">90.2436858983225</SimpleData>
		<SimpleData name="KM">KM 11.3</SimpleData>
		<SimpleData name="Latitude">1.621</SimpleData>
		<SimpleData name="Longitude">103.731</SimpleData>
	</SchemaData></ExtendedData>
      <Point><coordinates>103.731088938285,1.62055566082573,0</coordinates></Point>
  </Placemark>
  <Placemark id="sde_hala_penawar__interpolated_points_sde_hala_penawar.105">
	<name>SDE HALA PENAWAR</name>
	<ExtendedData><SchemaData schemaUrl="#sde_hala_penawar__interpolated_points_sde_hala_penawar">
		<SimpleData name="id">interpolated_points_sde_hala_penawar.105</SimpleData>
		<SimpleData name="tessellate">-1</SimpleData>
		<SimpleData name="extrude">0</SimpleData>
		<SimpleData name="visibility">-1</SimpleData>
		<SimpleData name="fid">1</SimpleData>
		<SimpleData name="tessellate2">1</SimpleData>
		<SimpleData name="extrude2">0</SimpleData>
		<SimpleData name="visibility2">-1</SimpleData>
		<SimpleData name="distance">10400</SimpleData>
		<SimpleData name="angle">89.7698101691796</SimpleData>
		<SimpleData name="KM">KM 11.4</SimpleData>
		<SimpleData name="Latitude">1.621</SimpleData>
		<SimpleData name="Longitude">103.732</SimpleData>
	</SchemaData></ExtendedData>
      <Point><coordinates>103.731987641018,1.62056668992937,0</coordinates></Point>
  </Placemark>
  <Placemark id="sde_hala_penawar__interpolated_points_sde_hala_penawar.106">
	<name>SDE HALA PENAWAR</name>
	<ExtendedData><SchemaData schemaUrl="#sde_hala_penawar__interpolated_points_sde_hala_penawar">
		<SimpleData name="id">interpolated_points_sde_hala_penawar.106</SimpleData>
		<SimpleData name="tessellate">-1</SimpleData>
		<SimpleData name="extrude">0</SimpleData>
		<SimpleData name="visibility">-1</SimpleData>
		<SimpleData name="fid">1</SimpleData>
		<SimpleData name="tessellate2">1</SimpleData>
		<SimpleData name="extrude2">0</SimpleData>
		<SimpleData name="visibility2">-1</SimpleData>
		<SimpleData name="distance">10500</SimpleData>
		<SimpleData name="angle">89.8161770118331</SimpleData>
		<SimpleData name="KM">KM 11.5</SimpleData>
		<SimpleData name="Latitude">1.621</SimpleData>
		<SimpleData name="Longitude">103.733</SimpleData>
	</SchemaData></ExtendedData>
      <Point><coordinates>103.732886443349,1.62057056044176,0</coordinates></Point>
  </Placemark>
  <Placemark id="sde_hala_penawar__interpolated_points_sde_hala_penawar.107">
	<name>SDE HALA PENAWAR</name>
	<ExtendedData><SchemaData schemaUrl="#sde_hala_penawar__interpolated_points_sde_hala_penawar">
		<SimpleData name="id">interpolated_points_sde_hala_penawar.107</SimpleData>
		<SimpleData name="tessellate">-1</SimpleData>
		<SimpleData name="extrude">0</SimpleData>
		<SimpleData name="visibility">-1</SimpleData>
		<SimpleData name="fid">1</SimpleData>
		<SimpleData name="tessellate2">1</SimpleData>
		<SimpleData name="extrude2">0</SimpleData>
		<SimpleData name="visibility2">-1</SimpleData>
		<SimpleData name="distance">10600</SimpleData>
		<SimpleData name="angle">90.0853080996032</SimpleData>
		<SimpleData name="KM">KM 11.6</SimpleData>
		<SimpleData name="Latitude">1.621</SimpleData>
		<SimpleData name="Longitude">103.734</SimpleData>
	</SchemaData></ExtendedData>
      <Point><coordinates>103.733785247743,1.62057399369967,0</coordinates></Point>
  </Placemark>
  <Placemark id="sde_hala_penawar__interpolated_points_sde_hala_penawar.108">
	<name>SDE HALA PENAWAR</name>
	<ExtendedData><SchemaData schemaUrl="#sde_hala_penawar__interpolated_points_sde_hala_penawar">
		<SimpleData name="id">interpolated_points_sde_hala_penawar.108</SimpleData>
		<SimpleData name="tessellate">-1</SimpleData>
		<SimpleData name="extrude">0</SimpleData>
		<SimpleData name="visibility">-1</SimpleData>
		<SimpleData name="fid">1</SimpleData>
		<SimpleData name="tessellate2">1</SimpleData>
		<SimpleData name="extrude2">0</SimpleData>
		<SimpleData name="visibility2">-1</SimpleData>
		<SimpleData name="distance">10700</SimpleData>
		<SimpleData name="angle">90.0853080996032</SimpleData>
		<SimpleData name="KM">KM 11.7</SimpleData>
		<SimpleData name="Latitude">1.621</SimpleData>
		<SimpleData name="Longitude">103.735</SimpleData>
	</SchemaData></ExtendedData>
      <Point><coordinates>103.73468405867,1.62057321217785,0</coordinates></Point>
  </Placemark>
  <Placemark id="sde_hala_penawar__interpolated_points_sde_hala_penawar.109">
	<name>SDE HALA PENAWAR</name>
	<ExtendedData><SchemaData schemaUrl="#sde_hala_penawar__interpolated_points_sde_hala_penawar">
		<SimpleData name="id">interpolated_points_sde_hala_penawar.109</SimpleData>
		<SimpleData name="tessellate">-1</SimpleData>
		<SimpleData name="extrude">0</SimpleData>
		<SimpleData name="visibility">-1</SimpleData>
		<SimpleData name="fid">1</SimpleData>
		<SimpleData name="tessellate2">1</SimpleData>
		<SimpleData name="extrude2">0</SimpleData>
		<SimpleData name="visibility2">-1</SimpleData>
		<SimpleData name="distance">10800</SimpleData>
		<SimpleData name="angle">93.7639542195252</SimpleData>
		<SimpleData name="KM">KM 11.8</SimpleData>
		<SimpleData name="Latitude">1.621</SimpleData>
		<SimpleData name="Longitude">103.736</SimpleData>
	</SchemaData></ExtendedData>
      <Point><coordinates>103.735582057742,1.62054296343043,0</coordinates></Point>
  </Placemark>
  <Placemark id="sde_hala_penawar__interpolated_points_sde_hala_penawar.110">
	<name>SDE HALA PENAWAR</name>
	<ExtendedData><SchemaData schemaUrl="#sde_hala_penawar__interpolated_points_sde_hala_penawar">
		<SimpleData name="id">interpolated_points_sde_hala_penawar.110</SimpleData>
		<SimpleData name="tessellate">-1</SimpleData>
		<SimpleData name="extrude">0</SimpleData>
		<SimpleData name="visibility">-1</SimpleData>
		<SimpleData name="fid">1</SimpleData>
		<SimpleData name="tessellate2">1</SimpleData>
		<SimpleData name="extrude2">0</SimpleData>
		<SimpleData name="visibility2">-1</SimpleData>
		<SimpleData name="distance">10900</SimpleData>
		<SimpleData name="angle">96.9590244178896</SimpleData>
		<SimpleData name="KM">KM 11.9</SimpleData>
		<SimpleData name="Latitude">1.620</SimpleData>
		<SimpleData name="Longitude">103.736</SimpleData>
	</SchemaData></ExtendedData>
      <Point><coordinates>103.736476460755,1.62045613326929,0</coordinates></Point>
  </Placemark>
  <Placemark id="sde_hala_penawar__interpolated_points_sde_hala_penawar.111">
	<name>SDE HALA PENAWAR</name>
	<ExtendedData><SchemaData schemaUrl="#sde_hala_penawar__interpolated_points_sde_hala_penawar">
		<SimpleData name="id">interpolated_points_sde_hala_penawar.111</SimpleData>
		<SimpleData name="tessellate">-1</SimpleData>
		<SimpleData name="extrude">0</SimpleData>
		<SimpleData name="visibility">-1</SimpleData>
		<SimpleData name="fid">1</SimpleData>
		<SimpleData name="tessellate2">1</SimpleData>
		<SimpleData name="extrude2">0</SimpleData>
		<SimpleData name="visibility2">-1</SimpleData>
		<SimpleData name="distance">11000</SimpleData>
		<SimpleData name="angle">100.594585845046</SimpleData>
		<SimpleData name="KM">KM 12.0</SimpleData>
		<SimpleData name="Latitude">1.620</SimpleData>
		<SimpleData name="Longitude">103.737</SimpleData>
	</SchemaData></ExtendedData>
      <Point><coordinates>103.737366312166,1.62032981199631,0</coordinates></Point>
  </Placemark>
  <Placemark id="sde_hala_penawar__interpolated_points_sde_hala_penawar.112">
	<name>SDE HALA PENAWAR</name>
	<ExtendedData><SchemaData schemaUrl="#sde_hala_penawar__interpolated_points_sde_hala_penawar">
		<SimpleData name="id">interpolated_points_sde_hala_penawar.112</SimpleData>
		<SimpleData name="tessellate">-1</SimpleData>
		<SimpleData name="extrude">0</SimpleData>
		<SimpleData name="visibility">-1</SimpleData>
		<SimpleData name="fid">1</SimpleData>
		<SimpleData name="tessellate2">1</SimpleData>
		<SimpleData name="extrude2">0</SimpleData>
		<SimpleData name="visibility2">-1</SimpleData>
		<SimpleData name="distance">11100</SimpleData>
		<SimpleData name="angle">103.327357531209</SimpleData>
		<SimpleData name="KM">KM 12.1</SimpleData>
		<SimpleData name="Latitude">1.620</SimpleData>
		<SimpleData name="Longitude">103.738</SimpleData>
	</SchemaData></ExtendedData>
      <Point><coordinates>103.738248091526,1.62015542415416,0</coordinates></Point>
  </Placemark>
  <Placemark id="sde_hala_penawar__interpolated_points_sde_hala_penawar.113">
	<name>SDE HALA PENAWAR</name>
	<ExtendedData><SchemaData schemaUrl="#sde_hala_penawar__interpolated_points_sde_hala_penawar">
		<SimpleData name="id">interpolated_points_sde_hala_penawar.113</SimpleData>
		<SimpleData name="tessellate">-1</SimpleData>
		<SimpleData name="extrude">0</SimpleData>
		<SimpleData name="visibility">-1</SimpleData>
		<SimpleData name="fid">1</SimpleData>
		<SimpleData name="tessellate2">1</SimpleData>
		<SimpleData name="extrude2">0</SimpleData>
		<SimpleData name="visibility2">-1</SimpleData>
		<SimpleData name="distance">11200</SimpleData>
		<SimpleData name="angle">103.327357531209</SimpleData>
		<SimpleData name="KM">KM 12.2</SimpleData>
		<SimpleData name="Latitude">1.620</SimpleData>
		<SimpleData name="Longitude">103.739</SimpleData>
	</SchemaData></ExtendedData>
      <Point><coordinates>103.739122826912,1.61994747097261,0</coordinates></Point>
  </Placemark>
  <Placemark id="sde_hala_penawar__interpolated_points_sde_hala_penawar.114">
	<name>SDE HALA PENAWAR</name>
	<ExtendedData><SchemaData schemaUrl="#sde_hala_penawar__interpolated_points_sde_hala_penawar">
		<SimpleData name="id">interpolated_points_sde_hala_penawar.114</SimpleData>
		<SimpleData name="tessellate">-1</SimpleData>
		<SimpleData name="extrude">0</SimpleData>
		<SimpleData name="visibility">-1</SimpleData>
		<SimpleData name="fid">1</SimpleData>
		<SimpleData name="tessellate2">1</SimpleData>
		<SimpleData name="extrude2">0</SimpleData>
		<SimpleData name="visibility2">-1</SimpleData>
		<SimpleData name="distance">11300</SimpleData>
		<SimpleData name="angle">103.74641856928</SimpleData>
		<SimpleData name="KM">KM 12.3</SimpleData>
		<SimpleData name="Latitude">1.620</SimpleData>
		<SimpleData name="Longitude">103.740</SimpleData>
	</SchemaData></ExtendedData>
      <Point><coordinates>103.739995043761,1.61972912021208,0</coordinates></Point>
  </Placemark>
  <Placemark id="sde_hala_penawar__interpolated_points_sde_hala_penawar.115">
	<name>SDE HALA PENAWAR</name>
	<ExtendedData><SchemaData schemaUrl="#sde_hala_penawar__interpolated_points_sde_hala_penawar">
		<SimpleData name="id">interpolated_points_sde_hala_penawar.115</SimpleData>
		<SimpleData name="tessellate">-1</SimpleData>
		<SimpleData name="extrude">0</SimpleData>
		<SimpleData name="visibility">-1</SimpleData>
		<SimpleData name="fid">1</SimpleData>
		<SimpleData name="tessellate2">1</SimpleData>
		<SimpleData name="extrude2">0</SimpleData>
		<SimpleData name="visibility2">-1</SimpleData>
		<SimpleData name="distance">11400</SimpleData>
		<SimpleData name="angle">103.74641856928</SimpleData>
		<SimpleData name="KM">KM 12.4</SimpleData>
		<SimpleData name="Latitude">1.620</SimpleData>
		<SimpleData name="Longitude">103.741</SimpleData>
	</SchemaData></ExtendedData>
      <Point><coordinates>103.740868244551,1.61951473328314,0</coordinates></Point>
  </Placemark>
  <Placemark id="sde_hala_penawar__interpolated_points_sde_hala_penawar.116">
	<name>SDE HALA PENAWAR</name>
	<ExtendedData><SchemaData schemaUrl="#sde_hala_penawar__interpolated_points_sde_hala_penawar">
		<SimpleData name="id">interpolated_points_sde_hala_penawar.116</SimpleData>
		<SimpleData name="tessellate">-1</SimpleData>
		<SimpleData name="extrude">0</SimpleData>
		<SimpleData name="visibility">-1</SimpleData>
		<SimpleData name="fid">1</SimpleData>
		<SimpleData name="tessellate2">1</SimpleData>
		<SimpleData name="extrude2">0</SimpleData>
		<SimpleData name="visibility2">-1</SimpleData>
		<SimpleData name="distance">11500</SimpleData>
		<SimpleData name="angle">103.74641856928</SimpleData>
		<SimpleData name="KM">KM 12.5</SimpleData>
		<SimpleData name="Latitude">1.619</SimpleData>
		<SimpleData name="Longitude">103.742</SimpleData>
	</SchemaData></ExtendedData>
      <Point><coordinates>103.741741445435,1.6193003458306,0</coordinates></Point>
  </Placemark>
  <Placemark id="sde_hala_penawar__interpolated_points_sde_hala_penawar.117">
	<name>SDE HALA PENAWAR</name>
	<ExtendedData><SchemaData schemaUrl="#sde_hala_penawar__interpolated_points_sde_hala_penawar">
		<SimpleData name="id">interpolated_points_sde_hala_penawar.117</SimpleData>
		<SimpleData name="tessellate">-1</SimpleData>
		<SimpleData name="extrude">0</SimpleData>
		<SimpleData name="visibility">-1</SimpleData>
		<SimpleData name="fid">1</SimpleData>
		<SimpleData name="tessellate2">1</SimpleData>
		<SimpleData name="extrude2">0</SimpleData>
		<SimpleData name="visibility2">-1</SimpleData>
		<SimpleData name="distance">11600</SimpleData>
		<SimpleData name="angle">104.181026661698</SimpleData>
		<SimpleData name="KM">KM 12.6</SimpleData>
		<SimpleData name="Latitude">1.619</SimpleData>
		<SimpleData name="Longitude">103.743</SimpleData>
	</SchemaData></ExtendedData>
      <Point><coordinates>103.742613302221,1.61908126397724,0</coordinates></Point>
  </Placemark>
  <Placemark id="sde_hala_penawar__interpolated_points_sde_hala_penawar.118">
	<name>SDE HALA PENAWAR</name>
	<ExtendedData><SchemaData schemaUrl="#sde_hala_penawar__interpolated_points_sde_hala_penawar">
		<SimpleData name="id">interpolated_points_sde_hala_penawar.118</SimpleData>
		<SimpleData name="tessellate">-1</SimpleData>
		<SimpleData name="extrude">0</SimpleData>
		<SimpleData name="visibility">-1</SimpleData>
		<SimpleData name="fid">1</SimpleData>
		<SimpleData name="tessellate2">1</SimpleData>
		<SimpleData name="extrude2">0</SimpleData>
		<SimpleData name="visibility2">-1</SimpleData>
		<SimpleData name="distance">11700</SimpleData>
		<SimpleData name="angle">104.181026661698</SimpleData>
		<SimpleData name="KM">KM 12.7</SimpleData>
		<SimpleData name="Latitude">1.619</SimpleData>
		<SimpleData name="Longitude">103.743</SimpleData>
	</SchemaData></ExtendedData>
      <Point><coordinates>103.743484862203,1.61886021623726,0</coordinates></Point>
  </Placemark>
  <Placemark id="sde_hala_penawar__interpolated_points_sde_hala_penawar.119">
	<name>SDE HALA PENAWAR</name>
	<ExtendedData><SchemaData schemaUrl="#sde_hala_penawar__interpolated_points_sde_hala_penawar">
		<SimpleData name="id">interpolated_points_sde_hala_penawar.119</SimpleData>
		<SimpleData name="tessellate">-1</SimpleData>
		<SimpleData name="extrude">0</SimpleData>
		<SimpleData name="visibility">-1</SimpleData>
		<SimpleData name="fid">1</SimpleData>
		<SimpleData name="tessellate2">1</SimpleData>
		<SimpleData name="extrude2">0</SimpleData>
		<SimpleData name="visibility2">-1</SimpleData>
		<SimpleData name="distance">11800</SimpleData>
		<SimpleData name="angle">103.87496997527</SimpleData>
		<SimpleData name="KM">KM 12.8</SimpleData>
		<SimpleData name="Latitude">1.619</SimpleData>
		<SimpleData name="Longitude">103.744</SimpleData>
	</SchemaData></ExtendedData>
      <Point><coordinates>103.744357637464,1.61864654504832,0</coordinates></Point>
  </Placemark>
  <Placemark id="sde_hala_penawar__interpolated_points_sde_hala_penawar.120">
	<name>SDE HALA PENAWAR</name>
	<ExtendedData><SchemaData schemaUrl="#sde_hala_penawar__interpolated_points_sde_hala_penawar">
		<SimpleData name="id">interpolated_points_sde_hala_penawar.120</SimpleData>
		<SimpleData name="tessellate">-1</SimpleData>
		<SimpleData name="extrude">0</SimpleData>
		<SimpleData name="visibility">-1</SimpleData>
		<SimpleData name="fid">1</SimpleData>
		<SimpleData name="tessellate2">1</SimpleData>
		<SimpleData name="extrude2">0</SimpleData>
		<SimpleData name="visibility2">-1</SimpleData>
		<SimpleData name="distance">11900</SimpleData>
		<SimpleData name="angle">103.87496997527</SimpleData>
		<SimpleData name="KM">KM 12.9</SimpleData>
		<SimpleData name="Latitude">1.618</SimpleData>
		<SimpleData name="Longitude">103.745</SimpleData>
	</SchemaData></ExtendedData>
      <Point><coordinates>103.745230358527,1.61843018448197,0</coordinates></Point>
  </Placemark>
  <Placemark id="sde_hala_penawar__interpolated_points_sde_hala_penawar.121">
	<name>SDE HALA PENAWAR</name>
	<ExtendedData><SchemaData schemaUrl="#sde_hala_penawar__interpolated_points_sde_hala_penawar">
		<SimpleData name="id">interpolated_points_sde_hala_penawar.121</SimpleData>
		<SimpleData name="tessellate">-1</SimpleData>
		<SimpleData name="extrude">0</SimpleData>
		<SimpleData name="visibility">-1</SimpleData>
		<SimpleData name="fid">1</SimpleData>
		<SimpleData name="tessellate2">1</SimpleData>
		<SimpleData name="extrude2">0</SimpleData>
		<SimpleData name="visibility2">-1</SimpleData>
		<SimpleData name="distance">12000</SimpleData>
		<SimpleData name="angle">103.87496997527</SimpleData>
		<SimpleData name="KM">KM 13.0</SimpleData>
		<SimpleData name="Latitude">1.618</SimpleData>
		<SimpleData name="Longitude">103.746</SimpleData>
	</SchemaData></ExtendedData>
      <Point><coordinates>103.74610307968,1.61821382339195,0</coordinates></Point>
  </Placemark>
  <Placemark id="sde_hala_penawar__interpolated_points_sde_hala_penawar.122">
	<name>SDE HALA PENAWAR</name>
	<ExtendedData><SchemaData schemaUrl="#sde_hala_penawar__interpolated_points_sde_hala_penawar">
		<SimpleData name="id">interpolated_points_sde_hala_penawar.122</SimpleData>
		<SimpleData name="tessellate">-1</SimpleData>
		<SimpleData name="extrude">0</SimpleData>
		<SimpleData name="visibility">-1</SimpleData>
		<SimpleData name="fid">1</SimpleData>
		<SimpleData name="tessellate2">1</SimpleData>
		<SimpleData name="extrude2">0</SimpleData>
		<SimpleData name="visibility2">-1</SimpleData>
		<SimpleData name="distance">12100</SimpleData>
		<SimpleData name="angle">103.87496997527</SimpleData>
		<SimpleData name="KM">KM 13.1</SimpleData>
		<SimpleData name="Latitude">1.618</SimpleData>
		<SimpleData name="Longitude">103.747</SimpleData>
	</SchemaData></ExtendedData>
      <Point><coordinates>103.746975800923,1.6179974617784,0</coordinates></Point>
  </Placemark>
  <Placemark id="sde_hala_penawar__interpolated_points_sde_hala_penawar.123">
	<name>SDE HALA PENAWAR</name>
	<ExtendedData><SchemaData schemaUrl="#sde_hala_penawar__interpolated_points_sde_hala_penawar">
		<SimpleData name="id">interpolated_points_sde_hala_penawar.123</SimpleData>
		<SimpleData name="tessellate">-1</SimpleData>
		<SimpleData name="extrude">0</SimpleData>
		<SimpleData name="visibility">-1</SimpleData>
		<SimpleData name="fid">1</SimpleData>
		<SimpleData name="tessellate2">1</SimpleData>
		<SimpleData name="extrude2">0</SimpleData>
		<SimpleData name="visibility2">-1</SimpleData>
		<SimpleData name="distance">12200</SimpleData>
		<SimpleData name="angle">104.037393250173</SimpleData>
		<SimpleData name="KM">KM 13.2</SimpleData>
		<SimpleData name="Latitude">1.618</SimpleData>
		<SimpleData name="Longitude">103.748</SimpleData>
	</SchemaData></ExtendedData>
      <Point><coordinates>103.74784827605,1.6177801000314,0</coordinates></Point>
  </Placemark>
  <Placemark id="sde_hala_penawar__interpolated_points_sde_hala_penawar.124">
	<name>SDE HALA PENAWAR</name>
	<ExtendedData><SchemaData schemaUrl="#sde_hala_penawar__interpolated_points_sde_hala_penawar">
		<SimpleData name="id">interpolated_points_sde_hala_penawar.124</SimpleData>
		<SimpleData name="tessellate">-1</SimpleData>
		<SimpleData name="extrude">0</SimpleData>
		<SimpleData name="visibility">-1</SimpleData>
		<SimpleData name="fid">1</SimpleData>
		<SimpleData name="tessellate2">1</SimpleData>
		<SimpleData name="extrude2">0</SimpleData>
		<SimpleData name="visibility2">-1</SimpleData>
		<SimpleData name="distance">12300</SimpleData>
		<SimpleData name="angle">104.037393250173</SimpleData>
		<SimpleData name="KM">KM 13.3</SimpleData>
		<SimpleData name="Latitude">1.618</SimpleData>
		<SimpleData name="Longitude">103.749</SimpleData>
	</SchemaData></ExtendedData>
      <Point><coordinates>103.748720384475,1.61756124856688,0</coordinates></Point>
  </Placemark>
  <Placemark id="sde_hala_penawar__interpolated_points_sde_hala_penawar.125">
	<name>SDE HALA PENAWAR</name>
	<ExtendedData><SchemaData schemaUrl="#sde_hala_penawar__interpolated_points_sde_hala_penawar">
		<SimpleData name="id">interpolated_points_sde_hala_penawar.125</SimpleData>
		<SimpleData name="tessellate">-1</SimpleData>
		<SimpleData name="extrude">0</SimpleData>
		<SimpleData name="visibility">-1</SimpleData>
		<SimpleData name="fid">1</SimpleData>
		<SimpleData name="tessellate2">1</SimpleData>
		<SimpleData name="extrude2">0</SimpleData>
		<SimpleData name="visibility2">-1</SimpleData>
		<SimpleData name="distance">12400</SimpleData>
		<SimpleData name="angle">104.037393250173</SimpleData>
		<SimpleData name="KM">KM 13.4</SimpleData>
		<SimpleData name="Latitude">1.617</SimpleData>
		<SimpleData name="Longitude">103.750</SimpleData>
	</SchemaData></ExtendedData>
      <Point><coordinates>103.749592492987,1.61734239657824,0</coordinates></Point>
  </Placemark>
  <Placemark id="sde_hala_penawar__interpolated_points_sde_hala_penawar.126">
	<name>SDE HALA PENAWAR</name>
	<ExtendedData><SchemaData schemaUrl="#sde_hala_penawar__interpolated_points_sde_hala_penawar">
		<SimpleData name="id">interpolated_points_sde_hala_penawar.126</SimpleData>
		<SimpleData name="tessellate">-1</SimpleData>
		<SimpleData name="extrude">0</SimpleData>
		<SimpleData name="visibility">-1</SimpleData>
		<SimpleData name="fid">1</SimpleData>
		<SimpleData name="tessellate2">1</SimpleData>
		<SimpleData name="extrude2">0</SimpleData>
		<SimpleData name="visibility2">-1</SimpleData>
		<SimpleData name="distance">12500</SimpleData>
		<SimpleData name="angle">104.037393250173</SimpleData>
		<SimpleData name="KM">KM 13.5</SimpleData>
		<SimpleData name="Latitude">1.617</SimpleData>
		<SimpleData name="Longitude">103.750</SimpleData>
	</SchemaData></ExtendedData>
      <Point><coordinates>103.750464601585,1.61712354406563,0</coordinates></Point>
  </Placemark>
  <Placemark id="sde_hala_penawar__interpolated_points_sde_hala_penawar.127">
	<name>SDE HALA PENAWAR</name>
	<ExtendedData><SchemaData schemaUrl="#sde_hala_penawar__interpolated_points_sde_hala_penawar">
		<SimpleData name="id">interpolated_points_sde_hala_penawar.127</SimpleData>
		<SimpleData name="tessellate">-1</SimpleData>
		<SimpleData name="extrude">0</SimpleData>
		<SimpleData name="visibility">-1</SimpleData>
		<SimpleData name="fid">1</SimpleData>
		<SimpleData name="tessellate2">1</SimpleData>
		<SimpleData name="extrude2">0</SimpleData>
		<SimpleData name="visibility2">-1</SimpleData>
		<SimpleData name="distance">12600</SimpleData>
		<SimpleData name="angle">104.284141302704</SimpleData>
		<SimpleData name="KM">KM 13.6</SimpleData>
		<SimpleData name="Latitude">1.617</SimpleData>
		<SimpleData name="Longitude">103.751</SimpleData>
	</SchemaData></ExtendedData>
      <Point><coordinates>103.751335988096,1.61690180317348,0</coordinates></Point>
  </Placemark>
  <Placemark id="sde_hala_penawar__interpolated_points_sde_hala_penawar.128">
	<name>SDE HALA PENAWAR</name>
	<ExtendedData><SchemaData schemaUrl="#sde_hala_penawar__interpolated_points_sde_hala_penawar">
		<SimpleData name="id">interpolated_points_sde_hala_penawar.128</SimpleData>
		<SimpleData name="tessellate">-1</SimpleData>
		<SimpleData name="extrude">0</SimpleData>
		<SimpleData name="visibility">-1</SimpleData>
		<SimpleData name="fid">1</SimpleData>
		<SimpleData name="tessellate2">1</SimpleData>
		<SimpleData name="extrude2">0</SimpleData>
		<SimpleData name="visibility2">-1</SimpleData>
		<SimpleData name="distance">12700</SimpleData>
		<SimpleData name="angle">103.608589337949</SimpleData>
		<SimpleData name="KM">KM 13.7</SimpleData>
		<SimpleData name="Latitude">1.617</SimpleData>
		<SimpleData name="Longitude">103.752</SimpleData>
	</SchemaData></ExtendedData>
      <Point><coordinates>103.752207801134,1.61668380833705,0</coordinates></Point>
  </Placemark>
  <Placemark id="sde_hala_penawar__interpolated_points_sde_hala_penawar.129">
	<name>SDE HALA PENAWAR</name>
	<ExtendedData><SchemaData schemaUrl="#sde_hala_penawar__interpolated_points_sde_hala_penawar">
		<SimpleData name="id">interpolated_points_sde_hala_penawar.129</SimpleData>
		<SimpleData name="tessellate">-1</SimpleData>
		<SimpleData name="extrude">0</SimpleData>
		<SimpleData name="visibility">-1</SimpleData>
		<SimpleData name="fid">1</SimpleData>
		<SimpleData name="tessellate2">1</SimpleData>
		<SimpleData name="extrude2">0</SimpleData>
		<SimpleData name="visibility2">-1</SimpleData>
		<SimpleData name="distance">12800</SimpleData>
		<SimpleData name="angle">103.79208521605</SimpleData>
		<SimpleData name="KM">KM 13.8</SimpleData>
		<SimpleData name="Latitude">1.616</SimpleData>
		<SimpleData name="Longitude">103.753</SimpleData>
	</SchemaData></ExtendedData>
      <Point><coordinates>103.753081076952,1.61646973466713,0</coordinates></Point>
  </Placemark>
  <Placemark id="sde_hala_penawar__interpolated_points_sde_hala_penawar.130">
	<name>SDE HALA PENAWAR</name>
	<ExtendedData><SchemaData schemaUrl="#sde_hala_penawar__interpolated_points_sde_hala_penawar">
		<SimpleData name="id">interpolated_points_sde_hala_penawar.130</SimpleData>
		<SimpleData name="tessellate">-1</SimpleData>
		<SimpleData name="extrude">0</SimpleData>
		<SimpleData name="visibility">-1</SimpleData>
		<SimpleData name="fid">1</SimpleData>
		<SimpleData name="tessellate2">1</SimpleData>
		<SimpleData name="extrude2">0</SimpleData>
		<SimpleData name="visibility2">-1</SimpleData>
		<SimpleData name="distance">12900</SimpleData>
		<SimpleData name="angle">103.936417725199</SimpleData>
		<SimpleData name="KM">KM 13.9</SimpleData>
		<SimpleData name="Latitude">1.616</SimpleData>
		<SimpleData name="Longitude">103.754</SimpleData>
	</SchemaData></ExtendedData>
      <Point><coordinates>103.753954982612,1.61625838545482,0</coordinates></Point>
  </Placemark>
  <Placemark id="sde_hala_penawar__interpolated_points_sde_hala_penawar.131">
	<name>SDE HALA PENAWAR</name>
	<ExtendedData><SchemaData schemaUrl="#sde_hala_penawar__interpolated_points_sde_hala_penawar">
		<SimpleData name="id">interpolated_points_sde_hala_penawar.131</SimpleData>
		<SimpleData name="tessellate">-1</SimpleData>
		<SimpleData name="extrude">0</SimpleData>
		<SimpleData name="visibility">-1</SimpleData>
		<SimpleData name="fid">1</SimpleData>
		<SimpleData name="tessellate2">1</SimpleData>
		<SimpleData name="extrude2">0</SimpleData>
		<SimpleData name="visibility2">-1</SimpleData>
		<SimpleData name="distance">13000</SimpleData>
		<SimpleData name="angle">106.029867107324</SimpleData>
		<SimpleData name="KM">KM 14.0</SimpleData>
		<SimpleData name="Latitude">1.616</SimpleData>
		<SimpleData name="Longitude">103.755</SimpleData>
	</SchemaData></ExtendedData>
      <Point><coordinates>103.754822838047,1.61602360441735,0</coordinates></Point>
  </Placemark>
  <Placemark id="sde_hala_penawar__interpolated_points_sde_hala_penawar.132">
	<name>SDE HALA PENAWAR</name>
	<ExtendedData><SchemaData schemaUrl="#sde_hala_penawar__interpolated_points_sde_hala_penawar">
		<SimpleData name="id">interpolated_points_sde_hala_penawar.132</SimpleData>
		<SimpleData name="tessellate">-1</SimpleData>
		<SimpleData name="extrude">0</SimpleData>
		<SimpleData name="visibility">-1</SimpleData>
		<SimpleData name="fid">1</SimpleData>
		<SimpleData name="tessellate2">1</SimpleData>
		<SimpleData name="extrude2">0</SimpleData>
		<SimpleData name="visibility2">-1</SimpleData>
		<SimpleData name="distance">13100</SimpleData>
		<SimpleData name="angle">103.744528157495</SimpleData>
		<SimpleData name="KM">KM 14.1</SimpleData>
		<SimpleData name="Latitude">1.616</SimpleData>
		<SimpleData name="Longitude">103.756</SimpleData>
	</SchemaData></ExtendedData>
      <Point><coordinates>103.755695545824,1.61580733422103,0</coordinates></Point>
  </Placemark>
  <Placemark id="sde_hala_penawar__interpolated_points_sde_hala_penawar.133">
	<name>SDE HALA PENAWAR</name>
	<ExtendedData><SchemaData schemaUrl="#sde_hala_penawar__interpolated_points_sde_hala_penawar">
		<SimpleData name="id">interpolated_points_sde_hala_penawar.133</SimpleData>
		<SimpleData name="tessellate">-1</SimpleData>
		<SimpleData name="extrude">0</SimpleData>
		<SimpleData name="visibility">-1</SimpleData>
		<SimpleData name="fid">1</SimpleData>
		<SimpleData name="tessellate2">1</SimpleData>
		<SimpleData name="extrude2">0</SimpleData>
		<SimpleData name="visibility2">-1</SimpleData>
		<SimpleData name="distance">13200</SimpleData>
		<SimpleData name="angle">103.744528157495</SimpleData>
		<SimpleData name="KM">KM 14.2</SimpleData>
		<SimpleData name="Latitude">1.616</SimpleData>
		<SimpleData name="Longitude">103.757</SimpleData>
	</SchemaData></ExtendedData>
      <Point><coordinates>103.756568755258,1.61559296687106,0</coordinates></Point>
  </Placemark>
  <Placemark id="sde_hala_penawar__interpolated_points_sde_hala_penawar.134">
	<name>SDE HALA PENAWAR</name>
	<ExtendedData><SchemaData schemaUrl="#sde_hala_penawar__interpolated_points_sde_hala_penawar">
		<SimpleData name="id">interpolated_points_sde_hala_penawar.134</SimpleData>
		<SimpleData name="tessellate">-1</SimpleData>
		<SimpleData name="extrude">0</SimpleData>
		<SimpleData name="visibility">-1</SimpleData>
		<SimpleData name="fid">1</SimpleData>
		<SimpleData name="tessellate2">1</SimpleData>
		<SimpleData name="extrude2">0</SimpleData>
		<SimpleData name="visibility2">-1</SimpleData>
		<SimpleData name="distance">13300</SimpleData>
		<SimpleData name="angle">103.897225058699</SimpleData>
		<SimpleData name="KM">KM 14.3</SimpleData>
		<SimpleData name="Latitude">1.615</SimpleData>
		<SimpleData name="Longitude">103.757</SimpleData>
	</SchemaData></ExtendedData>
      <Point><coordinates>103.757441574575,1.61537701687699,0</coordinates></Point>
  </Placemark>
  <Placemark id="sde_hala_penawar__interpolated_points_sde_hala_penawar.135">
	<name>SDE HALA PENAWAR</name>
	<ExtendedData><SchemaData schemaUrl="#sde_hala_penawar__interpolated_points_sde_hala_penawar">
		<SimpleData name="id">interpolated_points_sde_hala_penawar.135</SimpleData>
		<SimpleData name="tessellate">-1</SimpleData>
		<SimpleData name="extrude">0</SimpleData>
		<SimpleData name="visibility">-1</SimpleData>
		<SimpleData name="fid">1</SimpleData>
		<SimpleData name="tessellate2">1</SimpleData>
		<SimpleData name="extrude2">0</SimpleData>
		<SimpleData name="visibility2">-1</SimpleData>
		<SimpleData name="distance">13400</SimpleData>
		<SimpleData name="angle">103.897225058699</SimpleData>
		<SimpleData name="KM">KM 14.4</SimpleData>
		<SimpleData name="Latitude">1.615</SimpleData>
		<SimpleData name="Longitude">103.758</SimpleData>
	</SchemaData></ExtendedData>
      <Point><coordinates>103.758314213377,1.61516030734921,0</coordinates></Point>
  </Placemark>
  <Placemark id="sde_hala_penawar__interpolated_points_sde_hala_penawar.136">
	<name>SDE HALA PENAWAR</name>
	<ExtendedData><SchemaData schemaUrl="#sde_hala_penawar__interpolated_points_sde_hala_penawar">
		<SimpleData name="id">interpolated_points_sde_hala_penawar.136</SimpleData>
		<SimpleData name="tessellate">-1</SimpleData>
		<SimpleData name="extrude">0</SimpleData>
		<SimpleData name="visibility">-1</SimpleData>
		<SimpleData name="fid">1</SimpleData>
		<SimpleData name="tessellate2">1</SimpleData>
		<SimpleData name="extrude2">0</SimpleData>
		<SimpleData name="visibility2">-1</SimpleData>
		<SimpleData name="distance">13500</SimpleData>
		<SimpleData name="angle">101.992027658846</SimpleData>
		<SimpleData name="KM">KM 14.5</SimpleData>
		<SimpleData name="Latitude">1.615</SimpleData>
		<SimpleData name="Longitude">103.759</SimpleData>
	</SchemaData></ExtendedData>
      <Point><coordinates>103.759188281963,1.61494987436062,0</coordinates></Point>
  </Placemark>
  <Placemark id="sde_hala_penawar__interpolated_points_sde_hala_penawar.137">
	<name>SDE HALA PENAWAR</name>
	<ExtendedData><SchemaData schemaUrl="#sde_hala_penawar__interpolated_points_sde_hala_penawar">
		<SimpleData name="id">interpolated_points_sde_hala_penawar.137</SimpleData>
		<SimpleData name="tessellate">-1</SimpleData>
		<SimpleData name="extrude">0</SimpleData>
		<SimpleData name="visibility">-1</SimpleData>
		<SimpleData name="fid">1</SimpleData>
		<SimpleData name="tessellate2">1</SimpleData>
		<SimpleData name="extrude2">0</SimpleData>
		<SimpleData name="visibility2">-1</SimpleData>
		<SimpleData name="distance">13600</SimpleData>
		<SimpleData name="angle">103.733069757579</SimpleData>
		<SimpleData name="KM">KM 14.6</SimpleData>
		<SimpleData name="Latitude">1.615</SimpleData>
		<SimpleData name="Longitude">103.760</SimpleData>
	</SchemaData></ExtendedData>
      <Point><coordinates>103.760064442427,1.61474853307951,0</coordinates></Point>
  </Placemark>
  <Placemark id="sde_hala_penawar__interpolated_points_sde_hala_penawar.138">
	<name>SDE HALA PENAWAR</name>
	<ExtendedData><SchemaData schemaUrl="#sde_hala_penawar__interpolated_points_sde_hala_penawar">
		<SimpleData name="id">interpolated_points_sde_hala_penawar.138</SimpleData>
		<SimpleData name="tessellate">-1</SimpleData>
		<SimpleData name="extrude">0</SimpleData>
		<SimpleData name="visibility">-1</SimpleData>
		<SimpleData name="fid">1</SimpleData>
		<SimpleData name="tessellate2">1</SimpleData>
		<SimpleData name="extrude2">0</SimpleData>
		<SimpleData name="visibility2">-1</SimpleData>
		<SimpleData name="distance">13700</SimpleData>
		<SimpleData name="angle">105.012829589432</SimpleData>
		<SimpleData name="KM">KM 14.7</SimpleData>
		<SimpleData name="Latitude">1.615</SimpleData>
		<SimpleData name="Longitude">103.761</SimpleData>
	</SchemaData></ExtendedData>
      <Point><coordinates>103.760936170871,1.61452833863444,0</coordinates></Point>
  </Placemark>
  <Placemark id="sde_hala_penawar__interpolated_points_sde_hala_penawar.139">
	<name>SDE HALA PENAWAR</name>
	<ExtendedData><SchemaData schemaUrl="#sde_hala_penawar__interpolated_points_sde_hala_penawar">
		<SimpleData name="id">interpolated_points_sde_hala_penawar.139</SimpleData>
		<SimpleData name="tessellate">-1</SimpleData>
		<SimpleData name="extrude">0</SimpleData>
		<SimpleData name="visibility">-1</SimpleData>
		<SimpleData name="fid">1</SimpleData>
		<SimpleData name="tessellate2">1</SimpleData>
		<SimpleData name="extrude2">0</SimpleData>
		<SimpleData name="visibility2">-1</SimpleData>
		<SimpleData name="distance">13800</SimpleData>
		<SimpleData name="angle">104.742544916512</SimpleData>
		<SimpleData name="KM">KM 14.8</SimpleData>
		<SimpleData name="Latitude">1.614</SimpleData>
		<SimpleData name="Longitude">103.762</SimpleData>
	</SchemaData></ExtendedData>
      <Point><coordinates>103.761806924048,1.61430458626951,0</coordinates></Point>
  </Placemark>
  <Placemark id="sde_hala_penawar__interpolated_points_sde_hala_penawar.140">
	<name>SDE HALA PENAWAR</name>
	<ExtendedData><SchemaData schemaUrl="#sde_hala_penawar__interpolated_points_sde_hala_penawar">
		<SimpleData name="id">interpolated_points_sde_hala_penawar.140</SimpleData>
		<SimpleData name="tessellate">-1</SimpleData>
		<SimpleData name="extrude">0</SimpleData>
		<SimpleData name="visibility">-1</SimpleData>
		<SimpleData name="fid">1</SimpleData>
		<SimpleData name="tessellate2">1</SimpleData>
		<SimpleData name="extrude2">0</SimpleData>
		<SimpleData name="visibility2">-1</SimpleData>
		<SimpleData name="distance">13900</SimpleData>
		<SimpleData name="angle">104.742544916512</SimpleData>
		<SimpleData name="KM">KM 14.9</SimpleData>
		<SimpleData name="Latitude">1.614</SimpleData>
		<SimpleData name="Longitude">103.763</SimpleData>
	</SchemaData></ExtendedData>
      <Point><coordinates>103.76267629127,1.61407494205308,0</coordinates></Point>
  </Placemark>
  <Placemark id="sde_hala_penawar__interpolated_points_sde_hala_penawar.141">
	<name>SDE HALA PENAWAR</name>
	<ExtendedData><SchemaData schemaUrl="#sde_hala_penawar__interpolated_points_sde_hala_penawar">
		<SimpleData name="id">interpolated_points_sde_hala_penawar.141</SimpleData>
		<SimpleData name="tessellate">-1</SimpleData>
		<SimpleData name="extrude">0</SimpleData>
		<SimpleData name="visibility">-1</SimpleData>
		<SimpleData name="fid">1</SimpleData>
		<SimpleData name="tessellate2">1</SimpleData>
		<SimpleData name="extrude2">0</SimpleData>
		<SimpleData name="visibility2">-1</SimpleData>
		<SimpleData name="distance">14000</SimpleData>
		<SimpleData name="angle">103.4504033373</SimpleData>
		<SimpleData name="KM">KM 15.0</SimpleData>
		<SimpleData name="Latitude">1.614</SimpleData>
		<SimpleData name="Longitude">103.764</SimpleData>
	</SchemaData></ExtendedData>
      <Point><coordinates>103.763548976258,1.6138586270379,0</coordinates></Point>
  </Placemark>
  <Placemark id="sde_hala_penawar__interpolated_points_sde_hala_penawar.142">
	<name>SDE HALA PENAWAR</name>
	<ExtendedData><SchemaData schemaUrl="#sde_hala_penawar__interpolated_points_sde_hala_penawar">
		<SimpleData name="id">interpolated_points_sde_hala_penawar.142</SimpleData>
		<SimpleData name="tessellate">-1</SimpleData>
		<SimpleData name="extrude">0</SimpleData>
		<SimpleData name="visibility">-1</SimpleData>
		<SimpleData name="fid">1</SimpleData>
		<SimpleData name="tessellate2">1</SimpleData>
		<SimpleData name="extrude2">0</SimpleData>
		<SimpleData name="visibility2">-1</SimpleData>
		<SimpleData name="distance">14100</SimpleData>
		<SimpleData name="angle">104.271030303882</SimpleData>
		<SimpleData name="KM">KM 15.1</SimpleData>
		<SimpleData name="Latitude">1.614</SimpleData>
		<SimpleData name="Longitude">103.764</SimpleData>
	</SchemaData></ExtendedData>
      <Point><coordinates>103.764423453194,1.61364956514279,0</coordinates></Point>
  </Placemark>
  <Placemark id="sde_hala_penawar__interpolated_points_sde_hala_penawar.143">
	<name>SDE HALA PENAWAR</name>
	<ExtendedData><SchemaData schemaUrl="#sde_hala_penawar__interpolated_points_sde_hala_penawar">
		<SimpleData name="id">interpolated_points_sde_hala_penawar.143</SimpleData>
		<SimpleData name="tessellate">-1</SimpleData>
		<SimpleData name="extrude">0</SimpleData>
		<SimpleData name="visibility">-1</SimpleData>
		<SimpleData name="fid">1</SimpleData>
		<SimpleData name="tessellate2">1</SimpleData>
		<SimpleData name="extrude2">0</SimpleData>
		<SimpleData name="visibility2">-1</SimpleData>
		<SimpleData name="distance">14200</SimpleData>
		<SimpleData name="angle">104.109021299083</SimpleData>
		<SimpleData name="KM">KM 15.2</SimpleData>
		<SimpleData name="Latitude">1.613</SimpleData>
		<SimpleData name="Longitude">103.765</SimpleData>
	</SchemaData></ExtendedData>
      <Point><coordinates>103.765295382116,1.61343033956257,0</coordinates></Point>
  </Placemark>
  <Placemark id="sde_hala_penawar__interpolated_points_sde_hala_penawar.144">
	<name>SDE HALA PENAWAR</name>
	<ExtendedData><SchemaData schemaUrl="#sde_hala_penawar__interpolated_points_sde_hala_penawar">
		<SimpleData name="id">interpolated_points_sde_hala_penawar.144</SimpleData>
		<SimpleData name="tessellate">-1</SimpleData>
		<SimpleData name="extrude">0</SimpleData>
		<SimpleData name="visibility">-1</SimpleData>
		<SimpleData name="fid">1</SimpleData>
		<SimpleData name="tessellate2">1</SimpleData>
		<SimpleData name="extrude2">0</SimpleData>
		<SimpleData name="visibility2">-1</SimpleData>
		<SimpleData name="distance">14300</SimpleData>
		<SimpleData name="angle">104.109021299083</SimpleData>
		<SimpleData name="KM">KM 15.3</SimpleData>
		<SimpleData name="Latitude">1.613</SimpleData>
		<SimpleData name="Longitude">103.766</SimpleData>
	</SchemaData></ExtendedData>
      <Point><coordinates>103.766167219687,1.61321038065121,0</coordinates></Point>
  </Placemark>
  <Placemark id="sde_hala_penawar__interpolated_points_sde_hala_penawar.145">
	<name>SDE HALA PENAWAR</name>
	<ExtendedData><SchemaData schemaUrl="#sde_hala_penawar__interpolated_points_sde_hala_penawar">
		<SimpleData name="id">interpolated_points_sde_hala_penawar.145</SimpleData>
		<SimpleData name="tessellate">-1</SimpleData>
		<SimpleData name="extrude">0</SimpleData>
		<SimpleData name="visibility">-1</SimpleData>
		<SimpleData name="fid">1</SimpleData>
		<SimpleData name="tessellate2">1</SimpleData>
		<SimpleData name="extrude2">0</SimpleData>
		<SimpleData name="visibility2">-1</SimpleData>
		<SimpleData name="distance">14400</SimpleData>
		<SimpleData name="angle">102.099584073312</SimpleData>
		<SimpleData name="KM">KM 15.4</SimpleData>
		<SimpleData name="Latitude">1.613</SimpleData>
		<SimpleData name="Longitude">103.767</SimpleData>
	</SchemaData></ExtendedData>
      <Point><coordinates>103.767040177901,1.61299527872116,0</coordinates></Point>
  </Placemark>
  <Placemark id="sde_hala_penawar__interpolated_points_sde_hala_penawar.146">
	<name>SDE HALA PENAWAR</name>
	<ExtendedData><SchemaData schemaUrl="#sde_hala_penawar__interpolated_points_sde_hala_penawar">
		<SimpleData name="id">interpolated_points_sde_hala_penawar.146</SimpleData>
		<SimpleData name="tessellate">-1</SimpleData>
		<SimpleData name="extrude">0</SimpleData>
		<SimpleData name="visibility">-1</SimpleData>
		<SimpleData name="fid">1</SimpleData>
		<SimpleData name="tessellate2">1</SimpleData>
		<SimpleData name="extrude2">0</SimpleData>
		<SimpleData name="visibility2">-1</SimpleData>
		<SimpleData name="distance">14500</SimpleData>
		<SimpleData name="angle">104.383551438814</SimpleData>
		<SimpleData name="KM">KM 15.5</SimpleData>
		<SimpleData name="Latitude">1.613</SimpleData>
		<SimpleData name="Longitude">103.768</SimpleData>
	</SchemaData></ExtendedData>
      <Point><coordinates>103.767912139366,1.61277618196104,0</coordinates></Point>
  </Placemark>
  <Placemark id="sde_hala_penawar__interpolated_points_sde_hala_penawar.147">
	<name>SDE HALA PENAWAR</name>
	<ExtendedData><SchemaData schemaUrl="#sde_hala_penawar__interpolated_points_sde_hala_penawar">
		<SimpleData name="id">interpolated_points_sde_hala_penawar.147</SimpleData>
		<SimpleData name="tessellate">-1</SimpleData>
		<SimpleData name="extrude">0</SimpleData>
		<SimpleData name="visibility">-1</SimpleData>
		<SimpleData name="fid">1</SimpleData>
		<SimpleData name="tessellate2">1</SimpleData>
		<SimpleData name="extrude2">0</SimpleData>
		<SimpleData name="visibility2">-1</SimpleData>
		<SimpleData name="distance">14600</SimpleData>
		<SimpleData name="angle">104.118362331811</SimpleData>
		<SimpleData name="KM">KM 15.6</SimpleData>
		<SimpleData name="Latitude">1.613</SimpleData>
		<SimpleData name="Longitude">103.769</SimpleData>
	</SchemaData></ExtendedData>
      <Point><coordinates>103.768785605209,1.61256311730365,0</coordinates></Point>
  </Placemark>
  <Placemark id="sde_hala_penawar__interpolated_points_sde_hala_penawar.148">
	<name>SDE HALA PENAWAR</name>
	<ExtendedData><SchemaData schemaUrl="#sde_hala_penawar__interpolated_points_sde_hala_penawar">
		<SimpleData name="id">interpolated_points_sde_hala_penawar.148</SimpleData>
		<SimpleData name="tessellate">-1</SimpleData>
		<SimpleData name="extrude">0</SimpleData>
		<SimpleData name="visibility">-1</SimpleData>
		<SimpleData name="fid">1</SimpleData>
		<SimpleData name="tessellate2">1</SimpleData>
		<SimpleData name="extrude2">0</SimpleData>
		<SimpleData name="visibility2">-1</SimpleData>
		<SimpleData name="distance">14700</SimpleData>
		<SimpleData name="angle">102.48701902994</SimpleData>
		<SimpleData name="KM">KM 15.7</SimpleData>
		<SimpleData name="Latitude">1.612</SimpleData>
		<SimpleData name="Longitude">103.770</SimpleData>
	</SchemaData></ExtendedData>
      <Point><coordinates>103.769658537046,1.61234810287909,0</coordinates></Point>
  </Placemark>
  <Placemark id="sde_hala_penawar__interpolated_points_sde_hala_penawar.149">
	<name>SDE HALA PENAWAR</name>
	<ExtendedData><SchemaData schemaUrl="#sde_hala_penawar__interpolated_points_sde_hala_penawar">
		<SimpleData name="id">interpolated_points_sde_hala_penawar.149</SimpleData>
		<SimpleData name="tessellate">-1</SimpleData>
		<SimpleData name="extrude">0</SimpleData>
		<SimpleData name="visibility">-1</SimpleData>
		<SimpleData name="fid">1</SimpleData>
		<SimpleData name="tessellate2">1</SimpleData>
		<SimpleData name="extrude2">0</SimpleData>
		<SimpleData name="visibility2">-1</SimpleData>
		<SimpleData name="distance">14800</SimpleData>
		<SimpleData name="angle">103.802142779842</SimpleData>
		<SimpleData name="KM">KM 15.8</SimpleData>
		<SimpleData name="Latitude">1.612</SimpleData>
		<SimpleData name="Longitude">103.771</SimpleData>
	</SchemaData></ExtendedData>
      <Point><coordinates>103.770531095452,1.61213164772768,0</coordinates></Point>
  </Placemark>
  <Placemark id="sde_hala_penawar__interpolated_points_sde_hala_penawar.150">
	<name>SDE HALA PENAWAR</name>
	<ExtendedData><SchemaData schemaUrl="#sde_hala_penawar__interpolated_points_sde_hala_penawar">
		<SimpleData name="id">interpolated_points_sde_hala_penawar.150</SimpleData>
		<SimpleData name="tessellate">-1</SimpleData>
		<SimpleData name="extrude">0</SimpleData>
		<SimpleData name="visibility">-1</SimpleData>
		<SimpleData name="fid">1</SimpleData>
		<SimpleData name="tessellate2">1</SimpleData>
		<SimpleData name="extrude2">0</SimpleData>
		<SimpleData name="visibility2">-1</SimpleData>
		<SimpleData name="distance">14900</SimpleData>
		<SimpleData name="angle">103.771862820725</SimpleData>
		<SimpleData name="KM">KM 15.9</SimpleData>
		<SimpleData name="Latitude">1.612</SimpleData>
		<SimpleData name="Longitude">103.771</SimpleData>
	</SchemaData></ExtendedData>
      <Point><coordinates>103.771399906504,1.61190574078811,0</coordinates></Point>
  </Placemark>
  <Placemark id="sde_hala_penawar__interpolated_points_sde_hala_penawar.151">
	<name>SDE HALA PENAWAR</name>
	<ExtendedData><SchemaData schemaUrl="#sde_hala_penawar__interpolated_points_sde_hala_penawar">
		<SimpleData name="id">interpolated_points_sde_hala_penawar.151</SimpleData>
		<SimpleData name="tessellate">-1</SimpleData>
		<SimpleData name="extrude">0</SimpleData>
		<SimpleData name="visibility">-1</SimpleData>
		<SimpleData name="fid">1</SimpleData>
		<SimpleData name="tessellate2">1</SimpleData>
		<SimpleData name="extrude2">0</SimpleData>
		<SimpleData name="visibility2">-1</SimpleData>
		<SimpleData name="distance">15000</SimpleData>
		<SimpleData name="angle">103.771862820725</SimpleData>
		<SimpleData name="KM">KM 16.0</SimpleData>
		<SimpleData name="Latitude">1.612</SimpleData>
		<SimpleData name="Longitude">103.772</SimpleData>
	</SchemaData></ExtendedData>
      <Point><coordinates>103.772273015779,1.61169094487164,0</coordinates></Point>
  </Placemark>
  <Placemark id="sde_hala_penawar__interpolated_points_sde_hala_penawar.152">
	<name>SDE HALA PENAWAR</name>
	<ExtendedData><SchemaData schemaUrl="#sde_hala_penawar__interpolated_points_sde_hala_penawar">
		<SimpleData name="id">interpolated_points_sde_hala_penawar.152</SimpleData>
		<SimpleData name="tessellate">-1</SimpleData>
		<SimpleData name="extrude">0</SimpleData>
		<SimpleData name="visibility">-1</SimpleData>
		<SimpleData name="fid">1</SimpleData>
		<SimpleData name="tessellate2">1</SimpleData>
		<SimpleData name="extrude2">0</SimpleData>
		<SimpleData name="visibility2">-1</SimpleData>
		<SimpleData name="distance">15100</SimpleData>
		<SimpleData name="angle">103.771862820725</SimpleData>
		<SimpleData name="KM">KM 16.1</SimpleData>
		<SimpleData name="Latitude">1.611</SimpleData>
		<SimpleData name="Longitude">103.773</SimpleData>
	</SchemaData></ExtendedData>
      <Point><coordinates>103.773146125141,1.61147614843683,0</coordinates></Point>
  </Placemark>
  <Placemark id="sde_hala_penawar__interpolated_points_sde_hala_penawar.153">
	<name>SDE HALA PENAWAR</name>
	<ExtendedData><SchemaData schemaUrl="#sde_hala_penawar__interpolated_points_sde_hala_penawar">
		<SimpleData name="id">interpolated_points_sde_hala_penawar.153</SimpleData>
		<SimpleData name="tessellate">-1</SimpleData>
		<SimpleData name="extrude">0</SimpleData>
		<SimpleData name="visibility">-1</SimpleData>
		<SimpleData name="fid">1</SimpleData>
		<SimpleData name="tessellate2">1</SimpleData>
		<SimpleData name="extrude2">0</SimpleData>
		<SimpleData name="visibility2">-1</SimpleData>
		<SimpleData name="distance">15200</SimpleData>
		<SimpleData name="angle">103.771862820725</SimpleData>
		<SimpleData name="KM">KM 16.2</SimpleData>
		<SimpleData name="Latitude">1.611</SimpleData>
		<SimpleData name="Longitude">103.774</SimpleData>
	</SchemaData></ExtendedData>
      <Point><coordinates>103.774019234589,1.61126135148384,0</coordinates></Point>
  </Placemark>
  <Placemark id="sde_hala_penawar__interpolated_points_sde_hala_penawar.154">
	<name>SDE HALA PENAWAR</name>
	<ExtendedData><SchemaData schemaUrl="#sde_hala_penawar__interpolated_points_sde_hala_penawar">
		<SimpleData name="id">interpolated_points_sde_hala_penawar.154</SimpleData>
		<SimpleData name="tessellate">-1</SimpleData>
		<SimpleData name="extrude">0</SimpleData>
		<SimpleData name="visibility">-1</SimpleData>
		<SimpleData name="fid">1</SimpleData>
		<SimpleData name="tessellate2">1</SimpleData>
		<SimpleData name="extrude2">0</SimpleData>
		<SimpleData name="visibility2">-1</SimpleData>
		<SimpleData name="distance">15300</SimpleData>
		<SimpleData name="angle">103.771862820725</SimpleData>
		<SimpleData name="KM">KM 16.3</SimpleData>
		<SimpleData name="Latitude">1.611</SimpleData>
		<SimpleData name="Longitude">103.775</SimpleData>
	</SchemaData></ExtendedData>
      <Point><coordinates>103.774892344124,1.61104655401282,0</coordinates></Point>
  </Placemark>
  <Placemark id="sde_hala_penawar__interpolated_points_sde_hala_penawar.155">
	<name>SDE HALA PENAWAR</name>
	<ExtendedData><SchemaData schemaUrl="#sde_hala_penawar__interpolated_points_sde_hala_penawar">
		<SimpleData name="id">interpolated_points_sde_hala_penawar.155</SimpleData>
		<SimpleData name="tessellate">-1</SimpleData>
		<SimpleData name="extrude">0</SimpleData>
		<SimpleData name="visibility">-1</SimpleData>
		<SimpleData name="fid">1</SimpleData>
		<SimpleData name="tessellate2">1</SimpleData>
		<SimpleData name="extrude2">0</SimpleData>
		<SimpleData name="visibility2">-1</SimpleData>
		<SimpleData name="distance">15400</SimpleData>
		<SimpleData name="angle">105.582950519907</SimpleData>
		<SimpleData name="KM">KM 16.4</SimpleData>
		<SimpleData name="Latitude">1.611</SimpleData>
		<SimpleData name="Longitude">103.776</SimpleData>
	</SchemaData></ExtendedData>
      <Point><coordinates>103.77576417503,1.61082683100974,0</coordinates></Point>
  </Placemark>
  <Placemark id="sde_hala_penawar__interpolated_points_sde_hala_penawar.156">
	<name>SDE HALA PENAWAR</name>
	<ExtendedData><SchemaData schemaUrl="#sde_hala_penawar__interpolated_points_sde_hala_penawar">
		<SimpleData name="id">interpolated_points_sde_hala_penawar.156</SimpleData>
		<SimpleData name="tessellate">-1</SimpleData>
		<SimpleData name="extrude">0</SimpleData>
		<SimpleData name="visibility">-1</SimpleData>
		<SimpleData name="fid">1</SimpleData>
		<SimpleData name="tessellate2">1</SimpleData>
		<SimpleData name="extrude2">0</SimpleData>
		<SimpleData name="visibility2">-1</SimpleData>
		<SimpleData name="distance">15500</SimpleData>
		<SimpleData name="angle">103.76572675229</SimpleData>
		<SimpleData name="KM">KM 16.5</SimpleData>
		<SimpleData name="Latitude">1.611</SimpleData>
		<SimpleData name="Longitude">103.777</SimpleData>
	</SchemaData></ExtendedData>
      <Point><coordinates>103.77663208634,1.61059276568021,0</coordinates></Point>
  </Placemark>
  <Placemark id="sde_hala_penawar__interpolated_points_sde_hala_penawar.157">
	<name>SDE HALA PENAWAR</name>
	<ExtendedData><SchemaData schemaUrl="#sde_hala_penawar__interpolated_points_sde_hala_penawar">
		<SimpleData name="id">interpolated_points_sde_hala_penawar.157</SimpleData>
		<SimpleData name="tessellate">-1</SimpleData>
		<SimpleData name="extrude">0</SimpleData>
		<SimpleData name="visibility">-1</SimpleData>
		<SimpleData name="fid">1</SimpleData>
		<SimpleData name="tessellate2">1</SimpleData>
		<SimpleData name="extrude2">0</SimpleData>
		<SimpleData name="visibility2">-1</SimpleData>
		<SimpleData name="distance">15600</SimpleData>
		<SimpleData name="angle">102.081281171705</SimpleData>
		<SimpleData name="KM">KM 16.6</SimpleData>
		<SimpleData name="Latitude">1.610</SimpleData>
		<SimpleData name="Longitude">103.778</SimpleData>
	</SchemaData></ExtendedData>
      <Point><coordinates>103.777508291987,1.6103915750226,0</coordinates></Point>
  </Placemark>
  <Placemark id="sde_hala_penawar__interpolated_points_sde_hala_penawar.158">
	<name>SDE HALA PENAWAR</name>
	<ExtendedData><SchemaData schemaUrl="#sde_hala_penawar__interpolated_points_sde_hala_penawar">
		<SimpleData name="id">interpolated_points_sde_hala_penawar.158</SimpleData>
		<SimpleData name="tessellate">-1</SimpleData>
		<SimpleData name="extrude">0</SimpleData>
		<SimpleData name="visibility">-1</SimpleData>
		<SimpleData name="fid">1</SimpleData>
		<SimpleData name="tessellate2">1</SimpleData>
		<SimpleData name="extrude2">0</SimpleData>
		<SimpleData name="visibility2">-1</SimpleData>
		<SimpleData name="distance">15700</SimpleData>
		<SimpleData name="angle">102.081281171705</SimpleData>
		<SimpleData name="KM">KM 16.7</SimpleData>
		<SimpleData name="Latitude">1.610</SimpleData>
		<SimpleData name="Longitude">103.778</SimpleData>
	</SchemaData></ExtendedData>
      <Point><coordinates>103.778387318922,1.61020279063073,0</coordinates></Point>
  </Placemark>
  <Placemark id="sde_hala_penawar__interpolated_points_sde_hala_penawar.159">
	<name>SDE HALA PENAWAR</name>
	<ExtendedData><SchemaData schemaUrl="#sde_hala_penawar__interpolated_points_sde_hala_penawar">
		<SimpleData name="id">interpolated_points_sde_hala_penawar.159</SimpleData>
		<SimpleData name="tessellate">-1</SimpleData>
		<SimpleData name="extrude">0</SimpleData>
		<SimpleData name="visibility">-1</SimpleData>
		<SimpleData name="fid">1</SimpleData>
		<SimpleData name="tessellate2">1</SimpleData>
		<SimpleData name="extrude2">0</SimpleData>
		<SimpleData name="visibility2">-1</SimpleData>
		<SimpleData name="distance">15800</SimpleData>
		<SimpleData name="angle">102.76058107578</SimpleData>
		<SimpleData name="KM">KM 16.8</SimpleData>
		<SimpleData name="Latitude">1.610</SimpleData>
		<SimpleData name="Longitude">103.779</SimpleData>
	</SchemaData></ExtendedData>
      <Point><coordinates>103.779262418546,1.60999990488563,0</coordinates></Point>
  </Placemark>
  <Placemark id="sde_hala_penawar__interpolated_points_sde_hala_penawar.160">
	<name>SDE HALA PENAWAR</name>
	<ExtendedData><SchemaData schemaUrl="#sde_hala_penawar__interpolated_points_sde_hala_penawar">
		<SimpleData name="id">interpolated_points_sde_hala_penawar.160</SimpleData>
		<SimpleData name="tessellate">-1</SimpleData>
		<SimpleData name="extrude">0</SimpleData>
		<SimpleData name="visibility">-1</SimpleData>
		<SimpleData name="fid">1</SimpleData>
		<SimpleData name="tessellate2">1</SimpleData>
		<SimpleData name="extrude2">0</SimpleData>
		<SimpleData name="visibility2">-1</SimpleData>
		<SimpleData name="distance">15900</SimpleData>
		<SimpleData name="angle">104.990172844591</SimpleData>
		<SimpleData name="KM">KM 16.9</SimpleData>
		<SimpleData name="Latitude">1.610</SimpleData>
		<SimpleData name="Longitude">103.780</SimpleData>
	</SchemaData></ExtendedData>
      <Point><coordinates>103.780130513936,1.6097684640633,0</coordinates></Point>
  </Placemark>
  <Placemark id="sde_hala_penawar__interpolated_points_sde_hala_penawar.161">
	<name>SDE HALA PENAWAR</name>
	<ExtendedData><SchemaData schemaUrl="#sde_hala_penawar__interpolated_points_sde_hala_penawar">
		<SimpleData name="id">interpolated_points_sde_hala_penawar.161</SimpleData>
		<SimpleData name="tessellate">-1</SimpleData>
		<SimpleData name="extrude">0</SimpleData>
		<SimpleData name="visibility">-1</SimpleData>
		<SimpleData name="fid">1</SimpleData>
		<SimpleData name="tessellate2">1</SimpleData>
		<SimpleData name="extrude2">0</SimpleData>
		<SimpleData name="visibility2">-1</SimpleData>
		<SimpleData name="distance">16000</SimpleData>
		<SimpleData name="angle">103.522346346695</SimpleData>
		<SimpleData name="KM">KM 17.0</SimpleData>
		<SimpleData name="Latitude">1.610</SimpleData>
		<SimpleData name="Longitude">103.781</SimpleData>
	</SchemaData></ExtendedData>
      <Point><coordinates>103.78100070517,1.6095422436595,0</coordinates></Point>
  </Placemark>
  <Placemark id="sde_hala_penawar__interpolated_points_sde_hala_penawar.162">
	<name>SDE HALA PENAWAR</name>
	<ExtendedData><SchemaData schemaUrl="#sde_hala_penawar__interpolated_points_sde_hala_penawar">
		<SimpleData name="id">interpolated_points_sde_hala_penawar.162</SimpleData>
		<SimpleData name="tessellate">-1</SimpleData>
		<SimpleData name="extrude">0</SimpleData>
		<SimpleData name="visibility">-1</SimpleData>
		<SimpleData name="fid">1</SimpleData>
		<SimpleData name="tessellate2">1</SimpleData>
		<SimpleData name="extrude2">0</SimpleData>
		<SimpleData name="visibility2">-1</SimpleData>
		<SimpleData name="distance">16100</SimpleData>
		<SimpleData name="angle">103.522346346695</SimpleData>
		<SimpleData name="KM">KM 17.1</SimpleData>
		<SimpleData name="Latitude">1.609</SimpleData>
		<SimpleData name="Longitude">103.782</SimpleData>
	</SchemaData></ExtendedData>
      <Point><coordinates>103.781874736652,1.60933127046527,0</coordinates></Point>
  </Placemark>
  <Placemark id="sde_hala_penawar__interpolated_points_sde_hala_penawar.163">
	<name>SDE HALA PENAWAR</name>
	<ExtendedData><SchemaData schemaUrl="#sde_hala_penawar__interpolated_points_sde_hala_penawar">
		<SimpleData name="id">interpolated_points_sde_hala_penawar.163</SimpleData>
		<SimpleData name="tessellate">-1</SimpleData>
		<SimpleData name="extrude">0</SimpleData>
		<SimpleData name="visibility">-1</SimpleData>
		<SimpleData name="fid">1</SimpleData>
		<SimpleData name="tessellate2">1</SimpleData>
		<SimpleData name="extrude2">0</SimpleData>
		<SimpleData name="visibility2">-1</SimpleData>
		<SimpleData name="distance">16200</SimpleData>
		<SimpleData name="angle">106.326009699682</SimpleData>
		<SimpleData name="KM">KM 17.2</SimpleData>
		<SimpleData name="Latitude">1.609</SimpleData>
		<SimpleData name="Longitude">103.783</SimpleData>
	</SchemaData></ExtendedData>
      <Point><coordinates>103.782743924407,1.60910178693945,0</coordinates></Point>
  </Placemark>
  <Placemark id="sde_hala_penawar__interpolated_points_sde_hala_penawar.164">
	<name>SDE HALA PENAWAR</name>
	<ExtendedData><SchemaData schemaUrl="#sde_hala_penawar__interpolated_points_sde_hala_penawar">
		<SimpleData name="id">interpolated_points_sde_hala_penawar.164</SimpleData>
		<SimpleData name="tessellate">-1</SimpleData>
		<SimpleData name="extrude">0</SimpleData>
		<SimpleData name="visibility">-1</SimpleData>
		<SimpleData name="fid">1</SimpleData>
		<SimpleData name="tessellate2">1</SimpleData>
		<SimpleData name="extrude2">0</SimpleData>
		<SimpleData name="visibility2">-1</SimpleData>
		<SimpleData name="distance">16300</SimpleData>
		<SimpleData name="angle">104.258757941463</SimpleData>
		<SimpleData name="KM">KM 17.3</SimpleData>
		<SimpleData name="Latitude">1.609</SimpleData>
		<SimpleData name="Longitude">103.784</SimpleData>
	</SchemaData></ExtendedData>
      <Point><coordinates>103.783615129302,1.60887930378227,0</coordinates></Point>
  </Placemark>
  <Placemark id="sde_hala_penawar__interpolated_points_sde_hala_penawar.165">
	<name>SDE HALA PENAWAR</name>
	<ExtendedData><SchemaData schemaUrl="#sde_hala_penawar__interpolated_points_sde_hala_penawar">
		<SimpleData name="id">interpolated_points_sde_hala_penawar.165</SimpleData>
		<SimpleData name="tessellate">-1</SimpleData>
		<SimpleData name="extrude">0</SimpleData>
		<SimpleData name="visibility">-1</SimpleData>
		<SimpleData name="fid">1</SimpleData>
		<SimpleData name="tessellate2">1</SimpleData>
		<SimpleData name="extrude2">0</SimpleData>
		<SimpleData name="visibility2">-1</SimpleData>
		<SimpleData name="distance">16400</SimpleData>
		<SimpleData name="angle">90.0341280390355</SimpleData>
		<SimpleData name="KM">KM 17.4</SimpleData>
		<SimpleData name="Latitude">1.609</SimpleData>
		<SimpleData name="Longitude">103.784</SimpleData>
	</SchemaData></ExtendedData>
      <Point><coordinates>103.784486735047,1.60866000000001,0</coordinates></Point>
  </Placemark>
  <Placemark id="sde_hala_penawar__interpolated_points_sde_hala_penawar.166">
	<name>SDE HALA PENAWAR</name>
	<ExtendedData><SchemaData schemaUrl="#sde_hala_penawar__interpolated_points_sde_hala_penawar">
		<SimpleData name="id">interpolated_points_sde_hala_penawar.166</SimpleData>
		<SimpleData name="tessellate">-1</SimpleData>
		<SimpleData name="extrude">0</SimpleData>
		<SimpleData name="visibility">-1</SimpleData>
		<SimpleData name="fid">1</SimpleData>
		<SimpleData name="tessellate2">1</SimpleData>
		<SimpleData name="extrude2">0</SimpleData>
		<SimpleData name="visibility2">-1</SimpleData>
		<SimpleData name="distance">16500</SimpleData>
		<SimpleData name="angle">103.6017339554</SimpleData>
		<SimpleData name="KM">KM 17.5</SimpleData>
		<SimpleData name="Latitude">1.608</SimpleData>
		<SimpleData name="Longitude">103.785</SimpleData>
	</SchemaData></ExtendedData>
      <Point><coordinates>103.785359205044,1.60844390749435,0</coordinates></Point>
  </Placemark>
  <Placemark id="sde_hala_penawar__interpolated_points_sde_hala_penawar.167">
	<name>SDE HALA PENAWAR</name>
	<ExtendedData><SchemaData schemaUrl="#sde_hala_penawar__interpolated_points_sde_hala_penawar">
		<SimpleData name="id">interpolated_points_sde_hala_penawar.167</SimpleData>
		<SimpleData name="tessellate">-1</SimpleData>
		<SimpleData name="extrude">0</SimpleData>
		<SimpleData name="visibility">-1</SimpleData>
		<SimpleData name="fid">1</SimpleData>
		<SimpleData name="tessellate2">1</SimpleData>
		<SimpleData name="extrude2">0</SimpleData>
		<SimpleData name="visibility2">-1</SimpleData>
		<SimpleData name="distance">16600</SimpleData>
		<SimpleData name="angle">103.6017339554</SimpleData>
		<SimpleData name="KM">KM 17.6</SimpleData>
		<SimpleData name="Latitude">1.608</SimpleData>
		<SimpleData name="Longitude">103.786</SimpleData>
	</SchemaData></ExtendedData>
      <Point><coordinates>103.786232945625,1.60823171320863,0</coordinates></Point>
  </Placemark>
  <Placemark id="sde_hala_penawar__interpolated_points_sde_hala_penawar.168">
	<name>SDE HALA PENAWAR</name>
	<ExtendedData><SchemaData schemaUrl="#sde_hala_penawar__interpolated_points_sde_hala_penawar">
		<SimpleData name="id">interpolated_points_sde_hala_penawar.168</SimpleData>
		<SimpleData name="tessellate">-1</SimpleData>
		<SimpleData name="extrude">0</SimpleData>
		<SimpleData name="visibility">-1</SimpleData>
		<SimpleData name="fid">1</SimpleData>
		<SimpleData name="tessellate2">1</SimpleData>
		<SimpleData name="extrude2">0</SimpleData>
		<SimpleData name="visibility2">-1</SimpleData>
		<SimpleData name="distance">16700</SimpleData>
		<SimpleData name="angle">104.446702688722</SimpleData>
		<SimpleData name="KM">KM 17.7</SimpleData>
		<SimpleData name="Latitude">1.608</SimpleData>
		<SimpleData name="Longitude">103.787</SimpleData>
	</SchemaData></ExtendedData>
      <Point><coordinates>103.78710196978,1.60800104245836,0</coordinates></Point>
  </Placemark>
  <Placemark id="sde_hala_penawar__interpolated_points_sde_hala_penawar.169">
	<name>SDE HALA PENAWAR</name>
	<ExtendedData><SchemaData schemaUrl="#sde_hala_penawar__interpolated_points_sde_hala_penawar">
		<SimpleData name="id">interpolated_points_sde_hala_penawar.169</SimpleData>
		<SimpleData name="tessellate">-1</SimpleData>
		<SimpleData name="extrude">0</SimpleData>
		<SimpleData name="visibility">-1</SimpleData>
		<SimpleData name="fid">1</SimpleData>
		<SimpleData name="tessellate2">1</SimpleData>
		<SimpleData name="extrude2">0</SimpleData>
		<SimpleData name="visibility2">-1</SimpleData>
		<SimpleData name="distance">16800</SimpleData>
		<SimpleData name="angle">104.046513115869</SimpleData>
		<SimpleData name="KM">KM 17.8</SimpleData>
		<SimpleData name="Latitude">1.608</SimpleData>
		<SimpleData name="Longitude">103.788</SimpleData>
	</SchemaData></ExtendedData>
      <Point><coordinates>103.787972807877,1.60777710307164,0</coordinates></Point>
  </Placemark>
  <Placemark id="sde_hala_penawar__interpolated_points_sde_hala_penawar.170">
	<name>SDE HALA PENAWAR</name>
	<ExtendedData><SchemaData schemaUrl="#sde_hala_penawar__interpolated_points_sde_hala_penawar">
		<SimpleData name="id">interpolated_points_sde_hala_penawar.170</SimpleData>
		<SimpleData name="tessellate">-1</SimpleData>
		<SimpleData name="extrude">0</SimpleData>
		<SimpleData name="visibility">-1</SimpleData>
		<SimpleData name="fid">1</SimpleData>
		<SimpleData name="tessellate2">1</SimpleData>
		<SimpleData name="extrude2">0</SimpleData>
		<SimpleData name="visibility2">-1</SimpleData>
		<SimpleData name="distance">16900</SimpleData>
		<SimpleData name="angle">100.572560148888</SimpleData>
		<SimpleData name="KM">KM 17.9</SimpleData>
		<SimpleData name="Latitude">1.608</SimpleData>
		<SimpleData name="Longitude">103.789</SimpleData>
	</SchemaData></ExtendedData>
      <Point><coordinates>103.788850011813,1.6075817969064,0</coordinates></Point>
  </Placemark>
  <Placemark id="sde_hala_penawar__interpolated_points_sde_hala_penawar.171">
	<name>SDE HALA PENAWAR</name>
	<ExtendedData><SchemaData schemaUrl="#sde_hala_penawar__interpolated_points_sde_hala_penawar">
		<SimpleData name="id">interpolated_points_sde_hala_penawar.171</SimpleData>
		<SimpleData name="tessellate">-1</SimpleData>
		<SimpleData name="extrude">0</SimpleData>
		<SimpleData name="visibility">-1</SimpleData>
		<SimpleData name="fid">1</SimpleData>
		<SimpleData name="tessellate2">1</SimpleData>
		<SimpleData name="extrude2">0</SimpleData>
		<SimpleData name="visibility2">-1</SimpleData>
		<SimpleData name="distance">17000</SimpleData>
		<SimpleData name="angle">106.818199139374</SimpleData>
		<SimpleData name="KM">KM 18.0</SimpleData>
		<SimpleData name="Latitude">1.607</SimpleData>
		<SimpleData name="Longitude">103.790</SimpleData>
	</SchemaData></ExtendedData>
      <Point><coordinates>103.789717581569,1.60734967525481,0</coordinates></Point>
  </Placemark>
  <Placemark id="sde_hala_penawar__interpolated_points_sde_hala_penawar.172">
	<name>SDE HALA PENAWAR</name>
	<ExtendedData><SchemaData schemaUrl="#sde_hala_penawar__interpolated_points_sde_hala_penawar">
		<SimpleData name="id">interpolated_points_sde_hala_penawar.172</SimpleData>
		<SimpleData name="tessellate">-1</SimpleData>
		<SimpleData name="extrude">0</SimpleData>
		<SimpleData name="visibility">-1</SimpleData>
		<SimpleData name="fid">1</SimpleData>
		<SimpleData name="tessellate2">1</SimpleData>
		<SimpleData name="extrude2">0</SimpleData>
		<SimpleData name="visibility2">-1</SimpleData>
		<SimpleData name="distance">17100</SimpleData>
		<SimpleData name="angle">105.464935585886</SimpleData>
		<SimpleData name="KM">KM 18.1</SimpleData>
		<SimpleData name="Latitude">1.607</SimpleData>
		<SimpleData name="Longitude">103.791</SimpleData>
	</SchemaData></ExtendedData>
      <Point><coordinates>103.790588237253,1.60712587854281,0</coordinates></Point>
  </Placemark>
  <Placemark id="sde_hala_penawar__interpolated_points_sde_hala_penawar.173">
	<name>SDE HALA PENAWAR</name>
	<ExtendedData><SchemaData schemaUrl="#sde_hala_penawar__interpolated_points_sde_hala_penawar">
		<SimpleData name="id">interpolated_points_sde_hala_penawar.173</SimpleData>
		<SimpleData name="tessellate">-1</SimpleData>
		<SimpleData name="extrude">0</SimpleData>
		<SimpleData name="visibility">-1</SimpleData>
		<SimpleData name="fid">1</SimpleData>
		<SimpleData name="tessellate2">1</SimpleData>
		<SimpleData name="extrude2">0</SimpleData>
		<SimpleData name="visibility2">-1</SimpleData>
		<SimpleData name="distance">17200</SimpleData>
		<SimpleData name="angle">105.392134760507</SimpleData>
		<SimpleData name="KM">KM 18.2</SimpleData>
		<SimpleData name="Latitude">1.607</SimpleData>
		<SimpleData name="Longitude">103.791</SimpleData>
	</SchemaData></ExtendedData>
      <Point><coordinates>103.791454948812,1.60688625848132,0</coordinates></Point>
  </Placemark>
  <Placemark id="sde_hala_penawar__interpolated_points_sde_hala_penawar.174">
	<name>SDE HALA PENAWAR</name>
	<ExtendedData><SchemaData schemaUrl="#sde_hala_penawar__interpolated_points_sde_hala_penawar">
		<SimpleData name="id">interpolated_points_sde_hala_penawar.174</SimpleData>
		<SimpleData name="tessellate">-1</SimpleData>
		<SimpleData name="extrude">0</SimpleData>
		<SimpleData name="visibility">-1</SimpleData>
		<SimpleData name="fid">1</SimpleData>
		<SimpleData name="tessellate2">1</SimpleData>
		<SimpleData name="extrude2">0</SimpleData>
		<SimpleData name="visibility2">-1</SimpleData>
		<SimpleData name="distance">17300</SimpleData>
		<SimpleData name="angle">112.525485387831</SimpleData>
		<SimpleData name="KM">KM 18.3</SimpleData>
		<SimpleData name="Latitude">1.607</SimpleData>
		<SimpleData name="Longitude">103.792</SimpleData>
	</SchemaData></ExtendedData>
      <Point><coordinates>103.792310297669,1.60661054263941,0</coordinates></Point>
  </Placemark>
  <Placemark id="sde_hala_penawar__interpolated_points_sde_hala_penawar.175">
	<name>SDE HALA PENAWAR</name>
	<ExtendedData><SchemaData schemaUrl="#sde_hala_penawar__interpolated_points_sde_hala_penawar">
		<SimpleData name="id">interpolated_points_sde_hala_penawar.175</SimpleData>
		<SimpleData name="tessellate">-1</SimpleData>
		<SimpleData name="extrude">0</SimpleData>
		<SimpleData name="visibility">-1</SimpleData>
		<SimpleData name="fid">1</SimpleData>
		<SimpleData name="tessellate2">1</SimpleData>
		<SimpleData name="extrude2">0</SimpleData>
		<SimpleData name="visibility2">-1</SimpleData>
		<SimpleData name="distance">17400</SimpleData>
		<SimpleData name="angle">115.95117620203</SimpleData>
		<SimpleData name="KM">KM 18.4</SimpleData>
		<SimpleData name="Latitude">1.606</SimpleData>
		<SimpleData name="Longitude">103.793</SimpleData>
	</SchemaData></ExtendedData>
      <Point><coordinates>103.793127177666,1.60623406359799,0</coordinates></Point>
  </Placemark>
  <Placemark id="sde_hala_penawar__interpolated_points_sde_hala_penawar.176">
	<name>SDE HALA PENAWAR</name>
	<ExtendedData><SchemaData schemaUrl="#sde_hala_penawar__interpolated_points_sde_hala_penawar">
		<SimpleData name="id">interpolated_points_sde_hala_penawar.176</SimpleData>
		<SimpleData name="tessellate">-1</SimpleData>
		<SimpleData name="extrude">0</SimpleData>
		<SimpleData name="visibility">-1</SimpleData>
		<SimpleData name="fid">1</SimpleData>
		<SimpleData name="tessellate2">1</SimpleData>
		<SimpleData name="extrude2">0</SimpleData>
		<SimpleData name="visibility2">-1</SimpleData>
		<SimpleData name="distance">17500</SimpleData>
		<SimpleData name="angle">121.699234712383</SimpleData>
		<SimpleData name="KM">KM 18.5</SimpleData>
		<SimpleData name="Latitude">1.606</SimpleData>
		<SimpleData name="Longitude">103.794</SimpleData>
	</SchemaData></ExtendedData>
      <Point><coordinates>103.793905158742,1.60578197056211,0</coordinates></Point>
  </Placemark>
  <Placemark id="sde_hala_penawar__interpolated_points_sde_hala_penawar.177">
	<name>SDE HALA PENAWAR</name>
	<ExtendedData><SchemaData schemaUrl="#sde_hala_penawar__interpolated_points_sde_hala_penawar">
		<SimpleData name="id">interpolated_points_sde_hala_penawar.177</SimpleData>
		<SimpleData name="tessellate">-1</SimpleData>
		<SimpleData name="extrude">0</SimpleData>
		<SimpleData name="visibility">-1</SimpleData>
		<SimpleData name="fid">1</SimpleData>
		<SimpleData name="tessellate2">1</SimpleData>
		<SimpleData name="extrude2">0</SimpleData>
		<SimpleData name="visibility2">-1</SimpleData>
		<SimpleData name="distance">17600</SimpleData>
		<SimpleData name="angle">121.699234712383</SimpleData>
		<SimpleData name="KM">KM 18.6</SimpleData>
		<SimpleData name="Latitude">1.605</SimpleData>
		<SimpleData name="Longitude">103.795</SimpleData>
	</SchemaData></ExtendedData>
      <Point><coordinates>103.794670173815,1.60530713369223,0</coordinates></Point>
  </Placemark>
  <Placemark id="sde_hala_penawar__interpolated_points_sde_hala_penawar.178">
	<name>SDE HALA PENAWAR</name>
	<ExtendedData><SchemaData schemaUrl="#sde_hala_penawar__interpolated_points_sde_hala_penawar">
		<SimpleData name="id">interpolated_points_sde_hala_penawar.178</SimpleData>
		<SimpleData name="tessellate">-1</SimpleData>
		<SimpleData name="extrude">0</SimpleData>
		<SimpleData name="visibility">-1</SimpleData>
		<SimpleData name="fid">1</SimpleData>
		<SimpleData name="tessellate2">1</SimpleData>
		<SimpleData name="extrude2">0</SimpleData>
		<SimpleData name="visibility2">-1</SimpleData>
		<SimpleData name="distance">17700</SimpleData>
		<SimpleData name="angle">121.090079753105</SimpleData>
		<SimpleData name="KM">KM 18.7</SimpleData>
		<SimpleData name="Latitude">1.605</SimpleData>
		<SimpleData name="Longitude">103.795</SimpleData>
	</SchemaData></ExtendedData>
      <Point><coordinates>103.795437887739,1.60483675291337,0</coordinates></Point>
  </Placemark>
  <Placemark id="sde_hala_penawar__interpolated_points_sde_hala_penawar.179">
	<name>SDE HALA PENAWAR</name>
	<ExtendedData><SchemaData schemaUrl="#sde_hala_penawar__interpolated_points_sde_hala_penawar">
		<SimpleData name="id">interpolated_points_sde_hala_penawar.179</SimpleData>
		<SimpleData name="tessellate">-1</SimpleData>
		<SimpleData name="extrude">0</SimpleData>
		<SimpleData name="visibility">-1</SimpleData>
		<SimpleData name="fid">1</SimpleData>
		<SimpleData name="tessellate2">1</SimpleData>
		<SimpleData name="extrude2">0</SimpleData>
		<SimpleData name="visibility2">-1</SimpleData>
		<SimpleData name="distance">17800</SimpleData>
		<SimpleData name="angle">118.127278365528</SimpleData>
		<SimpleData name="KM">KM 18.8</SimpleData>
		<SimpleData name="Latitude">1.604</SimpleData>
		<SimpleData name="Longitude">103.796</SimpleData>
	</SchemaData></ExtendedData>
      <Point><coordinates>103.796220114055,1.60439162468136,0</coordinates></Point>
  </Placemark>
  <Placemark id="sde_hala_penawar__interpolated_points_sde_hala_penawar.180">
	<name>SDE HALA PENAWAR</name>
	<ExtendedData><SchemaData schemaUrl="#sde_hala_penawar__interpolated_points_sde_hala_penawar">
		<SimpleData name="id">interpolated_points_sde_hala_penawar.180</SimpleData>
		<SimpleData name="tessellate">-1</SimpleData>
		<SimpleData name="extrude">0</SimpleData>
		<SimpleData name="visibility">-1</SimpleData>
		<SimpleData name="fid">1</SimpleData>
		<SimpleData name="tessellate2">1</SimpleData>
		<SimpleData name="extrude2">0</SimpleData>
		<SimpleData name="visibility2">-1</SimpleData>
		<SimpleData name="distance">17900</SimpleData>
		<SimpleData name="angle">109.952390477339</SimpleData>
		<SimpleData name="KM">KM 18.9</SimpleData>
		<SimpleData name="Latitude">1.604</SimpleData>
		<SimpleData name="Longitude">103.797</SimpleData>
	</SchemaData></ExtendedData>
      <Point><coordinates>103.797045125335,1.60403389039212,0</coordinates></Point>
  </Placemark>
  <Placemark id="sde_hala_penawar__interpolated_points_sde_hala_penawar.181">
	<name>SDE HALA PENAWAR</name>
	<ExtendedData><SchemaData schemaUrl="#sde_hala_penawar__interpolated_points_sde_hala_penawar">
		<SimpleData name="id">interpolated_points_sde_hala_penawar.181</SimpleData>
		<SimpleData name="tessellate">-1</SimpleData>
		<SimpleData name="extrude">0</SimpleData>
		<SimpleData name="visibility">-1</SimpleData>
		<SimpleData name="fid">1</SimpleData>
		<SimpleData name="tessellate2">1</SimpleData>
		<SimpleData name="extrude2">0</SimpleData>
		<SimpleData name="visibility2">-1</SimpleData>
		<SimpleData name="distance">18000</SimpleData>
		<SimpleData name="angle">111.314857764156</SimpleData>
		<SimpleData name="KM">KM 19.0</SimpleData>
		<SimpleData name="Latitude">1.604</SimpleData>
		<SimpleData name="Longitude">103.798</SimpleData>
	</SchemaData></ExtendedData>
      <Point><coordinates>103.797903559927,1.60377189781581,0</coordinates></Point>
  </Placemark>
  <Placemark id="sde_hala_penawar__interpolated_points_sde_hala_penawar.182">
	<name>SDE HALA PENAWAR</name>
	<ExtendedData><SchemaData schemaUrl="#sde_hala_penawar__interpolated_points_sde_hala_penawar">
		<SimpleData name="id">interpolated_points_sde_hala_penawar.182</SimpleData>
		<SimpleData name="tessellate">-1</SimpleData>
		<SimpleData name="extrude">0</SimpleData>
		<SimpleData name="visibility">-1</SimpleData>
		<SimpleData name="fid">1</SimpleData>
		<SimpleData name="tessellate2">1</SimpleData>
		<SimpleData name="extrude2">0</SimpleData>
		<SimpleData name="visibility2">-1</SimpleData>
		<SimpleData name="distance">18100</SimpleData>
		<SimpleData name="angle">100.62833770614</SimpleData>
		<SimpleData name="KM">KM 19.1</SimpleData>
		<SimpleData name="Latitude">1.604</SimpleData>
		<SimpleData name="Longitude">103.799</SimpleData>
	</SchemaData></ExtendedData>
      <Point><coordinates>103.798781901125,1.60359301861171,0</coordinates></Point>
  </Placemark>
  <Placemark id="sde_hala_penawar__interpolated_points_sde_hala_penawar.183">
	<name>SDE HALA PENAWAR</name>
	<ExtendedData><SchemaData schemaUrl="#sde_hala_penawar__interpolated_points_sde_hala_penawar">
		<SimpleData name="id">interpolated_points_sde_hala_penawar.183</SimpleData>
		<SimpleData name="tessellate">-1</SimpleData>
		<SimpleData name="extrude">0</SimpleData>
		<SimpleData name="visibility">-1</SimpleData>
		<SimpleData name="fid">1</SimpleData>
		<SimpleData name="tessellate2">1</SimpleData>
		<SimpleData name="extrude2">0</SimpleData>
		<SimpleData name="visibility2">-1</SimpleData>
		<SimpleData name="distance">18200</SimpleData>
		<SimpleData name="angle">92.4045201496909</SimpleData>
		<SimpleData name="KM">KM 19.2</SimpleData>
		<SimpleData name="Latitude">1.603</SimpleData>
		<SimpleData name="Longitude">103.800</SimpleData>
	</SchemaData></ExtendedData>
      <Point><coordinates>103.799670149175,1.60346832711974,0</coordinates></Point>
  </Placemark>
  <Placemark id="sde_hala_penawar__interpolated_points_sde_hala_penawar.184">
	<name>SDE HALA PENAWAR</name>
	<ExtendedData><SchemaData schemaUrl="#sde_hala_penawar__interpolated_points_sde_hala_penawar">
		<SimpleData name="id">interpolated_points_sde_hala_penawar.184</SimpleData>
		<SimpleData name="tessellate">-1</SimpleData>
		<SimpleData name="extrude">0</SimpleData>
		<SimpleData name="visibility">-1</SimpleData>
		<SimpleData name="fid">1</SimpleData>
		<SimpleData name="tessellate2">1</SimpleData>
		<SimpleData name="extrude2">0</SimpleData>
		<SimpleData name="visibility2">-1</SimpleData>
		<SimpleData name="distance">18300</SimpleData>
		<SimpleData name="angle">86.45019603536</SimpleData>
		<SimpleData name="KM">KM 19.3</SimpleData>
		<SimpleData name="Latitude">1.603</SimpleData>
		<SimpleData name="Longitude">103.801</SimpleData>
	</SchemaData></ExtendedData>
      <Point><coordinates>103.80056831319,1.60345767018035,0</coordinates></Point>
  </Placemark>
  <Placemark id="sde_hala_penawar__interpolated_points_sde_hala_penawar.185">
	<name>SDE HALA PENAWAR</name>
	<ExtendedData><SchemaData schemaUrl="#sde_hala_penawar__interpolated_points_sde_hala_penawar">
		<SimpleData name="id">interpolated_points_sde_hala_penawar.185</SimpleData>
		<SimpleData name="tessellate">-1</SimpleData>
		<SimpleData name="extrude">0</SimpleData>
		<SimpleData name="visibility">-1</SimpleData>
		<SimpleData name="fid">1</SimpleData>
		<SimpleData name="tessellate2">1</SimpleData>
		<SimpleData name="extrude2">0</SimpleData>
		<SimpleData name="visibility2">-1</SimpleData>
		<SimpleData name="distance">18400</SimpleData>
		<SimpleData name="angle">89.321889869618</SimpleData>
		<SimpleData name="KM">KM 19.4</SimpleData>
		<SimpleData name="Latitude">1.604</SimpleData>
		<SimpleData name="Longitude">103.801</SimpleData>
	</SchemaData></ExtendedData>
      <Point><coordinates>103.801465806432,1.60350282261199,0</coordinates></Point>
  </Placemark>
  <Placemark id="sde_hala_penawar__interpolated_points_sde_hala_penawar.186">
	<name>SDE HALA PENAWAR</name>
	<ExtendedData><SchemaData schemaUrl="#sde_hala_penawar__interpolated_points_sde_hala_penawar">
		<SimpleData name="id">interpolated_points_sde_hala_penawar.186</SimpleData>
		<SimpleData name="tessellate">-1</SimpleData>
		<SimpleData name="extrude">0</SimpleData>
		<SimpleData name="visibility">-1</SimpleData>
		<SimpleData name="fid">1</SimpleData>
		<SimpleData name="tessellate2">1</SimpleData>
		<SimpleData name="extrude2">0</SimpleData>
		<SimpleData name="visibility2">-1</SimpleData>
		<SimpleData name="distance">18500</SimpleData>
		<SimpleData name="angle">90.0335160798816</SimpleData>
		<SimpleData name="KM">KM 19.5</SimpleData>
		<SimpleData name="Latitude">1.604</SimpleData>
		<SimpleData name="Longitude">103.802</SimpleData>
	</SchemaData></ExtendedData>
      <Point><coordinates>103.802364412608,1.60350000000203,0</coordinates></Point>
  </Placemark>
  <Placemark id="sde_hala_penawar__interpolated_points_sde_hala_penawar.187">
	<name>SDE HALA PENAWAR</name>
	<ExtendedData><SchemaData schemaUrl="#sde_hala_penawar__interpolated_points_sde_hala_penawar">
		<SimpleData name="id">interpolated_points_sde_hala_penawar.187</SimpleData>
		<SimpleData name="tessellate">-1</SimpleData>
		<SimpleData name="extrude">0</SimpleData>
		<SimpleData name="visibility">-1</SimpleData>
		<SimpleData name="fid">1</SimpleData>
		<SimpleData name="tessellate2">1</SimpleData>
		<SimpleData name="extrude2">0</SimpleData>
		<SimpleData name="visibility2">-1</SimpleData>
		<SimpleData name="distance">18600</SimpleData>
		<SimpleData name="angle">97.0718094743443</SimpleData>
		<SimpleData name="KM">KM 19.6</SimpleData>
		<SimpleData name="Latitude">1.603</SimpleData>
		<SimpleData name="Longitude">103.803</SimpleData>
	</SchemaData></ExtendedData>
      <Point><coordinates>103.803257864974,1.60341205057585,0</coordinates></Point>
  </Placemark>
  <Placemark id="sde_hala_penawar__interpolated_points_sde_hala_penawar.188">
	<name>SDE HALA PENAWAR</name>
	<ExtendedData><SchemaData schemaUrl="#sde_hala_penawar__interpolated_points_sde_hala_penawar">
		<SimpleData name="id">interpolated_points_sde_hala_penawar.188</SimpleData>
		<SimpleData name="tessellate">-1</SimpleData>
		<SimpleData name="extrude">0</SimpleData>
		<SimpleData name="visibility">-1</SimpleData>
		<SimpleData name="fid">1</SimpleData>
		<SimpleData name="tessellate2">1</SimpleData>
		<SimpleData name="extrude2">0</SimpleData>
		<SimpleData name="visibility2">-1</SimpleData>
		<SimpleData name="distance">18700</SimpleData>
		<SimpleData name="angle">103.409254686193</SimpleData>
		<SimpleData name="KM">KM 19.7</SimpleData>
		<SimpleData name="Latitude">1.603</SimpleData>
		<SimpleData name="Longitude">103.804</SimpleData>
	</SchemaData></ExtendedData>
      <Point><coordinates>103.804139654357,1.60324119103404,0</coordinates></Point>
  </Placemark>
  <Placemark id="sde_hala_penawar__interpolated_points_sde_hala_penawar.189">
	<name>SDE HALA PENAWAR</name>
	<ExtendedData><SchemaData schemaUrl="#sde_hala_penawar__interpolated_points_sde_hala_penawar">
		<SimpleData name="id">interpolated_points_sde_hala_penawar.189</SimpleData>
		<SimpleData name="tessellate">-1</SimpleData>
		<SimpleData name="extrude">0</SimpleData>
		<SimpleData name="visibility">-1</SimpleData>
		<SimpleData name="fid">1</SimpleData>
		<SimpleData name="tessellate2">1</SimpleData>
		<SimpleData name="extrude2">0</SimpleData>
		<SimpleData name="visibility2">-1</SimpleData>
		<SimpleData name="distance">18800</SimpleData>
		<SimpleData name="angle">108.738181342333</SimpleData>
		<SimpleData name="KM">KM 19.8</SimpleData>
		<SimpleData name="Latitude">1.603</SimpleData>
		<SimpleData name="Longitude">103.805</SimpleData>
	</SchemaData></ExtendedData>
      <Point><coordinates>103.805001380787,1.6029858176311,0</coordinates></Point>
  </Placemark>
  <Placemark id="sde_hala_penawar__interpolated_points_sde_hala_penawar.190">
	<name>SDE HALA PENAWAR</name>
	<ExtendedData><SchemaData schemaUrl="#sde_hala_penawar__interpolated_points_sde_hala_penawar">
		<SimpleData name="id">interpolated_points_sde_hala_penawar.190</SimpleData>
		<SimpleData name="tessellate">-1</SimpleData>
		<SimpleData name="extrude">0</SimpleData>
		<SimpleData name="visibility">-1</SimpleData>
		<SimpleData name="fid">1</SimpleData>
		<SimpleData name="tessellate2">1</SimpleData>
		<SimpleData name="extrude2">0</SimpleData>
		<SimpleData name="visibility2">-1</SimpleData>
		<SimpleData name="distance">18900</SimpleData>
		<SimpleData name="angle">115.38663363421</SimpleData>
		<SimpleData name="KM">KM 19.9</SimpleData>
		<SimpleData name="Latitude">1.603</SimpleData>
		<SimpleData name="Longitude">103.806</SimpleData>
	</SchemaData></ExtendedData>
      <Point><coordinates>103.805829982517,1.60263647429076,0</coordinates></Point>
  </Placemark>
  <Placemark id="sde_hala_penawar__interpolated_points_sde_hala_penawar.191">
	<name>SDE HALA PENAWAR</name>
	<ExtendedData><SchemaData schemaUrl="#sde_hala_penawar__interpolated_points_sde_hala_penawar">
		<SimpleData name="id">interpolated_points_sde_hala_penawar.191</SimpleData>
		<SimpleData name="tessellate">-1</SimpleData>
		<SimpleData name="extrude">0</SimpleData>
		<SimpleData name="visibility">-1</SimpleData>
		<SimpleData name="fid">1</SimpleData>
		<SimpleData name="tessellate2">1</SimpleData>
		<SimpleData name="extrude2">0</SimpleData>
		<SimpleData name="visibility2">-1</SimpleData>
		<SimpleData name="distance">19000</SimpleData>
		<SimpleData name="angle">119.706008032499</SimpleData>
		<SimpleData name="KM">KM 20.0</SimpleData>
		<SimpleData name="Latitude">1.602</SimpleData>
		<SimpleData name="Longitude">103.807</SimpleData>
	</SchemaData></ExtendedData>
      <Point><coordinates>103.806625953136,1.60221734752573,0</coordinates></Point>
  </Placemark>
  <Placemark id="sde_hala_penawar__interpolated_points_sde_hala_penawar.192">
	<name>SDE HALA PENAWAR</name>
	<ExtendedData><SchemaData schemaUrl="#sde_hala_penawar__interpolated_points_sde_hala_penawar">
		<SimpleData name="id">interpolated_points_sde_hala_penawar.192</SimpleData>
		<SimpleData name="tessellate">-1</SimpleData>
		<SimpleData name="extrude">0</SimpleData>
		<SimpleData name="visibility">-1</SimpleData>
		<SimpleData name="fid">1</SimpleData>
		<SimpleData name="tessellate2">1</SimpleData>
		<SimpleData name="extrude2">0</SimpleData>
		<SimpleData name="visibility2">-1</SimpleData>
		<SimpleData name="distance">19100</SimpleData>
		<SimpleData name="angle">127.386969321665</SimpleData>
		<SimpleData name="KM">KM 20.1</SimpleData>
		<SimpleData name="Latitude">1.602</SimpleData>
		<SimpleData name="Longitude">103.807</SimpleData>
	</SchemaData></ExtendedData>
      <Point><coordinates>103.807371117033,1.60171233039602,0</coordinates></Point>
  </Placemark>
  <Placemark id="sde_hala_penawar__interpolated_points_sde_hala_penawar.193">
	<name>SDE HALA PENAWAR</name>
	<ExtendedData><SchemaData schemaUrl="#sde_hala_penawar__interpolated_points_sde_hala_penawar">
		<SimpleData name="id">interpolated_points_sde_hala_penawar.193</SimpleData>
		<SimpleData name="tessellate">-1</SimpleData>
		<SimpleData name="extrude">0</SimpleData>
		<SimpleData name="visibility">-1</SimpleData>
		<SimpleData name="fid">1</SimpleData>
		<SimpleData name="tessellate2">1</SimpleData>
		<SimpleData name="extrude2">0</SimpleData>
		<SimpleData name="visibility2">-1</SimpleData>
		<SimpleData name="distance">19200</SimpleData>
		<SimpleData name="angle">128.448315302627</SimpleData>
		<SimpleData name="KM">KM 20.2</SimpleData>
		<SimpleData name="Latitude">1.601</SimpleData>
		<SimpleData name="Longitude">103.808</SimpleData>
	</SchemaData></ExtendedData>
      <Point><coordinates>103.808085725029,1.60116386439547,0</coordinates></Point>
  </Placemark>
  <Placemark id="sde_hala_penawar__interpolated_points_sde_hala_penawar.194">
	<name>SDE HALA PENAWAR</name>
	<ExtendedData><SchemaData schemaUrl="#sde_hala_penawar__interpolated_points_sde_hala_penawar">
		<SimpleData name="id">interpolated_points_sde_hala_penawar.194</SimpleData>
		<SimpleData name="tessellate">-1</SimpleData>
		<SimpleData name="extrude">0</SimpleData>
		<SimpleData name="visibility">-1</SimpleData>
		<SimpleData name="fid">1</SimpleData>
		<SimpleData name="tessellate2">1</SimpleData>
		<SimpleData name="extrude2">0</SimpleData>
		<SimpleData name="visibility2">-1</SimpleData>
		<SimpleData name="distance">19300</SimpleData>
		<SimpleData name="angle">127.85336115153</SimpleData>
		<SimpleData name="KM">KM 20.3</SimpleData>
		<SimpleData name="Latitude">1.601</SimpleData>
		<SimpleData name="Longitude">103.809</SimpleData>
	</SchemaData></ExtendedData>
      <Point><coordinates>103.808793683365,1.60060658254362,0</coordinates></Point>
  </Placemark>
  <Placemark id="sde_hala_penawar__interpolated_points_sde_hala_penawar.195">
	<name>SDE HALA PENAWAR</name>
	<ExtendedData><SchemaData schemaUrl="#sde_hala_penawar__interpolated_points_sde_hala_penawar">
		<SimpleData name="id">interpolated_points_sde_hala_penawar.195</SimpleData>
		<SimpleData name="tessellate">-1</SimpleData>
		<SimpleData name="extrude">0</SimpleData>
		<SimpleData name="visibility">-1</SimpleData>
		<SimpleData name="fid">1</SimpleData>
		<SimpleData name="tessellate2">1</SimpleData>
		<SimpleData name="extrude2">0</SimpleData>
		<SimpleData name="visibility2">-1</SimpleData>
		<SimpleData name="distance">19400</SimpleData>
		<SimpleData name="angle">131.122361291173</SimpleData>
		<SimpleData name="KM">KM 20.4</SimpleData>
		<SimpleData name="Latitude">1.600</SimpleData>
		<SimpleData name="Longitude">103.809</SimpleData>
	</SchemaData></ExtendedData>
      <Point><coordinates>103.809487043762,1.60003132895375,0</coordinates></Point>
  </Placemark>
  <Placemark id="sde_hala_penawar__interpolated_points_sde_hala_penawar.196">
	<name>SDE HALA PENAWAR</name>
	<ExtendedData><SchemaData schemaUrl="#sde_hala_penawar__interpolated_points_sde_hala_penawar">
		<SimpleData name="id">interpolated_points_sde_hala_penawar.196</SimpleData>
		<SimpleData name="tessellate">-1</SimpleData>
		<SimpleData name="extrude">0</SimpleData>
		<SimpleData name="visibility">-1</SimpleData>
		<SimpleData name="fid">1</SimpleData>
		<SimpleData name="tessellate2">1</SimpleData>
		<SimpleData name="extrude2">0</SimpleData>
		<SimpleData name="visibility2">-1</SimpleData>
		<SimpleData name="distance">19500</SimpleData>
		<SimpleData name="angle">135.201898391955</SimpleData>
		<SimpleData name="KM">KM 20.5</SimpleData>
		<SimpleData name="Latitude">1.599</SimpleData>
		<SimpleData name="Longitude">103.810</SimpleData>
	</SchemaData></ExtendedData>
      <Point><coordinates>103.810146632536,1.59941780445663,0</coordinates></Point>
  </Placemark>
  <Placemark id="sde_hala_penawar__interpolated_points_sde_hala_penawar.197">
	<name>SDE HALA PENAWAR</name>
	<ExtendedData><SchemaData schemaUrl="#sde_hala_penawar__interpolated_points_sde_hala_penawar">
		<SimpleData name="id">interpolated_points_sde_hala_penawar.197</SimpleData>
		<SimpleData name="tessellate">-1</SimpleData>
		<SimpleData name="extrude">0</SimpleData>
		<SimpleData name="visibility">-1</SimpleData>
		<SimpleData name="fid">1</SimpleData>
		<SimpleData name="tessellate2">1</SimpleData>
		<SimpleData name="extrude2">0</SimpleData>
		<SimpleData name="visibility2">-1</SimpleData>
		<SimpleData name="distance">19600</SimpleData>
		<SimpleData name="angle">141.566710094356</SimpleData>
		<SimpleData name="KM">KM 20.6</SimpleData>
		<SimpleData name="Latitude">1.599</SimpleData>
		<SimpleData name="Longitude">103.811</SimpleData>
	</SchemaData></ExtendedData>
      <Point><coordinates>103.810766062405,1.59876412096069,0</coordinates></Point>
  </Placemark>
  <Placemark id="sde_hala_penawar__interpolated_points_sde_hala_penawar.198">
	<name>SDE HALA PENAWAR</name>
	<ExtendedData><SchemaData schemaUrl="#sde_hala_penawar__interpolated_points_sde_hala_penawar">
		<SimpleData name="id">interpolated_points_sde_hala_penawar.198</SimpleData>
		<SimpleData name="tessellate">-1</SimpleData>
		<SimpleData name="extrude">0</SimpleData>
		<SimpleData name="visibility">-1</SimpleData>
		<SimpleData name="fid">1</SimpleData>
		<SimpleData name="tessellate2">1</SimpleData>
		<SimpleData name="extrude2">0</SimpleData>
		<SimpleData name="visibility2">-1</SimpleData>
		<SimpleData name="distance">19700</SimpleData>
		<SimpleData name="angle">147.663964520979</SimpleData>
		<SimpleData name="KM">KM 20.7</SimpleData>
		<SimpleData name="Latitude">1.598</SimpleData>
		<SimpleData name="Longitude">103.811</SimpleData>
	</SchemaData></ExtendedData>
      <Point><coordinates>103.811300206123,1.59803721914974,0</coordinates></Point>
  </Placemark>
  <Placemark id="sde_hala_penawar__interpolated_points_sde_hala_penawar.199">
	<name>SDE HALA PENAWAR</name>
	<ExtendedData><SchemaData schemaUrl="#sde_hala_penawar__interpolated_points_sde_hala_penawar">
		<SimpleData name="id">interpolated_points_sde_hala_penawar.199</SimpleData>
		<SimpleData name="tessellate">-1</SimpleData>
		<SimpleData name="extrude">0</SimpleData>
		<SimpleData name="visibility">-1</SimpleData>
		<SimpleData name="fid">1</SimpleData>
		<SimpleData name="tessellate2">1</SimpleData>
		<SimpleData name="extrude2">0</SimpleData>
		<SimpleData name="visibility2">-1</SimpleData>
		<SimpleData name="distance">19800</SimpleData>
		<SimpleData name="angle">151.839213119568</SimpleData>
		<SimpleData name="KM">KM 20.8</SimpleData>
		<SimpleData name="Latitude">1.597</SimpleData>
		<SimpleData name="Longitude">103.812</SimpleData>
	</SchemaData></ExtendedData>
      <Point><coordinates>103.811756766752,1.59725842562584,0</coordinates></Point>
  </Placemark>
  <Placemark id="sde_hala_penawar__interpolated_points_sde_hala_penawar.200">
	<name>SDE HALA PENAWAR</name>
	<ExtendedData><SchemaData schemaUrl="#sde_hala_penawar__interpolated_points_sde_hala_penawar">
		<SimpleData name="id">interpolated_points_sde_hala_penawar.200</SimpleData>
		<SimpleData name="tessellate">-1</SimpleData>
		<SimpleData name="extrude">0</SimpleData>
		<SimpleData name="visibility">-1</SimpleData>
		<SimpleData name="fid">1</SimpleData>
		<SimpleData name="tessellate2">1</SimpleData>
		<SimpleData name="extrude2">0</SimpleData>
		<SimpleData name="visibility2">-1</SimpleData>
		<SimpleData name="distance">19900</SimpleData>
		<SimpleData name="angle">157.564781985282</SimpleData>
		<SimpleData name="KM">KM 20.9</SimpleData>
		<SimpleData name="Latitude">1.596</SimpleData>
		<SimpleData name="Longitude">103.812</SimpleData>
	</SchemaData></ExtendedData>
      <Point><coordinates>103.812133431124,1.5964376509442,0</coordinates></Point>
  </Placemark>
  <Placemark id="sde_hala_penawar__interpolated_points_sde_hala_penawar.201">
	<name>SDE HALA PENAWAR</name>
	<ExtendedData><SchemaData schemaUrl="#sde_hala_penawar__interpolated_points_sde_hala_penawar">
		<SimpleData name="id">interpolated_points_sde_hala_penawar.201</SimpleData>
		<SimpleData name="tessellate">-1</SimpleData>
		<SimpleData name="extrude">0</SimpleData>
		<SimpleData name="visibility">-1</SimpleData>
		<SimpleData name="fid">1</SimpleData>
		<SimpleData name="tessellate2">1</SimpleData>
		<SimpleData name="extrude2">0</SimpleData>
		<SimpleData name="visibility2">-1</SimpleData>
		<SimpleData name="distance">20000</SimpleData>
		<SimpleData name="angle">163.434725626488</SimpleData>
		<SimpleData name="KM">KM 21.0</SimpleData>
		<SimpleData name="Latitude">1.596</SimpleData>
		<SimpleData name="Longitude">103.812</SimpleData>
	</SchemaData></ExtendedData>
      <Point><coordinates>103.812428204629,1.5955838305513,0</coordinates></Point>
  </Placemark>
  <Placemark id="sde_hala_penawar__interpolated_points_sde_hala_penawar.202">
	<name>SDE HALA PENAWAR</name>
	<ExtendedData><SchemaData schemaUrl="#sde_hala_penawar__interpolated_points_sde_hala_penawar">
		<SimpleData name="id">interpolated_points_sde_hala_penawar.202</SimpleData>
		<SimpleData name="tessellate">-1</SimpleData>
		<SimpleData name="extrude">0</SimpleData>
		<SimpleData name="visibility">-1</SimpleData>
		<SimpleData name="fid">1</SimpleData>
		<SimpleData name="tessellate2">1</SimpleData>
		<SimpleData name="extrude2">0</SimpleData>
		<SimpleData name="visibility2">-1</SimpleData>
		<SimpleData name="distance">20100</SimpleData>
		<SimpleData name="angle">168.071132774077</SimpleData>
		<SimpleData name="KM">KM 21.1</SimpleData>
		<SimpleData name="Latitude">1.595</SimpleData>
		<SimpleData name="Longitude">103.813</SimpleData>
	</SchemaData></ExtendedData>
      <Point><coordinates>103.812634894337,1.59470425190277,0</coordinates></Point>
  </Placemark>
  <Placemark id="sde_hala_penawar__interpolated_points_sde_hala_penawar.203">
	<name>SDE HALA PENAWAR</name>
	<ExtendedData><SchemaData schemaUrl="#sde_hala_penawar__interpolated_points_sde_hala_penawar">
		<SimpleData name="id">interpolated_points_sde_hala_penawar.203</SimpleData>
		<SimpleData name="tessellate">-1</SimpleData>
		<SimpleData name="extrude">0</SimpleData>
		<SimpleData name="visibility">-1</SimpleData>
		<SimpleData name="fid">1</SimpleData>
		<SimpleData name="tessellate2">1</SimpleData>
		<SimpleData name="extrude2">0</SimpleData>
		<SimpleData name="visibility2">-1</SimpleData>
		<SimpleData name="distance">20200</SimpleData>
		<SimpleData name="angle">176.11103597455</SimpleData>
		<SimpleData name="KM">KM 21.2</SimpleData>
		<SimpleData name="Latitude">1.594</SimpleData>
		<SimpleData name="Longitude">103.813</SimpleData>
	</SchemaData></ExtendedData>
      <Point><coordinates>103.812757805509,1.59380899783275,0</coordinates></Point>
  </Placemark>
  <Placemark id="sde_hala_penawar__interpolated_points_sde_hala_penawar.204">
	<name>SDE HALA PENAWAR</name>
	<ExtendedData><SchemaData schemaUrl="#sde_hala_penawar__interpolated_points_sde_hala_penawar">
		<SimpleData name="id">interpolated_points_sde_hala_penawar.204</SimpleData>
		<SimpleData name="tessellate">-1</SimpleData>
		<SimpleData name="extrude">0</SimpleData>
		<SimpleData name="visibility">-1</SimpleData>
		<SimpleData name="fid">1</SimpleData>
		<SimpleData name="tessellate2">1</SimpleData>
		<SimpleData name="extrude2">0</SimpleData>
		<SimpleData name="visibility2">-1</SimpleData>
		<SimpleData name="distance">20300</SimpleData>
		<SimpleData name="angle">181.731940741696</SimpleData>
		<SimpleData name="KM">KM 21.3</SimpleData>
		<SimpleData name="Latitude">1.593</SimpleData>
		<SimpleData name="Longitude">103.813</SimpleData>
	</SchemaData></ExtendedData>
      <Point><coordinates>103.812800023815,1.59290623628573,0</coordinates></Point>
  </Placemark>
  <Placemark id="sde_hala_penawar__interpolated_points_sde_hala_penawar.205">
	<name>SDE HALA PENAWAR</name>
	<ExtendedData><SchemaData schemaUrl="#sde_hala_penawar__interpolated_points_sde_hala_penawar">
		<SimpleData name="id">interpolated_points_sde_hala_penawar.205</SimpleData>
		<SimpleData name="tessellate">-1</SimpleData>
		<SimpleData name="extrude">0</SimpleData>
		<SimpleData name="visibility">-1</SimpleData>
		<SimpleData name="fid">1</SimpleData>
		<SimpleData name="tessellate2">1</SimpleData>
		<SimpleData name="extrude2">0</SimpleData>
		<SimpleData name="visibility2">-1</SimpleData>
		<SimpleData name="distance">20400</SimpleData>
		<SimpleData name="angle">185.296803392863</SimpleData>
		<SimpleData name="KM">KM 21.4</SimpleData>
		<SimpleData name="Latitude">1.592</SimpleData>
		<SimpleData name="Longitude">103.813</SimpleData>
	</SchemaData></ExtendedData>
      <Point><coordinates>103.812749135521,1.59200340335238,0</coordinates></Point>
  </Placemark>
  <Placemark id="sde_hala_penawar__interpolated_points_sde_hala_penawar.206">
	<name>SDE HALA PENAWAR</name>
	<ExtendedData><SchemaData schemaUrl="#sde_hala_penawar__interpolated_points_sde_hala_penawar">
		<SimpleData name="id">interpolated_points_sde_hala_penawar.206</SimpleData>
		<SimpleData name="tessellate">-1</SimpleData>
		<SimpleData name="extrude">0</SimpleData>
		<SimpleData name="visibility">-1</SimpleData>
		<SimpleData name="fid">1</SimpleData>
		<SimpleData name="tessellate2">1</SimpleData>
		<SimpleData name="extrude2">0</SimpleData>
		<SimpleData name="visibility2">-1</SimpleData>
		<SimpleData name="distance">20500</SimpleData>
		<SimpleData name="angle">184.697724675923</SimpleData>
		<SimpleData name="KM">KM 21.5</SimpleData>
		<SimpleData name="Latitude">1.591</SimpleData>
		<SimpleData name="Longitude">103.813</SimpleData>
	</SchemaData></ExtendedData>
      <Point><coordinates>103.81265412772,1.59110424182424,0</coordinates></Point>
  </Placemark>
  <Placemark id="sde_hala_penawar__interpolated_points_sde_hala_penawar.207">
	<name>SDE HALA PENAWAR</name>
	<ExtendedData><SchemaData schemaUrl="#sde_hala_penawar__interpolated_points_sde_hala_penawar">
		<SimpleData name="id">interpolated_points_sde_hala_penawar.207</SimpleData>
		<SimpleData name="tessellate">-1</SimpleData>
		<SimpleData name="extrude">0</SimpleData>
		<SimpleData name="visibility">-1</SimpleData>
		<SimpleData name="fid">1</SimpleData>
		<SimpleData name="tessellate2">1</SimpleData>
		<SimpleData name="extrude2">0</SimpleData>
		<SimpleData name="visibility2">-1</SimpleData>
		<SimpleData name="distance">20600</SimpleData>
		<SimpleData name="angle">177.553255229177</SimpleData>
		<SimpleData name="KM">KM 21.6</SimpleData>
		<SimpleData name="Latitude">1.590</SimpleData>
		<SimpleData name="Longitude">103.813</SimpleData>
	</SchemaData></ExtendedData>
      <Point><coordinates>103.812622548484,1.59020077821266,0</coordinates></Point>
  </Placemark>
  <Placemark id="sde_hala_penawar__interpolated_points_sde_hala_penawar.208">
	<name>SDE HALA PENAWAR</name>
	<ExtendedData><SchemaData schemaUrl="#sde_hala_penawar__interpolated_points_sde_hala_penawar">
		<SimpleData name="id">interpolated_points_sde_hala_penawar.208</SimpleData>
		<SimpleData name="tessellate">-1</SimpleData>
		<SimpleData name="extrude">0</SimpleData>
		<SimpleData name="visibility">-1</SimpleData>
		<SimpleData name="fid">1</SimpleData>
		<SimpleData name="tessellate2">1</SimpleData>
		<SimpleData name="extrude2">0</SimpleData>
		<SimpleData name="visibility2">-1</SimpleData>
		<SimpleData name="distance">20700</SimpleData>
		<SimpleData name="angle">174.829641964183</SimpleData>
		<SimpleData name="KM">KM 21.7</SimpleData>
		<SimpleData name="Latitude">1.589</SimpleData>
		<SimpleData name="Longitude">103.813</SimpleData>
	</SchemaData></ExtendedData>
      <Point><coordinates>103.812683837461,1.58929860995821,0</coordinates></Point>
  </Placemark>
  <Placemark id="sde_hala_penawar__interpolated_points_sde_hala_penawar.209">
	<name>SDE HALA PENAWAR</name>
	<ExtendedData><SchemaData schemaUrl="#sde_hala_penawar__interpolated_points_sde_hala_penawar">
		<SimpleData name="id">interpolated_points_sde_hala_penawar.209</SimpleData>
		<SimpleData name="tessellate">-1</SimpleData>
		<SimpleData name="extrude">0</SimpleData>
		<SimpleData name="visibility">-1</SimpleData>
		<SimpleData name="fid">1</SimpleData>
		<SimpleData name="tessellate2">1</SimpleData>
		<SimpleData name="extrude2">0</SimpleData>
		<SimpleData name="visibility2">-1</SimpleData>
		<SimpleData name="distance">20800</SimpleData>
		<SimpleData name="angle">167.468063624083</SimpleData>
		<SimpleData name="KM">KM 21.8</SimpleData>
		<SimpleData name="Latitude">1.588</SimpleData>
		<SimpleData name="Longitude">103.813</SimpleData>
	</SchemaData></ExtendedData>
      <Point><coordinates>103.812826388686,1.58840624511251,0</coordinates></Point>
  </Placemark>
  <Placemark id="sde_hala_penawar__interpolated_points_sde_hala_penawar.210">
	<name>SDE HALA PENAWAR</name>
	<ExtendedData><SchemaData schemaUrl="#sde_hala_penawar__interpolated_points_sde_hala_penawar">
		<SimpleData name="id">interpolated_points_sde_hala_penawar.210</SimpleData>
		<SimpleData name="tessellate">-1</SimpleData>
		<SimpleData name="extrude">0</SimpleData>
		<SimpleData name="visibility">-1</SimpleData>
		<SimpleData name="fid">1</SimpleData>
		<SimpleData name="tessellate2">1</SimpleData>
		<SimpleData name="extrude2">0</SimpleData>
		<SimpleData name="visibility2">-1</SimpleData>
		<SimpleData name="distance">20900</SimpleData>
		<SimpleData name="angle">159.553428495855</SimpleData>
		<SimpleData name="KM">KM 21.9</SimpleData>
		<SimpleData name="Latitude">1.588</SimpleData>
		<SimpleData name="Longitude">103.813</SimpleData>
	</SchemaData></ExtendedData>
      <Point><coordinates>103.813054719071,1.58753255706948,0</coordinates></Point>
  </Placemark>
  <Placemark id="sde_hala_penawar__interpolated_points_sde_hala_penawar.211">
	<name>SDE HALA PENAWAR</name>
	<ExtendedData><SchemaData schemaUrl="#sde_hala_penawar__interpolated_points_sde_hala_penawar">
		<SimpleData name="id">interpolated_points_sde_hala_penawar.211</SimpleData>
		<SimpleData name="tessellate">-1</SimpleData>
		<SimpleData name="extrude">0</SimpleData>
		<SimpleData name="visibility">-1</SimpleData>
		<SimpleData name="fid">1</SimpleData>
		<SimpleData name="tessellate2">1</SimpleData>
		<SimpleData name="extrude2">0</SimpleData>
		<SimpleData name="visibility2">-1</SimpleData>
		<SimpleData name="distance">21000</SimpleData>
		<SimpleData name="angle">180.032861512067</SimpleData>
		<SimpleData name="KM">KM 22.0</SimpleData>
		<SimpleData name="Latitude">1.587</SimpleData>
		<SimpleData name="Longitude">103.813</SimpleData>
	</SchemaData></ExtendedData>
      <Point><coordinates>103.81338,1.58668961033648,0</coordinates></Point>
  </Placemark>
  <Placemark id="sde_hala_penawar__interpolated_points_sde_hala_penawar.212">
	<name>SDE HALA PENAWAR</name>
	<ExtendedData><SchemaData schemaUrl="#sde_hala_penawar__interpolated_points_sde_hala_penawar">
		<SimpleData name="id">interpolated_points_sde_hala_penawar.212</SimpleData>
		<SimpleData name="tessellate">-1</SimpleData>
		<SimpleData name="extrude">0</SimpleData>
		<SimpleData name="visibility">-1</SimpleData>
		<SimpleData name="fid">1</SimpleData>
		<SimpleData name="tessellate2">1</SimpleData>
		<SimpleData name="extrude2">0</SimpleData>
		<SimpleData name="visibility2">-1</SimpleData>
		<SimpleData name="distance">21100</SimpleData>
		<SimpleData name="angle">151.966824324579</SimpleData>
		<SimpleData name="KM">KM 22.1</SimpleData>
		<SimpleData name="Latitude">1.586</SimpleData>
		<SimpleData name="Longitude">103.814</SimpleData>
	</SchemaData></ExtendedData>
      <Point><coordinates>103.813781978833,1.5858823644575,0</coordinates></Point>
  </Placemark>
  <Placemark id="sde_hala_penawar__interpolated_points_sde_hala_penawar.213">
	<name>SDE HALA PENAWAR</name>
	<ExtendedData><SchemaData schemaUrl="#sde_hala_penawar__interpolated_points_sde_hala_penawar">
		<SimpleData name="id">interpolated_points_sde_hala_penawar.213</SimpleData>
		<SimpleData name="tessellate">-1</SimpleData>
		<SimpleData name="extrude">0</SimpleData>
		<SimpleData name="visibility">-1</SimpleData>
		<SimpleData name="fid">1</SimpleData>
		<SimpleData name="tessellate2">1</SimpleData>
		<SimpleData name="extrude2">0</SimpleData>
		<SimpleData name="visibility2">-1</SimpleData>
		<SimpleData name="distance">21200</SimpleData>
		<SimpleData name="angle">145.815816226735</SimpleData>
		<SimpleData name="KM">KM 22.2</SimpleData>
		<SimpleData name="Latitude">1.585</SimpleData>
		<SimpleData name="Longitude">103.814</SimpleData>
	</SchemaData></ExtendedData>
      <Point><coordinates>103.814264951411,1.58511981919201,0</coordinates></Point>
  </Placemark>
  <Placemark id="sde_hala_penawar__interpolated_points_sde_hala_penawar.214">
	<name>SDE HALA PENAWAR</name>
	<ExtendedData><SchemaData schemaUrl="#sde_hala_penawar__interpolated_points_sde_hala_penawar">
		<SimpleData name="id">interpolated_points_sde_hala_penawar.214</SimpleData>
		<SimpleData name="tessellate">-1</SimpleData>
		<SimpleData name="extrude">0</SimpleData>
		<SimpleData name="visibility">-1</SimpleData>
		<SimpleData name="fid">1</SimpleData>
		<SimpleData name="tessellate2">1</SimpleData>
		<SimpleData name="extrude2">0</SimpleData>
		<SimpleData name="visibility2">-1</SimpleData>
		<SimpleData name="distance">21300</SimpleData>
		<SimpleData name="angle">139.033594091069</SimpleData>
		<SimpleData name="KM">KM 22.3</SimpleData>
		<SimpleData name="Latitude">1.584</SimpleData>
		<SimpleData name="Longitude">103.815</SimpleData>
	</SchemaData></ExtendedData>
      <Point><coordinates>103.814816753495,1.58440657214521,0</coordinates></Point>
  </Placemark>
  <Placemark id="sde_hala_penawar__interpolated_points_sde_hala_penawar.215">
	<name>SDE HALA PENAWAR</name>
	<ExtendedData><SchemaData schemaUrl="#sde_hala_penawar__interpolated_points_sde_hala_penawar">
		<SimpleData name="id">interpolated_points_sde_hala_penawar.215</SimpleData>
		<SimpleData name="tessellate">-1</SimpleData>
		<SimpleData name="extrude">0</SimpleData>
		<SimpleData name="visibility">-1</SimpleData>
		<SimpleData name="fid">1</SimpleData>
		<SimpleData name="tessellate2">1</SimpleData>
		<SimpleData name="extrude2">0</SimpleData>
		<SimpleData name="visibility2">-1</SimpleData>
		<SimpleData name="distance">21400</SimpleData>
		<SimpleData name="angle">134.508349729863</SimpleData>
		<SimpleData name="KM">KM 22.4</SimpleData>
		<SimpleData name="Latitude">1.584</SimpleData>
		<SimpleData name="Longitude">103.815</SimpleData>
	</SchemaData></ExtendedData>
      <Point><coordinates>103.815439930096,1.58375535481525,0</coordinates></Point>
  </Placemark>
  <Placemark id="sde_hala_penawar__interpolated_points_sde_hala_penawar.216">
	<name>SDE HALA PENAWAR</name>
	<ExtendedData><SchemaData schemaUrl="#sde_hala_penawar__interpolated_points_sde_hala_penawar">
		<SimpleData name="id">interpolated_points_sde_hala_penawar.216</SimpleData>
		<SimpleData name="tessellate">-1</SimpleData>
		<SimpleData name="extrude">0</SimpleData>
		<SimpleData name="visibility">-1</SimpleData>
		<SimpleData name="fid">1</SimpleData>
		<SimpleData name="tessellate2">1</SimpleData>
		<SimpleData name="extrude2">0</SimpleData>
		<SimpleData name="visibility2">-1</SimpleData>
		<SimpleData name="distance">21500</SimpleData>
		<SimpleData name="angle">127.20729099808</SimpleData>
		<SimpleData name="KM">KM 22.5</SimpleData>
		<SimpleData name="Latitude">1.583</SimpleData>
		<SimpleData name="Longitude">103.816</SimpleData>
	</SchemaData></ExtendedData>
      <Point><coordinates>103.816125398362,1.5831716170527,0</coordinates></Point>
  </Placemark>
  <Placemark id="sde_hala_penawar__interpolated_points_sde_hala_penawar.217">
	<name>SDE HALA PENAWAR</name>
	<ExtendedData><SchemaData schemaUrl="#sde_hala_penawar__interpolated_points_sde_hala_penawar">
		<SimpleData name="id">interpolated_points_sde_hala_penawar.217</SimpleData>
		<SimpleData name="tessellate">-1</SimpleData>
		<SimpleData name="extrude">0</SimpleData>
		<SimpleData name="visibility">-1</SimpleData>
		<SimpleData name="fid">1</SimpleData>
		<SimpleData name="tessellate2">1</SimpleData>
		<SimpleData name="extrude2">0</SimpleData>
		<SimpleData name="visibility2">-1</SimpleData>
		<SimpleData name="distance">21600</SimpleData>
		<SimpleData name="angle">120.90707007947</SimpleData>
		<SimpleData name="KM">KM 22.6</SimpleData>
		<SimpleData name="Latitude">1.583</SimpleData>
		<SimpleData name="Longitude">103.817</SimpleData>
	</SchemaData></ExtendedData>
      <Point><coordinates>103.816875350499,1.58267539917723,0</coordinates></Point>
  </Placemark>
  <Placemark id="sde_hala_penawar__interpolated_points_sde_hala_penawar.218">
	<name>SDE HALA PENAWAR</name>
	<ExtendedData><SchemaData schemaUrl="#sde_hala_penawar__interpolated_points_sde_hala_penawar">
		<SimpleData name="id">interpolated_points_sde_hala_penawar.218</SimpleData>
		<SimpleData name="tessellate">-1</SimpleData>
		<SimpleData name="extrude">0</SimpleData>
		<SimpleData name="visibility">-1</SimpleData>
		<SimpleData name="fid">1</SimpleData>
		<SimpleData name="tessellate2">1</SimpleData>
		<SimpleData name="extrude2">0</SimpleData>
		<SimpleData name="visibility2">-1</SimpleData>
		<SimpleData name="distance">21700</SimpleData>
		<SimpleData name="angle">120.410214540905</SimpleData>
		<SimpleData name="KM">KM 22.7</SimpleData>
		<SimpleData name="Latitude">1.582</SimpleData>
		<SimpleData name="Longitude">103.818</SimpleData>
	</SchemaData></ExtendedData>
      <Point><coordinates>103.817619518393,1.58217117631882,0</coordinates></Point>
  </Placemark>
  <Placemark id="sde_hala_penawar__interpolated_points_sde_hala_penawar.219">
	<name>SDE HALA PENAWAR</name>
	<ExtendedData><SchemaData schemaUrl="#sde_hala_penawar__interpolated_points_sde_hala_penawar">
		<SimpleData name="id">interpolated_points_sde_hala_penawar.219</SimpleData>
		<SimpleData name="tessellate">-1</SimpleData>
		<SimpleData name="extrude">0</SimpleData>
		<SimpleData name="visibility">-1</SimpleData>
		<SimpleData name="fid">1</SimpleData>
		<SimpleData name="tessellate2">1</SimpleData>
		<SimpleData name="extrude2">0</SimpleData>
		<SimpleData name="visibility2">-1</SimpleData>
		<SimpleData name="distance">21800</SimpleData>
		<SimpleData name="angle">120.410214540905</SimpleData>
		<SimpleData name="KM">KM 22.8</SimpleData>
		<SimpleData name="Latitude">1.582</SimpleData>
		<SimpleData name="Longitude">103.818</SimpleData>
	</SchemaData></ExtendedData>
      <Point><coordinates>103.818394943159,1.58171375853155,0</coordinates></Point>
  </Placemark>
  <Placemark id="sde_hala_penawar__interpolated_points_sde_hala_penawar.220">
	<name>SDE HALA PENAWAR</name>
	<ExtendedData><SchemaData schemaUrl="#sde_hala_penawar__interpolated_points_sde_hala_penawar">
		<SimpleData name="id">interpolated_points_sde_hala_penawar.220</SimpleData>
		<SimpleData name="tessellate">-1</SimpleData>
		<SimpleData name="extrude">0</SimpleData>
		<SimpleData name="visibility">-1</SimpleData>
		<SimpleData name="fid">1</SimpleData>
		<SimpleData name="tessellate2">1</SimpleData>
		<SimpleData name="extrude2">0</SimpleData>
		<SimpleData name="visibility2">-1</SimpleData>
		<SimpleData name="distance">21900</SimpleData>
		<SimpleData name="angle">125.032919926466</SimpleData>
		<SimpleData name="KM">KM 22.9</SimpleData>
		<SimpleData name="Latitude">1.581</SimpleData>
		<SimpleData name="Longitude">103.819</SimpleData>
	</SchemaData></ExtendedData>
      <Point><coordinates>103.819183433774,1.58128320729504,0</coordinates></Point>
  </Placemark>
  <Placemark id="sde_hala_penawar__interpolated_points_sde_hala_penawar.221">
	<name>SDE HALA PENAWAR</name>
	<ExtendedData><SchemaData schemaUrl="#sde_hala_penawar__interpolated_points_sde_hala_penawar">
		<SimpleData name="id">interpolated_points_sde_hala_penawar.221</SimpleData>
		<SimpleData name="tessellate">-1</SimpleData>
		<SimpleData name="extrude">0</SimpleData>
		<SimpleData name="visibility">-1</SimpleData>
		<SimpleData name="fid">1</SimpleData>
		<SimpleData name="tessellate2">1</SimpleData>
		<SimpleData name="extrude2">0</SimpleData>
		<SimpleData name="visibility2">-1</SimpleData>
		<SimpleData name="distance">22000</SimpleData>
		<SimpleData name="angle">121.017496970292</SimpleData>
		<SimpleData name="KM">KM 23.0</SimpleData>
		<SimpleData name="Latitude">1.581</SimpleData>
		<SimpleData name="Longitude">103.820</SimpleData>
	</SchemaData></ExtendedData>
      <Point><coordinates>103.819948893706,1.58080963264688,0</coordinates></Point>
  </Placemark>
  <Placemark id="sde_hala_penawar__interpolated_points_sde_hala_penawar.222">
	<name>SDE HALA PENAWAR</name>
	<ExtendedData><SchemaData schemaUrl="#sde_hala_penawar__interpolated_points_sde_hala_penawar">
		<SimpleData name="id">interpolated_points_sde_hala_penawar.222</SimpleData>
		<SimpleData name="tessellate">-1</SimpleData>
		<SimpleData name="extrude">0</SimpleData>
		<SimpleData name="visibility">-1</SimpleData>
		<SimpleData name="fid">1</SimpleData>
		<SimpleData name="tessellate2">1</SimpleData>
		<SimpleData name="extrude2">0</SimpleData>
		<SimpleData name="visibility2">-1</SimpleData>
		<SimpleData name="distance">22100</SimpleData>
		<SimpleData name="angle">120.716891751006</SimpleData>
		<SimpleData name="KM">KM 23.1</SimpleData>
		<SimpleData name="Latitude">1.580</SimpleData>
		<SimpleData name="Longitude">103.821</SimpleData>
	</SchemaData></ExtendedData>
      <Point><coordinates>103.820723144945,1.58035023100492,0</coordinates></Point>
  </Placemark>
  <Placemark id="sde_hala_penawar__interpolated_points_sde_hala_penawar.223">
	<name>SDE HALA PENAWAR</name>
	<ExtendedData><SchemaData schemaUrl="#sde_hala_penawar__interpolated_points_sde_hala_penawar">
		<SimpleData name="id">interpolated_points_sde_hala_penawar.223</SimpleData>
		<SimpleData name="tessellate">-1</SimpleData>
		<SimpleData name="extrude">0</SimpleData>
		<SimpleData name="visibility">-1</SimpleData>
		<SimpleData name="fid">1</SimpleData>
		<SimpleData name="tessellate2">1</SimpleData>
		<SimpleData name="extrude2">0</SimpleData>
		<SimpleData name="visibility2">-1</SimpleData>
		<SimpleData name="distance">22200</SimpleData>
		<SimpleData name="angle">121.546079046739</SimpleData>
		<SimpleData name="KM">KM 23.2</SimpleData>
		<SimpleData name="Latitude">1.580</SimpleData>
		<SimpleData name="Longitude">103.821</SimpleData>
	</SchemaData></ExtendedData>
      <Point><coordinates>103.821498219157,1.57989235415263,0</coordinates></Point>
  </Placemark>
  <Placemark id="sde_hala_penawar__interpolated_points_sde_hala_penawar.224">
	<name>SDE HALA PENAWAR</name>
	<ExtendedData><SchemaData schemaUrl="#sde_hala_penawar__interpolated_points_sde_hala_penawar">
		<SimpleData name="id">interpolated_points_sde_hala_penawar.224</SimpleData>
		<SimpleData name="tessellate">-1</SimpleData>
		<SimpleData name="extrude">0</SimpleData>
		<SimpleData name="visibility">-1</SimpleData>
		<SimpleData name="fid">1</SimpleData>
		<SimpleData name="tessellate2">1</SimpleData>
		<SimpleData name="extrude2">0</SimpleData>
		<SimpleData name="visibility2">-1</SimpleData>
		<SimpleData name="distance">22300</SimpleData>
		<SimpleData name="angle">125.783217417381</SimpleData>
		<SimpleData name="KM">KM 23.3</SimpleData>
		<SimpleData name="Latitude">1.579</SimpleData>
		<SimpleData name="Longitude">103.822</SimpleData>
	</SchemaData></ExtendedData>
      <Point><coordinates>103.822260027691,1.57941318403355,0</coordinates></Point>
  </Placemark>
  <Placemark id="sde_hala_penawar__interpolated_points_sde_hala_penawar.225">
	<name>SDE HALA PENAWAR</name>
	<ExtendedData><SchemaData schemaUrl="#sde_hala_penawar__interpolated_points_sde_hala_penawar">
		<SimpleData name="id">interpolated_points_sde_hala_penawar.225</SimpleData>
		<SimpleData name="tessellate">-1</SimpleData>
		<SimpleData name="extrude">0</SimpleData>
		<SimpleData name="visibility">-1</SimpleData>
		<SimpleData name="fid">1</SimpleData>
		<SimpleData name="tessellate2">1</SimpleData>
		<SimpleData name="extrude2">0</SimpleData>
		<SimpleData name="visibility2">-1</SimpleData>
		<SimpleData name="distance">22400</SimpleData>
		<SimpleData name="angle">131.927058197796</SimpleData>
		<SimpleData name="KM">KM 23.4</SimpleData>
		<SimpleData name="Latitude">1.579</SimpleData>
		<SimpleData name="Longitude">103.823</SimpleData>
	</SchemaData></ExtendedData>
      <Point><coordinates>103.822958433467,1.57884460867535,0</coordinates></Point>
  </Placemark>
  <Placemark id="sde_hala_penawar__interpolated_points_sde_hala_penawar.226">
	<name>SDE HALA PENAWAR</name>
	<ExtendedData><SchemaData schemaUrl="#sde_hala_penawar__interpolated_points_sde_hala_penawar">
		<SimpleData name="id">interpolated_points_sde_hala_penawar.226</SimpleData>
		<SimpleData name="tessellate">-1</SimpleData>
		<SimpleData name="extrude">0</SimpleData>
		<SimpleData name="visibility">-1</SimpleData>
		<SimpleData name="fid">1</SimpleData>
		<SimpleData name="tessellate2">1</SimpleData>
		<SimpleData name="extrude2">0</SimpleData>
		<SimpleData name="visibility2">-1</SimpleData>
		<SimpleData name="distance">22500</SimpleData>
		<SimpleData name="angle">133.041683504044</SimpleData>
		<SimpleData name="KM">KM 23.5</SimpleData>
		<SimpleData name="Latitude">1.578</SimpleData>
		<SimpleData name="Longitude">103.824</SimpleData>
	</SchemaData></ExtendedData>
      <Point><coordinates>103.823609383722,1.57822094606537,0</coordinates></Point>
  </Placemark>
  <Placemark id="sde_hala_penawar__interpolated_points_sde_hala_penawar.227">
	<name>SDE HALA PENAWAR</name>
	<ExtendedData><SchemaData schemaUrl="#sde_hala_penawar__interpolated_points_sde_hala_penawar">
		<SimpleData name="id">interpolated_points_sde_hala_penawar.227</SimpleData>
		<SimpleData name="tessellate">-1</SimpleData>
		<SimpleData name="extrude">0</SimpleData>
		<SimpleData name="visibility">-1</SimpleData>
		<SimpleData name="fid">1</SimpleData>
		<SimpleData name="tessellate2">1</SimpleData>
		<SimpleData name="extrude2">0</SimpleData>
		<SimpleData name="visibility2">-1</SimpleData>
		<SimpleData name="distance">22600</SimpleData>
		<SimpleData name="angle">130.133368273211</SimpleData>
		<SimpleData name="KM">KM 23.6</SimpleData>
		<SimpleData name="Latitude">1.578</SimpleData>
		<SimpleData name="Longitude">103.824</SimpleData>
	</SchemaData></ExtendedData>
      <Point><coordinates>103.824267085618,1.57760445286679,0</coordinates></Point>
  </Placemark>
  <Placemark id="sde_hala_penawar__interpolated_points_sde_hala_penawar.228">
	<name>SDE HALA PENAWAR</name>
	<ExtendedData><SchemaData schemaUrl="#sde_hala_penawar__interpolated_points_sde_hala_penawar">
		<SimpleData name="id">interpolated_points_sde_hala_penawar.228</SimpleData>
		<SimpleData name="tessellate">-1</SimpleData>
		<SimpleData name="extrude">0</SimpleData>
		<SimpleData name="visibility">-1</SimpleData>
		<SimpleData name="fid">1</SimpleData>
		<SimpleData name="tessellate2">1</SimpleData>
		<SimpleData name="extrude2">0</SimpleData>
		<SimpleData name="visibility2">-1</SimpleData>
		<SimpleData name="distance">22700</SimpleData>
		<SimpleData name="angle">129.100106582508</SimpleData>
		<SimpleData name="KM">KM 23.7</SimpleData>
		<SimpleData name="Latitude">1.577</SimpleData>
		<SimpleData name="Longitude">103.825</SimpleData>
	</SchemaData></ExtendedData>
      <Point><coordinates>103.824939882794,1.5770051943385,0</coordinates></Point>
  </Placemark>
  <Placemark id="sde_hala_penawar__interpolated_points_sde_hala_penawar.229">
	<name>SDE HALA PENAWAR</name>
	<ExtendedData><SchemaData schemaUrl="#sde_hala_penawar__interpolated_points_sde_hala_penawar">
		<SimpleData name="id">interpolated_points_sde_hala_penawar.229</SimpleData>
		<SimpleData name="tessellate">-1</SimpleData>
		<SimpleData name="extrude">0</SimpleData>
		<SimpleData name="visibility">-1</SimpleData>
		<SimpleData name="fid">1</SimpleData>
		<SimpleData name="tessellate2">1</SimpleData>
		<SimpleData name="extrude2">0</SimpleData>
		<SimpleData name="visibility2">-1</SimpleData>
		<SimpleData name="distance">22800</SimpleData>
		<SimpleData name="angle">122.46043179932</SimpleData>
		<SimpleData name="KM">KM 23.8</SimpleData>
		<SimpleData name="Latitude">1.576</SimpleData>
		<SimpleData name="Longitude">103.826</SimpleData>
	</SchemaData></ExtendedData>
      <Point><coordinates>103.825658569146,1.57646320989206,0</coordinates></Point>
  </Placemark>
  <Placemark id="sde_hala_penawar__interpolated_points_sde_hala_penawar.230">
	<name>SDE HALA PENAWAR</name>
	<ExtendedData><SchemaData schemaUrl="#sde_hala_penawar__interpolated_points_sde_hala_penawar">
		<SimpleData name="id">interpolated_points_sde_hala_penawar.230</SimpleData>
		<SimpleData name="tessellate">-1</SimpleData>
		<SimpleData name="extrude">0</SimpleData>
		<SimpleData name="visibility">-1</SimpleData>
		<SimpleData name="fid">1</SimpleData>
		<SimpleData name="tessellate2">1</SimpleData>
		<SimpleData name="extrude2">0</SimpleData>
		<SimpleData name="visibility2">-1</SimpleData>
		<SimpleData name="distance">22900</SimpleData>
		<SimpleData name="angle">118.49982337868</SimpleData>
		<SimpleData name="KM">KM 23.9</SimpleData>
		<SimpleData name="Latitude">1.576</SimpleData>
		<SimpleData name="Longitude">103.826</SimpleData>
	</SchemaData></ExtendedData>
      <Point><coordinates>103.826428689924,1.5759975720314,0</coordinates></Point>
  </Placemark>
  <Placemark id="sde_hala_penawar__interpolated_points_sde_hala_penawar.231">
	<name>SDE HALA PENAWAR</name>
	<ExtendedData><SchemaData schemaUrl="#sde_hala_penawar__interpolated_points_sde_hala_penawar">
		<SimpleData name="id">interpolated_points_sde_hala_penawar.231</SimpleData>
		<SimpleData name="tessellate">-1</SimpleData>
		<SimpleData name="extrude">0</SimpleData>
		<SimpleData name="visibility">-1</SimpleData>
		<SimpleData name="fid">1</SimpleData>
		<SimpleData name="tessellate2">1</SimpleData>
		<SimpleData name="extrude2">0</SimpleData>
		<SimpleData name="visibility2">-1</SimpleData>
		<SimpleData name="distance">23000</SimpleData>
		<SimpleData name="angle">111.75463822834</SimpleData>
		<SimpleData name="KM">KM 24.0</SimpleData>
		<SimpleData name="Latitude">1.576</SimpleData>
		<SimpleData name="Longitude">103.827</SimpleData>
	</SchemaData></ExtendedData>
      <Point><coordinates>103.827239540096,1.5756088324263,0</coordinates></Point>
  </Placemark>
  <Placemark id="sde_hala_penawar__interpolated_points_sde_hala_penawar.232">
	<name>SDE HALA PENAWAR</name>
	<ExtendedData><SchemaData schemaUrl="#sde_hala_penawar__interpolated_points_sde_hala_penawar">
		<SimpleData name="id">interpolated_points_sde_hala_penawar.232</SimpleData>
		<SimpleData name="tessellate">-1</SimpleData>
		<SimpleData name="extrude">0</SimpleData>
		<SimpleData name="visibility">-1</SimpleData>
		<SimpleData name="fid">1</SimpleData>
		<SimpleData name="tessellate2">1</SimpleData>
		<SimpleData name="extrude2">0</SimpleData>
		<SimpleData name="visibility2">-1</SimpleData>
		<SimpleData name="distance">23100</SimpleData>
		<SimpleData name="angle">107.859035184994</SimpleData>
		<SimpleData name="KM">KM 24.1</SimpleData>
		<SimpleData name="Latitude">1.575</SimpleData>
		<SimpleData name="Longitude">103.828</SimpleData>
	</SchemaData></ExtendedData>
      <Point><coordinates>103.828084328522,1.57530070276886,0</coordinates></Point>
  </Placemark>
  <Placemark id="sde_hala_penawar__interpolated_points_sde_hala_penawar.233">
	<name>SDE HALA PENAWAR</name>
	<ExtendedData><SchemaData schemaUrl="#sde_hala_penawar__interpolated_points_sde_hala_penawar">
		<SimpleData name="id">interpolated_points_sde_hala_penawar.233</SimpleData>
		<SimpleData name="tessellate">-1</SimpleData>
		<SimpleData name="extrude">0</SimpleData>
		<SimpleData name="visibility">-1</SimpleData>
		<SimpleData name="fid">1</SimpleData>
		<SimpleData name="tessellate2">1</SimpleData>
		<SimpleData name="extrude2">0</SimpleData>
		<SimpleData name="visibility2">-1</SimpleData>
		<SimpleData name="distance">23200</SimpleData>
		<SimpleData name="angle">108.040918467455</SimpleData>
		<SimpleData name="KM">KM 24.2</SimpleData>
		<SimpleData name="Latitude">1.575</SimpleData>
		<SimpleData name="Longitude">103.829</SimpleData>
	</SchemaData></ExtendedData>
      <Point><coordinates>103.828939595631,1.57502254239696,0</coordinates></Point>
  </Placemark>
  <Placemark id="sde_hala_penawar__interpolated_points_sde_hala_penawar.234">
	<name>SDE HALA PENAWAR</name>
	<ExtendedData><SchemaData schemaUrl="#sde_hala_penawar__interpolated_points_sde_hala_penawar">
		<SimpleData name="id">interpolated_points_sde_hala_penawar.234</SimpleData>
		<SimpleData name="tessellate">-1</SimpleData>
		<SimpleData name="extrude">0</SimpleData>
		<SimpleData name="visibility">-1</SimpleData>
		<SimpleData name="fid">1</SimpleData>
		<SimpleData name="tessellate2">1</SimpleData>
		<SimpleData name="extrude2">0</SimpleData>
		<SimpleData name="visibility2">-1</SimpleData>
		<SimpleData name="distance">23300</SimpleData>
		<SimpleData name="angle">108.946201933112</SimpleData>
		<SimpleData name="KM">KM 24.3</SimpleData>
		<SimpleData name="Latitude">1.575</SimpleData>
		<SimpleData name="Longitude">103.830</SimpleData>
	</SchemaData></ExtendedData>
      <Point><coordinates>103.829793691163,1.57474079615817,0</coordinates></Point>
  </Placemark>
  <Placemark id="sde_hala_penawar__interpolated_points_sde_hala_penawar.235">
	<name>SDE HALA PENAWAR</name>
	<ExtendedData><SchemaData schemaUrl="#sde_hala_penawar__interpolated_points_sde_hala_penawar">
		<SimpleData name="id">interpolated_points_sde_hala_penawar.235</SimpleData>
		<SimpleData name="tessellate">-1</SimpleData>
		<SimpleData name="extrude">0</SimpleData>
		<SimpleData name="visibility">-1</SimpleData>
		<SimpleData name="fid">1</SimpleData>
		<SimpleData name="tessellate2">1</SimpleData>
		<SimpleData name="extrude2">0</SimpleData>
		<SimpleData name="visibility2">-1</SimpleData>
		<SimpleData name="distance">23400</SimpleData>
		<SimpleData name="angle">107.773994383959</SimpleData>
		<SimpleData name="KM">KM 24.4</SimpleData>
		<SimpleData name="Latitude">1.574</SimpleData>
		<SimpleData name="Longitude">103.831</SimpleData>
	</SchemaData></ExtendedData>
      <Point><coordinates>103.830648566866,1.57446151591163,0</coordinates></Point>
  </Placemark>
  <Placemark id="sde_hala_penawar__interpolated_points_sde_hala_penawar.236">
	<name>SDE HALA PENAWAR</name>
	<ExtendedData><SchemaData schemaUrl="#sde_hala_penawar__interpolated_points_sde_hala_penawar">
		<SimpleData name="id">interpolated_points_sde_hala_penawar.236</SimpleData>
		<SimpleData name="tessellate">-1</SimpleData>
		<SimpleData name="extrude">0</SimpleData>
		<SimpleData name="visibility">-1</SimpleData>
		<SimpleData name="fid">1</SimpleData>
		<SimpleData name="tessellate2">1</SimpleData>
		<SimpleData name="extrude2">0</SimpleData>
		<SimpleData name="visibility2">-1</SimpleData>
		<SimpleData name="distance">23500</SimpleData>
		<SimpleData name="angle">107.635657818076</SimpleData>
		<SimpleData name="KM">KM 24.5</SimpleData>
		<SimpleData name="Latitude">1.574</SimpleData>
		<SimpleData name="Longitude">103.832</SimpleData>
	</SchemaData></ExtendedData>
      <Point><coordinates>103.831502548272,1.57417958256696,0</coordinates></Point>
  </Placemark>
  <Placemark id="sde_hala_penawar__interpolated_points_sde_hala_penawar.237">
	<name>SDE HALA PENAWAR</name>
	<ExtendedData><SchemaData schemaUrl="#sde_hala_penawar__interpolated_points_sde_hala_penawar">
		<SimpleData name="id">interpolated_points_sde_hala_penawar.237</SimpleData>
		<SimpleData name="tessellate">-1</SimpleData>
		<SimpleData name="extrude">0</SimpleData>
		<SimpleData name="visibility">-1</SimpleData>
		<SimpleData name="fid">1</SimpleData>
		<SimpleData name="tessellate2">1</SimpleData>
		<SimpleData name="extrude2">0</SimpleData>
		<SimpleData name="visibility2">-1</SimpleData>
		<SimpleData name="distance">23600</SimpleData>
		<SimpleData name="angle">110.330089954859</SimpleData>
		<SimpleData name="KM">KM 24.6</SimpleData>
		<SimpleData name="Latitude">1.574</SimpleData>
		<SimpleData name="Longitude">103.832</SimpleData>
	</SchemaData></ExtendedData>
      <Point><coordinates>103.832358616801,1.57390440930491,0</coordinates></Point>
  </Placemark>
  <Placemark id="sde_hala_penawar__interpolated_points_sde_hala_penawar.238">
	<name>SDE HALA PENAWAR</name>
	<ExtendedData><SchemaData schemaUrl="#sde_hala_penawar__interpolated_points_sde_hala_penawar">
		<SimpleData name="id">interpolated_points_sde_hala_penawar.238</SimpleData>
		<SimpleData name="tessellate">-1</SimpleData>
		<SimpleData name="extrude">0</SimpleData>
		<SimpleData name="visibility">-1</SimpleData>
		<SimpleData name="fid">1</SimpleData>
		<SimpleData name="tessellate2">1</SimpleData>
		<SimpleData name="extrude2">0</SimpleData>
		<SimpleData name="visibility2">-1</SimpleData>
		<SimpleData name="distance">23700</SimpleData>
		<SimpleData name="angle">107.431021596498</SimpleData>
		<SimpleData name="KM">KM 24.7</SimpleData>
		<SimpleData name="Latitude">1.574</SimpleData>
		<SimpleData name="Longitude">103.833</SimpleData>
	</SchemaData></ExtendedData>
      <Point><coordinates>103.833212365428,1.5736218308397,0</coordinates></Point>
  </Placemark>
  <Placemark id="sde_hala_penawar__interpolated_points_sde_hala_penawar.239">
	<name>SDE HALA PENAWAR</name>
	<ExtendedData><SchemaData schemaUrl="#sde_hala_penawar__interpolated_points_sde_hala_penawar">
		<SimpleData name="id">interpolated_points_sde_hala_penawar.239</SimpleData>
		<SimpleData name="tessellate">-1</SimpleData>
		<SimpleData name="extrude">0</SimpleData>
		<SimpleData name="visibility">-1</SimpleData>
		<SimpleData name="fid">1</SimpleData>
		<SimpleData name="tessellate2">1</SimpleData>
		<SimpleData name="extrude2">0</SimpleData>
		<SimpleData name="visibility2">-1</SimpleData>
		<SimpleData name="distance">23800</SimpleData>
		<SimpleData name="angle">106.68237833694</SimpleData>
		<SimpleData name="KM">KM 24.8</SimpleData>
		<SimpleData name="Latitude">1.573</SimpleData>
		<SimpleData name="Longitude">103.834</SimpleData>
	</SchemaData></ExtendedData>
      <Point><coordinates>103.834066973567,1.57334205650204,0</coordinates></Point>
  </Placemark>
  <Placemark id="sde_hala_penawar__interpolated_points_sde_hala_penawar.240">
	<name>SDE HALA PENAWAR</name>
	<ExtendedData><SchemaData schemaUrl="#sde_hala_penawar__interpolated_points_sde_hala_penawar">
		<SimpleData name="id">interpolated_points_sde_hala_penawar.240</SimpleData>
		<SimpleData name="tessellate">-1</SimpleData>
		<SimpleData name="extrude">0</SimpleData>
		<SimpleData name="visibility">-1</SimpleData>
		<SimpleData name="fid">1</SimpleData>
		<SimpleData name="tessellate2">1</SimpleData>
		<SimpleData name="extrude2">0</SimpleData>
		<SimpleData name="visibility2">-1</SimpleData>
		<SimpleData name="distance">23900</SimpleData>
		<SimpleData name="angle">108.00962473762</SimpleData>
		<SimpleData name="KM">KM 24.9</SimpleData>
		<SimpleData name="Latitude">1.573</SimpleData>
		<SimpleData name="Longitude">103.835</SimpleData>
	</SchemaData></ExtendedData>
      <Point><coordinates>103.834921252572,1.57306117343118,0</coordinates></Point>
  </Placemark>
  <Placemark id="sde_hala_penawar__interpolated_points_sde_hala_penawar.241">
	<name>SDE HALA PENAWAR</name>
	<ExtendedData><SchemaData schemaUrl="#sde_hala_penawar__interpolated_points_sde_hala_penawar">
		<SimpleData name="id">interpolated_points_sde_hala_penawar.241</SimpleData>
		<SimpleData name="tessellate">-1</SimpleData>
		<SimpleData name="extrude">0</SimpleData>
		<SimpleData name="visibility">-1</SimpleData>
		<SimpleData name="fid">1</SimpleData>
		<SimpleData name="tessellate2">1</SimpleData>
		<SimpleData name="extrude2">0</SimpleData>
		<SimpleData name="visibility2">-1</SimpleData>
		<SimpleData name="distance">24000</SimpleData>
		<SimpleData name="angle">108.175331842287</SimpleData>
		<SimpleData name="KM">KM 25.0</SimpleData>
		<SimpleData name="Latitude">1.573</SimpleData>
		<SimpleData name="Longitude">103.836</SimpleData>
	</SchemaData></ExtendedData>
      <Point><coordinates>103.835775907845,1.57278110981745,0</coordinates></Point>
  </Placemark>
  <Placemark id="sde_hala_penawar__interpolated_points_sde_hala_penawar.242">
	<name>SDE HALA PENAWAR</name>
	<ExtendedData><SchemaData schemaUrl="#sde_hala_penawar__interpolated_points_sde_hala_penawar">
		<SimpleData name="id">interpolated_points_sde_hala_penawar.242</SimpleData>
		<SimpleData name="tessellate">-1</SimpleData>
		<SimpleData name="extrude">0</SimpleData>
		<SimpleData name="visibility">-1</SimpleData>
		<SimpleData name="fid">1</SimpleData>
		<SimpleData name="tessellate2">1</SimpleData>
		<SimpleData name="extrude2">0</SimpleData>
		<SimpleData name="visibility2">-1</SimpleData>
		<SimpleData name="distance">24100</SimpleData>
		<SimpleData name="angle">102.891000507</SimpleData>
		<SimpleData name="KM">KM 25.1</SimpleData>
		<SimpleData name="Latitude">1.573</SimpleData>
		<SimpleData name="Longitude">103.837</SimpleData>
	</SchemaData></ExtendedData>
      <Point><coordinates>103.836638862975,1.57252985581838,0</coordinates></Point>
  </Placemark>
  <Placemark id="sde_hala_penawar__interpolated_points_sde_hala_penawar.243">
	<name>SDE HALA PENAWAR</name>
	<ExtendedData><SchemaData schemaUrl="#sde_hala_penawar__interpolated_points_sde_hala_penawar">
		<SimpleData name="id">interpolated_points_sde_hala_penawar.243</SimpleData>
		<SimpleData name="tessellate">-1</SimpleData>
		<SimpleData name="extrude">0</SimpleData>
		<SimpleData name="visibility">-1</SimpleData>
		<SimpleData name="fid">1</SimpleData>
		<SimpleData name="tessellate2">1</SimpleData>
		<SimpleData name="extrude2">0</SimpleData>
		<SimpleData name="visibility2">-1</SimpleData>
		<SimpleData name="distance">24200</SimpleData>
		<SimpleData name="angle">98.0849366328798</SimpleData>
		<SimpleData name="KM">KM 25.2</SimpleData>
		<SimpleData name="Latitude">1.572</SimpleData>
		<SimpleData name="Longitude">103.838</SimpleData>
	</SchemaData></ExtendedData>
      <Point><coordinates>103.837519744369,1.57235149335546,0</coordinates></Point>
  </Placemark>
  <Placemark id="sde_hala_penawar__interpolated_points_sde_hala_penawar.244">
	<name>SDE HALA PENAWAR</name>
	<ExtendedData><SchemaData schemaUrl="#sde_hala_penawar__interpolated_points_sde_hala_penawar">
		<SimpleData name="id">interpolated_points_sde_hala_penawar.244</SimpleData>
		<SimpleData name="tessellate">-1</SimpleData>
		<SimpleData name="extrude">0</SimpleData>
		<SimpleData name="visibility">-1</SimpleData>
		<SimpleData name="fid">1</SimpleData>
		<SimpleData name="tessellate2">1</SimpleData>
		<SimpleData name="extrude2">0</SimpleData>
		<SimpleData name="visibility2">-1</SimpleData>
		<SimpleData name="distance">24300</SimpleData>
		<SimpleData name="angle">91.1835618929656</SimpleData>
		<SimpleData name="KM">KM 25.3</SimpleData>
		<SimpleData name="Latitude">1.572</SimpleData>
		<SimpleData name="Longitude">103.838</SimpleData>
	</SchemaData></ExtendedData>
      <Point><coordinates>103.838413628605,1.57226457977475,0</coordinates></Point>
  </Placemark>
  <Placemark id="sde_hala_penawar__interpolated_points_sde_hala_penawar.245">
	<name>SDE HALA PENAWAR</name>
	<ExtendedData><SchemaData schemaUrl="#sde_hala_penawar__interpolated_points_sde_hala_penawar">
		<SimpleData name="id">interpolated_points_sde_hala_penawar.245</SimpleData>
		<SimpleData name="tessellate">-1</SimpleData>
		<SimpleData name="extrude">0</SimpleData>
		<SimpleData name="visibility">-1</SimpleData>
		<SimpleData name="fid">1</SimpleData>
		<SimpleData name="tessellate2">1</SimpleData>
		<SimpleData name="extrude2">0</SimpleData>
		<SimpleData name="visibility2">-1</SimpleData>
		<SimpleData name="distance">24400</SimpleData>
		<SimpleData name="angle">86.6866016690959</SimpleData>
		<SimpleData name="KM">KM 25.4</SimpleData>
		<SimpleData name="Latitude">1.572</SimpleData>
		<SimpleData name="Longitude">103.839</SimpleData>
	</SchemaData></ExtendedData>
      <Point><coordinates>103.839311928054,1.57226740754473,0</coordinates></Point>
  </Placemark>
  <Placemark id="sde_hala_penawar__interpolated_points_sde_hala_penawar.246">
	<name>SDE HALA PENAWAR</name>
	<ExtendedData><SchemaData schemaUrl="#sde_hala_penawar__interpolated_points_sde_hala_penawar">
		<SimpleData name="id">interpolated_points_sde_hala_penawar.246</SimpleData>
		<SimpleData name="tessellate">-1</SimpleData>
		<SimpleData name="extrude">0</SimpleData>
		<SimpleData name="visibility">-1</SimpleData>
		<SimpleData name="fid">1</SimpleData>
		<SimpleData name="tessellate2">1</SimpleData>
		<SimpleData name="extrude2">0</SimpleData>
		<SimpleData name="visibility2">-1</SimpleData>
		<SimpleData name="distance">24500</SimpleData>
		<SimpleData name="angle">83.4862769306942</SimpleData>
		<SimpleData name="KM">KM 25.5</SimpleData>
		<SimpleData name="Latitude">1.572</SimpleData>
		<SimpleData name="Longitude">103.840</SimpleData>
	</SchemaData></ExtendedData>
      <Point><coordinates>103.84020663939,1.57235155130382,0</coordinates></Point>
  </Placemark>
  <Placemark id="sde_hala_penawar__interpolated_points_sde_hala_penawar.247">
	<name>SDE HALA PENAWAR</name>
	<ExtendedData><SchemaData schemaUrl="#sde_hala_penawar__interpolated_points_sde_hala_penawar">
		<SimpleData name="id">interpolated_points_sde_hala_penawar.247</SimpleData>
		<SimpleData name="tessellate">-1</SimpleData>
		<SimpleData name="extrude">0</SimpleData>
		<SimpleData name="visibility">-1</SimpleData>
		<SimpleData name="fid">1</SimpleData>
		<SimpleData name="tessellate2">1</SimpleData>
		<SimpleData name="extrude2">0</SimpleData>
		<SimpleData name="visibility2">-1</SimpleData>
		<SimpleData name="distance">24600</SimpleData>
		<SimpleData name="angle">83.4862769306942</SimpleData>
		<SimpleData name="KM">KM 25.6</SimpleData>
		<SimpleData name="Latitude">1.572</SimpleData>
		<SimpleData name="Longitude">103.841</SimpleData>
	</SchemaData></ExtendedData>
      <Point><coordinates>103.841099606331,1.57245466223339,0</coordinates></Point>
  </Placemark>
  <Placemark id="sde_hala_penawar__interpolated_points_sde_hala_penawar.248">
	<name>SDE HALA PENAWAR</name>
	<ExtendedData><SchemaData schemaUrl="#sde_hala_penawar__interpolated_points_sde_hala_penawar">
		<SimpleData name="id">interpolated_points_sde_hala_penawar.248</SimpleData>
		<SimpleData name="tessellate">-1</SimpleData>
		<SimpleData name="extrude">0</SimpleData>
		<SimpleData name="visibility">-1</SimpleData>
		<SimpleData name="fid">1</SimpleData>
		<SimpleData name="tessellate2">1</SimpleData>
		<SimpleData name="extrude2">0</SimpleData>
		<SimpleData name="visibility2">-1</SimpleData>
		<SimpleData name="distance">24700</SimpleData>
		<SimpleData name="angle">82.7849396665688</SimpleData>
		<SimpleData name="KM">KM 25.7</SimpleData>
		<SimpleData name="Latitude">1.573</SimpleData>
		<SimpleData name="Longitude">103.842</SimpleData>
	</SchemaData></ExtendedData>
      <Point><coordinates>103.841991654097,1.57256542409237,0</coordinates></Point>
  </Placemark>
  <Placemark id="sde_hala_penawar__interpolated_points_sde_hala_penawar.249">
	<name>SDE HALA PENAWAR</name>
	<ExtendedData><SchemaData schemaUrl="#sde_hala_penawar__interpolated_points_sde_hala_penawar">
		<SimpleData name="id">interpolated_points_sde_hala_penawar.249</SimpleData>
		<SimpleData name="tessellate">-1</SimpleData>
		<SimpleData name="extrude">0</SimpleData>
		<SimpleData name="visibility">-1</SimpleData>
		<SimpleData name="fid">1</SimpleData>
		<SimpleData name="tessellate2">1</SimpleData>
		<SimpleData name="extrude2">0</SimpleData>
		<SimpleData name="visibility2">-1</SimpleData>
		<SimpleData name="distance">24800</SimpleData>
		<SimpleData name="angle">82.6918531879587</SimpleData>
		<SimpleData name="KM">KM 25.8</SimpleData>
		<SimpleData name="Latitude">1.573</SimpleData>
		<SimpleData name="Longitude">103.843</SimpleData>
	</SchemaData></ExtendedData>
      <Point><coordinates>103.842882650407,1.57268451024291,0</coordinates></Point>
  </Placemark>
  <Placemark id="sde_hala_penawar__interpolated_points_sde_hala_penawar.250">
	<name>SDE HALA PENAWAR</name>
	<ExtendedData><SchemaData schemaUrl="#sde_hala_penawar__interpolated_points_sde_hala_penawar">
		<SimpleData name="id">interpolated_points_sde_hala_penawar.250</SimpleData>
		<SimpleData name="tessellate">-1</SimpleData>
		<SimpleData name="extrude">0</SimpleData>
		<SimpleData name="visibility">-1</SimpleData>
		<SimpleData name="fid">1</SimpleData>
		<SimpleData name="tessellate2">1</SimpleData>
		<SimpleData name="extrude2">0</SimpleData>
		<SimpleData name="visibility2">-1</SimpleData>
		<SimpleData name="distance">24900</SimpleData>
		<SimpleData name="angle">83.3639011662101</SimpleData>
		<SimpleData name="KM">KM 25.9</SimpleData>
		<SimpleData name="Latitude">1.573</SimpleData>
		<SimpleData name="Longitude">103.844</SimpleData>
	</SchemaData></ExtendedData>
      <Point><coordinates>103.843775258641,1.57279067750606,0</coordinates></Point>
  </Placemark>
  <Placemark id="sde_hala_penawar__interpolated_points_sde_hala_penawar.251">
	<name>SDE HALA PENAWAR</name>
	<ExtendedData><SchemaData schemaUrl="#sde_hala_penawar__interpolated_points_sde_hala_penawar">
		<SimpleData name="id">interpolated_points_sde_hala_penawar.251</SimpleData>
		<SimpleData name="tessellate">-1</SimpleData>
		<SimpleData name="extrude">0</SimpleData>
		<SimpleData name="visibility">-1</SimpleData>
		<SimpleData name="fid">1</SimpleData>
		<SimpleData name="tessellate2">1</SimpleData>
		<SimpleData name="extrude2">0</SimpleData>
		<SimpleData name="visibility2">-1</SimpleData>
		<SimpleData name="distance">25000</SimpleData>
		<SimpleData name="angle">85.6374571094737</SimpleData>
		<SimpleData name="KM">KM 26.0</SimpleData>
		<SimpleData name="Latitude">1.573</SimpleData>
		<SimpleData name="Longitude">103.845</SimpleData>
	</SchemaData></ExtendedData>
      <Point><coordinates>103.844670060055,1.57287519665031,0</coordinates></Point>
  </Placemark>
  <Placemark id="sde_hala_penawar__interpolated_points_sde_hala_penawar.252">
	<name>SDE HALA PENAWAR</name>
	<ExtendedData><SchemaData schemaUrl="#sde_hala_penawar__interpolated_points_sde_hala_penawar">
		<SimpleData name="id">interpolated_points_sde_hala_penawar.252</SimpleData>
		<SimpleData name="tessellate">-1</SimpleData>
		<SimpleData name="extrude">0</SimpleData>
		<SimpleData name="visibility">-1</SimpleData>
		<SimpleData name="fid">1</SimpleData>
		<SimpleData name="tessellate2">1</SimpleData>
		<SimpleData name="extrude2">0</SimpleData>
		<SimpleData name="visibility2">-1</SimpleData>
		<SimpleData name="distance">25100</SimpleData>
		<SimpleData name="angle">87.6823614755127</SimpleData>
		<SimpleData name="KM">KM 26.1</SimpleData>
		<SimpleData name="Latitude">1.573</SimpleData>
		<SimpleData name="Longitude">103.846</SimpleData>
	</SchemaData></ExtendedData>
      <Point><coordinates>103.845567538531,1.57292241400454,0</coordinates></Point>
  </Placemark>
  <Placemark id="sde_hala_penawar__interpolated_points_sde_hala_penawar.253">
	<name>SDE HALA PENAWAR</name>
	<ExtendedData><SchemaData schemaUrl="#sde_hala_penawar__interpolated_points_sde_hala_penawar">
		<SimpleData name="id">interpolated_points_sde_hala_penawar.253</SimpleData>
		<SimpleData name="tessellate">-1</SimpleData>
		<SimpleData name="extrude">0</SimpleData>
		<SimpleData name="visibility">-1</SimpleData>
		<SimpleData name="fid">1</SimpleData>
		<SimpleData name="tessellate2">1</SimpleData>
		<SimpleData name="extrude2">0</SimpleData>
		<SimpleData name="visibility2">-1</SimpleData>
		<SimpleData name="distance">25200</SimpleData>
		<SimpleData name="angle">87.6823614755127</SimpleData>
		<SimpleData name="KM">KM 26.2</SimpleData>
		<SimpleData name="Latitude">1.573</SimpleData>
		<SimpleData name="Longitude">103.846</SimpleData>
	</SchemaData></ExtendedData>
      <Point><coordinates>103.846465610866,1.572959492785,0</coordinates></Point>
  </Placemark>
  <Placemark id="sde_hala_penawar__interpolated_points_sde_hala_penawar.254">
	<name>SDE HALA PENAWAR</name>
	<ExtendedData><SchemaData schemaUrl="#sde_hala_penawar__interpolated_points_sde_hala_penawar">
		<SimpleData name="id">interpolated_points_sde_hala_penawar.254</SimpleData>
		<SimpleData name="tessellate">-1</SimpleData>
		<SimpleData name="extrude">0</SimpleData>
		<SimpleData name="visibility">-1</SimpleData>
		<SimpleData name="fid">1</SimpleData>
		<SimpleData name="tessellate2">1</SimpleData>
		<SimpleData name="extrude2">0</SimpleData>
		<SimpleData name="visibility2">-1</SimpleData>
		<SimpleData name="distance">25300</SimpleData>
		<SimpleData name="angle">87.970245472497</SimpleData>
		<SimpleData name="KM">KM 26.3</SimpleData>
		<SimpleData name="Latitude">1.573</SimpleData>
		<SimpleData name="Longitude">103.847</SimpleData>
	</SchemaData></ExtendedData>
      <Point><coordinates>103.847364003722,1.57298562630071,0</coordinates></Point>
  </Placemark>
  <Placemark id="sde_hala_penawar__interpolated_points_sde_hala_penawar.255">
	<name>SDE HALA PENAWAR</name>
	<ExtendedData><SchemaData schemaUrl="#sde_hala_penawar__interpolated_points_sde_hala_penawar">
		<SimpleData name="id">interpolated_points_sde_hala_penawar.255</SimpleData>
		<SimpleData name="tessellate">-1</SimpleData>
		<SimpleData name="extrude">0</SimpleData>
		<SimpleData name="visibility">-1</SimpleData>
		<SimpleData name="fid">1</SimpleData>
		<SimpleData name="tessellate2">1</SimpleData>
		<SimpleData name="extrude2">0</SimpleData>
		<SimpleData name="visibility2">-1</SimpleData>
		<SimpleData name="distance">25400</SimpleData>
		<SimpleData name="angle">88.0170961986146</SimpleData>
		<SimpleData name="KM">KM 26.4</SimpleData>
		<SimpleData name="Latitude">1.573</SimpleData>
		<SimpleData name="Longitude">103.848</SimpleData>
	</SchemaData></ExtendedData>
      <Point><coordinates>103.84826226747,1.57301768204725,0</coordinates></Point>
  </Placemark>
  <Placemark id="sde_hala_penawar__interpolated_points_sde_hala_penawar.256">
	<name>SDE HALA PENAWAR</name>
	<ExtendedData><SchemaData schemaUrl="#sde_hala_penawar__interpolated_points_sde_hala_penawar">
		<SimpleData name="id">interpolated_points_sde_hala_penawar.256</SimpleData>
		<SimpleData name="tessellate">-1</SimpleData>
		<SimpleData name="extrude">0</SimpleData>
		<SimpleData name="visibility">-1</SimpleData>
		<SimpleData name="fid">1</SimpleData>
		<SimpleData name="tessellate2">1</SimpleData>
		<SimpleData name="extrude2">0</SimpleData>
		<SimpleData name="visibility2">-1</SimpleData>
		<SimpleData name="distance">25500</SimpleData>
		<SimpleData name="angle">88.3602709177719</SimpleData>
		<SimpleData name="KM">KM 26.5</SimpleData>
		<SimpleData name="Latitude">1.573</SimpleData>
		<SimpleData name="Longitude">103.849</SimpleData>
	</SchemaData></ExtendedData>
      <Point><coordinates>103.849160695732,1.57304462910897,0</coordinates></Point>
  </Placemark>
  <Placemark id="sde_hala_penawar__interpolated_points_sde_hala_penawar.257">
	<name>SDE HALA PENAWAR</name>
	<ExtendedData><SchemaData schemaUrl="#sde_hala_penawar__interpolated_points_sde_hala_penawar">
		<SimpleData name="id">interpolated_points_sde_hala_penawar.257</SimpleData>
		<SimpleData name="tessellate">-1</SimpleData>
		<SimpleData name="extrude">0</SimpleData>
		<SimpleData name="visibility">-1</SimpleData>
		<SimpleData name="fid">1</SimpleData>
		<SimpleData name="tessellate2">1</SimpleData>
		<SimpleData name="extrude2">0</SimpleData>
		<SimpleData name="visibility2">-1</SimpleData>
		<SimpleData name="distance">25600</SimpleData>
		<SimpleData name="angle">88.3602709177719</SimpleData>
		<SimpleData name="KM">KM 26.6</SimpleData>
		<SimpleData name="Latitude">1.573</SimpleData>
		<SimpleData name="Longitude">103.850</SimpleData>
	</SchemaData></ExtendedData>
      <Point><coordinates>103.850059142368,1.57307101076044,0</coordinates></Point>
  </Placemark>
  <Placemark id="sde_hala_penawar__interpolated_points_sde_hala_penawar.258">
	<name>SDE HALA PENAWAR</name>
	<ExtendedData><SchemaData schemaUrl="#sde_hala_penawar__interpolated_points_sde_hala_penawar">
		<SimpleData name="id">interpolated_points_sde_hala_penawar.258</SimpleData>
		<SimpleData name="tessellate">-1</SimpleData>
		<SimpleData name="extrude">0</SimpleData>
		<SimpleData name="visibility">-1</SimpleData>
		<SimpleData name="fid">1</SimpleData>
		<SimpleData name="tessellate2">1</SimpleData>
		<SimpleData name="extrude2">0</SimpleData>
		<SimpleData name="visibility2">-1</SimpleData>
		<SimpleData name="distance">25700</SimpleData>
		<SimpleData name="angle">87.9121878948094</SimpleData>
		<SimpleData name="KM">KM 26.7</SimpleData>
		<SimpleData name="Latitude">1.573</SimpleData>
		<SimpleData name="Longitude">103.851</SimpleData>
	</SchemaData></ExtendedData>
      <Point><coordinates>103.850957391981,1.57310339304246,0</coordinates></Point>
  </Placemark>
  <Placemark id="sde_hala_penawar__interpolated_points_sde_hala_penawar.259">
	<name>SDE HALA PENAWAR</name>
	<ExtendedData><SchemaData schemaUrl="#sde_hala_penawar__interpolated_points_sde_hala_penawar">
		<SimpleData name="id">interpolated_points_sde_hala_penawar.259</SimpleData>
		<SimpleData name="tessellate">-1</SimpleData>
		<SimpleData name="extrude">0</SimpleData>
		<SimpleData name="visibility">-1</SimpleData>
		<SimpleData name="fid">1</SimpleData>
		<SimpleData name="tessellate2">1</SimpleData>
		<SimpleData name="extrude2">0</SimpleData>
		<SimpleData name="visibility2">-1</SimpleData>
		<SimpleData name="distance">25800</SimpleData>
		<SimpleData name="angle">87.9121878948094</SimpleData>
		<SimpleData name="KM">KM 26.8</SimpleData>
		<SimpleData name="Latitude">1.573</SimpleData>
		<SimpleData name="Longitude">103.852</SimpleData>
	</SchemaData></ExtendedData>
      <Point><coordinates>103.851855606751,1.57313684405347,0</coordinates></Point>
  </Placemark>
  <Placemark id="sde_hala_penawar__interpolated_points_sde_hala_penawar.260">
	<name>SDE HALA PENAWAR</name>
	<ExtendedData><SchemaData schemaUrl="#sde_hala_penawar__interpolated_points_sde_hala_penawar">
		<SimpleData name="id">interpolated_points_sde_hala_penawar.260</SimpleData>
		<SimpleData name="tessellate">-1</SimpleData>
		<SimpleData name="extrude">0</SimpleData>
		<SimpleData name="visibility">-1</SimpleData>
		<SimpleData name="fid">1</SimpleData>
		<SimpleData name="tessellate2">1</SimpleData>
		<SimpleData name="extrude2">0</SimpleData>
		<SimpleData name="visibility2">-1</SimpleData>
		<SimpleData name="distance">25900</SimpleData>
		<SimpleData name="angle">87.9121878948094</SimpleData>
		<SimpleData name="KM">KM 26.9</SimpleData>
		<SimpleData name="Latitude">1.573</SimpleData>
		<SimpleData name="Longitude">103.853</SimpleData>
	</SchemaData></ExtendedData>
      <Point><coordinates>103.852753821833,1.57317029469643,0</coordinates></Point>
  </Placemark>
  <Placemark id="sde_hala_penawar__interpolated_points_sde_hala_penawar.261">
	<name>SDE HALA PENAWAR</name>
	<ExtendedData><SchemaData schemaUrl="#sde_hala_penawar__interpolated_points_sde_hala_penawar">
		<SimpleData name="id">interpolated_points_sde_hala_penawar.261</SimpleData>
		<SimpleData name="tessellate">-1</SimpleData>
		<SimpleData name="extrude">0</SimpleData>
		<SimpleData name="visibility">-1</SimpleData>
		<SimpleData name="fid">1</SimpleData>
		<SimpleData name="tessellate2">1</SimpleData>
		<SimpleData name="extrude2">0</SimpleData>
		<SimpleData name="visibility2">-1</SimpleData>
		<SimpleData name="distance">26000</SimpleData>
		<SimpleData name="angle">87.9121878948094</SimpleData>
		<SimpleData name="KM">KM 27.0</SimpleData>
		<SimpleData name="Latitude">1.573</SimpleData>
		<SimpleData name="Longitude">103.854</SimpleData>
	</SchemaData></ExtendedData>
      <Point><coordinates>103.853652037228,1.57320374497132,0</coordinates></Point>
  </Placemark>
  <Placemark id="sde_hala_penawar__interpolated_points_sde_hala_penawar.262">
	<name>SDE HALA PENAWAR</name>
	<ExtendedData><SchemaData schemaUrl="#sde_hala_penawar__interpolated_points_sde_hala_penawar">
		<SimpleData name="id">interpolated_points_sde_hala_penawar.262</SimpleData>
		<SimpleData name="tessellate">-1</SimpleData>
		<SimpleData name="extrude">0</SimpleData>
		<SimpleData name="visibility">-1</SimpleData>
		<SimpleData name="fid">1</SimpleData>
		<SimpleData name="tessellate2">1</SimpleData>
		<SimpleData name="extrude2">0</SimpleData>
		<SimpleData name="visibility2">-1</SimpleData>
		<SimpleData name="distance">26100</SimpleData>
		<SimpleData name="angle">88.7137590489903</SimpleData>
		<SimpleData name="KM">KM 27.1</SimpleData>
		<SimpleData name="Latitude">1.573</SimpleData>
		<SimpleData name="Longitude">103.855</SimpleData>
	</SchemaData></ExtendedData>
      <Point><coordinates>103.854550559513,1.57322691134775,0</coordinates></Point>
  </Placemark>
  <Placemark id="sde_hala_penawar__interpolated_points_sde_hala_penawar.263">
	<name>SDE HALA PENAWAR</name>
	<ExtendedData><SchemaData schemaUrl="#sde_hala_penawar__interpolated_points_sde_hala_penawar">
		<SimpleData name="id">interpolated_points_sde_hala_penawar.263</SimpleData>
		<SimpleData name="tessellate">-1</SimpleData>
		<SimpleData name="extrude">0</SimpleData>
		<SimpleData name="visibility">-1</SimpleData>
		<SimpleData name="fid">1</SimpleData>
		<SimpleData name="tessellate2">1</SimpleData>
		<SimpleData name="extrude2">0</SimpleData>
		<SimpleData name="visibility2">-1</SimpleData>
		<SimpleData name="distance">26200</SimpleData>
		<SimpleData name="angle">88.7137590489903</SimpleData>
		<SimpleData name="KM">KM 27.2</SimpleData>
		<SimpleData name="Latitude">1.573</SimpleData>
		<SimpleData name="Longitude">103.855</SimpleData>
	</SchemaData></ExtendedData>
      <Point><coordinates>103.855449152616,1.57324771207141,0</coordinates></Point>
  </Placemark>
  <Placemark id="sde_hala_penawar__interpolated_points_sde_hala_penawar.264">
	<name>SDE HALA PENAWAR</name>
	<ExtendedData><SchemaData schemaUrl="#sde_hala_penawar__interpolated_points_sde_hala_penawar">
		<SimpleData name="id">interpolated_points_sde_hala_penawar.264</SimpleData>
		<SimpleData name="tessellate">-1</SimpleData>
		<SimpleData name="extrude">0</SimpleData>
		<SimpleData name="visibility">-1</SimpleData>
		<SimpleData name="fid">1</SimpleData>
		<SimpleData name="tessellate2">1</SimpleData>
		<SimpleData name="extrude2">0</SimpleData>
		<SimpleData name="visibility2">-1</SimpleData>
		<SimpleData name="distance">26300</SimpleData>
		<SimpleData name="angle">90.0314061052055</SimpleData>
		<SimpleData name="KM">KM 27.3</SimpleData>
		<SimpleData name="Latitude">1.573</SimpleData>
		<SimpleData name="Longitude">103.856</SimpleData>
	</SchemaData></ExtendedData>
      <Point><coordinates>103.856347569215,1.57327000000011,0</coordinates></Point>
  </Placemark>
  <Placemark id="sde_hala_penawar__interpolated_points_sde_hala_penawar.265">
	<name>SDE HALA PENAWAR</name>
	<ExtendedData><SchemaData schemaUrl="#sde_hala_penawar__interpolated_points_sde_hala_penawar">
		<SimpleData name="id">interpolated_points_sde_hala_penawar.265</SimpleData>
		<SimpleData name="tessellate">-1</SimpleData>
		<SimpleData name="extrude">0</SimpleData>
		<SimpleData name="visibility">-1</SimpleData>
		<SimpleData name="fid">1</SimpleData>
		<SimpleData name="tessellate2">1</SimpleData>
		<SimpleData name="extrude2">0</SimpleData>
		<SimpleData name="visibility2">-1</SimpleData>
		<SimpleData name="distance">26400</SimpleData>
		<SimpleData name="angle">86.8715911583233</SimpleData>
		<SimpleData name="KM">KM 27.4</SimpleData>
		<SimpleData name="Latitude">1.573</SimpleData>
		<SimpleData name="Longitude">103.857</SimpleData>
	</SchemaData></ExtendedData>
      <Point><coordinates>103.857245395638,1.57331029977252,0</coordinates></Point>
  </Placemark>
  <Placemark id="sde_hala_penawar__interpolated_points_sde_hala_penawar.266">
	<name>SDE HALA PENAWAR</name>
	<ExtendedData><SchemaData schemaUrl="#sde_hala_penawar__interpolated_points_sde_hala_penawar">
		<SimpleData name="id">interpolated_points_sde_hala_penawar.266</SimpleData>
		<SimpleData name="tessellate">-1</SimpleData>
		<SimpleData name="extrude">0</SimpleData>
		<SimpleData name="visibility">-1</SimpleData>
		<SimpleData name="fid">1</SimpleData>
		<SimpleData name="tessellate2">1</SimpleData>
		<SimpleData name="extrude2">0</SimpleData>
		<SimpleData name="visibility2">-1</SimpleData>
		<SimpleData name="distance">26500</SimpleData>
		<SimpleData name="angle">88.1613273368643</SimpleData>
		<SimpleData name="KM">KM 27.5</SimpleData>
		<SimpleData name="Latitude">1.573</SimpleData>
		<SimpleData name="Longitude">103.858</SimpleData>
	</SchemaData></ExtendedData>
      <Point><coordinates>103.858143535643,1.5733423733347,0</coordinates></Point>
  </Placemark>
  <Placemark id="sde_hala_penawar__interpolated_points_sde_hala_penawar.267">
	<name>SDE HALA PENAWAR</name>
	<ExtendedData><SchemaData schemaUrl="#sde_hala_penawar__interpolated_points_sde_hala_penawar">
		<SimpleData name="id">interpolated_points_sde_hala_penawar.267</SimpleData>
		<SimpleData name="tessellate">-1</SimpleData>
		<SimpleData name="extrude">0</SimpleData>
		<SimpleData name="visibility">-1</SimpleData>
		<SimpleData name="fid">1</SimpleData>
		<SimpleData name="tessellate2">1</SimpleData>
		<SimpleData name="extrude2">0</SimpleData>
		<SimpleData name="visibility2">-1</SimpleData>
		<SimpleData name="distance">26600</SimpleData>
		<SimpleData name="angle">88.0099305835065</SimpleData>
		<SimpleData name="KM">KM 27.6</SimpleData>
		<SimpleData name="Latitude">1.573</SimpleData>
		<SimpleData name="Longitude">103.859</SimpleData>
	</SchemaData></ExtendedData>
      <Point><coordinates>103.85904185644,1.57337285282471,0</coordinates></Point>
  </Placemark>
  <Placemark id="sde_hala_penawar__interpolated_points_sde_hala_penawar.268">
	<name>SDE HALA PENAWAR</name>
	<ExtendedData><SchemaData schemaUrl="#sde_hala_penawar__interpolated_points_sde_hala_penawar">
		<SimpleData name="id">interpolated_points_sde_hala_penawar.268</SimpleData>
		<SimpleData name="tessellate">-1</SimpleData>
		<SimpleData name="extrude">0</SimpleData>
		<SimpleData name="visibility">-1</SimpleData>
		<SimpleData name="fid">1</SimpleData>
		<SimpleData name="tessellate2">1</SimpleData>
		<SimpleData name="extrude2">0</SimpleData>
		<SimpleData name="visibility2">-1</SimpleData>
		<SimpleData name="distance">26700</SimpleData>
		<SimpleData name="angle">88.0997964911647</SimpleData>
		<SimpleData name="KM">KM 27.7</SimpleData>
		<SimpleData name="Latitude">1.573</SimpleData>
		<SimpleData name="Longitude">103.860</SimpleData>
	</SchemaData></ExtendedData>
      <Point><coordinates>103.859940177787,1.57340334707534,0</coordinates></Point>
  </Placemark>
  <Placemark id="sde_hala_penawar__interpolated_points_sde_hala_penawar.269">
	<name>SDE HALA PENAWAR</name>
	<ExtendedData><SchemaData schemaUrl="#sde_hala_penawar__interpolated_points_sde_hala_penawar">
		<SimpleData name="id">interpolated_points_sde_hala_penawar.269</SimpleData>
		<SimpleData name="tessellate">-1</SimpleData>
		<SimpleData name="extrude">0</SimpleData>
		<SimpleData name="visibility">-1</SimpleData>
		<SimpleData name="fid">1</SimpleData>
		<SimpleData name="tessellate2">1</SimpleData>
		<SimpleData name="extrude2">0</SimpleData>
		<SimpleData name="visibility2">-1</SimpleData>
		<SimpleData name="distance">26800</SimpleData>
		<SimpleData name="angle">88.1579459963907</SimpleData>
		<SimpleData name="KM">KM 27.8</SimpleData>
		<SimpleData name="Latitude">1.573</SimpleData>
		<SimpleData name="Longitude">103.861</SimpleData>
	</SchemaData></ExtendedData>
      <Point><coordinates>103.860838517381,1.57343329768714,0</coordinates></Point>
  </Placemark>
  <Placemark id="sde_hala_penawar__interpolated_points_sde_hala_penawar.270">
	<name>SDE HALA PENAWAR</name>
	<ExtendedData><SchemaData schemaUrl="#sde_hala_penawar__interpolated_points_sde_hala_penawar">
		<SimpleData name="id">interpolated_points_sde_hala_penawar.270</SimpleData>
		<SimpleData name="tessellate">-1</SimpleData>
		<SimpleData name="extrude">0</SimpleData>
		<SimpleData name="visibility">-1</SimpleData>
		<SimpleData name="fid">1</SimpleData>
		<SimpleData name="tessellate2">1</SimpleData>
		<SimpleData name="extrude2">0</SimpleData>
		<SimpleData name="visibility2">-1</SimpleData>
		<SimpleData name="distance">26900</SimpleData>
		<SimpleData name="angle">88.325873071261</SimpleData>
		<SimpleData name="KM">KM 27.9</SimpleData>
		<SimpleData name="Latitude">1.573</SimpleData>
		<SimpleData name="Longitude">103.862</SimpleData>
	</SchemaData></ExtendedData>
      <Point><coordinates>103.861736883391,1.57346243097652,0</coordinates></Point>
  </Placemark>
  <Placemark id="sde_hala_penawar__interpolated_points_sde_hala_penawar.271">
	<name>SDE HALA PENAWAR</name>
	<ExtendedData><SchemaData schemaUrl="#sde_hala_penawar__interpolated_points_sde_hala_penawar">
		<SimpleData name="id">interpolated_points_sde_hala_penawar.271</SimpleData>
		<SimpleData name="tessellate">-1</SimpleData>
		<SimpleData name="extrude">0</SimpleData>
		<SimpleData name="visibility">-1</SimpleData>
		<SimpleData name="fid">1</SimpleData>
		<SimpleData name="tessellate2">1</SimpleData>
		<SimpleData name="extrude2">0</SimpleData>
		<SimpleData name="visibility2">-1</SimpleData>
		<SimpleData name="distance">27000</SimpleData>
		<SimpleData name="angle">88.4890524601476</SimpleData>
		<SimpleData name="KM">KM 28.0</SimpleData>
		<SimpleData name="Latitude">1.573</SimpleData>
		<SimpleData name="Longitude">103.863</SimpleData>
	</SchemaData></ExtendedData>
      <Point><coordinates>103.862635166437,1.57349371141713,0</coordinates></Point>
  </Placemark>
  <Placemark id="sde_hala_penawar__interpolated_points_sde_hala_penawar.272">
	<name>SDE HALA PENAWAR</name>
	<ExtendedData><SchemaData schemaUrl="#sde_hala_penawar__interpolated_points_sde_hala_penawar">
		<SimpleData name="id">interpolated_points_sde_hala_penawar.272</SimpleData>
		<SimpleData name="tessellate">-1</SimpleData>
		<SimpleData name="extrude">0</SimpleData>
		<SimpleData name="visibility">-1</SimpleData>
		<SimpleData name="fid">1</SimpleData>
		<SimpleData name="tessellate2">1</SimpleData>
		<SimpleData name="extrude2">0</SimpleData>
		<SimpleData name="visibility2">-1</SimpleData>
		<SimpleData name="distance">27100</SimpleData>
		<SimpleData name="angle">87.2268484855917</SimpleData>
		<SimpleData name="KM">KM 28.1</SimpleData>
		<SimpleData name="Latitude">1.574</SimpleData>
		<SimpleData name="Longitude">103.864</SimpleData>
	</SchemaData></ExtendedData>
      <Point><coordinates>103.863533549233,1.57352137214999,0</coordinates></Point>
  </Placemark>
  <Placemark id="sde_hala_penawar__interpolated_points_sde_hala_penawar.273">
	<name>SDE HALA PENAWAR</name>
	<ExtendedData><SchemaData schemaUrl="#sde_hala_penawar__interpolated_points_sde_hala_penawar">
		<SimpleData name="id">interpolated_points_sde_hala_penawar.273</SimpleData>
		<SimpleData name="tessellate">-1</SimpleData>
		<SimpleData name="extrude">0</SimpleData>
		<SimpleData name="visibility">-1</SimpleData>
		<SimpleData name="fid">1</SimpleData>
		<SimpleData name="tessellate2">1</SimpleData>
		<SimpleData name="extrude2">0</SimpleData>
		<SimpleData name="visibility2">-1</SimpleData>
		<SimpleData name="distance">27200</SimpleData>
		<SimpleData name="angle">88.3321684337492</SimpleData>
		<SimpleData name="KM">KM 28.2</SimpleData>
		<SimpleData name="Latitude">1.574</SimpleData>
		<SimpleData name="Longitude">103.864</SimpleData>
	</SchemaData></ExtendedData>
      <Point><coordinates>103.864431867495,1.5735513990485,0</coordinates></Point>
  </Placemark>
  <Placemark id="sde_hala_penawar__interpolated_points_sde_hala_penawar.274">
	<name>SDE HALA PENAWAR</name>
	<ExtendedData><SchemaData schemaUrl="#sde_hala_penawar__interpolated_points_sde_hala_penawar">
		<SimpleData name="id">interpolated_points_sde_hala_penawar.274</SimpleData>
		<SimpleData name="tessellate">-1</SimpleData>
		<SimpleData name="extrude">0</SimpleData>
		<SimpleData name="visibility">-1</SimpleData>
		<SimpleData name="fid">1</SimpleData>
		<SimpleData name="tessellate2">1</SimpleData>
		<SimpleData name="extrude2">0</SimpleData>
		<SimpleData name="visibility2">-1</SimpleData>
		<SimpleData name="distance">27300</SimpleData>
		<SimpleData name="angle">87.7479861230435</SimpleData>
		<SimpleData name="KM">KM 28.3</SimpleData>
		<SimpleData name="Latitude">1.574</SimpleData>
		<SimpleData name="Longitude">103.865</SimpleData>
	</SchemaData></ExtendedData>
      <Point><coordinates>103.865330141175,1.57358319394115,0</coordinates></Point>
  </Placemark>
  <Placemark id="sde_hala_penawar__interpolated_points_sde_hala_penawar.275">
	<name>SDE HALA PENAWAR</name>
	<ExtendedData><SchemaData schemaUrl="#sde_hala_penawar__interpolated_points_sde_hala_penawar">
		<SimpleData name="id">interpolated_points_sde_hala_penawar.275</SimpleData>
		<SimpleData name="tessellate">-1</SimpleData>
		<SimpleData name="extrude">0</SimpleData>
		<SimpleData name="visibility">-1</SimpleData>
		<SimpleData name="fid">1</SimpleData>
		<SimpleData name="tessellate2">1</SimpleData>
		<SimpleData name="extrude2">0</SimpleData>
		<SimpleData name="visibility2">-1</SimpleData>
		<SimpleData name="distance">27400</SimpleData>
		<SimpleData name="angle">87.8632680993475</SimpleData>
		<SimpleData name="KM">KM 28.4</SimpleData>
		<SimpleData name="Latitude">1.574</SimpleData>
		<SimpleData name="Longitude">103.866</SimpleData>
	</SchemaData></ExtendedData>
      <Point><coordinates>103.866228463391,1.57361172241959,0</coordinates></Point>
  </Placemark>
  <Placemark id="sde_hala_penawar__interpolated_points_sde_hala_penawar.276">
	<name>SDE HALA PENAWAR</name>
	<ExtendedData><SchemaData schemaUrl="#sde_hala_penawar__interpolated_points_sde_hala_penawar">
		<SimpleData name="id">interpolated_points_sde_hala_penawar.276</SimpleData>
		<SimpleData name="tessellate">-1</SimpleData>
		<SimpleData name="extrude">0</SimpleData>
		<SimpleData name="visibility">-1</SimpleData>
		<SimpleData name="fid">1</SimpleData>
		<SimpleData name="tessellate2">1</SimpleData>
		<SimpleData name="extrude2">0</SimpleData>
		<SimpleData name="visibility2">-1</SimpleData>
		<SimpleData name="distance">27500</SimpleData>
		<SimpleData name="angle">89.4830223742969</SimpleData>
		<SimpleData name="KM">KM 28.5</SimpleData>
		<SimpleData name="Latitude">1.574</SimpleData>
		<SimpleData name="Longitude">103.867</SimpleData>
	</SchemaData></ExtendedData>
      <Point><coordinates>103.867126890214,1.57363809643559,0</coordinates></Point>
  </Placemark>
  <Placemark id="sde_hala_penawar__interpolated_points_sde_hala_penawar.277">
	<name>SDE HALA PENAWAR</name>
	<ExtendedData><SchemaData schemaUrl="#sde_hala_penawar__interpolated_points_sde_hala_penawar">
		<SimpleData name="id">interpolated_points_sde_hala_penawar.277</SimpleData>
		<SimpleData name="tessellate">-1</SimpleData>
		<SimpleData name="extrude">0</SimpleData>
		<SimpleData name="visibility">-1</SimpleData>
		<SimpleData name="fid">1</SimpleData>
		<SimpleData name="tessellate2">1</SimpleData>
		<SimpleData name="extrude2">0</SimpleData>
		<SimpleData name="visibility2">-1</SimpleData>
		<SimpleData name="distance">27600</SimpleData>
		<SimpleData name="angle">91.558224741253</SimpleData>
		<SimpleData name="KM">KM 28.6</SimpleData>
		<SimpleData name="Latitude">1.574</SimpleData>
		<SimpleData name="Longitude">103.868</SimpleData>
	</SchemaData></ExtendedData>
      <Point><coordinates>103.868025627776,1.57364012706988,0</coordinates></Point>
  </Placemark>
  <Placemark id="sde_hala_penawar__interpolated_points_sde_hala_penawar.278">
	<name>SDE HALA PENAWAR</name>
	<ExtendedData><SchemaData schemaUrl="#sde_hala_penawar__interpolated_points_sde_hala_penawar">
		<SimpleData name="id">interpolated_points_sde_hala_penawar.278</SimpleData>
		<SimpleData name="tessellate">-1</SimpleData>
		<SimpleData name="extrude">0</SimpleData>
		<SimpleData name="visibility">-1</SimpleData>
		<SimpleData name="fid">1</SimpleData>
		<SimpleData name="tessellate2">1</SimpleData>
		<SimpleData name="extrude2">0</SimpleData>
		<SimpleData name="visibility2">-1</SimpleData>
		<SimpleData name="distance">27700</SimpleData>
		<SimpleData name="angle">93.1819066381503</SimpleData>
		<SimpleData name="KM">KM 28.7</SimpleData>
		<SimpleData name="Latitude">1.574</SimpleData>
		<SimpleData name="Longitude">103.869</SimpleData>
	</SchemaData></ExtendedData>
      <Point><coordinates>103.868923368394,1.57359691851812,0</coordinates></Point>
  </Placemark>
  <Placemark id="sde_hala_penawar__interpolated_points_sde_hala_penawar.279">
	<name>SDE HALA PENAWAR</name>
	<ExtendedData><SchemaData schemaUrl="#sde_hala_penawar__interpolated_points_sde_hala_penawar">
		<SimpleData name="id">interpolated_points_sde_hala_penawar.279</SimpleData>
		<SimpleData name="tessellate">-1</SimpleData>
		<SimpleData name="extrude">0</SimpleData>
		<SimpleData name="visibility">-1</SimpleData>
		<SimpleData name="fid">1</SimpleData>
		<SimpleData name="tessellate2">1</SimpleData>
		<SimpleData name="extrude2">0</SimpleData>
		<SimpleData name="visibility2">-1</SimpleData>
		<SimpleData name="distance">27800</SimpleData>
		<SimpleData name="angle">96.5032351166315</SimpleData>
		<SimpleData name="KM">KM 28.8</SimpleData>
		<SimpleData name="Latitude">1.574</SimpleData>
		<SimpleData name="Longitude">103.870</SimpleData>
	</SchemaData></ExtendedData>
      <Point><coordinates>103.869817956432,1.57351033901982,0</coordinates></Point>
  </Placemark>
  <Placemark id="sde_hala_penawar__interpolated_points_sde_hala_penawar.280">
	<name>SDE HALA PENAWAR</name>
	<ExtendedData><SchemaData schemaUrl="#sde_hala_penawar__interpolated_points_sde_hala_penawar">
		<SimpleData name="id">interpolated_points_sde_hala_penawar.280</SimpleData>
		<SimpleData name="tessellate">-1</SimpleData>
		<SimpleData name="extrude">0</SimpleData>
		<SimpleData name="visibility">-1</SimpleData>
		<SimpleData name="fid">1</SimpleData>
		<SimpleData name="tessellate2">1</SimpleData>
		<SimpleData name="extrude2">0</SimpleData>
		<SimpleData name="visibility2">-1</SimpleData>
		<SimpleData name="distance">27900</SimpleData>
		<SimpleData name="angle">99.952399786436</SimpleData>
		<SimpleData name="KM">KM 28.9</SimpleData>
		<SimpleData name="Latitude">1.573</SimpleData>
		<SimpleData name="Longitude">103.871</SimpleData>
	</SchemaData></ExtendedData>
      <Point><coordinates>103.870706954719,1.57337754820559,0</coordinates></Point>
  </Placemark>
  <Placemark id="sde_hala_penawar__interpolated_points_sde_hala_penawar.281">
	<name>SDE HALA PENAWAR</name>
	<ExtendedData><SchemaData schemaUrl="#sde_hala_penawar__interpolated_points_sde_hala_penawar">
		<SimpleData name="id">interpolated_points_sde_hala_penawar.281</SimpleData>
		<SimpleData name="tessellate">-1</SimpleData>
		<SimpleData name="extrude">0</SimpleData>
		<SimpleData name="visibility">-1</SimpleData>
		<SimpleData name="fid">1</SimpleData>
		<SimpleData name="tessellate2">1</SimpleData>
		<SimpleData name="extrude2">0</SimpleData>
		<SimpleData name="visibility2">-1</SimpleData>
		<SimpleData name="distance">28000</SimpleData>
		<SimpleData name="angle">102.98587651165</SimpleData>
		<SimpleData name="KM">KM 29.0</SimpleData>
		<SimpleData name="Latitude">1.573</SimpleData>
		<SimpleData name="Longitude">103.872</SimpleData>
	</SchemaData></ExtendedData>
      <Point><coordinates>103.871588273647,1.57320142931715,0</coordinates></Point>
  </Placemark>
  <Placemark id="sde_hala_penawar__interpolated_points_sde_hala_penawar.282">
	<name>SDE HALA PENAWAR</name>
	<ExtendedData><SchemaData schemaUrl="#sde_hala_penawar__interpolated_points_sde_hala_penawar">
		<SimpleData name="id">interpolated_points_sde_hala_penawar.282</SimpleData>
		<SimpleData name="tessellate">-1</SimpleData>
		<SimpleData name="extrude">0</SimpleData>
		<SimpleData name="visibility">-1</SimpleData>
		<SimpleData name="fid">1</SimpleData>
		<SimpleData name="tessellate2">1</SimpleData>
		<SimpleData name="extrude2">0</SimpleData>
		<SimpleData name="visibility2">-1</SimpleData>
		<SimpleData name="distance">28100</SimpleData>
		<SimpleData name="angle">106.628736924245</SimpleData>
		<SimpleData name="KM">KM 29.1</SimpleData>
		<SimpleData name="Latitude">1.573</SimpleData>
		<SimpleData name="Longitude">103.872</SimpleData>
	</SchemaData></ExtendedData>
      <Point><coordinates>103.872459103544,1.5729790795632,0</coordinates></Point>
  </Placemark>
  <Placemark id="sde_hala_penawar__interpolated_points_sde_hala_penawar.283">
	<name>SDE HALA PENAWAR</name>
	<ExtendedData><SchemaData schemaUrl="#sde_hala_penawar__interpolated_points_sde_hala_penawar">
		<SimpleData name="id">interpolated_points_sde_hala_penawar.283</SimpleData>
		<SimpleData name="tessellate">-1</SimpleData>
		<SimpleData name="extrude">0</SimpleData>
		<SimpleData name="visibility">-1</SimpleData>
		<SimpleData name="fid">1</SimpleData>
		<SimpleData name="tessellate2">1</SimpleData>
		<SimpleData name="extrude2">0</SimpleData>
		<SimpleData name="visibility2">-1</SimpleData>
		<SimpleData name="distance">28200</SimpleData>
		<SimpleData name="angle">106.628736924245</SimpleData>
		<SimpleData name="KM">KM 29.2</SimpleData>
		<SimpleData name="Latitude">1.573</SimpleData>
		<SimpleData name="Longitude">103.873</SimpleData>
	</SchemaData></ExtendedData>
      <Point><coordinates>103.873320488463,1.57272069394472,0</coordinates></Point>
  </Placemark>
  <Placemark id="sde_hala_penawar__interpolated_points_sde_hala_penawar.284">
	<name>SDE HALA PENAWAR</name>
	<ExtendedData><SchemaData schemaUrl="#sde_hala_penawar__interpolated_points_sde_hala_penawar">
		<SimpleData name="id">interpolated_points_sde_hala_penawar.284</SimpleData>
		<SimpleData name="tessellate">-1</SimpleData>
		<SimpleData name="extrude">0</SimpleData>
		<SimpleData name="visibility">-1</SimpleData>
		<SimpleData name="fid">1</SimpleData>
		<SimpleData name="tessellate2">1</SimpleData>
		<SimpleData name="extrude2">0</SimpleData>
		<SimpleData name="visibility2">-1</SimpleData>
		<SimpleData name="distance">28300</SimpleData>
		<SimpleData name="angle">106.628736924245</SimpleData>
		<SimpleData name="KM">KM 29.3</SimpleData>
		<SimpleData name="Latitude">1.572</SimpleData>
		<SimpleData name="Longitude">103.874</SimpleData>
	</SchemaData></ExtendedData>
      <Point><coordinates>103.874181873404,1.57246230781408,0</coordinates></Point>
  </Placemark>
  <Placemark id="sde_hala_penawar__interpolated_points_sde_hala_penawar.285">
	<name>SDE HALA PENAWAR</name>
	<ExtendedData><SchemaData schemaUrl="#sde_hala_penawar__interpolated_points_sde_hala_penawar">
		<SimpleData name="id">interpolated_points_sde_hala_penawar.285</SimpleData>
		<SimpleData name="tessellate">-1</SimpleData>
		<SimpleData name="extrude">0</SimpleData>
		<SimpleData name="visibility">-1</SimpleData>
		<SimpleData name="fid">1</SimpleData>
		<SimpleData name="tessellate2">1</SimpleData>
		<SimpleData name="extrude2">0</SimpleData>
		<SimpleData name="visibility2">-1</SimpleData>
		<SimpleData name="distance">28400</SimpleData>
		<SimpleData name="angle">106.628736924245</SimpleData>
		<SimpleData name="KM">KM 29.4</SimpleData>
		<SimpleData name="Latitude">1.572</SimpleData>
		<SimpleData name="Longitude">103.875</SimpleData>
	</SchemaData></ExtendedData>
      <Point><coordinates>103.875043258366,1.57220392117145,0</coordinates></Point>
  </Placemark>
  <Placemark id="sde_hala_penawar__interpolated_points_sde_hala_penawar.286">
	<name>SDE HALA PENAWAR</name>
	<ExtendedData><SchemaData schemaUrl="#sde_hala_penawar__interpolated_points_sde_hala_penawar">
		<SimpleData name="id">interpolated_points_sde_hala_penawar.286</SimpleData>
		<SimpleData name="tessellate">-1</SimpleData>
		<SimpleData name="extrude">0</SimpleData>
		<SimpleData name="visibility">-1</SimpleData>
		<SimpleData name="fid">1</SimpleData>
		<SimpleData name="tessellate2">1</SimpleData>
		<SimpleData name="extrude2">0</SimpleData>
		<SimpleData name="visibility2">-1</SimpleData>
		<SimpleData name="distance">28500</SimpleData>
		<SimpleData name="angle">106.879806869975</SimpleData>
		<SimpleData name="KM">KM 29.5</SimpleData>
		<SimpleData name="Latitude">1.572</SimpleData>
		<SimpleData name="Longitude">103.876</SimpleData>
	</SchemaData></ExtendedData>
      <Point><coordinates>103.875903562271,1.57194191307321,0</coordinates></Point>
  </Placemark>
  <Placemark id="sde_hala_penawar__interpolated_points_sde_hala_penawar.287">
	<name>SDE HALA PENAWAR</name>
	<ExtendedData><SchemaData schemaUrl="#sde_hala_penawar__interpolated_points_sde_hala_penawar">
		<SimpleData name="id">interpolated_points_sde_hala_penawar.287</SimpleData>
		<SimpleData name="tessellate">-1</SimpleData>
		<SimpleData name="extrude">0</SimpleData>
		<SimpleData name="visibility">-1</SimpleData>
		<SimpleData name="fid">1</SimpleData>
		<SimpleData name="tessellate2">1</SimpleData>
		<SimpleData name="extrude2">0</SimpleData>
		<SimpleData name="visibility2">-1</SimpleData>
		<SimpleData name="distance">28600</SimpleData>
		<SimpleData name="angle">106.768865152666</SimpleData>
		<SimpleData name="KM">KM 29.6</SimpleData>
		<SimpleData name="Latitude">1.572</SimpleData>
		<SimpleData name="Longitude">103.877</SimpleData>
	</SchemaData></ExtendedData>
      <Point><coordinates>103.876763964019,1.57168022989793,0</coordinates></Point>
  </Placemark>
  <Placemark id="sde_hala_penawar__interpolated_points_sde_hala_penawar.288">
	<name>SDE HALA PENAWAR</name>
	<ExtendedData><SchemaData schemaUrl="#sde_hala_penawar__interpolated_points_sde_hala_penawar">
		<SimpleData name="id">interpolated_points_sde_hala_penawar.288</SimpleData>
		<SimpleData name="tessellate">-1</SimpleData>
		<SimpleData name="extrude">0</SimpleData>
		<SimpleData name="visibility">-1</SimpleData>
		<SimpleData name="fid">1</SimpleData>
		<SimpleData name="tessellate2">1</SimpleData>
		<SimpleData name="extrude2">0</SimpleData>
		<SimpleData name="visibility2">-1</SimpleData>
		<SimpleData name="distance">28700</SimpleData>
		<SimpleData name="angle">105.624000305882</SimpleData>
		<SimpleData name="KM">KM 29.7</SimpleData>
		<SimpleData name="Latitude">1.571</SimpleData>
		<SimpleData name="Longitude">103.878</SimpleData>
	</SchemaData></ExtendedData>
      <Point><coordinates>103.877627046385,1.57142780400288,0</coordinates></Point>
  </Placemark>
  <Placemark id="sde_hala_penawar__interpolated_points_sde_hala_penawar.289">
	<name>SDE HALA PENAWAR</name>
	<ExtendedData><SchemaData schemaUrl="#sde_hala_penawar__interpolated_points_sde_hala_penawar">
		<SimpleData name="id">interpolated_points_sde_hala_penawar.289</SimpleData>
		<SimpleData name="tessellate">-1</SimpleData>
		<SimpleData name="extrude">0</SimpleData>
		<SimpleData name="visibility">-1</SimpleData>
		<SimpleData name="fid">1</SimpleData>
		<SimpleData name="tessellate2">1</SimpleData>
		<SimpleData name="extrude2">0</SimpleData>
		<SimpleData name="visibility2">-1</SimpleData>
		<SimpleData name="distance">28800</SimpleData>
		<SimpleData name="angle">101.927223119313</SimpleData>
		<SimpleData name="KM">KM 29.8</SimpleData>
		<SimpleData name="Latitude">1.571</SimpleData>
		<SimpleData name="Longitude">103.879</SimpleData>
	</SchemaData></ExtendedData>
      <Point><coordinates>103.878504252256,1.57123121856573,0</coordinates></Point>
  </Placemark>
  <Placemark id="sde_hala_penawar__interpolated_points_sde_hala_penawar.290">
	<name>SDE HALA PENAWAR</name>
	<ExtendedData><SchemaData schemaUrl="#sde_hala_penawar__interpolated_points_sde_hala_penawar">
		<SimpleData name="id">interpolated_points_sde_hala_penawar.290</SimpleData>
		<SimpleData name="tessellate">-1</SimpleData>
		<SimpleData name="extrude">0</SimpleData>
		<SimpleData name="visibility">-1</SimpleData>
		<SimpleData name="fid">1</SimpleData>
		<SimpleData name="tessellate2">1</SimpleData>
		<SimpleData name="extrude2">0</SimpleData>
		<SimpleData name="visibility2">-1</SimpleData>
		<SimpleData name="distance">28900</SimpleData>
		<SimpleData name="angle">97.1541987237427</SimpleData>
		<SimpleData name="KM">KM 29.9</SimpleData>
		<SimpleData name="Latitude">1.571</SimpleData>
		<SimpleData name="Longitude">103.879</SimpleData>
	</SchemaData></ExtendedData>
      <Point><coordinates>103.879394873505,1.57110944842927,0</coordinates></Point>
  </Placemark>
  <Placemark id="sde_hala_penawar__interpolated_points_sde_hala_penawar.291">
	<name>SDE HALA PENAWAR</name>
	<ExtendedData><SchemaData schemaUrl="#sde_hala_penawar__interpolated_points_sde_hala_penawar">
		<SimpleData name="id">interpolated_points_sde_hala_penawar.291</SimpleData>
		<SimpleData name="tessellate">-1</SimpleData>
		<SimpleData name="extrude">0</SimpleData>
		<SimpleData name="visibility">-1</SimpleData>
		<SimpleData name="fid">1</SimpleData>
		<SimpleData name="tessellate2">1</SimpleData>
		<SimpleData name="extrude2">0</SimpleData>
		<SimpleData name="visibility2">-1</SimpleData>
		<SimpleData name="distance">29000</SimpleData>
		<SimpleData name="angle">93.8869125342754</SimpleData>
		<SimpleData name="KM">KM 30.0</SimpleData>
		<SimpleData name="Latitude">1.571</SimpleData>
		<SimpleData name="Longitude">103.880</SimpleData>
	</SchemaData></ExtendedData>
      <Point><coordinates>103.880291676475,1.57105139612912,0</coordinates></Point>
  </Placemark>
  <Placemark id="sde_hala_penawar__interpolated_points_sde_hala_penawar.292">
	<name>SDE HALA PENAWAR</name>
	<ExtendedData><SchemaData schemaUrl="#sde_hala_penawar__interpolated_points_sde_hala_penawar">
		<SimpleData name="id">interpolated_points_sde_hala_penawar.292</SimpleData>
		<SimpleData name="tessellate">-1</SimpleData>
		<SimpleData name="extrude">0</SimpleData>
		<SimpleData name="visibility">-1</SimpleData>
		<SimpleData name="fid">1</SimpleData>
		<SimpleData name="tessellate2">1</SimpleData>
		<SimpleData name="extrude2">0</SimpleData>
		<SimpleData name="visibility2">-1</SimpleData>
		<SimpleData name="distance">29100</SimpleData>
		<SimpleData name="angle">87.6803828367261</SimpleData>
		<SimpleData name="KM">KM 30.1</SimpleData>
		<SimpleData name="Latitude">1.571</SimpleData>
		<SimpleData name="Longitude">103.881</SimpleData>
	</SchemaData></ExtendedData>
      <Point><coordinates>103.881190123889,1.57106679208223,0</coordinates></Point>
  </Placemark>
  <Placemark id="sde_hala_penawar__interpolated_points_sde_hala_penawar.293">
	<name>SDE HALA PENAWAR</name>
	<ExtendedData><SchemaData schemaUrl="#sde_hala_penawar__interpolated_points_sde_hala_penawar">
		<SimpleData name="id">interpolated_points_sde_hala_penawar.293</SimpleData>
		<SimpleData name="tessellate">-1</SimpleData>
		<SimpleData name="extrude">0</SimpleData>
		<SimpleData name="visibility">-1</SimpleData>
		<SimpleData name="fid">1</SimpleData>
		<SimpleData name="tessellate2">1</SimpleData>
		<SimpleData name="extrude2">0</SimpleData>
		<SimpleData name="visibility2">-1</SimpleData>
		<SimpleData name="distance">29200</SimpleData>
		<SimpleData name="angle">83.1088035833417</SimpleData>
		<SimpleData name="KM">KM 30.2</SimpleData>
		<SimpleData name="Latitude">1.571</SimpleData>
		<SimpleData name="Longitude">103.882</SimpleData>
	</SchemaData></ExtendedData>
      <Point><coordinates>103.882084128756,1.5711572329338,0</coordinates></Point>
  </Placemark>
  <Placemark id="sde_hala_penawar__interpolated_points_sde_hala_penawar.294">
	<name>SDE HALA PENAWAR</name>
	<ExtendedData><SchemaData schemaUrl="#sde_hala_penawar__interpolated_points_sde_hala_penawar">
		<SimpleData name="id">interpolated_points_sde_hala_penawar.294</SimpleData>
		<SimpleData name="tessellate">-1</SimpleData>
		<SimpleData name="extrude">0</SimpleData>
		<SimpleData name="visibility">-1</SimpleData>
		<SimpleData name="fid">1</SimpleData>
		<SimpleData name="tessellate2">1</SimpleData>
		<SimpleData name="extrude2">0</SimpleData>
		<SimpleData name="visibility2">-1</SimpleData>
		<SimpleData name="distance">29300</SimpleData>
		<SimpleData name="angle">71.7043134371707</SimpleData>
		<SimpleData name="KM">KM 30.3</SimpleData>
		<SimpleData name="Latitude">1.571</SimpleData>
		<SimpleData name="Longitude">103.883</SimpleData>
	</SchemaData></ExtendedData>
      <Point><coordinates>103.882966249808,1.57132541660258,0</coordinates></Point>
  </Placemark>
  <Placemark id="sde_hala_penawar__interpolated_points_sde_hala_penawar.295">
	<name>SDE HALA PENAWAR</name>
	<ExtendedData><SchemaData schemaUrl="#sde_hala_penawar__interpolated_points_sde_hala_penawar">
		<SimpleData name="id">interpolated_points_sde_hala_penawar.295</SimpleData>
		<SimpleData name="tessellate">-1</SimpleData>
		<SimpleData name="extrude">0</SimpleData>
		<SimpleData name="visibility">-1</SimpleData>
		<SimpleData name="fid">1</SimpleData>
		<SimpleData name="tessellate2">1</SimpleData>
		<SimpleData name="extrude2">0</SimpleData>
		<SimpleData name="visibility2">-1</SimpleData>
		<SimpleData name="distance">29400</SimpleData>
		<SimpleData name="angle">74.1924541864314</SimpleData>
		<SimpleData name="KM">KM 30.4</SimpleData>
		<SimpleData name="Latitude">1.572</SimpleData>
		<SimpleData name="Longitude">103.884</SimpleData>
	</SchemaData></ExtendedData>
      <Point><coordinates>103.883838744408,1.57153988849449,0</coordinates></Point>
  </Placemark>
  <Placemark id="sde_hala_penawar__interpolated_points_sde_hala_penawar.296">
	<name>SDE HALA PENAWAR</name>
	<ExtendedData><SchemaData schemaUrl="#sde_hala_penawar__interpolated_points_sde_hala_penawar">
		<SimpleData name="id">interpolated_points_sde_hala_penawar.296</SimpleData>
		<SimpleData name="tessellate">-1</SimpleData>
		<SimpleData name="extrude">0</SimpleData>
		<SimpleData name="visibility">-1</SimpleData>
		<SimpleData name="fid">1</SimpleData>
		<SimpleData name="tessellate2">1</SimpleData>
		<SimpleData name="extrude2">0</SimpleData>
		<SimpleData name="visibility2">-1</SimpleData>
		<SimpleData name="distance">29500</SimpleData>
		<SimpleData name="angle">74.1924541864314</SimpleData>
		<SimpleData name="KM">KM 30.5</SimpleData>
		<SimpleData name="Latitude">1.572</SimpleData>
		<SimpleData name="Longitude">103.885</SimpleData>
	</SchemaData></ExtendedData>
      <Point><coordinates>103.884703460536,1.5717867596273,0</coordinates></Point>
  </Placemark>
  <Placemark id="sde_hala_penawar__interpolated_points_sde_hala_penawar.297">
	<name>SDE HALA PENAWAR</name>
	<ExtendedData><SchemaData schemaUrl="#sde_hala_penawar__interpolated_points_sde_hala_penawar">
		<SimpleData name="id">interpolated_points_sde_hala_penawar.297</SimpleData>
		<SimpleData name="tessellate">-1</SimpleData>
		<SimpleData name="extrude">0</SimpleData>
		<SimpleData name="visibility">-1</SimpleData>
		<SimpleData name="fid">1</SimpleData>
		<SimpleData name="tessellate2">1</SimpleData>
		<SimpleData name="extrude2">0</SimpleData>
		<SimpleData name="visibility2">-1</SimpleData>
		<SimpleData name="distance">29600</SimpleData>
		<SimpleData name="angle">74.7751919940083</SimpleData>
		<SimpleData name="KM">KM 30.6</SimpleData>
		<SimpleData name="Latitude">1.572</SimpleData>
		<SimpleData name="Longitude">103.886</SimpleData>
	</SchemaData></ExtendedData>
      <Point><coordinates>103.885569900406,1.57202739677554,0</coordinates></Point>
  </Placemark>
  <Placemark id="sde_hala_penawar__interpolated_points_sde_hala_penawar.298">
	<name>SDE HALA PENAWAR</name>
	<ExtendedData><SchemaData schemaUrl="#sde_hala_penawar__interpolated_points_sde_hala_penawar">
		<SimpleData name="id">interpolated_points_sde_hala_penawar.298</SimpleData>
		<SimpleData name="tessellate">-1</SimpleData>
		<SimpleData name="extrude">0</SimpleData>
		<SimpleData name="visibility">-1</SimpleData>
		<SimpleData name="fid">1</SimpleData>
		<SimpleData name="tessellate2">1</SimpleData>
		<SimpleData name="extrude2">0</SimpleData>
		<SimpleData name="visibility2">-1</SimpleData>
		<SimpleData name="distance">29700</SimpleData>
		<SimpleData name="angle">73.7390210890604</SimpleData>
		<SimpleData name="KM">KM 30.7</SimpleData>
		<SimpleData name="Latitude">1.572</SimpleData>
		<SimpleData name="Longitude">103.886</SimpleData>
	</SchemaData></ExtendedData>
      <Point><coordinates>103.886434071132,1.57227607977097,0</coordinates></Point>
  </Placemark>
  <Placemark id="sde_hala_penawar__interpolated_points_sde_hala_penawar.299">
	<name>SDE HALA PENAWAR</name>
	<ExtendedData><SchemaData schemaUrl="#sde_hala_penawar__interpolated_points_sde_hala_penawar">
		<SimpleData name="id">interpolated_points_sde_hala_penawar.299</SimpleData>
		<SimpleData name="tessellate">-1</SimpleData>
		<SimpleData name="extrude">0</SimpleData>
		<SimpleData name="visibility">-1</SimpleData>
		<SimpleData name="fid">1</SimpleData>
		<SimpleData name="tessellate2">1</SimpleData>
		<SimpleData name="extrude2">0</SimpleData>
		<SimpleData name="visibility2">-1</SimpleData>
		<SimpleData name="distance">29800</SimpleData>
		<SimpleData name="angle">74.5398110639037</SimpleData>
		<SimpleData name="KM">KM 30.8</SimpleData>
		<SimpleData name="Latitude">1.573</SimpleData>
		<SimpleData name="Longitude">103.887</SimpleData>
	</SchemaData></ExtendedData>
      <Point><coordinates>103.887301726208,1.57251182164948,0</coordinates></Point>
  </Placemark>
  <Placemark id="sde_hala_penawar__interpolated_points_sde_hala_penawar.300">
	<name>SDE HALA PENAWAR</name>
	<ExtendedData><SchemaData schemaUrl="#sde_hala_penawar__interpolated_points_sde_hala_penawar">
		<SimpleData name="id">interpolated_points_sde_hala_penawar.300</SimpleData>
		<SimpleData name="tessellate">-1</SimpleData>
		<SimpleData name="extrude">0</SimpleData>
		<SimpleData name="visibility">-1</SimpleData>
		<SimpleData name="fid">1</SimpleData>
		<SimpleData name="tessellate2">1</SimpleData>
		<SimpleData name="extrude2">0</SimpleData>
		<SimpleData name="visibility2">-1</SimpleData>
		<SimpleData name="distance">29900</SimpleData>
		<SimpleData name="angle">74.5107271754472</SimpleData>
		<SimpleData name="KM">KM 30.9</SimpleData>
		<SimpleData name="Latitude">1.573</SimpleData>
		<SimpleData name="Longitude">103.888</SimpleData>
	</SchemaData></ExtendedData>
      <Point><coordinates>103.888167888927,1.57275350771007,0</coordinates></Point>
  </Placemark>
  <Placemark id="sde_hala_penawar__interpolated_points_sde_hala_penawar.301">
	<name>SDE HALA PENAWAR</name>
	<ExtendedData><SchemaData schemaUrl="#sde_hala_penawar__interpolated_points_sde_hala_penawar">
		<SimpleData name="id">interpolated_points_sde_hala_penawar.301</SimpleData>
		<SimpleData name="tessellate">-1</SimpleData>
		<SimpleData name="extrude">0</SimpleData>
		<SimpleData name="visibility">-1</SimpleData>
		<SimpleData name="fid">1</SimpleData>
		<SimpleData name="tessellate2">1</SimpleData>
		<SimpleData name="extrude2">0</SimpleData>
		<SimpleData name="visibility2">-1</SimpleData>
		<SimpleData name="distance">30000</SimpleData>
		<SimpleData name="angle">74.7412454350199</SimpleData>
		<SimpleData name="KM">KM 31.0</SimpleData>
		<SimpleData name="Latitude">1.573</SimpleData>
		<SimpleData name="Longitude">103.889</SimpleData>
	</SchemaData></ExtendedData>
      <Point><coordinates>103.889034137317,1.57299487985625,0</coordinates></Point>
  </Placemark>
  <Placemark id="sde_hala_penawar__interpolated_points_sde_hala_penawar.302">
	<name>SDE HALA PENAWAR</name>
	<ExtendedData><SchemaData schemaUrl="#sde_hala_penawar__interpolated_points_sde_hala_penawar">
		<SimpleData name="id">interpolated_points_sde_hala_penawar.302</SimpleData>
		<SimpleData name="tessellate">-1</SimpleData>
		<SimpleData name="extrude">0</SimpleData>
		<SimpleData name="visibility">-1</SimpleData>
		<SimpleData name="fid">1</SimpleData>
		<SimpleData name="tessellate2">1</SimpleData>
		<SimpleData name="extrude2">0</SimpleData>
		<SimpleData name="visibility2">-1</SimpleData>
		<SimpleData name="distance">30100</SimpleData>
		<SimpleData name="angle">74.1889933684888</SimpleData>
		<SimpleData name="KM">KM 31.1</SimpleData>
		<SimpleData name="Latitude">1.573</SimpleData>
		<SimpleData name="Longitude">103.890</SimpleData>
	</SchemaData></ExtendedData>
      <Point><coordinates>103.889900967144,1.57323412183349,0</coordinates></Point>
  </Placemark>
  <Placemark id="sde_hala_penawar__interpolated_points_sde_hala_penawar.303">
	<name>SDE HALA PENAWAR</name>
	<ExtendedData><SchemaData schemaUrl="#sde_hala_penawar__interpolated_points_sde_hala_penawar">
		<SimpleData name="id">interpolated_points_sde_hala_penawar.303</SimpleData>
		<SimpleData name="tessellate">-1</SimpleData>
		<SimpleData name="extrude">0</SimpleData>
		<SimpleData name="visibility">-1</SimpleData>
		<SimpleData name="fid">1</SimpleData>
		<SimpleData name="tessellate2">1</SimpleData>
		<SimpleData name="extrude2">0</SimpleData>
		<SimpleData name="visibility2">-1</SimpleData>
		<SimpleData name="distance">30200</SimpleData>
		<SimpleData name="angle">74.6930821586679</SimpleData>
		<SimpleData name="KM">KM 31.2</SimpleData>
		<SimpleData name="Latitude">1.573</SimpleData>
		<SimpleData name="Longitude">103.891</SimpleData>
	</SchemaData></ExtendedData>
      <Point><coordinates>103.890765749349,1.57348076324411,0</coordinates></Point>
  </Placemark>
  <Placemark id="sde_hala_penawar__interpolated_points_sde_hala_penawar.304">
	<name>SDE HALA PENAWAR</name>
	<ExtendedData><SchemaData schemaUrl="#sde_hala_penawar__interpolated_points_sde_hala_penawar">
		<SimpleData name="id">interpolated_points_sde_hala_penawar.304</SimpleData>
		<SimpleData name="tessellate">-1</SimpleData>
		<SimpleData name="extrude">0</SimpleData>
		<SimpleData name="visibility">-1</SimpleData>
		<SimpleData name="fid">1</SimpleData>
		<SimpleData name="tessellate2">1</SimpleData>
		<SimpleData name="extrude2">0</SimpleData>
		<SimpleData name="visibility2">-1</SimpleData>
		<SimpleData name="distance">30300</SimpleData>
		<SimpleData name="angle">74.6930821586679</SimpleData>
		<SimpleData name="KM">KM 31.3</SimpleData>
		<SimpleData name="Latitude">1.574</SimpleData>
		<SimpleData name="Longitude">103.892</SimpleData>
	</SchemaData></ExtendedData>
      <Point><coordinates>103.891632579361,1.57372001971708,0</coordinates></Point>
  </Placemark>
  <Placemark id="sde_hala_penawar__interpolated_points_sde_hala_penawar.305">
	<name>SDE HALA PENAWAR</name>
	<ExtendedData><SchemaData schemaUrl="#sde_hala_penawar__interpolated_points_sde_hala_penawar">
		<SimpleData name="id">interpolated_points_sde_hala_penawar.305</SimpleData>
		<SimpleData name="tessellate">-1</SimpleData>
		<SimpleData name="extrude">0</SimpleData>
		<SimpleData name="visibility">-1</SimpleData>
		<SimpleData name="fid">1</SimpleData>
		<SimpleData name="tessellate2">1</SimpleData>
		<SimpleData name="extrude2">0</SimpleData>
		<SimpleData name="visibility2">-1</SimpleData>
		<SimpleData name="distance">30400</SimpleData>
		<SimpleData name="angle">75.097497138015</SimpleData>
		<SimpleData name="KM">KM 31.4</SimpleData>
		<SimpleData name="Latitude">1.574</SimpleData>
		<SimpleData name="Longitude">103.892</SimpleData>
	</SchemaData></ExtendedData>
      <Point><coordinates>103.892499939676,1.57395657825536,0</coordinates></Point>
  </Placemark>
  <Placemark id="sde_hala_penawar__interpolated_points_sde_hala_penawar.306">
	<name>SDE HALA PENAWAR</name>
	<ExtendedData><SchemaData schemaUrl="#sde_hala_penawar__interpolated_points_sde_hala_penawar">
		<SimpleData name="id">interpolated_points_sde_hala_penawar.306</SimpleData>
		<SimpleData name="tessellate">-1</SimpleData>
		<SimpleData name="extrude">0</SimpleData>
		<SimpleData name="visibility">-1</SimpleData>
		<SimpleData name="fid">1</SimpleData>
		<SimpleData name="tessellate2">1</SimpleData>
		<SimpleData name="extrude2">0</SimpleData>
		<SimpleData name="visibility2">-1</SimpleData>
		<SimpleData name="distance">30500</SimpleData>
		<SimpleData name="angle">75.329419266909</SimpleData>
		<SimpleData name="KM">KM 31.5</SimpleData>
		<SimpleData name="Latitude">1.574</SimpleData>
		<SimpleData name="Longitude">103.893</SimpleData>
	</SchemaData></ExtendedData>
      <Point><coordinates>103.893369188145,1.57418677557957,0</coordinates></Point>
  </Placemark>
  <Placemark id="sde_hala_penawar__interpolated_points_sde_hala_penawar.307">
	<name>SDE HALA PENAWAR</name>
	<ExtendedData><SchemaData schemaUrl="#sde_hala_penawar__interpolated_points_sde_hala_penawar">
		<SimpleData name="id">interpolated_points_sde_hala_penawar.307</SimpleData>
		<SimpleData name="tessellate">-1</SimpleData>
		<SimpleData name="extrude">0</SimpleData>
		<SimpleData name="visibility">-1</SimpleData>
		<SimpleData name="fid">1</SimpleData>
		<SimpleData name="tessellate2">1</SimpleData>
		<SimpleData name="extrude2">0</SimpleData>
		<SimpleData name="visibility2">-1</SimpleData>
		<SimpleData name="distance">30600</SimpleData>
		<SimpleData name="angle">78.8221654249394</SimpleData>
		<SimpleData name="KM">KM 31.6</SimpleData>
		<SimpleData name="Latitude">1.574</SimpleData>
		<SimpleData name="Longitude">103.894</SimpleData>
	</SchemaData></ExtendedData>
      <Point><coordinates>103.894238784458,1.57441554939442,0</coordinates></Point>
  </Placemark>
  <Placemark id="sde_hala_penawar__interpolated_points_sde_hala_penawar.308">
	<name>SDE HALA PENAWAR</name>
	<ExtendedData><SchemaData schemaUrl="#sde_hala_penawar__interpolated_points_sde_hala_penawar">
		<SimpleData name="id">interpolated_points_sde_hala_penawar.308</SimpleData>
		<SimpleData name="tessellate">-1</SimpleData>
		<SimpleData name="extrude">0</SimpleData>
		<SimpleData name="visibility">-1</SimpleData>
		<SimpleData name="fid">1</SimpleData>
		<SimpleData name="tessellate2">1</SimpleData>
		<SimpleData name="extrude2">0</SimpleData>
		<SimpleData name="visibility2">-1</SimpleData>
		<SimpleData name="distance">30700</SimpleData>
		<SimpleData name="angle">80.8478130766186</SimpleData>
		<SimpleData name="KM">KM 31.7</SimpleData>
		<SimpleData name="Latitude">1.575</SimpleData>
		<SimpleData name="Longitude">103.895</SimpleData>
	</SchemaData></ExtendedData>
      <Point><coordinates>103.895124015533,1.57457161497593,0</coordinates></Point>
  </Placemark>
  <Placemark id="sde_hala_penawar__interpolated_points_sde_hala_penawar.309">
	<name>SDE HALA PENAWAR</name>
	<ExtendedData><SchemaData schemaUrl="#sde_hala_penawar__interpolated_points_sde_hala_penawar">
		<SimpleData name="id">interpolated_points_sde_hala_penawar.309</SimpleData>
		<SimpleData name="tessellate">-1</SimpleData>
		<SimpleData name="extrude">0</SimpleData>
		<SimpleData name="visibility">-1</SimpleData>
		<SimpleData name="fid">1</SimpleData>
		<SimpleData name="tessellate2">1</SimpleData>
		<SimpleData name="extrude2">0</SimpleData>
		<SimpleData name="visibility2">-1</SimpleData>
		<SimpleData name="distance">30800</SimpleData>
		<SimpleData name="angle">85.1983232107538</SimpleData>
		<SimpleData name="KM">KM 31.8</SimpleData>
		<SimpleData name="Latitude">1.575</SimpleData>
		<SimpleData name="Longitude">103.896</SimpleData>
	</SchemaData></ExtendedData>
      <Point><coordinates>103.896017591272,1.57466797969433,0</coordinates></Point>
  </Placemark>
  <Placemark id="sde_hala_penawar__interpolated_points_sde_hala_penawar.310">
	<name>SDE HALA PENAWAR</name>
	<ExtendedData><SchemaData schemaUrl="#sde_hala_penawar__interpolated_points_sde_hala_penawar">
		<SimpleData name="id">interpolated_points_sde_hala_penawar.310</SimpleData>
		<SimpleData name="tessellate">-1</SimpleData>
		<SimpleData name="extrude">0</SimpleData>
		<SimpleData name="visibility">-1</SimpleData>
		<SimpleData name="fid">1</SimpleData>
		<SimpleData name="tessellate2">1</SimpleData>
		<SimpleData name="extrude2">0</SimpleData>
		<SimpleData name="visibility2">-1</SimpleData>
		<SimpleData name="distance">30900</SimpleData>
		<SimpleData name="angle">88.3577179628735</SimpleData>
		<SimpleData name="KM">KM 31.9</SimpleData>
		<SimpleData name="Latitude">1.575</SimpleData>
		<SimpleData name="Longitude">103.897</SimpleData>
	</SchemaData></ExtendedData>
      <Point><coordinates>103.896914723422,1.57471792098731,0</coordinates></Point>
  </Placemark>
  <Placemark id="sde_hala_penawar__interpolated_points_sde_hala_penawar.311">
	<name>SDE HALA PENAWAR</name>
	<ExtendedData><SchemaData schemaUrl="#sde_hala_penawar__interpolated_points_sde_hala_penawar">
		<SimpleData name="id">interpolated_points_sde_hala_penawar.311</SimpleData>
		<SimpleData name="tessellate">-1</SimpleData>
		<SimpleData name="extrude">0</SimpleData>
		<SimpleData name="visibility">-1</SimpleData>
		<SimpleData name="fid">1</SimpleData>
		<SimpleData name="tessellate2">1</SimpleData>
		<SimpleData name="extrude2">0</SimpleData>
		<SimpleData name="visibility2">-1</SimpleData>
		<SimpleData name="distance">31000</SimpleData>
		<SimpleData name="angle">88.3577179628735</SimpleData>
		<SimpleData name="KM">KM 32.0</SimpleData>
		<SimpleData name="Latitude">1.575</SimpleData>
		<SimpleData name="Longitude">103.898</SimpleData>
	</SchemaData></ExtendedData>
      <Point><coordinates>103.897813185003,1.5747443231734,0</coordinates></Point>
  </Placemark>
  <Placemark id="sde_hala_penawar__interpolated_points_sde_hala_penawar.312">
	<name>SDE HALA PENAWAR</name>
	<ExtendedData><SchemaData schemaUrl="#sde_hala_penawar__interpolated_points_sde_hala_penawar">
		<SimpleData name="id">interpolated_points_sde_hala_penawar.312</SimpleData>
		<SimpleData name="tessellate">-1</SimpleData>
		<SimpleData name="extrude">0</SimpleData>
		<SimpleData name="visibility">-1</SimpleData>
		<SimpleData name="fid">1</SimpleData>
		<SimpleData name="tessellate2">1</SimpleData>
		<SimpleData name="extrude2">0</SimpleData>
		<SimpleData name="visibility2">-1</SimpleData>
		<SimpleData name="distance">31100</SimpleData>
		<SimpleData name="angle">88.3577179628735</SimpleData>
		<SimpleData name="KM">KM 32.1</SimpleData>
		<SimpleData name="Latitude">1.575</SimpleData>
		<SimpleData name="Longitude">103.899</SimpleData>
	</SchemaData></ExtendedData>
      <Point><coordinates>103.89871164688,1.57477072498572,0</coordinates></Point>
  </Placemark>
  <Placemark id="sde_hala_penawar__interpolated_points_sde_hala_penawar.313">
	<name>SDE HALA PENAWAR</name>
	<ExtendedData><SchemaData schemaUrl="#sde_hala_penawar__interpolated_points_sde_hala_penawar">
		<SimpleData name="id">interpolated_points_sde_hala_penawar.313</SimpleData>
		<SimpleData name="tessellate">-1</SimpleData>
		<SimpleData name="extrude">0</SimpleData>
		<SimpleData name="visibility">-1</SimpleData>
		<SimpleData name="fid">1</SimpleData>
		<SimpleData name="tessellate2">1</SimpleData>
		<SimpleData name="extrude2">0</SimpleData>
		<SimpleData name="visibility2">-1</SimpleData>
		<SimpleData name="distance">31200</SimpleData>
		<SimpleData name="angle">88.3577179628735</SimpleData>
		<SimpleData name="KM">KM 32.2</SimpleData>
		<SimpleData name="Latitude">1.575</SimpleData>
		<SimpleData name="Longitude">103.900</SimpleData>
	</SchemaData></ExtendedData>
      <Point><coordinates>103.899610109051,1.57479712642426,0</coordinates></Point>
  </Placemark>
  <Placemark id="sde_hala_penawar__interpolated_points_sde_hala_penawar.314">
	<name>SDE HALA PENAWAR</name>
	<ExtendedData><SchemaData schemaUrl="#sde_hala_penawar__interpolated_points_sde_hala_penawar">
		<SimpleData name="id">interpolated_points_sde_hala_penawar.314</SimpleData>
		<SimpleData name="tessellate">-1</SimpleData>
		<SimpleData name="extrude">0</SimpleData>
		<SimpleData name="visibility">-1</SimpleData>
		<SimpleData name="fid">1</SimpleData>
		<SimpleData name="tessellate2">1</SimpleData>
		<SimpleData name="extrude2">0</SimpleData>
		<SimpleData name="visibility2">-1</SimpleData>
		<SimpleData name="distance">31300</SimpleData>
		<SimpleData name="angle">88.3577179628735</SimpleData>
		<SimpleData name="KM">KM 32.3</SimpleData>
		<SimpleData name="Latitude">1.575</SimpleData>
		<SimpleData name="Longitude">103.901</SimpleData>
	</SchemaData></ExtendedData>
      <Point><coordinates>103.900508571517,1.57482352748899,0</coordinates></Point>
  </Placemark>
  <Placemark id="sde_hala_penawar__interpolated_points_sde_hala_penawar.315">
	<name>SDE HALA PENAWAR</name>
	<ExtendedData><SchemaData schemaUrl="#sde_hala_penawar__interpolated_points_sde_hala_penawar">
		<SimpleData name="id">interpolated_points_sde_hala_penawar.315</SimpleData>
		<SimpleData name="tessellate">-1</SimpleData>
		<SimpleData name="extrude">0</SimpleData>
		<SimpleData name="visibility">-1</SimpleData>
		<SimpleData name="fid">1</SimpleData>
		<SimpleData name="tessellate2">1</SimpleData>
		<SimpleData name="extrude2">0</SimpleData>
		<SimpleData name="visibility2">-1</SimpleData>
		<SimpleData name="distance">31400</SimpleData>
		<SimpleData name="angle">86.0312943624926</SimpleData>
		<SimpleData name="KM">KM 32.4</SimpleData>
		<SimpleData name="Latitude">1.575</SimpleData>
		<SimpleData name="Longitude">103.901</SimpleData>
	</SchemaData></ExtendedData>
      <Point><coordinates>103.901406833678,1.57485344558766,0</coordinates></Point>
  </Placemark>
  <Placemark id="sde_hala_penawar__interpolated_points_sde_hala_penawar.316">
	<name>SDE HALA PENAWAR</name>
	<ExtendedData><SchemaData schemaUrl="#sde_hala_penawar__interpolated_points_sde_hala_penawar">
		<SimpleData name="id">interpolated_points_sde_hala_penawar.316</SimpleData>
		<SimpleData name="tessellate">-1</SimpleData>
		<SimpleData name="extrude">0</SimpleData>
		<SimpleData name="visibility">-1</SimpleData>
		<SimpleData name="fid">1</SimpleData>
		<SimpleData name="tessellate2">1</SimpleData>
		<SimpleData name="extrude2">0</SimpleData>
		<SimpleData name="visibility2">-1</SimpleData>
		<SimpleData name="distance">31500</SimpleData>
		<SimpleData name="angle">90.0986022505401</SimpleData>
		<SimpleData name="KM">KM 32.5</SimpleData>
		<SimpleData name="Latitude">1.575</SimpleData>
		<SimpleData name="Longitude">103.902</SimpleData>
	</SchemaData></ExtendedData>
      <Point><coordinates>103.902305237163,1.57487049855484,0</coordinates></Point>
  </Placemark>
  <Placemark id="sde_hala_penawar__interpolated_points_sde_hala_penawar.317">
	<name>SDE HALA PENAWAR</name>
	<ExtendedData><SchemaData schemaUrl="#sde_hala_penawar__interpolated_points_sde_hala_penawar">
		<SimpleData name="id">interpolated_points_sde_hala_penawar.317</SimpleData>
		<SimpleData name="tessellate">-1</SimpleData>
		<SimpleData name="extrude">0</SimpleData>
		<SimpleData name="visibility">-1</SimpleData>
		<SimpleData name="fid">1</SimpleData>
		<SimpleData name="tessellate2">1</SimpleData>
		<SimpleData name="extrude2">0</SimpleData>
		<SimpleData name="visibility2">-1</SimpleData>
		<SimpleData name="distance">31600</SimpleData>
		<SimpleData name="angle">92.0096698381181</SimpleData>
		<SimpleData name="KM">KM 32.6</SimpleData>
		<SimpleData name="Latitude">1.575</SimpleData>
		<SimpleData name="Longitude">103.903</SimpleData>
	</SchemaData></ExtendedData>
      <Point><coordinates>103.90320379422,1.57485317245483,0</coordinates></Point>
  </Placemark>
  <Placemark id="sde_hala_penawar__interpolated_points_sde_hala_penawar.318">
	<name>SDE HALA PENAWAR</name>
	<ExtendedData><SchemaData schemaUrl="#sde_hala_penawar__interpolated_points_sde_hala_penawar">
		<SimpleData name="id">interpolated_points_sde_hala_penawar.318</SimpleData>
		<SimpleData name="tessellate">-1</SimpleData>
		<SimpleData name="extrude">0</SimpleData>
		<SimpleData name="visibility">-1</SimpleData>
		<SimpleData name="fid">1</SimpleData>
		<SimpleData name="tessellate2">1</SimpleData>
		<SimpleData name="extrude2">0</SimpleData>
		<SimpleData name="visibility2">-1</SimpleData>
		<SimpleData name="distance">31700</SimpleData>
		<SimpleData name="angle">97.1105943901151</SimpleData>
		<SimpleData name="KM">KM 32.7</SimpleData>
		<SimpleData name="Latitude">1.575</SimpleData>
		<SimpleData name="Longitude">103.904</SimpleData>
	</SchemaData></ExtendedData>
      <Point><coordinates>103.904100471823,1.57480119109246,0</coordinates></Point>
  </Placemark>
  <Placemark id="sde_hala_penawar__interpolated_points_sde_hala_penawar.319">
	<name>SDE HALA PENAWAR</name>
	<ExtendedData><SchemaData schemaUrl="#sde_hala_penawar__interpolated_points_sde_hala_penawar">
		<SimpleData name="id">interpolated_points_sde_hala_penawar.319</SimpleData>
		<SimpleData name="tessellate">-1</SimpleData>
		<SimpleData name="extrude">0</SimpleData>
		<SimpleData name="visibility">-1</SimpleData>
		<SimpleData name="fid">1</SimpleData>
		<SimpleData name="tessellate2">1</SimpleData>
		<SimpleData name="extrude2">0</SimpleData>
		<SimpleData name="visibility2">-1</SimpleData>
		<SimpleData name="distance">31800</SimpleData>
		<SimpleData name="angle">97.1105943901151</SimpleData>
		<SimpleData name="KM">KM 32.8</SimpleData>
		<SimpleData name="Latitude">1.575</SimpleData>
		<SimpleData name="Longitude">103.905</SimpleData>
	</SchemaData></ExtendedData>
      <Point><coordinates>103.904992463921,1.57468969208193,0</coordinates></Point>
  </Placemark>
  <Placemark id="sde_hala_penawar__interpolated_points_sde_hala_penawar.320">
	<name>SDE HALA PENAWAR</name>
	<ExtendedData><SchemaData schemaUrl="#sde_hala_penawar__interpolated_points_sde_hala_penawar">
		<SimpleData name="id">interpolated_points_sde_hala_penawar.320</SimpleData>
		<SimpleData name="tessellate">-1</SimpleData>
		<SimpleData name="extrude">0</SimpleData>
		<SimpleData name="visibility">-1</SimpleData>
		<SimpleData name="fid">1</SimpleData>
		<SimpleData name="tessellate2">1</SimpleData>
		<SimpleData name="extrude2">0</SimpleData>
		<SimpleData name="visibility2">-1</SimpleData>
		<SimpleData name="distance">31900</SimpleData>
		<SimpleData name="angle">100.332348961174</SimpleData>
		<SimpleData name="KM">KM 32.9</SimpleData>
		<SimpleData name="Latitude">1.575</SimpleData>
		<SimpleData name="Longitude">103.906</SimpleData>
	</SchemaData></ExtendedData>
      <Point><coordinates>103.905878853217,1.57454130737053,0</coordinates></Point>
  </Placemark>
  <Placemark id="sde_hala_penawar__interpolated_points_sde_hala_penawar.321">
	<name>SDE HALA PENAWAR</name>
	<ExtendedData><SchemaData schemaUrl="#sde_hala_penawar__interpolated_points_sde_hala_penawar">
		<SimpleData name="id">interpolated_points_sde_hala_penawar.321</SimpleData>
		<SimpleData name="tessellate">-1</SimpleData>
		<SimpleData name="extrude">0</SimpleData>
		<SimpleData name="visibility">-1</SimpleData>
		<SimpleData name="fid">1</SimpleData>
		<SimpleData name="tessellate2">1</SimpleData>
		<SimpleData name="extrude2">0</SimpleData>
		<SimpleData name="visibility2">-1</SimpleData>
		<SimpleData name="distance">32000</SimpleData>
		<SimpleData name="angle">106.408475204452</SimpleData>
		<SimpleData name="KM">KM 33.0</SimpleData>
		<SimpleData name="Latitude">1.574</SimpleData>
		<SimpleData name="Longitude">103.907</SimpleData>
	</SchemaData></ExtendedData>
      <Point><coordinates>103.906754830557,1.57434603603353,0</coordinates></Point>
  </Placemark>
  <Placemark id="sde_hala_penawar__interpolated_points_sde_hala_penawar.322">
	<name>SDE HALA PENAWAR</name>
	<ExtendedData><SchemaData schemaUrl="#sde_hala_penawar__interpolated_points_sde_hala_penawar">
		<SimpleData name="id">interpolated_points_sde_hala_penawar.322</SimpleData>
		<SimpleData name="tessellate">-1</SimpleData>
		<SimpleData name="extrude">0</SimpleData>
		<SimpleData name="visibility">-1</SimpleData>
		<SimpleData name="fid">1</SimpleData>
		<SimpleData name="tessellate2">1</SimpleData>
		<SimpleData name="extrude2">0</SimpleData>
		<SimpleData name="visibility2">-1</SimpleData>
		<SimpleData name="distance">32100</SimpleData>
		<SimpleData name="angle">106.85345341252</SimpleData>
		<SimpleData name="KM">KM 33.1</SimpleData>
		<SimpleData name="Latitude">1.574</SimpleData>
		<SimpleData name="Longitude">103.908</SimpleData>
	</SchemaData></ExtendedData>
      <Point><coordinates>103.90762058915,1.57410340362749,0</coordinates></Point>
  </Placemark>
  <Placemark id="sde_hala_penawar__interpolated_points_sde_hala_penawar.323">
	<name>SDE HALA PENAWAR</name>
	<ExtendedData><SchemaData schemaUrl="#sde_hala_penawar__interpolated_points_sde_hala_penawar">
		<SimpleData name="id">interpolated_points_sde_hala_penawar.323</SimpleData>
		<SimpleData name="tessellate">-1</SimpleData>
		<SimpleData name="extrude">0</SimpleData>
		<SimpleData name="visibility">-1</SimpleData>
		<SimpleData name="fid">1</SimpleData>
		<SimpleData name="tessellate2">1</SimpleData>
		<SimpleData name="extrude2">0</SimpleData>
		<SimpleData name="visibility2">-1</SimpleData>
		<SimpleData name="distance">32200</SimpleData>
		<SimpleData name="angle">109.556047621037</SimpleData>
		<SimpleData name="KM">KM 33.2</SimpleData>
		<SimpleData name="Latitude">1.574</SimpleData>
		<SimpleData name="Longitude">103.908</SimpleData>
	</SchemaData></ExtendedData>
      <Point><coordinates>103.908474128092,1.57382063908705,0</coordinates></Point>
  </Placemark>
  <Placemark id="sde_hala_penawar__interpolated_points_sde_hala_penawar.324">
	<name>SDE HALA PENAWAR</name>
	<ExtendedData><SchemaData schemaUrl="#sde_hala_penawar__interpolated_points_sde_hala_penawar">
		<SimpleData name="id">interpolated_points_sde_hala_penawar.324</SimpleData>
		<SimpleData name="tessellate">-1</SimpleData>
		<SimpleData name="extrude">0</SimpleData>
		<SimpleData name="visibility">-1</SimpleData>
		<SimpleData name="fid">1</SimpleData>
		<SimpleData name="tessellate2">1</SimpleData>
		<SimpleData name="extrude2">0</SimpleData>
		<SimpleData name="visibility2">-1</SimpleData>
		<SimpleData name="distance">32300</SimpleData>
		<SimpleData name="angle">111.115139540074</SimpleData>
		<SimpleData name="KM">KM 33.3</SimpleData>
		<SimpleData name="Latitude">1.573</SimpleData>
		<SimpleData name="Longitude">103.909</SimpleData>
	</SchemaData></ExtendedData>
      <Point><coordinates>103.909313935704,1.57349832183512,0</coordinates></Point>
  </Placemark>
  <Placemark id="sde_hala_penawar__interpolated_points_sde_hala_penawar.325">
	<name>SDE HALA PENAWAR</name>
	<ExtendedData><SchemaData schemaUrl="#sde_hala_penawar__interpolated_points_sde_hala_penawar">
		<SimpleData name="id">interpolated_points_sde_hala_penawar.325</SimpleData>
		<SimpleData name="tessellate">-1</SimpleData>
		<SimpleData name="extrude">0</SimpleData>
		<SimpleData name="visibility">-1</SimpleData>
		<SimpleData name="fid">1</SimpleData>
		<SimpleData name="tessellate2">1</SimpleData>
		<SimpleData name="extrude2">0</SimpleData>
		<SimpleData name="visibility2">-1</SimpleData>
		<SimpleData name="distance">32400</SimpleData>
		<SimpleData name="angle">116.192310567443</SimpleData>
		<SimpleData name="KM">KM 33.4</SimpleData>
		<SimpleData name="Latitude">1.573</SimpleData>
		<SimpleData name="Longitude">103.910</SimpleData>
	</SchemaData></ExtendedData>
      <Point><coordinates>103.910133357135,1.57312701622346,0</coordinates></Point>
  </Placemark>
  <Placemark id="sde_hala_penawar__interpolated_points_sde_hala_penawar.326">
	<name>SDE HALA PENAWAR</name>
	<ExtendedData><SchemaData schemaUrl="#sde_hala_penawar__interpolated_points_sde_hala_penawar">
		<SimpleData name="id">interpolated_points_sde_hala_penawar.326</SimpleData>
		<SimpleData name="tessellate">-1</SimpleData>
		<SimpleData name="extrude">0</SimpleData>
		<SimpleData name="visibility">-1</SimpleData>
		<SimpleData name="fid">1</SimpleData>
		<SimpleData name="tessellate2">1</SimpleData>
		<SimpleData name="extrude2">0</SimpleData>
		<SimpleData name="visibility2">-1</SimpleData>
		<SimpleData name="distance">32500</SimpleData>
		<SimpleData name="angle">120.253336825787</SimpleData>
		<SimpleData name="KM">KM 33.5</SimpleData>
		<SimpleData name="Latitude">1.573</SimpleData>
		<SimpleData name="Longitude">103.911</SimpleData>
	</SchemaData></ExtendedData>
      <Point><coordinates>103.910934517097,1.57271779737831,0</coordinates></Point>
  </Placemark>
  <Placemark id="sde_hala_penawar__interpolated_points_sde_hala_penawar.327">
	<name>SDE HALA PENAWAR</name>
	<ExtendedData><SchemaData schemaUrl="#sde_hala_penawar__interpolated_points_sde_hala_penawar">
		<SimpleData name="id">interpolated_points_sde_hala_penawar.327</SimpleData>
		<SimpleData name="tessellate">-1</SimpleData>
		<SimpleData name="extrude">0</SimpleData>
		<SimpleData name="visibility">-1</SimpleData>
		<SimpleData name="fid">1</SimpleData>
		<SimpleData name="tessellate2">1</SimpleData>
		<SimpleData name="extrude2">0</SimpleData>
		<SimpleData name="visibility2">-1</SimpleData>
		<SimpleData name="distance">32600</SimpleData>
		<SimpleData name="angle">120.253336825787</SimpleData>
		<SimpleData name="KM">KM 33.6</SimpleData>
		<SimpleData name="Latitude">1.572</SimpleData>
		<SimpleData name="Longitude">103.912</SimpleData>
	</SchemaData></ExtendedData>
      <Point><coordinates>103.91171118342,1.57226246549458,0</coordinates></Point>
  </Placemark>
  <Placemark id="sde_hala_penawar__interpolated_points_sde_hala_penawar.328">
	<name>SDE HALA PENAWAR</name>
	<ExtendedData><SchemaData schemaUrl="#sde_hala_penawar__interpolated_points_sde_hala_penawar">
		<SimpleData name="id">interpolated_points_sde_hala_penawar.328</SimpleData>
		<SimpleData name="tessellate">-1</SimpleData>
		<SimpleData name="extrude">0</SimpleData>
		<SimpleData name="visibility">-1</SimpleData>
		<SimpleData name="fid">1</SimpleData>
		<SimpleData name="tessellate2">1</SimpleData>
		<SimpleData name="extrude2">0</SimpleData>
		<SimpleData name="visibility2">-1</SimpleData>
		<SimpleData name="distance">32700</SimpleData>
		<SimpleData name="angle">123.677412364461</SimpleData>
		<SimpleData name="KM">KM 33.7</SimpleData>
		<SimpleData name="Latitude">1.572</SimpleData>
		<SimpleData name="Longitude">103.912</SimpleData>
	</SchemaData></ExtendedData>
      <Point><coordinates>103.912472820972,1.57178286879053,0</coordinates></Point>
  </Placemark>
  <Placemark id="sde_hala_penawar__interpolated_points_sde_hala_penawar.329">
	<name>SDE HALA PENAWAR</name>
	<ExtendedData><SchemaData schemaUrl="#sde_hala_penawar__interpolated_points_sde_hala_penawar">
		<SimpleData name="id">interpolated_points_sde_hala_penawar.329</SimpleData>
		<SimpleData name="tessellate">-1</SimpleData>
		<SimpleData name="extrude">0</SimpleData>
		<SimpleData name="visibility">-1</SimpleData>
		<SimpleData name="fid">1</SimpleData>
		<SimpleData name="tessellate2">1</SimpleData>
		<SimpleData name="extrude2">0</SimpleData>
		<SimpleData name="visibility2">-1</SimpleData>
		<SimpleData name="distance">32800</SimpleData>
		<SimpleData name="angle">125.889885222969</SimpleData>
		<SimpleData name="KM">KM 33.8</SimpleData>
		<SimpleData name="Latitude">1.571</SimpleData>
		<SimpleData name="Longitude">103.913</SimpleData>
	</SchemaData></ExtendedData>
      <Point><coordinates>103.913207563578,1.57126206636256,0</coordinates></Point>
  </Placemark>
  <Placemark id="sde_hala_penawar__interpolated_points_sde_hala_penawar.330">
	<name>SDE HALA PENAWAR</name>
	<ExtendedData><SchemaData schemaUrl="#sde_hala_penawar__interpolated_points_sde_hala_penawar">
		<SimpleData name="id">interpolated_points_sde_hala_penawar.330</SimpleData>
		<SimpleData name="tessellate">-1</SimpleData>
		<SimpleData name="extrude">0</SimpleData>
		<SimpleData name="visibility">-1</SimpleData>
		<SimpleData name="fid">1</SimpleData>
		<SimpleData name="tessellate2">1</SimpleData>
		<SimpleData name="extrude2">0</SimpleData>
		<SimpleData name="visibility2">-1</SimpleData>
		<SimpleData name="distance">32900</SimpleData>
		<SimpleData name="angle">129.707893222102</SimpleData>
		<SimpleData name="KM">KM 33.9</SimpleData>
		<SimpleData name="Latitude">1.571</SimpleData>
		<SimpleData name="Longitude">103.914</SimpleData>
	</SchemaData></ExtendedData>
      <Point><coordinates>103.91390718229,1.57069469292885,0</coordinates></Point>
  </Placemark>
  <Placemark id="sde_hala_penawar__interpolated_points_sde_hala_penawar.331">
	<name>SDE HALA PENAWAR</name>
	<ExtendedData><SchemaData schemaUrl="#sde_hala_penawar__interpolated_points_sde_hala_penawar">
		<SimpleData name="id">interpolated_points_sde_hala_penawar.331</SimpleData>
		<SimpleData name="tessellate">-1</SimpleData>
		<SimpleData name="extrude">0</SimpleData>
		<SimpleData name="visibility">-1</SimpleData>
		<SimpleData name="fid">1</SimpleData>
		<SimpleData name="tessellate2">1</SimpleData>
		<SimpleData name="extrude2">0</SimpleData>
		<SimpleData name="visibility2">-1</SimpleData>
		<SimpleData name="distance">33000</SimpleData>
		<SimpleData name="angle">132.933126477914</SimpleData>
		<SimpleData name="KM">KM 34.0</SimpleData>
		<SimpleData name="Latitude">1.570</SimpleData>
		<SimpleData name="Longitude">103.915</SimpleData>
	</SchemaData></ExtendedData>
      <Point><coordinates>103.914588724615,1.57010532876681,0</coordinates></Point>
  </Placemark>
  <Placemark id="sde_hala_penawar__interpolated_points_sde_hala_penawar.332">
	<name>SDE HALA PENAWAR</name>
	<ExtendedData><SchemaData schemaUrl="#sde_hala_penawar__interpolated_points_sde_hala_penawar">
		<SimpleData name="id">interpolated_points_sde_hala_penawar.332</SimpleData>
		<SimpleData name="tessellate">-1</SimpleData>
		<SimpleData name="extrude">0</SimpleData>
		<SimpleData name="visibility">-1</SimpleData>
		<SimpleData name="fid">1</SimpleData>
		<SimpleData name="tessellate2">1</SimpleData>
		<SimpleData name="extrude2">0</SimpleData>
		<SimpleData name="visibility2">-1</SimpleData>
		<SimpleData name="distance">33100</SimpleData>
		<SimpleData name="angle">134.419276893338</SimpleData>
		<SimpleData name="KM">KM 34.1</SimpleData>
		<SimpleData name="Latitude">1.569</SimpleData>
		<SimpleData name="Longitude">103.915</SimpleData>
	</SchemaData></ExtendedData>
      <Point><coordinates>103.915237818028,1.56947970796793,0</coordinates></Point>
  </Placemark>
  <Placemark id="sde_hala_penawar__interpolated_points_sde_hala_penawar.333">
	<name>SDE HALA PENAWAR</name>
	<ExtendedData><SchemaData schemaUrl="#sde_hala_penawar__interpolated_points_sde_hala_penawar">
		<SimpleData name="id">interpolated_points_sde_hala_penawar.333</SimpleData>
		<SimpleData name="tessellate">-1</SimpleData>
		<SimpleData name="extrude">0</SimpleData>
		<SimpleData name="visibility">-1</SimpleData>
		<SimpleData name="fid">1</SimpleData>
		<SimpleData name="tessellate2">1</SimpleData>
		<SimpleData name="extrude2">0</SimpleData>
		<SimpleData name="visibility2">-1</SimpleData>
		<SimpleData name="distance">33200</SimpleData>
		<SimpleData name="angle">139.715174850889</SimpleData>
		<SimpleData name="KM">KM 34.2</SimpleData>
		<SimpleData name="Latitude">1.569</SimpleData>
		<SimpleData name="Longitude">103.916</SimpleData>
	</SchemaData></ExtendedData>
      <Point><coordinates>103.915854170573,1.56882163490737,0</coordinates></Point>
  </Placemark>
  <Placemark id="sde_hala_penawar__interpolated_points_sde_hala_penawar.334">
	<name>SDE HALA PENAWAR</name>
	<ExtendedData><SchemaData schemaUrl="#sde_hala_penawar__interpolated_points_sde_hala_penawar">
		<SimpleData name="id">interpolated_points_sde_hala_penawar.334</SimpleData>
		<SimpleData name="tessellate">-1</SimpleData>
		<SimpleData name="extrude">0</SimpleData>
		<SimpleData name="visibility">-1</SimpleData>
		<SimpleData name="fid">1</SimpleData>
		<SimpleData name="tessellate2">1</SimpleData>
		<SimpleData name="extrude2">0</SimpleData>
		<SimpleData name="visibility2">-1</SimpleData>
		<SimpleData name="distance">33300</SimpleData>
		<SimpleData name="angle">141.699771914479</SimpleData>
		<SimpleData name="KM">KM 34.3</SimpleData>
		<SimpleData name="Latitude">1.568</SimpleData>
		<SimpleData name="Longitude">103.916</SimpleData>
	</SchemaData></ExtendedData>
      <Point><coordinates>103.916430308327,1.56812813780165,0</coordinates></Point>
  </Placemark>
  <Placemark id="sde_hala_penawar__interpolated_points_sde_hala_penawar.335">
	<name>SDE HALA PENAWAR</name>
	<ExtendedData><SchemaData schemaUrl="#sde_hala_penawar__interpolated_points_sde_hala_penawar">
		<SimpleData name="id">interpolated_points_sde_hala_penawar.335</SimpleData>
		<SimpleData name="tessellate">-1</SimpleData>
		<SimpleData name="extrude">0</SimpleData>
		<SimpleData name="visibility">-1</SimpleData>
		<SimpleData name="fid">1</SimpleData>
		<SimpleData name="tessellate2">1</SimpleData>
		<SimpleData name="extrude2">0</SimpleData>
		<SimpleData name="visibility2">-1</SimpleData>
		<SimpleData name="distance">33400</SimpleData>
		<SimpleData name="angle">143.722836117782</SimpleData>
		<SimpleData name="KM">KM 34.4</SimpleData>
		<SimpleData name="Latitude">1.567</SimpleData>
		<SimpleData name="Longitude">103.917</SimpleData>
	</SchemaData></ExtendedData>
      <Point><coordinates>103.916981842441,1.567414009605,0</coordinates></Point>
  </Placemark>
  <Placemark id="sde_hala_penawar__interpolated_points_sde_hala_penawar.336">
	<name>SDE HALA PENAWAR</name>
	<ExtendedData><SchemaData schemaUrl="#sde_hala_penawar__interpolated_points_sde_hala_penawar">
		<SimpleData name="id">interpolated_points_sde_hala_penawar.336</SimpleData>
		<SimpleData name="tessellate">-1</SimpleData>
		<SimpleData name="extrude">0</SimpleData>
		<SimpleData name="visibility">-1</SimpleData>
		<SimpleData name="fid">1</SimpleData>
		<SimpleData name="tessellate2">1</SimpleData>
		<SimpleData name="extrude2">0</SimpleData>
		<SimpleData name="visibility2">-1</SimpleData>
		<SimpleData name="distance">33500</SimpleData>
		<SimpleData name="angle">147.433347298115</SimpleData>
		<SimpleData name="KM">KM 34.5</SimpleData>
		<SimpleData name="Latitude">1.567</SimpleData>
		<SimpleData name="Longitude">103.917</SimpleData>
	</SchemaData></ExtendedData>
      <Point><coordinates>103.917492271364,1.56666968369759,0</coordinates></Point>
  </Placemark>
  <Placemark id="sde_hala_penawar__interpolated_points_sde_hala_penawar.337">
	<name>SDE HALA PENAWAR</name>
	<ExtendedData><SchemaData schemaUrl="#sde_hala_penawar__interpolated_points_sde_hala_penawar">
		<SimpleData name="id">interpolated_points_sde_hala_penawar.337</SimpleData>
		<SimpleData name="tessellate">-1</SimpleData>
		<SimpleData name="extrude">0</SimpleData>
		<SimpleData name="visibility">-1</SimpleData>
		<SimpleData name="fid">1</SimpleData>
		<SimpleData name="tessellate2">1</SimpleData>
		<SimpleData name="extrude2">0</SimpleData>
		<SimpleData name="visibility2">-1</SimpleData>
		<SimpleData name="distance">33600</SimpleData>
		<SimpleData name="angle">149.944303898711</SimpleData>
		<SimpleData name="KM">KM 34.6</SimpleData>
		<SimpleData name="Latitude">1.566</SimpleData>
		<SimpleData name="Longitude">103.918</SimpleData>
	</SchemaData></ExtendedData>
      <Point><coordinates>103.917964760047,1.56590030415869,0</coordinates></Point>
  </Placemark>
  <Placemark id="sde_hala_penawar__interpolated_points_sde_hala_penawar.338">
	<name>SDE HALA PENAWAR</name>
	<ExtendedData><SchemaData schemaUrl="#sde_hala_penawar__interpolated_points_sde_hala_penawar">
		<SimpleData name="id">interpolated_points_sde_hala_penawar.338</SimpleData>
		<SimpleData name="tessellate">-1</SimpleData>
		<SimpleData name="extrude">0</SimpleData>
		<SimpleData name="visibility">-1</SimpleData>
		<SimpleData name="fid">1</SimpleData>
		<SimpleData name="tessellate2">1</SimpleData>
		<SimpleData name="extrude2">0</SimpleData>
		<SimpleData name="visibility2">-1</SimpleData>
		<SimpleData name="distance">33700</SimpleData>
		<SimpleData name="angle">152.992405291858</SimpleData>
		<SimpleData name="KM">KM 34.7</SimpleData>
		<SimpleData name="Latitude">1.565</SimpleData>
		<SimpleData name="Longitude">103.918</SimpleData>
	</SchemaData></ExtendedData>
      <Point><coordinates>103.918390425129,1.56510395494942,0</coordinates></Point>
  </Placemark>
  <Placemark id="sde_hala_penawar__interpolated_points_sde_hala_penawar.339">
	<name>SDE HALA PENAWAR</name>
	<ExtendedData><SchemaData schemaUrl="#sde_hala_penawar__interpolated_points_sde_hala_penawar">
		<SimpleData name="id">interpolated_points_sde_hala_penawar.339</SimpleData>
		<SimpleData name="tessellate">-1</SimpleData>
		<SimpleData name="extrude">0</SimpleData>
		<SimpleData name="visibility">-1</SimpleData>
		<SimpleData name="fid">1</SimpleData>
		<SimpleData name="tessellate2">1</SimpleData>
		<SimpleData name="extrude2">0</SimpleData>
		<SimpleData name="visibility2">-1</SimpleData>
		<SimpleData name="distance">33800</SimpleData>
		<SimpleData name="angle">155.588431510946</SimpleData>
		<SimpleData name="KM">KM 34.8</SimpleData>
		<SimpleData name="Latitude">1.564</SimpleData>
		<SimpleData name="Longitude">103.919</SimpleData>
	</SchemaData></ExtendedData>
      <Point><coordinates>103.918791738759,1.56429472143078,0</coordinates></Point>
  </Placemark>
  <Placemark id="sde_hala_penawar__interpolated_points_sde_hala_penawar.340">
	<name>SDE HALA PENAWAR</name>
	<ExtendedData><SchemaData schemaUrl="#sde_hala_penawar__interpolated_points_sde_hala_penawar">
		<SimpleData name="id">interpolated_points_sde_hala_penawar.340</SimpleData>
		<SimpleData name="tessellate">-1</SimpleData>
		<SimpleData name="extrude">0</SimpleData>
		<SimpleData name="visibility">-1</SimpleData>
		<SimpleData name="fid">1</SimpleData>
		<SimpleData name="tessellate2">1</SimpleData>
		<SimpleData name="extrude2">0</SimpleData>
		<SimpleData name="visibility2">-1</SimpleData>
		<SimpleData name="distance">33900</SimpleData>
		<SimpleData name="angle">160.475180623849</SimpleData>
		<SimpleData name="KM">KM 34.9</SimpleData>
		<SimpleData name="Latitude">1.563</SimpleData>
		<SimpleData name="Longitude">103.919</SimpleData>
	</SchemaData></ExtendedData>
      <Point><coordinates>103.919153393347,1.56346705219002,0</coordinates></Point>
  </Placemark>
  <Placemark id="sde_hala_penawar__interpolated_points_sde_hala_penawar.341">
	<name>SDE HALA PENAWAR</name>
	<ExtendedData><SchemaData schemaUrl="#sde_hala_penawar__interpolated_points_sde_hala_penawar">
		<SimpleData name="id">interpolated_points_sde_hala_penawar.341</SimpleData>
		<SimpleData name="tessellate">-1</SimpleData>
		<SimpleData name="extrude">0</SimpleData>
		<SimpleData name="visibility">-1</SimpleData>
		<SimpleData name="fid">1</SimpleData>
		<SimpleData name="tessellate2">1</SimpleData>
		<SimpleData name="extrude2">0</SimpleData>
		<SimpleData name="visibility2">-1</SimpleData>
		<SimpleData name="distance">34000</SimpleData>
		<SimpleData name="angle">162.253567643736</SimpleData>
		<SimpleData name="KM">KM 35.0</SimpleData>
		<SimpleData name="Latitude">1.563</SimpleData>
		<SimpleData name="Longitude">103.919</SimpleData>
	</SchemaData></ExtendedData>
      <Point><coordinates>103.919451788341,1.5626141084722,0</coordinates></Point>
  </Placemark>
  <Placemark id="sde_hala_penawar__interpolated_points_sde_hala_penawar.342">
	<name>SDE HALA PENAWAR</name>
	<ExtendedData><SchemaData schemaUrl="#sde_hala_penawar__interpolated_points_sde_hala_penawar">
		<SimpleData name="id">interpolated_points_sde_hala_penawar.342</SimpleData>
		<SimpleData name="tessellate">-1</SimpleData>
		<SimpleData name="extrude">0</SimpleData>
		<SimpleData name="visibility">-1</SimpleData>
		<SimpleData name="fid">1</SimpleData>
		<SimpleData name="tessellate2">1</SimpleData>
		<SimpleData name="extrude2">0</SimpleData>
		<SimpleData name="visibility2">-1</SimpleData>
		<SimpleData name="distance">34100</SimpleData>
		<SimpleData name="angle">162.253567643736</SimpleData>
		<SimpleData name="KM">KM 35.1</SimpleData>
		<SimpleData name="Latitude">1.562</SimpleData>
		<SimpleData name="Longitude">103.920</SimpleData>
	</SchemaData></ExtendedData>
      <Point><coordinates>103.919726201152,1.56175273134948,0</coordinates></Point>
  </Placemark>
  <Placemark id="sde_hala_penawar__interpolated_points_sde_hala_penawar.343">
	<name>SDE HALA PENAWAR</name>
	<ExtendedData><SchemaData schemaUrl="#sde_hala_penawar__interpolated_points_sde_hala_penawar">
		<SimpleData name="id">interpolated_points_sde_hala_penawar.343</SimpleData>
		<SimpleData name="tessellate">-1</SimpleData>
		<SimpleData name="extrude">0</SimpleData>
		<SimpleData name="visibility">-1</SimpleData>
		<SimpleData name="fid">1</SimpleData>
		<SimpleData name="tessellate2">1</SimpleData>
		<SimpleData name="extrude2">0</SimpleData>
		<SimpleData name="visibility2">-1</SimpleData>
		<SimpleData name="distance">34200</SimpleData>
		<SimpleData name="angle">167.369981105085</SimpleData>
		<SimpleData name="KM">KM 35.2</SimpleData>
		<SimpleData name="Latitude">1.561</SimpleData>
		<SimpleData name="Longitude">103.920</SimpleData>
	</SchemaData></ExtendedData>
      <Point><coordinates>103.919949597568,1.56087682432431,0</coordinates></Point>
  </Placemark>
  <Placemark id="sde_hala_penawar__interpolated_points_sde_hala_penawar.344">
	<name>SDE HALA PENAWAR</name>
	<ExtendedData><SchemaData schemaUrl="#sde_hala_penawar__interpolated_points_sde_hala_penawar">
		<SimpleData name="id">interpolated_points_sde_hala_penawar.344</SimpleData>
		<SimpleData name="tessellate">-1</SimpleData>
		<SimpleData name="extrude">0</SimpleData>
		<SimpleData name="visibility">-1</SimpleData>
		<SimpleData name="fid">1</SimpleData>
		<SimpleData name="tessellate2">1</SimpleData>
		<SimpleData name="extrude2">0</SimpleData>
		<SimpleData name="visibility2">-1</SimpleData>
		<SimpleData name="distance">34300</SimpleData>
		<SimpleData name="angle">167.369981105085</SimpleData>
		<SimpleData name="KM">KM 35.3</SimpleData>
		<SimpleData name="Latitude">1.560</SimpleData>
		<SimpleData name="Longitude">103.920</SimpleData>
	</SchemaData></ExtendedData>
      <Point><coordinates>103.920146584371,1.55999425131987,0</coordinates></Point>
  </Placemark>
  <Placemark id="sde_hala_penawar__interpolated_points_sde_hala_penawar.345">
	<name>SDE HALA PENAWAR</name>
	<ExtendedData><SchemaData schemaUrl="#sde_hala_penawar__interpolated_points_sde_hala_penawar">
		<SimpleData name="id">interpolated_points_sde_hala_penawar.345</SimpleData>
		<SimpleData name="tessellate">-1</SimpleData>
		<SimpleData name="extrude">0</SimpleData>
		<SimpleData name="visibility">-1</SimpleData>
		<SimpleData name="fid">1</SimpleData>
		<SimpleData name="tessellate2">1</SimpleData>
		<SimpleData name="extrude2">0</SimpleData>
		<SimpleData name="visibility2">-1</SimpleData>
		<SimpleData name="distance">34400</SimpleData>
		<SimpleData name="angle">167.383621336407</SimpleData>
		<SimpleData name="KM">KM 35.4</SimpleData>
		<SimpleData name="Latitude">1.559</SimpleData>
		<SimpleData name="Longitude">103.920</SimpleData>
	</SchemaData></ExtendedData>
      <Point><coordinates>103.920343557444,1.55911167516437,0</coordinates></Point>
  </Placemark>
  <Placemark id="sde_hala_penawar__interpolated_points_sde_hala_penawar.346">
	<name>SDE HALA PENAWAR</name>
	<ExtendedData><SchemaData schemaUrl="#sde_hala_penawar__interpolated_points_sde_hala_penawar">
		<SimpleData name="id">interpolated_points_sde_hala_penawar.346</SimpleData>
		<SimpleData name="tessellate">-1</SimpleData>
		<SimpleData name="extrude">0</SimpleData>
		<SimpleData name="visibility">-1</SimpleData>
		<SimpleData name="fid">1</SimpleData>
		<SimpleData name="tessellate2">1</SimpleData>
		<SimpleData name="extrude2">0</SimpleData>
		<SimpleData name="visibility2">-1</SimpleData>
		<SimpleData name="distance">34500</SimpleData>
		<SimpleData name="angle">167.383621336407</SimpleData>
		<SimpleData name="KM">KM 35.5</SimpleData>
		<SimpleData name="Latitude">1.558</SimpleData>
		<SimpleData name="Longitude">103.921</SimpleData>
	</SchemaData></ExtendedData>
      <Point><coordinates>103.920540334646,1.55822905470894,0</coordinates></Point>
  </Placemark>
  <Placemark id="sde_hala_penawar__interpolated_points_sde_hala_penawar.347">
	<name>SDE HALA PENAWAR</name>
	<ExtendedData><SchemaData schemaUrl="#sde_hala_penawar__interpolated_points_sde_hala_penawar">
		<SimpleData name="id">interpolated_points_sde_hala_penawar.347</SimpleData>
		<SimpleData name="tessellate">-1</SimpleData>
		<SimpleData name="extrude">0</SimpleData>
		<SimpleData name="visibility">-1</SimpleData>
		<SimpleData name="fid">1</SimpleData>
		<SimpleData name="tessellate2">1</SimpleData>
		<SimpleData name="extrude2">0</SimpleData>
		<SimpleData name="visibility2">-1</SimpleData>
		<SimpleData name="distance">34600</SimpleData>
		<SimpleData name="angle">167.383621336407</SimpleData>
		<SimpleData name="KM">KM 35.6</SimpleData>
		<SimpleData name="Latitude">1.557</SimpleData>
		<SimpleData name="Longitude">103.921</SimpleData>
	</SchemaData></ExtendedData>
      <Point><coordinates>103.920737111442,1.55734643411281,0</coordinates></Point>
  </Placemark>
  <Placemark id="sde_hala_penawar__interpolated_points_sde_hala_penawar.348">
	<name>SDE HALA PENAWAR</name>
	<ExtendedData><SchemaData schemaUrl="#sde_hala_penawar__interpolated_points_sde_hala_penawar">
		<SimpleData name="id">interpolated_points_sde_hala_penawar.348</SimpleData>
		<SimpleData name="tessellate">-1</SimpleData>
		<SimpleData name="extrude">0</SimpleData>
		<SimpleData name="visibility">-1</SimpleData>
		<SimpleData name="fid">1</SimpleData>
		<SimpleData name="tessellate2">1</SimpleData>
		<SimpleData name="extrude2">0</SimpleData>
		<SimpleData name="visibility2">-1</SimpleData>
		<SimpleData name="distance">34700</SimpleData>
		<SimpleData name="angle">167.383621336407</SimpleData>
		<SimpleData name="KM">KM 35.7</SimpleData>
		<SimpleData name="Latitude">1.556</SimpleData>
		<SimpleData name="Longitude">103.921</SimpleData>
	</SchemaData></ExtendedData>
      <Point><coordinates>103.920933887833,1.55646381337601,0</coordinates></Point>
  </Placemark>
  <Placemark id="sde_hala_penawar__interpolated_points_sde_hala_penawar.349">
	<name>SDE HALA PENAWAR</name>
	<ExtendedData><SchemaData schemaUrl="#sde_hala_penawar__interpolated_points_sde_hala_penawar">
		<SimpleData name="id">interpolated_points_sde_hala_penawar.349</SimpleData>
		<SimpleData name="tessellate">-1</SimpleData>
		<SimpleData name="extrude">0</SimpleData>
		<SimpleData name="visibility">-1</SimpleData>
		<SimpleData name="fid">1</SimpleData>
		<SimpleData name="tessellate2">1</SimpleData>
		<SimpleData name="extrude2">0</SimpleData>
		<SimpleData name="visibility2">-1</SimpleData>
		<SimpleData name="distance">34800</SimpleData>
		<SimpleData name="angle">167.121596020669</SimpleData>
		<SimpleData name="KM">KM 35.8</SimpleData>
		<SimpleData name="Latitude">1.556</SimpleData>
		<SimpleData name="Longitude">103.921</SimpleData>
	</SchemaData></ExtendedData>
      <Point><coordinates>103.921129915267,1.5555810242682,0</coordinates></Point>
  </Placemark>
  <Placemark id="sde_hala_penawar__interpolated_points_sde_hala_penawar.350">
	<name>SDE HALA PENAWAR</name>
	<ExtendedData><SchemaData schemaUrl="#sde_hala_penawar__interpolated_points_sde_hala_penawar">
		<SimpleData name="id">interpolated_points_sde_hala_penawar.350</SimpleData>
		<SimpleData name="tessellate">-1</SimpleData>
		<SimpleData name="extrude">0</SimpleData>
		<SimpleData name="visibility">-1</SimpleData>
		<SimpleData name="fid">1</SimpleData>
		<SimpleData name="tessellate2">1</SimpleData>
		<SimpleData name="extrude2">0</SimpleData>
		<SimpleData name="visibility2">-1</SimpleData>
		<SimpleData name="distance">34900</SimpleData>
		<SimpleData name="angle">164.204527682086</SimpleData>
		<SimpleData name="KM">KM 35.9</SimpleData>
		<SimpleData name="Latitude">1.555</SimpleData>
		<SimpleData name="Longitude">103.921</SimpleData>
	</SchemaData></ExtendedData>
      <Point><coordinates>103.921344861595,1.55470286223031,0</coordinates></Point>
  </Placemark>
  <Placemark id="sde_hala_penawar__interpolated_points_sde_hala_penawar.351">
	<name>SDE HALA PENAWAR</name>
	<ExtendedData><SchemaData schemaUrl="#sde_hala_penawar__interpolated_points_sde_hala_penawar">
		<SimpleData name="id">interpolated_points_sde_hala_penawar.351</SimpleData>
		<SimpleData name="tessellate">-1</SimpleData>
		<SimpleData name="extrude">0</SimpleData>
		<SimpleData name="visibility">-1</SimpleData>
		<SimpleData name="fid">1</SimpleData>
		<SimpleData name="tessellate2">1</SimpleData>
		<SimpleData name="extrude2">0</SimpleData>
		<SimpleData name="visibility2">-1</SimpleData>
		<SimpleData name="distance">35000</SimpleData>
		<SimpleData name="angle">155.588059219529</SimpleData>
		<SimpleData name="KM">KM 36.0</SimpleData>
		<SimpleData name="Latitude">1.554</SimpleData>
		<SimpleData name="Longitude">103.922</SimpleData>
	</SchemaData></ExtendedData>
      <Point><coordinates>103.921630089962,1.55384694367844,0</coordinates></Point>
  </Placemark>
  <Placemark id="sde_hala_penawar__interpolated_points_sde_hala_penawar.352">
	<name>SDE HALA PENAWAR</name>
	<ExtendedData><SchemaData schemaUrl="#sde_hala_penawar__interpolated_points_sde_hala_penawar">
		<SimpleData name="id">interpolated_points_sde_hala_penawar.352</SimpleData>
		<SimpleData name="tessellate">-1</SimpleData>
		<SimpleData name="extrude">0</SimpleData>
		<SimpleData name="visibility">-1</SimpleData>
		<SimpleData name="fid">1</SimpleData>
		<SimpleData name="tessellate2">1</SimpleData>
		<SimpleData name="extrude2">0</SimpleData>
		<SimpleData name="visibility2">-1</SimpleData>
		<SimpleData name="distance">35100</SimpleData>
		<SimpleData name="angle">152.601637536748</SimpleData>
		<SimpleData name="KM">KM 36.1</SimpleData>
		<SimpleData name="Latitude">1.553</SimpleData>
		<SimpleData name="Longitude">103.922</SimpleData>
	</SchemaData></ExtendedData>
      <Point><coordinates>103.922020020991,1.55303206066299,0</coordinates></Point>
  </Placemark>
  <Placemark id="sde_hala_penawar__interpolated_points_sde_hala_penawar.353">
	<name>SDE HALA PENAWAR</name>
	<ExtendedData><SchemaData schemaUrl="#sde_hala_penawar__interpolated_points_sde_hala_penawar">
		<SimpleData name="id">interpolated_points_sde_hala_penawar.353</SimpleData>
		<SimpleData name="tessellate">-1</SimpleData>
		<SimpleData name="extrude">0</SimpleData>
		<SimpleData name="visibility">-1</SimpleData>
		<SimpleData name="fid">1</SimpleData>
		<SimpleData name="tessellate2">1</SimpleData>
		<SimpleData name="extrude2">0</SimpleData>
		<SimpleData name="visibility2">-1</SimpleData>
		<SimpleData name="distance">35200</SimpleData>
		<SimpleData name="angle">144.59186854109</SimpleData>
		<SimpleData name="KM">KM 36.2</SimpleData>
		<SimpleData name="Latitude">1.552</SimpleData>
		<SimpleData name="Longitude">103.922</SimpleData>
	</SchemaData></ExtendedData>
      <Point><coordinates>103.922474901353,1.55225304859564,0</coordinates></Point>
  </Placemark>
  <Placemark id="sde_hala_penawar__interpolated_points_sde_hala_penawar.354">
	<name>SDE HALA PENAWAR</name>
	<ExtendedData><SchemaData schemaUrl="#sde_hala_penawar__interpolated_points_sde_hala_penawar">
		<SimpleData name="id">interpolated_points_sde_hala_penawar.354</SimpleData>
		<SimpleData name="tessellate">-1</SimpleData>
		<SimpleData name="extrude">0</SimpleData>
		<SimpleData name="visibility">-1</SimpleData>
		<SimpleData name="fid">1</SimpleData>
		<SimpleData name="tessellate2">1</SimpleData>
		<SimpleData name="extrude2">0</SimpleData>
		<SimpleData name="visibility2">-1</SimpleData>
		<SimpleData name="distance">35300</SimpleData>
		<SimpleData name="angle">139.900311758699</SimpleData>
		<SimpleData name="KM">KM 36.3</SimpleData>
		<SimpleData name="Latitude">1.552</SimpleData>
		<SimpleData name="Longitude">103.923</SimpleData>
	</SchemaData></ExtendedData>
      <Point><coordinates>103.92300938517,1.55152644839881,0</coordinates></Point>
  </Placemark>
  <Placemark id="sde_hala_penawar__interpolated_points_sde_hala_penawar.355">
	<name>SDE HALA PENAWAR</name>
	<ExtendedData><SchemaData schemaUrl="#sde_hala_penawar__interpolated_points_sde_hala_penawar">
		<SimpleData name="id">interpolated_points_sde_hala_penawar.355</SimpleData>
		<SimpleData name="tessellate">-1</SimpleData>
		<SimpleData name="extrude">0</SimpleData>
		<SimpleData name="visibility">-1</SimpleData>
		<SimpleData name="fid">1</SimpleData>
		<SimpleData name="tessellate2">1</SimpleData>
		<SimpleData name="extrude2">0</SimpleData>
		<SimpleData name="visibility2">-1</SimpleData>
		<SimpleData name="distance">35400</SimpleData>
		<SimpleData name="angle">139.900311758699</SimpleData>
		<SimpleData name="KM">KM 36.4</SimpleData>
		<SimpleData name="Latitude">1.551</SimpleData>
		<SimpleData name="Longitude">103.924</SimpleData>
	</SchemaData></ExtendedData>
      <Point><coordinates>103.923588696721,1.55083482137285,0</coordinates></Point>
  </Placemark>
  <Placemark id="sde_hala_penawar__interpolated_points_sde_hala_penawar.356">
	<name>SDE HALA PENAWAR</name>
	<ExtendedData><SchemaData schemaUrl="#sde_hala_penawar__interpolated_points_sde_hala_penawar">
		<SimpleData name="id">interpolated_points_sde_hala_penawar.356</SimpleData>
		<SimpleData name="tessellate">-1</SimpleData>
		<SimpleData name="extrude">0</SimpleData>
		<SimpleData name="visibility">-1</SimpleData>
		<SimpleData name="fid">1</SimpleData>
		<SimpleData name="tessellate2">1</SimpleData>
		<SimpleData name="extrude2">0</SimpleData>
		<SimpleData name="visibility2">-1</SimpleData>
		<SimpleData name="distance">35500</SimpleData>
		<SimpleData name="angle">139.748962072271</SimpleData>
		<SimpleData name="KM">KM 36.5</SimpleData>
		<SimpleData name="Latitude">1.550</SimpleData>
		<SimpleData name="Longitude">103.924</SimpleData>
	</SchemaData></ExtendedData>
      <Point><coordinates>103.924164943606,1.5501410046011,0</coordinates></Point>
  </Placemark>
  <Placemark id="sde_hala_penawar__interpolated_points_sde_hala_penawar.357">
	<name>SDE HALA PENAWAR</name>
	<ExtendedData><SchemaData schemaUrl="#sde_hala_penawar__interpolated_points_sde_hala_penawar">
		<SimpleData name="id">interpolated_points_sde_hala_penawar.357</SimpleData>
		<SimpleData name="tessellate">-1</SimpleData>
		<SimpleData name="extrude">0</SimpleData>
		<SimpleData name="visibility">-1</SimpleData>
		<SimpleData name="fid">1</SimpleData>
		<SimpleData name="tessellate2">1</SimpleData>
		<SimpleData name="extrude2">0</SimpleData>
		<SimpleData name="visibility2">-1</SimpleData>
		<SimpleData name="distance">35600</SimpleData>
		<SimpleData name="angle">138.741802548802</SimpleData>
		<SimpleData name="KM">KM 36.6</SimpleData>
		<SimpleData name="Latitude">1.549</SimpleData>
		<SimpleData name="Longitude">103.925</SimpleData>
	</SchemaData></ExtendedData>
      <Point><coordinates>103.924752986189,1.549456925591,0</coordinates></Point>
  </Placemark>
  <Placemark id="sde_hala_penawar__interpolated_points_sde_hala_penawar.358">
	<name>SDE HALA PENAWAR</name>
	<ExtendedData><SchemaData schemaUrl="#sde_hala_penawar__interpolated_points_sde_hala_penawar">
		<SimpleData name="id">interpolated_points_sde_hala_penawar.358</SimpleData>
		<SimpleData name="tessellate">-1</SimpleData>
		<SimpleData name="extrude">0</SimpleData>
		<SimpleData name="visibility">-1</SimpleData>
		<SimpleData name="fid">1</SimpleData>
		<SimpleData name="tessellate2">1</SimpleData>
		<SimpleData name="extrude2">0</SimpleData>
		<SimpleData name="visibility2">-1</SimpleData>
		<SimpleData name="distance">35700</SimpleData>
		<SimpleData name="angle">139.659728769752</SimpleData>
		<SimpleData name="KM">KM 36.7</SimpleData>
		<SimpleData name="Latitude">1.549</SimpleData>
		<SimpleData name="Longitude">103.925</SimpleData>
	</SchemaData></ExtendedData>
      <Point><coordinates>103.925342085189,1.54877375820458,0</coordinates></Point>
  </Placemark>
  <Placemark id="sde_hala_penawar__interpolated_points_sde_hala_penawar.359">
	<name>SDE HALA PENAWAR</name>
	<ExtendedData><SchemaData schemaUrl="#sde_hala_penawar__interpolated_points_sde_hala_penawar">
		<SimpleData name="id">interpolated_points_sde_hala_penawar.359</SimpleData>
		<SimpleData name="tessellate">-1</SimpleData>
		<SimpleData name="extrude">0</SimpleData>
		<SimpleData name="visibility">-1</SimpleData>
		<SimpleData name="fid">1</SimpleData>
		<SimpleData name="tessellate2">1</SimpleData>
		<SimpleData name="extrude2">0</SimpleData>
		<SimpleData name="visibility2">-1</SimpleData>
		<SimpleData name="distance">35800</SimpleData>
		<SimpleData name="angle">139.503520538634</SimpleData>
		<SimpleData name="KM">KM 36.8</SimpleData>
		<SimpleData name="Latitude">1.548</SimpleData>
		<SimpleData name="Longitude">103.926</SimpleData>
	</SchemaData></ExtendedData>
      <Point><coordinates>103.92592532403,1.54808548292754,0</coordinates></Point>
  </Placemark>
  <Placemark id="sde_hala_penawar__interpolated_points_sde_hala_penawar.360">
	<name>SDE HALA PENAWAR</name>
	<ExtendedData><SchemaData schemaUrl="#sde_hala_penawar__interpolated_points_sde_hala_penawar">
		<SimpleData name="id">interpolated_points_sde_hala_penawar.360</SimpleData>
		<SimpleData name="tessellate">-1</SimpleData>
		<SimpleData name="extrude">0</SimpleData>
		<SimpleData name="visibility">-1</SimpleData>
		<SimpleData name="fid">1</SimpleData>
		<SimpleData name="tessellate2">1</SimpleData>
		<SimpleData name="extrude2">0</SimpleData>
		<SimpleData name="visibility2">-1</SimpleData>
		<SimpleData name="distance">35900</SimpleData>
		<SimpleData name="angle">139.948644699304</SimpleData>
		<SimpleData name="KM">KM 36.9</SimpleData>
		<SimpleData name="Latitude">1.547</SimpleData>
		<SimpleData name="Longitude">103.927</SimpleData>
	</SchemaData></ExtendedData>
      <Point><coordinates>103.926509419268,1.54739801672774,0</coordinates></Point>
  </Placemark>
  <Placemark id="sde_hala_penawar__interpolated_points_sde_hala_penawar.361">
	<name>SDE HALA PENAWAR</name>
	<ExtendedData><SchemaData schemaUrl="#sde_hala_penawar__interpolated_points_sde_hala_penawar">
		<SimpleData name="id">interpolated_points_sde_hala_penawar.361</SimpleData>
		<SimpleData name="tessellate">-1</SimpleData>
		<SimpleData name="extrude">0</SimpleData>
		<SimpleData name="visibility">-1</SimpleData>
		<SimpleData name="fid">1</SimpleData>
		<SimpleData name="tessellate2">1</SimpleData>
		<SimpleData name="extrude2">0</SimpleData>
		<SimpleData name="visibility2">-1</SimpleData>
		<SimpleData name="distance">36000</SimpleData>
		<SimpleData name="angle">139.948644699304</SimpleData>
		<SimpleData name="KM">KM 37.0</SimpleData>
		<SimpleData name="Latitude">1.547</SimpleData>
		<SimpleData name="Longitude">103.927</SimpleData>
	</SchemaData></ExtendedData>
      <Point><coordinates>103.92708814835,1.546705895574,0</coordinates></Point>
  </Placemark>
  <Placemark id="sde_hala_penawar__interpolated_points_sde_hala_penawar.362">
	<name>SDE HALA PENAWAR</name>
	<ExtendedData><SchemaData schemaUrl="#sde_hala_penawar__interpolated_points_sde_hala_penawar">
		<SimpleData name="id">interpolated_points_sde_hala_penawar.362</SimpleData>
		<SimpleData name="tessellate">-1</SimpleData>
		<SimpleData name="extrude">0</SimpleData>
		<SimpleData name="visibility">-1</SimpleData>
		<SimpleData name="fid">1</SimpleData>
		<SimpleData name="tessellate2">1</SimpleData>
		<SimpleData name="extrude2">0</SimpleData>
		<SimpleData name="visibility2">-1</SimpleData>
		<SimpleData name="distance">36100</SimpleData>
		<SimpleData name="angle">139.948644699304</SimpleData>
		<SimpleData name="KM">KM 37.1</SimpleData>
		<SimpleData name="Latitude">1.546</SimpleData>
		<SimpleData name="Longitude">103.928</SimpleData>
	</SchemaData></ExtendedData>
      <Point><coordinates>103.927666877012,1.54601377399354,0</coordinates></Point>
  </Placemark>
  <Placemark id="sde_hala_penawar__interpolated_points_sde_hala_penawar.363">
	<name>SDE HALA PENAWAR</name>
	<ExtendedData><SchemaData schemaUrl="#sde_hala_penawar__interpolated_points_sde_hala_penawar">
		<SimpleData name="id">interpolated_points_sde_hala_penawar.363</SimpleData>
		<SimpleData name="tessellate">-1</SimpleData>
		<SimpleData name="extrude">0</SimpleData>
		<SimpleData name="visibility">-1</SimpleData>
		<SimpleData name="fid">1</SimpleData>
		<SimpleData name="tessellate2">1</SimpleData>
		<SimpleData name="extrude2">0</SimpleData>
		<SimpleData name="visibility2">-1</SimpleData>
		<SimpleData name="distance">36200</SimpleData>
		<SimpleData name="angle">139.42596714868</SimpleData>
		<SimpleData name="KM">KM 37.2</SimpleData>
		<SimpleData name="Latitude">1.545</SimpleData>
		<SimpleData name="Longitude">103.928</SimpleData>
	</SchemaData></ExtendedData>
      <Point><coordinates>103.928256219351,1.54533095802242,0</coordinates></Point>
  </Placemark>
  <Placemark id="sde_hala_penawar__interpolated_points_sde_hala_penawar.364">
	<name>SDE HALA PENAWAR</name>
	<ExtendedData><SchemaData schemaUrl="#sde_hala_penawar__interpolated_points_sde_hala_penawar">
		<SimpleData name="id">interpolated_points_sde_hala_penawar.364</SimpleData>
		<SimpleData name="tessellate">-1</SimpleData>
		<SimpleData name="extrude">0</SimpleData>
		<SimpleData name="visibility">-1</SimpleData>
		<SimpleData name="fid">1</SimpleData>
		<SimpleData name="tessellate2">1</SimpleData>
		<SimpleData name="extrude2">0</SimpleData>
		<SimpleData name="visibility2">-1</SimpleData>
		<SimpleData name="distance">36300</SimpleData>
		<SimpleData name="angle">139.42596714868</SimpleData>
		<SimpleData name="KM">KM 37.3</SimpleData>
		<SimpleData name="Latitude">1.545</SimpleData>
		<SimpleData name="Longitude">103.929</SimpleData>
	</SchemaData></ExtendedData>
      <Point><coordinates>103.928841196901,1.54464417734441,0</coordinates></Point>
  </Placemark>
  <Placemark id="sde_hala_penawar__interpolated_points_sde_hala_penawar.365">
	<name>SDE HALA PENAWAR</name>
	<ExtendedData><SchemaData schemaUrl="#sde_hala_penawar__interpolated_points_sde_hala_penawar">
		<SimpleData name="id">interpolated_points_sde_hala_penawar.365</SimpleData>
		<SimpleData name="tessellate">-1</SimpleData>
		<SimpleData name="extrude">0</SimpleData>
		<SimpleData name="visibility">-1</SimpleData>
		<SimpleData name="fid">1</SimpleData>
		<SimpleData name="tessellate2">1</SimpleData>
		<SimpleData name="extrude2">0</SimpleData>
		<SimpleData name="visibility2">-1</SimpleData>
		<SimpleData name="distance">36400</SimpleData>
		<SimpleData name="angle">139.42596714868</SimpleData>
		<SimpleData name="KM">KM 37.4</SimpleData>
		<SimpleData name="Latitude">1.544</SimpleData>
		<SimpleData name="Longitude">103.929</SimpleData>
	</SchemaData></ExtendedData>
      <Point><coordinates>103.929426174035,1.54395739623617,0</coordinates></Point>
  </Placemark>
  <Placemark id="sde_hala_penawar__interpolated_points_sde_hala_penawar.366">
	<name>SDE HALA PENAWAR</name>
	<ExtendedData><SchemaData schemaUrl="#sde_hala_penawar__interpolated_points_sde_hala_penawar">
		<SimpleData name="id">interpolated_points_sde_hala_penawar.366</SimpleData>
		<SimpleData name="tessellate">-1</SimpleData>
		<SimpleData name="extrude">0</SimpleData>
		<SimpleData name="visibility">-1</SimpleData>
		<SimpleData name="fid">1</SimpleData>
		<SimpleData name="tessellate2">1</SimpleData>
		<SimpleData name="extrude2">0</SimpleData>
		<SimpleData name="visibility2">-1</SimpleData>
		<SimpleData name="distance">36500</SimpleData>
		<SimpleData name="angle">139.42596714868</SimpleData>
		<SimpleData name="KM">KM 37.5</SimpleData>
		<SimpleData name="Latitude">1.543</SimpleData>
		<SimpleData name="Longitude">103.930</SimpleData>
	</SchemaData></ExtendedData>
      <Point><coordinates>103.930011150752,1.54327061469792,0</coordinates></Point>
  </Placemark>
  <Placemark id="sde_hala_penawar__interpolated_points_sde_hala_penawar.367">
	<name>SDE HALA PENAWAR</name>
	<ExtendedData><SchemaData schemaUrl="#sde_hala_penawar__interpolated_points_sde_hala_penawar">
		<SimpleData name="id">interpolated_points_sde_hala_penawar.367</SimpleData>
		<SimpleData name="tessellate">-1</SimpleData>
		<SimpleData name="extrude">0</SimpleData>
		<SimpleData name="visibility">-1</SimpleData>
		<SimpleData name="fid">1</SimpleData>
		<SimpleData name="tessellate2">1</SimpleData>
		<SimpleData name="extrude2">0</SimpleData>
		<SimpleData name="visibility2">-1</SimpleData>
		<SimpleData name="distance">36600</SimpleData>
		<SimpleData name="angle">139.42596714868</SimpleData>
		<SimpleData name="KM">KM 37.6</SimpleData>
		<SimpleData name="Latitude">1.543</SimpleData>
		<SimpleData name="Longitude">103.931</SimpleData>
	</SchemaData></ExtendedData>
      <Point><coordinates>103.930596127053,1.54258383272986,0</coordinates></Point>
  </Placemark>
  <Placemark id="sde_hala_penawar__interpolated_points_sde_hala_penawar.368">
	<name>SDE HALA PENAWAR</name>
	<ExtendedData><SchemaData schemaUrl="#sde_hala_penawar__interpolated_points_sde_hala_penawar">
		<SimpleData name="id">interpolated_points_sde_hala_penawar.368</SimpleData>
		<SimpleData name="tessellate">-1</SimpleData>
		<SimpleData name="extrude">0</SimpleData>
		<SimpleData name="visibility">-1</SimpleData>
		<SimpleData name="fid">1</SimpleData>
		<SimpleData name="tessellate2">1</SimpleData>
		<SimpleData name="extrude2">0</SimpleData>
		<SimpleData name="visibility2">-1</SimpleData>
		<SimpleData name="distance">36700</SimpleData>
		<SimpleData name="angle">139.42596714868</SimpleData>
		<SimpleData name="KM">KM 37.7</SimpleData>
		<SimpleData name="Latitude">1.542</SimpleData>
		<SimpleData name="Longitude">103.931</SimpleData>
	</SchemaData></ExtendedData>
      <Point><coordinates>103.931181102939,1.54189705033222,0</coordinates></Point>
  </Placemark>
  <Placemark id="sde_hala_penawar__interpolated_points_sde_hala_penawar.369">
	<name>SDE HALA PENAWAR</name>
	<ExtendedData><SchemaData schemaUrl="#sde_hala_penawar__interpolated_points_sde_hala_penawar">
		<SimpleData name="id">interpolated_points_sde_hala_penawar.369</SimpleData>
		<SimpleData name="tessellate">-1</SimpleData>
		<SimpleData name="extrude">0</SimpleData>
		<SimpleData name="visibility">-1</SimpleData>
		<SimpleData name="fid">1</SimpleData>
		<SimpleData name="tessellate2">1</SimpleData>
		<SimpleData name="extrude2">0</SimpleData>
		<SimpleData name="visibility2">-1</SimpleData>
		<SimpleData name="distance">36800</SimpleData>
		<SimpleData name="angle">139.42596714868</SimpleData>
		<SimpleData name="KM">KM 37.8</SimpleData>
		<SimpleData name="Latitude">1.541</SimpleData>
		<SimpleData name="Longitude">103.932</SimpleData>
	</SchemaData></ExtendedData>
      <Point><coordinates>103.931766078409,1.54121026750521,0</coordinates></Point>
  </Placemark>
  <Placemark id="sde_hala_penawar__interpolated_points_sde_hala_penawar.370">
	<name>SDE HALA PENAWAR</name>
	<ExtendedData><SchemaData schemaUrl="#sde_hala_penawar__interpolated_points_sde_hala_penawar">
		<SimpleData name="id">interpolated_points_sde_hala_penawar.370</SimpleData>
		<SimpleData name="tessellate">-1</SimpleData>
		<SimpleData name="extrude">0</SimpleData>
		<SimpleData name="visibility">-1</SimpleData>
		<SimpleData name="fid">1</SimpleData>
		<SimpleData name="tessellate2">1</SimpleData>
		<SimpleData name="extrude2">0</SimpleData>
		<SimpleData name="visibility2">-1</SimpleData>
		<SimpleData name="distance">36900</SimpleData>
		<SimpleData name="angle">139.752236438277</SimpleData>
		<SimpleData name="KM">KM 37.9</SimpleData>
		<SimpleData name="Latitude">1.541</SimpleData>
		<SimpleData name="Longitude">103.932</SimpleData>
	</SchemaData></ExtendedData>
      <Point><coordinates>103.932353800274,1.54052605252116,0</coordinates></Point>
  </Placemark>
  <Placemark id="sde_hala_penawar__interpolated_points_sde_hala_penawar.371">
	<name>SDE HALA PENAWAR</name>
	<ExtendedData><SchemaData schemaUrl="#sde_hala_penawar__interpolated_points_sde_hala_penawar">
		<SimpleData name="id">interpolated_points_sde_hala_penawar.371</SimpleData>
		<SimpleData name="tessellate">-1</SimpleData>
		<SimpleData name="extrude">0</SimpleData>
		<SimpleData name="visibility">-1</SimpleData>
		<SimpleData name="fid">1</SimpleData>
		<SimpleData name="tessellate2">1</SimpleData>
		<SimpleData name="extrude2">0</SimpleData>
		<SimpleData name="visibility2">-1</SimpleData>
		<SimpleData name="distance">37000</SimpleData>
		<SimpleData name="angle">139.752236438277</SimpleData>
		<SimpleData name="KM">KM 38.0</SimpleData>
		<SimpleData name="Latitude">1.540</SimpleData>
		<SimpleData name="Longitude">103.933</SimpleData>
	</SchemaData></ExtendedData>
      <Point><coordinates>103.932934879338,1.53983592764433,0</coordinates></Point>
  </Placemark>
  <Placemark id="sde_hala_penawar__interpolated_points_sde_hala_penawar.372">
	<name>SDE HALA PENAWAR</name>
	<ExtendedData><SchemaData schemaUrl="#sde_hala_penawar__interpolated_points_sde_hala_penawar">
		<SimpleData name="id">interpolated_points_sde_hala_penawar.372</SimpleData>
		<SimpleData name="tessellate">-1</SimpleData>
		<SimpleData name="extrude">0</SimpleData>
		<SimpleData name="visibility">-1</SimpleData>
		<SimpleData name="fid">1</SimpleData>
		<SimpleData name="tessellate2">1</SimpleData>
		<SimpleData name="extrude2">0</SimpleData>
		<SimpleData name="visibility2">-1</SimpleData>
		<SimpleData name="distance">37100</SimpleData>
		<SimpleData name="angle">139.573954992269</SimpleData>
		<SimpleData name="KM">KM 38.1</SimpleData>
		<SimpleData name="Latitude">1.539</SimpleData>
		<SimpleData name="Longitude">103.934</SimpleData>
	</SchemaData></ExtendedData>
      <Point><coordinates>103.933517960742,1.53914751968516,0</coordinates></Point>
  </Placemark>
  <Placemark id="sde_hala_penawar__interpolated_points_sde_hala_penawar.373">
	<name>SDE HALA PENAWAR</name>
	<ExtendedData><SchemaData schemaUrl="#sde_hala_penawar__interpolated_points_sde_hala_penawar">
		<SimpleData name="id">interpolated_points_sde_hala_penawar.373</SimpleData>
		<SimpleData name="tessellate">-1</SimpleData>
		<SimpleData name="extrude">0</SimpleData>
		<SimpleData name="visibility">-1</SimpleData>
		<SimpleData name="fid">1</SimpleData>
		<SimpleData name="tessellate2">1</SimpleData>
		<SimpleData name="extrude2">0</SimpleData>
		<SimpleData name="visibility2">-1</SimpleData>
		<SimpleData name="distance">37200</SimpleData>
		<SimpleData name="angle">139.4158878849</SimpleData>
		<SimpleData name="KM">KM 38.2</SimpleData>
		<SimpleData name="Latitude">1.538</SimpleData>
		<SimpleData name="Longitude">103.934</SimpleData>
	</SchemaData></ExtendedData>
      <Point><coordinates>103.934101003883,1.53845907681867,0</coordinates></Point>
  </Placemark>
  <Placemark id="sde_hala_penawar__interpolated_points_sde_hala_penawar.374">
	<name>SDE HALA PENAWAR</name>
	<ExtendedData><SchemaData schemaUrl="#sde_hala_penawar__interpolated_points_sde_hala_penawar">
		<SimpleData name="id">interpolated_points_sde_hala_penawar.374</SimpleData>
		<SimpleData name="tessellate">-1</SimpleData>
		<SimpleData name="extrude">0</SimpleData>
		<SimpleData name="visibility">-1</SimpleData>
		<SimpleData name="fid">1</SimpleData>
		<SimpleData name="tessellate2">1</SimpleData>
		<SimpleData name="extrude2">0</SimpleData>
		<SimpleData name="visibility2">-1</SimpleData>
		<SimpleData name="distance">37300</SimpleData>
		<SimpleData name="angle">140.049029687275</SimpleData>
		<SimpleData name="KM">KM 38.3</SimpleData>
		<SimpleData name="Latitude">1.538</SimpleData>
		<SimpleData name="Longitude">103.935</SimpleData>
	</SchemaData></ExtendedData>
      <Point><coordinates>103.934685050187,1.53777151118164,0</coordinates></Point>
  </Placemark>
  <Placemark id="sde_hala_penawar__interpolated_points_sde_hala_penawar.375">
	<name>SDE HALA PENAWAR</name>
	<ExtendedData><SchemaData schemaUrl="#sde_hala_penawar__interpolated_points_sde_hala_penawar">
		<SimpleData name="id">interpolated_points_sde_hala_penawar.375</SimpleData>
		<SimpleData name="tessellate">-1</SimpleData>
		<SimpleData name="extrude">0</SimpleData>
		<SimpleData name="visibility">-1</SimpleData>
		<SimpleData name="fid">1</SimpleData>
		<SimpleData name="tessellate2">1</SimpleData>
		<SimpleData name="extrude2">0</SimpleData>
		<SimpleData name="visibility2">-1</SimpleData>
		<SimpleData name="distance">37400</SimpleData>
		<SimpleData name="angle">140.049029687275</SimpleData>
		<SimpleData name="KM">KM 38.4</SimpleData>
		<SimpleData name="Latitude">1.537</SimpleData>
		<SimpleData name="Longitude">103.935</SimpleData>
	</SchemaData></ExtendedData>
      <Point><coordinates>103.935262567571,1.5370783646998,0</coordinates></Point>
  </Placemark>
  <Placemark id="sde_hala_penawar__interpolated_points_sde_hala_penawar.376">
	<name>SDE HALA PENAWAR</name>
	<ExtendedData><SchemaData schemaUrl="#sde_hala_penawar__interpolated_points_sde_hala_penawar">
		<SimpleData name="id">interpolated_points_sde_hala_penawar.376</SimpleData>
		<SimpleData name="tessellate">-1</SimpleData>
		<SimpleData name="extrude">0</SimpleData>
		<SimpleData name="visibility">-1</SimpleData>
		<SimpleData name="fid">1</SimpleData>
		<SimpleData name="tessellate2">1</SimpleData>
		<SimpleData name="extrude2">0</SimpleData>
		<SimpleData name="visibility2">-1</SimpleData>
		<SimpleData name="distance">37500</SimpleData>
		<SimpleData name="angle">139.247303082981</SimpleData>
		<SimpleData name="KM">KM 38.5</SimpleData>
		<SimpleData name="Latitude">1.536</SimpleData>
		<SimpleData name="Longitude">103.936</SimpleData>
	</SchemaData></ExtendedData>
      <Point><coordinates>103.935846190913,1.53639044421872,0</coordinates></Point>
  </Placemark>
  <Placemark id="sde_hala_penawar__interpolated_points_sde_hala_penawar.377">
	<name>SDE HALA PENAWAR</name>
	<ExtendedData><SchemaData schemaUrl="#sde_hala_penawar__interpolated_points_sde_hala_penawar">
		<SimpleData name="id">interpolated_points_sde_hala_penawar.377</SimpleData>
		<SimpleData name="tessellate">-1</SimpleData>
		<SimpleData name="extrude">0</SimpleData>
		<SimpleData name="visibility">-1</SimpleData>
		<SimpleData name="fid">1</SimpleData>
		<SimpleData name="tessellate2">1</SimpleData>
		<SimpleData name="extrude2">0</SimpleData>
		<SimpleData name="visibility2">-1</SimpleData>
		<SimpleData name="distance">37600</SimpleData>
		<SimpleData name="angle">140.043810418865</SimpleData>
		<SimpleData name="KM">KM 38.6</SimpleData>
		<SimpleData name="Latitude">1.536</SimpleData>
		<SimpleData name="Longitude">103.936</SimpleData>
	</SchemaData></ExtendedData>
      <Point><coordinates>103.936433072812,1.53570531263271,0</coordinates></Point>
  </Placemark>
  <Placemark id="sde_hala_penawar__interpolated_points_sde_hala_penawar.378">
	<name>SDE HALA PENAWAR</name>
	<ExtendedData><SchemaData schemaUrl="#sde_hala_penawar__interpolated_points_sde_hala_penawar">
		<SimpleData name="id">interpolated_points_sde_hala_penawar.378</SimpleData>
		<SimpleData name="tessellate">-1</SimpleData>
		<SimpleData name="extrude">0</SimpleData>
		<SimpleData name="visibility">-1</SimpleData>
		<SimpleData name="fid">1</SimpleData>
		<SimpleData name="tessellate2">1</SimpleData>
		<SimpleData name="extrude2">0</SimpleData>
		<SimpleData name="visibility2">-1</SimpleData>
		<SimpleData name="distance">37700</SimpleData>
		<SimpleData name="angle">138.627410729604</SimpleData>
		<SimpleData name="KM">KM 38.7</SimpleData>
		<SimpleData name="Latitude">1.535</SimpleData>
		<SimpleData name="Longitude">103.937</SimpleData>
	</SchemaData></ExtendedData>
      <Point><coordinates>103.937016212729,1.53501703035086,0</coordinates></Point>
  </Placemark>
  <Placemark id="sde_hala_penawar__interpolated_points_sde_hala_penawar.379">
	<name>SDE HALA PENAWAR</name>
	<ExtendedData><SchemaData schemaUrl="#sde_hala_penawar__interpolated_points_sde_hala_penawar">
		<SimpleData name="id">interpolated_points_sde_hala_penawar.379</SimpleData>
		<SimpleData name="tessellate">-1</SimpleData>
		<SimpleData name="extrude">0</SimpleData>
		<SimpleData name="visibility">-1</SimpleData>
		<SimpleData name="fid">1</SimpleData>
		<SimpleData name="tessellate2">1</SimpleData>
		<SimpleData name="extrude2">0</SimpleData>
		<SimpleData name="visibility2">-1</SimpleData>
		<SimpleData name="distance">37800</SimpleData>
		<SimpleData name="angle">136.840083852724</SimpleData>
		<SimpleData name="KM">KM 38.8</SimpleData>
		<SimpleData name="Latitude">1.534</SimpleData>
		<SimpleData name="Longitude">103.938</SimpleData>
	</SchemaData></ExtendedData>
      <Point><coordinates>103.937617596654,1.53434516812125,0</coordinates></Point>
  </Placemark>
  <Placemark id="sde_hala_penawar__interpolated_points_sde_hala_penawar.380">
	<name>SDE HALA PENAWAR</name>
	<ExtendedData><SchemaData schemaUrl="#sde_hala_penawar__interpolated_points_sde_hala_penawar">
		<SimpleData name="id">interpolated_points_sde_hala_penawar.380</SimpleData>
		<SimpleData name="tessellate">-1</SimpleData>
		<SimpleData name="extrude">0</SimpleData>
		<SimpleData name="visibility">-1</SimpleData>
		<SimpleData name="fid">1</SimpleData>
		<SimpleData name="tessellate2">1</SimpleData>
		<SimpleData name="extrude2">0</SimpleData>
		<SimpleData name="visibility2">-1</SimpleData>
		<SimpleData name="distance">37900</SimpleData>
		<SimpleData name="angle">133.518819585922</SimpleData>
		<SimpleData name="KM">KM 38.9</SimpleData>
		<SimpleData name="Latitude">1.534</SimpleData>
		<SimpleData name="Longitude">103.938</SimpleData>
	</SchemaData></ExtendedData>
      <Point><coordinates>103.938249077786,1.53370197428788,0</coordinates></Point>
  </Placemark>
  <Placemark id="sde_hala_penawar__interpolated_points_sde_hala_penawar.381">
	<name>SDE HALA PENAWAR</name>
	<ExtendedData><SchemaData schemaUrl="#sde_hala_penawar__interpolated_points_sde_hala_penawar">
		<SimpleData name="id">interpolated_points_sde_hala_penawar.381</SimpleData>
		<SimpleData name="tessellate">-1</SimpleData>
		<SimpleData name="extrude">0</SimpleData>
		<SimpleData name="visibility">-1</SimpleData>
		<SimpleData name="fid">1</SimpleData>
		<SimpleData name="tessellate2">1</SimpleData>
		<SimpleData name="extrude2">0</SimpleData>
		<SimpleData name="visibility2">-1</SimpleData>
		<SimpleData name="distance">38000</SimpleData>
		<SimpleData name="angle">129.385925174021</SimpleData>
		<SimpleData name="KM">KM 39.0</SimpleData>
		<SimpleData name="Latitude">1.533</SimpleData>
		<SimpleData name="Longitude">103.939</SimpleData>
	</SchemaData></ExtendedData>
      <Point><coordinates>103.938915120593,1.5330948211084,0</coordinates></Point>
  </Placemark>
  <Placemark id="sde_hala_penawar__interpolated_points_sde_hala_penawar.382">
	<name>SDE HALA PENAWAR</name>
	<ExtendedData><SchemaData schemaUrl="#sde_hala_penawar__interpolated_points_sde_hala_penawar">
		<SimpleData name="id">interpolated_points_sde_hala_penawar.382</SimpleData>
		<SimpleData name="tessellate">-1</SimpleData>
		<SimpleData name="extrude">0</SimpleData>
		<SimpleData name="visibility">-1</SimpleData>
		<SimpleData name="fid">1</SimpleData>
		<SimpleData name="tessellate2">1</SimpleData>
		<SimpleData name="extrude2">0</SimpleData>
		<SimpleData name="visibility2">-1</SimpleData>
		<SimpleData name="distance">38100</SimpleData>
		<SimpleData name="angle">127.676105848278</SimpleData>
		<SimpleData name="KM">KM 39.1</SimpleData>
		<SimpleData name="Latitude">1.533</SimpleData>
		<SimpleData name="Longitude">103.940</SimpleData>
	</SchemaData></ExtendedData>
      <Point><coordinates>103.939609129594,1.53252031586723,0</coordinates></Point>
  </Placemark>
  <Placemark id="sde_hala_penawar__interpolated_points_sde_hala_penawar.383">
	<name>SDE HALA PENAWAR</name>
	<ExtendedData><SchemaData schemaUrl="#sde_hala_penawar__interpolated_points_sde_hala_penawar">
		<SimpleData name="id">interpolated_points_sde_hala_penawar.383</SimpleData>
		<SimpleData name="tessellate">-1</SimpleData>
		<SimpleData name="extrude">0</SimpleData>
		<SimpleData name="visibility">-1</SimpleData>
		<SimpleData name="fid">1</SimpleData>
		<SimpleData name="tessellate2">1</SimpleData>
		<SimpleData name="extrude2">0</SimpleData>
		<SimpleData name="visibility2">-1</SimpleData>
		<SimpleData name="distance">38200</SimpleData>
		<SimpleData name="angle">124.506561026268</SimpleData>
		<SimpleData name="KM">KM 39.2</SimpleData>
		<SimpleData name="Latitude">1.532</SimpleData>
		<SimpleData name="Longitude">103.940</SimpleData>
	</SchemaData></ExtendedData>
      <Point><coordinates>103.940331851415,1.53198274144618,0</coordinates></Point>
  </Placemark>
  <Placemark id="sde_hala_penawar__interpolated_points_sde_hala_penawar.384">
	<name>SDE HALA PENAWAR</name>
	<ExtendedData><SchemaData schemaUrl="#sde_hala_penawar__interpolated_points_sde_hala_penawar">
		<SimpleData name="id">interpolated_points_sde_hala_penawar.384</SimpleData>
		<SimpleData name="tessellate">-1</SimpleData>
		<SimpleData name="extrude">0</SimpleData>
		<SimpleData name="visibility">-1</SimpleData>
		<SimpleData name="fid">1</SimpleData>
		<SimpleData name="tessellate2">1</SimpleData>
		<SimpleData name="extrude2">0</SimpleData>
		<SimpleData name="visibility2">-1</SimpleData>
		<SimpleData name="distance">38300</SimpleData>
		<SimpleData name="angle">122.535299443921</SimpleData>
		<SimpleData name="KM">KM 39.3</SimpleData>
		<SimpleData name="Latitude">1.531</SimpleData>
		<SimpleData name="Longitude">103.941</SimpleData>
	</SchemaData></ExtendedData>
      <Point><coordinates>103.941081022074,1.53148309455032,0</coordinates></Point>
  </Placemark>
  <Placemark id="sde_hala_penawar__interpolated_points_sde_hala_penawar.385">
	<name>SDE HALA PENAWAR</name>
	<ExtendedData><SchemaData schemaUrl="#sde_hala_penawar__interpolated_points_sde_hala_penawar">
		<SimpleData name="id">interpolated_points_sde_hala_penawar.385</SimpleData>
		<SimpleData name="tessellate">-1</SimpleData>
		<SimpleData name="extrude">0</SimpleData>
		<SimpleData name="visibility">-1</SimpleData>
		<SimpleData name="fid">1</SimpleData>
		<SimpleData name="tessellate2">1</SimpleData>
		<SimpleData name="extrude2">0</SimpleData>
		<SimpleData name="visibility2">-1</SimpleData>
		<SimpleData name="distance">38400</SimpleData>
		<SimpleData name="angle">118.675184870351</SimpleData>
		<SimpleData name="KM">KM 39.4</SimpleData>
		<SimpleData name="Latitude">1.531</SimpleData>
		<SimpleData name="Longitude">103.942</SimpleData>
	</SchemaData></ExtendedData>
      <Point><coordinates>103.94185237491,1.53101913040182,0</coordinates></Point>
  </Placemark>
  <Placemark id="sde_hala_penawar__interpolated_points_sde_hala_penawar.386">
	<name>SDE HALA PENAWAR</name>
	<ExtendedData><SchemaData schemaUrl="#sde_hala_penawar__interpolated_points_sde_hala_penawar">
		<SimpleData name="id">interpolated_points_sde_hala_penawar.386</SimpleData>
		<SimpleData name="tessellate">-1</SimpleData>
		<SimpleData name="extrude">0</SimpleData>
		<SimpleData name="visibility">-1</SimpleData>
		<SimpleData name="fid">1</SimpleData>
		<SimpleData name="tessellate2">1</SimpleData>
		<SimpleData name="extrude2">0</SimpleData>
		<SimpleData name="visibility2">-1</SimpleData>
		<SimpleData name="distance">38500</SimpleData>
		<SimpleData name="angle">115.128610941768</SimpleData>
		<SimpleData name="KM">KM 39.5</SimpleData>
		<SimpleData name="Latitude">1.531</SimpleData>
		<SimpleData name="Longitude">103.943</SimpleData>
	</SchemaData></ExtendedData>
      <Point><coordinates>103.942647032001,1.53059657062837,0</coordinates></Point>
  </Placemark>
  <Placemark id="sde_hala_penawar__interpolated_points_sde_hala_penawar.387">
	<name>SDE HALA PENAWAR</name>
	<ExtendedData><SchemaData schemaUrl="#sde_hala_penawar__interpolated_points_sde_hala_penawar">
		<SimpleData name="id">interpolated_points_sde_hala_penawar.387</SimpleData>
		<SimpleData name="tessellate">-1</SimpleData>
		<SimpleData name="extrude">0</SimpleData>
		<SimpleData name="visibility">-1</SimpleData>
		<SimpleData name="fid">1</SimpleData>
		<SimpleData name="tessellate2">1</SimpleData>
		<SimpleData name="extrude2">0</SimpleData>
		<SimpleData name="visibility2">-1</SimpleData>
		<SimpleData name="distance">38600</SimpleData>
		<SimpleData name="angle">113.007494180597</SimpleData>
		<SimpleData name="KM">KM 39.6</SimpleData>
		<SimpleData name="Latitude">1.530</SimpleData>
		<SimpleData name="Longitude">103.943</SimpleData>
	</SchemaData></ExtendedData>
      <Point><coordinates>103.943461164177,1.53021370700905,0</coordinates></Point>
  </Placemark>
  <Placemark id="sde_hala_penawar__interpolated_points_sde_hala_penawar.388">
	<name>SDE HALA PENAWAR</name>
	<ExtendedData><SchemaData schemaUrl="#sde_hala_penawar__interpolated_points_sde_hala_penawar">
		<SimpleData name="id">interpolated_points_sde_hala_penawar.388</SimpleData>
		<SimpleData name="tessellate">-1</SimpleData>
		<SimpleData name="extrude">0</SimpleData>
		<SimpleData name="visibility">-1</SimpleData>
		<SimpleData name="fid">1</SimpleData>
		<SimpleData name="tessellate2">1</SimpleData>
		<SimpleData name="extrude2">0</SimpleData>
		<SimpleData name="visibility2">-1</SimpleData>
		<SimpleData name="distance">38700</SimpleData>
		<SimpleData name="angle">110.577747935231</SimpleData>
		<SimpleData name="KM">KM 39.7</SimpleData>
		<SimpleData name="Latitude">1.530</SimpleData>
		<SimpleData name="Longitude">103.944</SimpleData>
	</SchemaData></ExtendedData>
      <Point><coordinates>103.944294056563,1.52987411304148,0</coordinates></Point>
  </Placemark>
  <Placemark id="sde_hala_penawar__interpolated_points_sde_hala_penawar.389">
	<name>SDE HALA PENAWAR</name>
	<ExtendedData><SchemaData schemaUrl="#sde_hala_penawar__interpolated_points_sde_hala_penawar">
		<SimpleData name="id">interpolated_points_sde_hala_penawar.389</SimpleData>
		<SimpleData name="tessellate">-1</SimpleData>
		<SimpleData name="extrude">0</SimpleData>
		<SimpleData name="visibility">-1</SimpleData>
		<SimpleData name="fid">1</SimpleData>
		<SimpleData name="tessellate2">1</SimpleData>
		<SimpleData name="extrude2">0</SimpleData>
		<SimpleData name="visibility2">-1</SimpleData>
		<SimpleData name="distance">38800</SimpleData>
		<SimpleData name="angle">108.168460409125</SimpleData>
		<SimpleData name="KM">KM 39.8</SimpleData>
		<SimpleData name="Latitude">1.530</SimpleData>
		<SimpleData name="Longitude">103.945</SimpleData>
	</SchemaData></ExtendedData>
      <Point><coordinates>103.94514393508,1.52957994333242,0</coordinates></Point>
  </Placemark>
  <Placemark id="sde_hala_penawar__interpolated_points_sde_hala_penawar.390">
	<name>SDE HALA PENAWAR</name>
	<ExtendedData><SchemaData schemaUrl="#sde_hala_penawar__interpolated_points_sde_hala_penawar">
		<SimpleData name="id">interpolated_points_sde_hala_penawar.390</SimpleData>
		<SimpleData name="tessellate">-1</SimpleData>
		<SimpleData name="extrude">0</SimpleData>
		<SimpleData name="visibility">-1</SimpleData>
		<SimpleData name="fid">1</SimpleData>
		<SimpleData name="tessellate2">1</SimpleData>
		<SimpleData name="extrude2">0</SimpleData>
		<SimpleData name="visibility2">-1</SimpleData>
		<SimpleData name="distance">38900</SimpleData>
		<SimpleData name="angle">106.464994562277</SimpleData>
		<SimpleData name="KM">KM 39.9</SimpleData>
		<SimpleData name="Latitude">1.529</SimpleData>
		<SimpleData name="Longitude">103.946</SimpleData>
	</SchemaData></ExtendedData>
      <Point><coordinates>103.946004125347,1.52931779276318,0</coordinates></Point>
  </Placemark>
  <Placemark id="sde_hala_penawar__interpolated_points_sde_hala_penawar.391">
	<name>SDE HALA PENAWAR</name>
	<ExtendedData><SchemaData schemaUrl="#sde_hala_penawar__interpolated_points_sde_hala_penawar">
		<SimpleData name="id">interpolated_points_sde_hala_penawar.391</SimpleData>
		<SimpleData name="tessellate">-1</SimpleData>
		<SimpleData name="extrude">0</SimpleData>
		<SimpleData name="visibility">-1</SimpleData>
		<SimpleData name="fid">1</SimpleData>
		<SimpleData name="tessellate2">1</SimpleData>
		<SimpleData name="extrude2">0</SimpleData>
		<SimpleData name="visibility2">-1</SimpleData>
		<SimpleData name="distance">39000</SimpleData>
		<SimpleData name="angle">101.849434035753</SimpleData>
		<SimpleData name="KM">KM 40.0</SimpleData>
		<SimpleData name="Latitude">1.529</SimpleData>
		<SimpleData name="Longitude">103.947</SimpleData>
	</SchemaData></ExtendedData>
      <Point><coordinates>103.946879392874,1.52911294384962,0</coordinates></Point>
  </Placemark>
  <Placemark id="sde_hala_penawar__interpolated_points_sde_hala_penawar.392">
	<name>SDE HALA PENAWAR</name>
	<ExtendedData><SchemaData schemaUrl="#sde_hala_penawar__interpolated_points_sde_hala_penawar">
		<SimpleData name="id">interpolated_points_sde_hala_penawar.392</SimpleData>
		<SimpleData name="tessellate">-1</SimpleData>
		<SimpleData name="extrude">0</SimpleData>
		<SimpleData name="visibility">-1</SimpleData>
		<SimpleData name="fid">1</SimpleData>
		<SimpleData name="tessellate2">1</SimpleData>
		<SimpleData name="extrude2">0</SimpleData>
		<SimpleData name="visibility2">-1</SimpleData>
		<SimpleData name="distance">39100</SimpleData>
		<SimpleData name="angle">99.8662788982474</SimpleData>
		<SimpleData name="KM">KM 40.1</SimpleData>
		<SimpleData name="Latitude">1.529</SimpleData>
		<SimpleData name="Longitude">103.948</SimpleData>
	</SchemaData></ExtendedData>
      <Point><coordinates>103.947763376363,1.52894976364178,0</coordinates></Point>
  </Placemark>
  <Placemark id="sde_hala_penawar__interpolated_points_sde_hala_penawar.393">
	<name>SDE HALA PENAWAR</name>
	<ExtendedData><SchemaData schemaUrl="#sde_hala_penawar__interpolated_points_sde_hala_penawar">
		<SimpleData name="id">interpolated_points_sde_hala_penawar.393</SimpleData>
		<SimpleData name="tessellate">-1</SimpleData>
		<SimpleData name="extrude">0</SimpleData>
		<SimpleData name="visibility">-1</SimpleData>
		<SimpleData name="fid">1</SimpleData>
		<SimpleData name="tessellate2">1</SimpleData>
		<SimpleData name="extrude2">0</SimpleData>
		<SimpleData name="visibility2">-1</SimpleData>
		<SimpleData name="distance">39200</SimpleData>
		<SimpleData name="angle">98.2711874540926</SimpleData>
		<SimpleData name="KM">KM 40.2</SimpleData>
		<SimpleData name="Latitude">1.529</SimpleData>
		<SimpleData name="Longitude">103.949</SimpleData>
	</SchemaData></ExtendedData>
      <Point><coordinates>103.94865227495,1.52881592633438,0</coordinates></Point>
  </Placemark>
  <Placemark id="sde_hala_penawar__interpolated_points_sde_hala_penawar.394">
	<name>SDE HALA PENAWAR</name>
	<ExtendedData><SchemaData schemaUrl="#sde_hala_penawar__interpolated_points_sde_hala_penawar">
		<SimpleData name="id">interpolated_points_sde_hala_penawar.394</SimpleData>
		<SimpleData name="tessellate">-1</SimpleData>
		<SimpleData name="extrude">0</SimpleData>
		<SimpleData name="visibility">-1</SimpleData>
		<SimpleData name="fid">1</SimpleData>
		<SimpleData name="tessellate2">1</SimpleData>
		<SimpleData name="extrude2">0</SimpleData>
		<SimpleData name="visibility2">-1</SimpleData>
		<SimpleData name="distance">39300</SimpleData>
		<SimpleData name="angle">97.9517539102529</SimpleData>
		<SimpleData name="KM">KM 40.3</SimpleData>
		<SimpleData name="Latitude">1.529</SimpleData>
		<SimpleData name="Longitude">103.950</SimpleData>
	</SchemaData></ExtendedData>
      <Point><coordinates>103.949542273342,1.52868938192595,0</coordinates></Point>
  </Placemark>
  <Placemark id="sde_hala_penawar__interpolated_points_sde_hala_penawar.395">
	<name>SDE HALA PENAWAR</name>
	<ExtendedData><SchemaData schemaUrl="#sde_hala_penawar__interpolated_points_sde_hala_penawar">
		<SimpleData name="id">interpolated_points_sde_hala_penawar.395</SimpleData>
		<SimpleData name="tessellate">-1</SimpleData>
		<SimpleData name="extrude">0</SimpleData>
		<SimpleData name="visibility">-1</SimpleData>
		<SimpleData name="fid">1</SimpleData>
		<SimpleData name="tessellate2">1</SimpleData>
		<SimpleData name="extrude2">0</SimpleData>
		<SimpleData name="visibility2">-1</SimpleData>
		<SimpleData name="distance">39400</SimpleData>
		<SimpleData name="angle">96.8201356275565</SimpleData>
		<SimpleData name="KM">KM 40.4</SimpleData>
		<SimpleData name="Latitude">1.529</SimpleData>
		<SimpleData name="Longitude">103.950</SimpleData>
	</SchemaData></ExtendedData>
      <Point><coordinates>103.950432355069,1.52856411842151,0</coordinates></Point>
  </Placemark>
  <Placemark id="sde_hala_penawar__interpolated_points_sde_hala_penawar.396">
	<name>SDE HALA PENAWAR</name>
	<ExtendedData><SchemaData schemaUrl="#sde_hala_penawar__interpolated_points_sde_hala_penawar">
		<SimpleData name="id">interpolated_points_sde_hala_penawar.396</SimpleData>
		<SimpleData name="tessellate">-1</SimpleData>
		<SimpleData name="extrude">0</SimpleData>
		<SimpleData name="visibility">-1</SimpleData>
		<SimpleData name="fid">1</SimpleData>
		<SimpleData name="tessellate2">1</SimpleData>
		<SimpleData name="extrude2">0</SimpleData>
		<SimpleData name="visibility2">-1</SimpleData>
		<SimpleData name="distance">39500</SimpleData>
		<SimpleData name="angle">100.215583439683</SimpleData>
		<SimpleData name="KM">KM 40.5</SimpleData>
		<SimpleData name="Latitude">1.528</SimpleData>
		<SimpleData name="Longitude">103.951</SimpleData>
	</SchemaData></ExtendedData>
      <Point><coordinates>103.951321901632,1.52843532630219,0</coordinates></Point>
  </Placemark>
  <Placemark id="sde_hala_penawar__interpolated_points_sde_hala_penawar.397">
	<name>SDE HALA PENAWAR</name>
	<ExtendedData><SchemaData schemaUrl="#sde_hala_penawar__interpolated_points_sde_hala_penawar">
		<SimpleData name="id">interpolated_points_sde_hala_penawar.397</SimpleData>
		<SimpleData name="tessellate">-1</SimpleData>
		<SimpleData name="extrude">0</SimpleData>
		<SimpleData name="visibility">-1</SimpleData>
		<SimpleData name="fid">1</SimpleData>
		<SimpleData name="tessellate2">1</SimpleData>
		<SimpleData name="extrude2">0</SimpleData>
		<SimpleData name="visibility2">-1</SimpleData>
		<SimpleData name="distance">39600</SimpleData>
		<SimpleData name="angle">97.8080287082123</SimpleData>
		<SimpleData name="KM">KM 40.6</SimpleData>
		<SimpleData name="Latitude">1.528</SimpleData>
		<SimpleData name="Longitude">103.952</SimpleData>
	</SchemaData></ExtendedData>
      <Point><coordinates>103.952210813058,1.52830400070605,0</coordinates></Point>
  </Placemark>
  <Placemark id="sde_hala_penawar__interpolated_points_sde_hala_penawar.398">
	<name>SDE HALA PENAWAR</name>
	<ExtendedData><SchemaData schemaUrl="#sde_hala_penawar__interpolated_points_sde_hala_penawar">
		<SimpleData name="id">interpolated_points_sde_hala_penawar.398</SimpleData>
		<SimpleData name="tessellate">-1</SimpleData>
		<SimpleData name="extrude">0</SimpleData>
		<SimpleData name="visibility">-1</SimpleData>
		<SimpleData name="fid">1</SimpleData>
		<SimpleData name="tessellate2">1</SimpleData>
		<SimpleData name="extrude2">0</SimpleData>
		<SimpleData name="visibility2">-1</SimpleData>
		<SimpleData name="distance">39700</SimpleData>
		<SimpleData name="angle">97.8905668955484</SimpleData>
		<SimpleData name="KM">KM 40.7</SimpleData>
		<SimpleData name="Latitude">1.528</SimpleData>
		<SimpleData name="Longitude">103.953</SimpleData>
	</SchemaData></ExtendedData>
      <Point><coordinates>103.95310049474,1.52817524436546,0</coordinates></Point>
  </Placemark>
  <Placemark id="sde_hala_penawar__interpolated_points_sde_hala_penawar.399">
	<name>SDE HALA PENAWAR</name>
	<ExtendedData><SchemaData schemaUrl="#sde_hala_penawar__interpolated_points_sde_hala_penawar">
		<SimpleData name="id">interpolated_points_sde_hala_penawar.399</SimpleData>
		<SimpleData name="tessellate">-1</SimpleData>
		<SimpleData name="extrude">0</SimpleData>
		<SimpleData name="visibility">-1</SimpleData>
		<SimpleData name="fid">1</SimpleData>
		<SimpleData name="tessellate2">1</SimpleData>
		<SimpleData name="extrude2">0</SimpleData>
		<SimpleData name="visibility2">-1</SimpleData>
		<SimpleData name="distance">39800</SimpleData>
		<SimpleData name="angle">97.8622154801215</SimpleData>
		<SimpleData name="KM">KM 40.8</SimpleData>
		<SimpleData name="Latitude">1.528</SimpleData>
		<SimpleData name="Longitude">103.954</SimpleData>
	</SchemaData></ExtendedData>
      <Point><coordinates>103.953990919693,1.52805174516845,0</coordinates></Point>
  </Placemark>
  <Placemark id="sde_hala_penawar__interpolated_points_sde_hala_penawar.400">
	<name>SDE HALA PENAWAR</name>
	<ExtendedData><SchemaData schemaUrl="#sde_hala_penawar__interpolated_points_sde_hala_penawar">
		<SimpleData name="id">interpolated_points_sde_hala_penawar.400</SimpleData>
		<SimpleData name="tessellate">-1</SimpleData>
		<SimpleData name="extrude">0</SimpleData>
		<SimpleData name="visibility">-1</SimpleData>
		<SimpleData name="fid">1</SimpleData>
		<SimpleData name="tessellate2">1</SimpleData>
		<SimpleData name="extrude2">0</SimpleData>
		<SimpleData name="visibility2">-1</SimpleData>
		<SimpleData name="distance">39900</SimpleData>
		<SimpleData name="angle">97.8622154801215</SimpleData>
		<SimpleData name="KM">KM 40.9</SimpleData>
		<SimpleData name="Latitude">1.528</SimpleData>
		<SimpleData name="Longitude">103.955</SimpleData>
	</SchemaData></ExtendedData>
      <Point><coordinates>103.954881371909,1.52792844348616,0</coordinates></Point>
  </Placemark>
  <Placemark id="sde_hala_penawar__interpolated_points_sde_hala_penawar.401">
	<name>SDE HALA PENAWAR</name>
	<ExtendedData><SchemaData schemaUrl="#sde_hala_penawar__interpolated_points_sde_hala_penawar">
		<SimpleData name="id">interpolated_points_sde_hala_penawar.401</SimpleData>
		<SimpleData name="tessellate">-1</SimpleData>
		<SimpleData name="extrude">0</SimpleData>
		<SimpleData name="visibility">-1</SimpleData>
		<SimpleData name="fid">1</SimpleData>
		<SimpleData name="tessellate2">1</SimpleData>
		<SimpleData name="extrude2">0</SimpleData>
		<SimpleData name="visibility2">-1</SimpleData>
		<SimpleData name="distance">40000</SimpleData>
		<SimpleData name="angle">97.8765691070089</SimpleData>
		<SimpleData name="KM">KM 41.0</SimpleData>
		<SimpleData name="Latitude">1.528</SimpleData>
		<SimpleData name="Longitude">103.956</SimpleData>
	</SchemaData></ExtendedData>
      <Point><coordinates>103.955771803129,1.52780498686204,0</coordinates></Point>
  </Placemark>
  <Placemark id="sde_hala_penawar__interpolated_points_sde_hala_penawar.402">
	<name>SDE HALA PENAWAR</name>
	<ExtendedData><SchemaData schemaUrl="#sde_hala_penawar__interpolated_points_sde_hala_penawar">
		<SimpleData name="id">interpolated_points_sde_hala_penawar.402</SimpleData>
		<SimpleData name="tessellate">-1</SimpleData>
		<SimpleData name="extrude">0</SimpleData>
		<SimpleData name="visibility">-1</SimpleData>
		<SimpleData name="fid">1</SimpleData>
		<SimpleData name="tessellate2">1</SimpleData>
		<SimpleData name="extrude2">0</SimpleData>
		<SimpleData name="visibility2">-1</SimpleData>
		<SimpleData name="distance">40100</SimpleData>
		<SimpleData name="angle">97.8632770251145</SimpleData>
		<SimpleData name="KM">KM 41.1</SimpleData>
		<SimpleData name="Latitude">1.528</SimpleData>
		<SimpleData name="Longitude">103.957</SimpleData>
	</SchemaData></ExtendedData>
      <Point><coordinates>103.956661188287,1.52767467977375,0</coordinates></Point>
  </Placemark>
  <Placemark id="sde_hala_penawar__interpolated_points_sde_hala_penawar.403">
	<name>SDE HALA PENAWAR</name>
	<ExtendedData><SchemaData schemaUrl="#sde_hala_penawar__interpolated_points_sde_hala_penawar">
		<SimpleData name="id">interpolated_points_sde_hala_penawar.403</SimpleData>
		<SimpleData name="tessellate">-1</SimpleData>
		<SimpleData name="extrude">0</SimpleData>
		<SimpleData name="visibility">-1</SimpleData>
		<SimpleData name="fid">1</SimpleData>
		<SimpleData name="tessellate2">1</SimpleData>
		<SimpleData name="extrude2">0</SimpleData>
		<SimpleData name="visibility2">-1</SimpleData>
		<SimpleData name="distance">40200</SimpleData>
		<SimpleData name="angle">97.8632770251145</SimpleData>
		<SimpleData name="KM">KM 41.2</SimpleData>
		<SimpleData name="Latitude">1.528</SimpleData>
		<SimpleData name="Longitude">103.958</SimpleData>
	</SchemaData></ExtendedData>
      <Point><coordinates>103.957551638672,1.5275513601613,0</coordinates></Point>
  </Placemark>
  <Placemark id="sde_hala_penawar__interpolated_points_sde_hala_penawar.404">
	<name>SDE HALA PENAWAR</name>
	<ExtendedData><SchemaData schemaUrl="#sde_hala_penawar__interpolated_points_sde_hala_penawar">
		<SimpleData name="id">interpolated_points_sde_hala_penawar.404</SimpleData>
		<SimpleData name="tessellate">-1</SimpleData>
		<SimpleData name="extrude">0</SimpleData>
		<SimpleData name="visibility">-1</SimpleData>
		<SimpleData name="fid">1</SimpleData>
		<SimpleData name="tessellate2">1</SimpleData>
		<SimpleData name="extrude2">0</SimpleData>
		<SimpleData name="visibility2">-1</SimpleData>
		<SimpleData name="distance">40300</SimpleData>
		<SimpleData name="angle">97.8632770251145</SimpleData>
		<SimpleData name="KM">KM 41.3</SimpleData>
		<SimpleData name="Latitude">1.527</SimpleData>
		<SimpleData name="Longitude">103.958</SimpleData>
	</SchemaData></ExtendedData>
      <Point><coordinates>103.958442089203,1.52742804010716,0</coordinates></Point>
  </Placemark>
  <Placemark id="sde_hala_penawar__interpolated_points_sde_hala_penawar.405">
	<name>SDE HALA PENAWAR</name>
	<ExtendedData><SchemaData schemaUrl="#sde_hala_penawar__interpolated_points_sde_hala_penawar">
		<SimpleData name="id">interpolated_points_sde_hala_penawar.405</SimpleData>
		<SimpleData name="tessellate">-1</SimpleData>
		<SimpleData name="extrude">0</SimpleData>
		<SimpleData name="visibility">-1</SimpleData>
		<SimpleData name="fid">1</SimpleData>
		<SimpleData name="tessellate2">1</SimpleData>
		<SimpleData name="extrude2">0</SimpleData>
		<SimpleData name="visibility2">-1</SimpleData>
		<SimpleData name="distance">40400</SimpleData>
		<SimpleData name="angle">97.7012149916436</SimpleData>
		<SimpleData name="KM">KM 41.4</SimpleData>
		<SimpleData name="Latitude">1.527</SimpleData>
		<SimpleData name="Longitude">103.959</SimpleData>
	</SchemaData></ExtendedData>
      <Point><coordinates>103.959331293843,1.52729897712499,0</coordinates></Point>
  </Placemark>
  <Placemark id="sde_hala_penawar__interpolated_points_sde_hala_penawar.406">
	<name>SDE HALA PENAWAR</name>
	<ExtendedData><SchemaData schemaUrl="#sde_hala_penawar__interpolated_points_sde_hala_penawar">
		<SimpleData name="id">interpolated_points_sde_hala_penawar.406</SimpleData>
		<SimpleData name="tessellate">-1</SimpleData>
		<SimpleData name="extrude">0</SimpleData>
		<SimpleData name="visibility">-1</SimpleData>
		<SimpleData name="fid">1</SimpleData>
		<SimpleData name="tessellate2">1</SimpleData>
		<SimpleData name="extrude2">0</SimpleData>
		<SimpleData name="visibility2">-1</SimpleData>
		<SimpleData name="distance">40500</SimpleData>
		<SimpleData name="angle">98.0530059057686</SimpleData>
		<SimpleData name="KM">KM 41.5</SimpleData>
		<SimpleData name="Latitude">1.527</SimpleData>
		<SimpleData name="Longitude">103.960</SimpleData>
	</SchemaData></ExtendedData>
      <Point><coordinates>103.960221862357,1.52717723644311,0</coordinates></Point>
  </Placemark>
  <Placemark id="sde_hala_penawar__interpolated_points_sde_hala_penawar.407">
	<name>SDE HALA PENAWAR</name>
	<ExtendedData><SchemaData schemaUrl="#sde_hala_penawar__interpolated_points_sde_hala_penawar">
		<SimpleData name="id">interpolated_points_sde_hala_penawar.407</SimpleData>
		<SimpleData name="tessellate">-1</SimpleData>
		<SimpleData name="extrude">0</SimpleData>
		<SimpleData name="visibility">-1</SimpleData>
		<SimpleData name="fid">1</SimpleData>
		<SimpleData name="tessellate2">1</SimpleData>
		<SimpleData name="extrude2">0</SimpleData>
		<SimpleData name="visibility2">-1</SimpleData>
		<SimpleData name="distance">40600</SimpleData>
		<SimpleData name="angle">98.0530059057686</SimpleData>
		<SimpleData name="KM">KM 41.6</SimpleData>
		<SimpleData name="Latitude">1.527</SimpleData>
		<SimpleData name="Longitude">103.961</SimpleData>
	</SchemaData></ExtendedData>
      <Point><coordinates>103.961111902666,1.52705094830743,0</coordinates></Point>
  </Placemark>
  <Placemark id="sde_hala_penawar__interpolated_points_sde_hala_penawar.408">
	<name>SDE HALA PENAWAR</name>
	<ExtendedData><SchemaData schemaUrl="#sde_hala_penawar__interpolated_points_sde_hala_penawar">
		<SimpleData name="id">interpolated_points_sde_hala_penawar.408</SimpleData>
		<SimpleData name="tessellate">-1</SimpleData>
		<SimpleData name="extrude">0</SimpleData>
		<SimpleData name="visibility">-1</SimpleData>
		<SimpleData name="fid">1</SimpleData>
		<SimpleData name="tessellate2">1</SimpleData>
		<SimpleData name="extrude2">0</SimpleData>
		<SimpleData name="visibility2">-1</SimpleData>
		<SimpleData name="distance">40700</SimpleData>
		<SimpleData name="angle">98.0530059057686</SimpleData>
		<SimpleData name="KM">KM 41.7</SimpleData>
		<SimpleData name="Latitude">1.527</SimpleData>
		<SimpleData name="Longitude">103.962</SimpleData>
	</SchemaData></ExtendedData>
      <Point><coordinates>103.962001943118,1.52692465972911,0</coordinates></Point>
  </Placemark>
  <Placemark id="sde_hala_penawar__interpolated_points_sde_hala_penawar.409">
	<name>SDE HALA PENAWAR</name>
	<ExtendedData><SchemaData schemaUrl="#sde_hala_penawar__interpolated_points_sde_hala_penawar">
		<SimpleData name="id">interpolated_points_sde_hala_penawar.409</SimpleData>
		<SimpleData name="tessellate">-1</SimpleData>
		<SimpleData name="extrude">0</SimpleData>
		<SimpleData name="visibility">-1</SimpleData>
		<SimpleData name="fid">1</SimpleData>
		<SimpleData name="tessellate2">1</SimpleData>
		<SimpleData name="extrude2">0</SimpleData>
		<SimpleData name="visibility2">-1</SimpleData>
		<SimpleData name="distance">40800</SimpleData>
		<SimpleData name="angle">98.0530059057686</SimpleData>
		<SimpleData name="KM">KM 41.8</SimpleData>
		<SimpleData name="Latitude">1.527</SimpleData>
		<SimpleData name="Longitude">103.963</SimpleData>
	</SchemaData></ExtendedData>
      <Point><coordinates>103.962891983713,1.52679837070823,0</coordinates></Point>
  </Placemark>
  <Placemark id="sde_hala_penawar__interpolated_points_sde_hala_penawar.410">
	<name>SDE HALA PENAWAR</name>
	<ExtendedData><SchemaData schemaUrl="#sde_hala_penawar__interpolated_points_sde_hala_penawar">
		<SimpleData name="id">interpolated_points_sde_hala_penawar.410</SimpleData>
		<SimpleData name="tessellate">-1</SimpleData>
		<SimpleData name="extrude">0</SimpleData>
		<SimpleData name="visibility">-1</SimpleData>
		<SimpleData name="fid">1</SimpleData>
		<SimpleData name="tessellate2">1</SimpleData>
		<SimpleData name="extrude2">0</SimpleData>
		<SimpleData name="visibility2">-1</SimpleData>
		<SimpleData name="distance">40900</SimpleData>
		<SimpleData name="angle">98.0530059057686</SimpleData>
		<SimpleData name="KM">KM 41.9</SimpleData>
		<SimpleData name="Latitude">1.527</SimpleData>
		<SimpleData name="Longitude">103.964</SimpleData>
	</SchemaData></ExtendedData>
      <Point><coordinates>103.963782024451,1.52667208124489,0</coordinates></Point>
  </Placemark>
  <Placemark id="sde_hala_penawar__interpolated_points_sde_hala_penawar.411">
	<name>SDE HALA PENAWAR</name>
	<ExtendedData><SchemaData schemaUrl="#sde_hala_penawar__interpolated_points_sde_hala_penawar">
		<SimpleData name="id">interpolated_points_sde_hala_penawar.411</SimpleData>
		<SimpleData name="tessellate">-1</SimpleData>
		<SimpleData name="extrude">0</SimpleData>
		<SimpleData name="visibility">-1</SimpleData>
		<SimpleData name="fid">1</SimpleData>
		<SimpleData name="tessellate2">1</SimpleData>
		<SimpleData name="extrude2">0</SimpleData>
		<SimpleData name="visibility2">-1</SimpleData>
		<SimpleData name="distance">41000</SimpleData>
		<SimpleData name="angle">98.0530059057686</SimpleData>
		<SimpleData name="KM">KM 42.0</SimpleData>
		<SimpleData name="Latitude">1.527</SimpleData>
		<SimpleData name="Longitude">103.965</SimpleData>
	</SchemaData></ExtendedData>
      <Point><coordinates>103.964672065332,1.52654579133917,0</coordinates></Point>
  </Placemark>
  <Placemark id="sde_hala_penawar__interpolated_points_sde_hala_penawar.412">
	<name>SDE HALA PENAWAR</name>
	<ExtendedData><SchemaData schemaUrl="#sde_hala_penawar__interpolated_points_sde_hala_penawar">
		<SimpleData name="id">interpolated_points_sde_hala_penawar.412</SimpleData>
		<SimpleData name="tessellate">-1</SimpleData>
		<SimpleData name="extrude">0</SimpleData>
		<SimpleData name="visibility">-1</SimpleData>
		<SimpleData name="fid">1</SimpleData>
		<SimpleData name="tessellate2">1</SimpleData>
		<SimpleData name="extrude2">0</SimpleData>
		<SimpleData name="visibility2">-1</SimpleData>
		<SimpleData name="distance">41100</SimpleData>
		<SimpleData name="angle">98.0530059057686</SimpleData>
		<SimpleData name="KM">KM 42.1</SimpleData>
		<SimpleData name="Latitude">1.526</SimpleData>
		<SimpleData name="Longitude">103.966</SimpleData>
	</SchemaData></ExtendedData>
      <Point><coordinates>103.965562106355,1.52641950099118,0</coordinates></Point>
  </Placemark>
  <Placemark id="sde_hala_penawar__interpolated_points_sde_hala_penawar.413">
	<name>SDE HALA PENAWAR</name>
	<ExtendedData><SchemaData schemaUrl="#sde_hala_penawar__interpolated_points_sde_hala_penawar">
		<SimpleData name="id">interpolated_points_sde_hala_penawar.413</SimpleData>
		<SimpleData name="tessellate">-1</SimpleData>
		<SimpleData name="extrude">0</SimpleData>
		<SimpleData name="visibility">-1</SimpleData>
		<SimpleData name="fid">1</SimpleData>
		<SimpleData name="tessellate2">1</SimpleData>
		<SimpleData name="extrude2">0</SimpleData>
		<SimpleData name="visibility2">-1</SimpleData>
		<SimpleData name="distance">41200</SimpleData>
		<SimpleData name="angle">98.0530059057686</SimpleData>
		<SimpleData name="KM">KM 42.2</SimpleData>
		<SimpleData name="Latitude">1.526</SimpleData>
		<SimpleData name="Longitude">103.966</SimpleData>
	</SchemaData></ExtendedData>
      <Point><coordinates>103.966452147521,1.526293210201,0</coordinates></Point>
  </Placemark>
  <Placemark id="sde_hala_penawar__interpolated_points_sde_hala_penawar.414">
	<name>SDE HALA PENAWAR</name>
	<ExtendedData><SchemaData schemaUrl="#sde_hala_penawar__interpolated_points_sde_hala_penawar">
		<SimpleData name="id">interpolated_points_sde_hala_penawar.414</SimpleData>
		<SimpleData name="tessellate">-1</SimpleData>
		<SimpleData name="extrude">0</SimpleData>
		<SimpleData name="visibility">-1</SimpleData>
		<SimpleData name="fid">1</SimpleData>
		<SimpleData name="tessellate2">1</SimpleData>
		<SimpleData name="extrude2">0</SimpleData>
		<SimpleData name="visibility2">-1</SimpleData>
		<SimpleData name="distance">41300</SimpleData>
		<SimpleData name="angle">97.2460361960078</SimpleData>
		<SimpleData name="KM">KM 42.3</SimpleData>
		<SimpleData name="Latitude">1.526</SimpleData>
		<SimpleData name="Longitude">103.967</SimpleData>
	</SchemaData></ExtendedData>
      <Point><coordinates>103.967342362748,1.52616822691681,0</coordinates></Point>
  </Placemark>
  <Placemark id="sde_hala_penawar__interpolated_points_sde_hala_penawar.415">
	<name>SDE HALA PENAWAR</name>
	<ExtendedData><SchemaData schemaUrl="#sde_hala_penawar__interpolated_points_sde_hala_penawar">
		<SimpleData name="id">interpolated_points_sde_hala_penawar.415</SimpleData>
		<SimpleData name="tessellate">-1</SimpleData>
		<SimpleData name="extrude">0</SimpleData>
		<SimpleData name="visibility">-1</SimpleData>
		<SimpleData name="fid">1</SimpleData>
		<SimpleData name="tessellate2">1</SimpleData>
		<SimpleData name="extrude2">0</SimpleData>
		<SimpleData name="visibility2">-1</SimpleData>
		<SimpleData name="distance">41400</SimpleData>
		<SimpleData name="angle">96.1147957554134</SimpleData>
		<SimpleData name="KM">KM 42.4</SimpleData>
		<SimpleData name="Latitude">1.526</SimpleData>
		<SimpleData name="Longitude">103.968</SimpleData>
	</SchemaData></ExtendedData>
      <Point><coordinates>103.968234832854,1.52606102988588,0</coordinates></Point>
  </Placemark>
  <Placemark id="sde_hala_penawar__interpolated_points_sde_hala_penawar.416">
	<name>SDE HALA PENAWAR</name>
	<ExtendedData><SchemaData schemaUrl="#sde_hala_penawar__interpolated_points_sde_hala_penawar">
		<SimpleData name="id">interpolated_points_sde_hala_penawar.416</SimpleData>
		<SimpleData name="tessellate">-1</SimpleData>
		<SimpleData name="extrude">0</SimpleData>
		<SimpleData name="visibility">-1</SimpleData>
		<SimpleData name="fid">1</SimpleData>
		<SimpleData name="tessellate2">1</SimpleData>
		<SimpleData name="extrude2">0</SimpleData>
		<SimpleData name="visibility2">-1</SimpleData>
		<SimpleData name="distance">41500</SimpleData>
		<SimpleData name="angle">93.8684954310105</SimpleData>
		<SimpleData name="KM">KM 42.5</SimpleData>
		<SimpleData name="Latitude">1.526</SimpleData>
		<SimpleData name="Longitude">103.969</SimpleData>
	</SchemaData></ExtendedData>
      <Point><coordinates>103.96913122778,1.52600153869666,0</coordinates></Point>
  </Placemark>
  <Placemark id="sde_hala_penawar__interpolated_points_sde_hala_penawar.417">
	<name>SDE HALA PENAWAR</name>
	<ExtendedData><SchemaData schemaUrl="#sde_hala_penawar__interpolated_points_sde_hala_penawar">
		<SimpleData name="id">interpolated_points_sde_hala_penawar.417</SimpleData>
		<SimpleData name="tessellate">-1</SimpleData>
		<SimpleData name="extrude">0</SimpleData>
		<SimpleData name="visibility">-1</SimpleData>
		<SimpleData name="fid">1</SimpleData>
		<SimpleData name="tessellate2">1</SimpleData>
		<SimpleData name="extrude2">0</SimpleData>
		<SimpleData name="visibility2">-1</SimpleData>
		<SimpleData name="distance">41600</SimpleData>
		<SimpleData name="angle">90.9239353476479</SimpleData>
		<SimpleData name="KM">KM 42.6</SimpleData>
		<SimpleData name="Latitude">1.526</SimpleData>
		<SimpleData name="Longitude">103.970</SimpleData>
	</SchemaData></ExtendedData>
      <Point><coordinates>103.970028601779,1.5259530141538,0</coordinates></Point>
  </Placemark>
  <Placemark id="sde_hala_penawar__interpolated_points_sde_hala_penawar.418">
	<name>SDE HALA PENAWAR</name>
	<ExtendedData><SchemaData schemaUrl="#sde_hala_penawar__interpolated_points_sde_hala_penawar">
		<SimpleData name="id">interpolated_points_sde_hala_penawar.418</SimpleData>
		<SimpleData name="tessellate">-1</SimpleData>
		<SimpleData name="extrude">0</SimpleData>
		<SimpleData name="visibility">-1</SimpleData>
		<SimpleData name="fid">1</SimpleData>
		<SimpleData name="tessellate2">1</SimpleData>
		<SimpleData name="extrude2">0</SimpleData>
		<SimpleData name="visibility2">-1</SimpleData>
		<SimpleData name="distance">41700</SimpleData>
		<SimpleData name="angle">90.4687383521285</SimpleData>
		<SimpleData name="KM">KM 42.7</SimpleData>
		<SimpleData name="Latitude">1.526</SimpleData>
		<SimpleData name="Longitude">103.971</SimpleData>
	</SchemaData></ExtendedData>
      <Point><coordinates>103.970927402796,1.52594451635433,0</coordinates></Point>
  </Placemark>
  <Placemark id="sde_hala_penawar__interpolated_points_sde_hala_penawar.419">
	<name>SDE HALA PENAWAR</name>
	<ExtendedData><SchemaData schemaUrl="#sde_hala_penawar__interpolated_points_sde_hala_penawar">
		<SimpleData name="id">interpolated_points_sde_hala_penawar.419</SimpleData>
		<SimpleData name="tessellate">-1</SimpleData>
		<SimpleData name="extrude">0</SimpleData>
		<SimpleData name="visibility">-1</SimpleData>
		<SimpleData name="fid">1</SimpleData>
		<SimpleData name="tessellate2">1</SimpleData>
		<SimpleData name="extrude2">0</SimpleData>
		<SimpleData name="visibility2">-1</SimpleData>
		<SimpleData name="distance">41800</SimpleData>
		<SimpleData name="angle">88.0069285178331</SimpleData>
		<SimpleData name="KM">KM 42.8</SimpleData>
		<SimpleData name="Latitude">1.526</SimpleData>
		<SimpleData name="Longitude">103.972</SimpleData>
	</SchemaData></ExtendedData>
      <Point><coordinates>103.971826034599,1.52595122026268,0</coordinates></Point>
  </Placemark>
  <Placemark id="sde_hala_penawar__interpolated_points_sde_hala_penawar.420">
	<name>SDE HALA PENAWAR</name>
	<ExtendedData><SchemaData schemaUrl="#sde_hala_penawar__interpolated_points_sde_hala_penawar">
		<SimpleData name="id">interpolated_points_sde_hala_penawar.420</SimpleData>
		<SimpleData name="tessellate">-1</SimpleData>
		<SimpleData name="extrude">0</SimpleData>
		<SimpleData name="visibility">-1</SimpleData>
		<SimpleData name="fid">1</SimpleData>
		<SimpleData name="tessellate2">1</SimpleData>
		<SimpleData name="extrude2">0</SimpleData>
		<SimpleData name="visibility2">-1</SimpleData>
		<SimpleData name="distance">41900</SimpleData>
		<SimpleData name="angle">88.0069285178331</SimpleData>
		<SimpleData name="KM">KM 42.9</SimpleData>
		<SimpleData name="Latitude">1.526</SimpleData>
		<SimpleData name="Longitude">103.973</SimpleData>
	</SchemaData></ExtendedData>
      <Point><coordinates>103.972724321748,1.52598311214698,0</coordinates></Point>
  </Placemark>
  <Placemark id="sde_hala_penawar__interpolated_points_sde_hala_penawar.421">
	<name>SDE HALA PENAWAR</name>
	<ExtendedData><SchemaData schemaUrl="#sde_hala_penawar__interpolated_points_sde_hala_penawar">
		<SimpleData name="id">interpolated_points_sde_hala_penawar.421</SimpleData>
		<SimpleData name="tessellate">-1</SimpleData>
		<SimpleData name="extrude">0</SimpleData>
		<SimpleData name="visibility">-1</SimpleData>
		<SimpleData name="fid">1</SimpleData>
		<SimpleData name="tessellate2">1</SimpleData>
		<SimpleData name="extrude2">0</SimpleData>
		<SimpleData name="visibility2">-1</SimpleData>
		<SimpleData name="distance">42000</SimpleData>
		<SimpleData name="angle">88.2556818590963</SimpleData>
		<SimpleData name="KM">KM 43.0</SimpleData>
		<SimpleData name="Latitude">1.526</SimpleData>
		<SimpleData name="Longitude">103.974</SimpleData>
	</SchemaData></ExtendedData>
      <Point><coordinates>103.973622669921,1.52601315704921,0</coordinates></Point>
  </Placemark>
  <Placemark id="sde_hala_penawar__interpolated_points_sde_hala_penawar.422">
	<name>SDE HALA PENAWAR</name>
	<ExtendedData><SchemaData schemaUrl="#sde_hala_penawar__interpolated_points_sde_hala_penawar">
		<SimpleData name="id">interpolated_points_sde_hala_penawar.422</SimpleData>
		<SimpleData name="tessellate">-1</SimpleData>
		<SimpleData name="extrude">0</SimpleData>
		<SimpleData name="visibility">-1</SimpleData>
		<SimpleData name="fid">1</SimpleData>
		<SimpleData name="tessellate2">1</SimpleData>
		<SimpleData name="extrude2">0</SimpleData>
		<SimpleData name="visibility2">-1</SimpleData>
		<SimpleData name="distance">42100</SimpleData>
		<SimpleData name="angle">87.3313897137632</SimpleData>
		<SimpleData name="KM">KM 43.1</SimpleData>
		<SimpleData name="Latitude">1.526</SimpleData>
		<SimpleData name="Longitude">103.975</SimpleData>
	</SchemaData></ExtendedData>
      <Point><coordinates>103.974520579032,1.52605422215473,0</coordinates></Point>
  </Placemark>
  <Placemark id="sde_hala_penawar__interpolated_points_sde_hala_penawar.423">
	<name>SDE HALA PENAWAR</name>
	<ExtendedData><SchemaData schemaUrl="#sde_hala_penawar__interpolated_points_sde_hala_penawar">
		<SimpleData name="id">interpolated_points_sde_hala_penawar.423</SimpleData>
		<SimpleData name="tessellate">-1</SimpleData>
		<SimpleData name="extrude">0</SimpleData>
		<SimpleData name="visibility">-1</SimpleData>
		<SimpleData name="fid">1</SimpleData>
		<SimpleData name="tessellate2">1</SimpleData>
		<SimpleData name="extrude2">0</SimpleData>
		<SimpleData name="visibility2">-1</SimpleData>
		<SimpleData name="distance">42200</SimpleData>
		<SimpleData name="angle">87.3313897137632</SimpleData>
		<SimpleData name="KM">KM 43.2</SimpleData>
		<SimpleData name="Latitude">1.526</SimpleData>
		<SimpleData name="Longitude">103.975</SimpleData>
	</SchemaData></ExtendedData>
      <Point><coordinates>103.975418430977,1.52609676920066,0</coordinates></Point>
  </Placemark>
  <Placemark id="sde_hala_penawar__interpolated_points_sde_hala_penawar.424">
	<name>SDE HALA PENAWAR</name>
	<ExtendedData><SchemaData schemaUrl="#sde_hala_penawar__interpolated_points_sde_hala_penawar">
		<SimpleData name="id">interpolated_points_sde_hala_penawar.424</SimpleData>
		<SimpleData name="tessellate">-1</SimpleData>
		<SimpleData name="extrude">0</SimpleData>
		<SimpleData name="visibility">-1</SimpleData>
		<SimpleData name="fid">1</SimpleData>
		<SimpleData name="tessellate2">1</SimpleData>
		<SimpleData name="extrude2">0</SimpleData>
		<SimpleData name="visibility2">-1</SimpleData>
		<SimpleData name="distance">42300</SimpleData>
		<SimpleData name="angle">86.2508571540768</SimpleData>
		<SimpleData name="KM">KM 43.3</SimpleData>
		<SimpleData name="Latitude">1.526</SimpleData>
		<SimpleData name="Longitude">103.976</SimpleData>
	</SchemaData></ExtendedData>
      <Point><coordinates>103.97631614116,1.52614184421907,0</coordinates></Point>
  </Placemark>
  <Placemark id="sde_hala_penawar__interpolated_points_sde_hala_penawar.425">
	<name>SDE HALA PENAWAR</name>
	<ExtendedData><SchemaData schemaUrl="#sde_hala_penawar__interpolated_points_sde_hala_penawar">
		<SimpleData name="id">interpolated_points_sde_hala_penawar.425</SimpleData>
		<SimpleData name="tessellate">-1</SimpleData>
		<SimpleData name="extrude">0</SimpleData>
		<SimpleData name="visibility">-1</SimpleData>
		<SimpleData name="fid">1</SimpleData>
		<SimpleData name="tessellate2">1</SimpleData>
		<SimpleData name="extrude2">0</SimpleData>
		<SimpleData name="visibility2">-1</SimpleData>
		<SimpleData name="distance">42400</SimpleData>
		<SimpleData name="angle">86.0924561398355</SimpleData>
		<SimpleData name="KM">KM 43.4</SimpleData>
		<SimpleData name="Latitude">1.526</SimpleData>
		<SimpleData name="Longitude">103.977</SimpleData>
	</SchemaData></ExtendedData>
      <Point><coordinates>103.977212948655,1.52620273842656,0</coordinates></Point>
  </Placemark>
  <Placemark id="sde_hala_penawar__interpolated_points_sde_hala_penawar.426">
	<name>SDE HALA PENAWAR</name>
	<ExtendedData><SchemaData schemaUrl="#sde_hala_penawar__interpolated_points_sde_hala_penawar">
		<SimpleData name="id">interpolated_points_sde_hala_penawar.426</SimpleData>
		<SimpleData name="tessellate">-1</SimpleData>
		<SimpleData name="extrude">0</SimpleData>
		<SimpleData name="visibility">-1</SimpleData>
		<SimpleData name="fid">1</SimpleData>
		<SimpleData name="tessellate2">1</SimpleData>
		<SimpleData name="extrude2">0</SimpleData>
		<SimpleData name="visibility2">-1</SimpleData>
		<SimpleData name="distance">42500</SimpleData>
		<SimpleData name="angle">86.0924561398355</SimpleData>
		<SimpleData name="KM">KM 43.5</SimpleData>
		<SimpleData name="Latitude">1.526</SimpleData>
		<SimpleData name="Longitude">103.978</SimpleData>
	</SchemaData></ExtendedData>
      <Point><coordinates>103.978109677486,1.52626481146504,0</coordinates></Point>
  </Placemark>
  <Placemark id="sde_hala_penawar__interpolated_points_sde_hala_penawar.427">
	<name>SDE HALA PENAWAR</name>
	<ExtendedData><SchemaData schemaUrl="#sde_hala_penawar__interpolated_points_sde_hala_penawar">
		<SimpleData name="id">interpolated_points_sde_hala_penawar.427</SimpleData>
		<SimpleData name="tessellate">-1</SimpleData>
		<SimpleData name="extrude">0</SimpleData>
		<SimpleData name="visibility">-1</SimpleData>
		<SimpleData name="fid">1</SimpleData>
		<SimpleData name="tessellate2">1</SimpleData>
		<SimpleData name="extrude2">0</SimpleData>
		<SimpleData name="visibility2">-1</SimpleData>
		<SimpleData name="distance">42600</SimpleData>
		<SimpleData name="angle">86.0924561398355</SimpleData>
		<SimpleData name="KM">KM 43.6</SimpleData>
		<SimpleData name="Latitude">1.526</SimpleData>
		<SimpleData name="Longitude">103.979</SimpleData>
	</SchemaData></ExtendedData>
      <Point><coordinates>103.979006406619,1.52632688416203,0</coordinates></Point>
  </Placemark>
  <Placemark id="sde_hala_penawar__interpolated_points_sde_hala_penawar.428">
	<name>SDE HALA PENAWAR</name>
	<ExtendedData><SchemaData schemaUrl="#sde_hala_penawar__interpolated_points_sde_hala_penawar">
		<SimpleData name="id">interpolated_points_sde_hala_penawar.428</SimpleData>
		<SimpleData name="tessellate">-1</SimpleData>
		<SimpleData name="extrude">0</SimpleData>
		<SimpleData name="visibility">-1</SimpleData>
		<SimpleData name="fid">1</SimpleData>
		<SimpleData name="tessellate2">1</SimpleData>
		<SimpleData name="extrude2">0</SimpleData>
		<SimpleData name="visibility2">-1</SimpleData>
		<SimpleData name="distance">42700</SimpleData>
		<SimpleData name="angle">86.0924561398355</SimpleData>
		<SimpleData name="KM">KM 43.7</SimpleData>
		<SimpleData name="Latitude">1.526</SimpleData>
		<SimpleData name="Longitude">103.980</SimpleData>
	</SchemaData></ExtendedData>
      <Point><coordinates>103.979903136054,1.52638895651749,0</coordinates></Point>
  </Placemark>
  <Placemark id="sde_hala_penawar__interpolated_points_sde_hala_penawar.429">
	<name>SDE HALA PENAWAR</name>
	<ExtendedData><SchemaData schemaUrl="#sde_hala_penawar__interpolated_points_sde_hala_penawar">
		<SimpleData name="id">interpolated_points_sde_hala_penawar.429</SimpleData>
		<SimpleData name="tessellate">-1</SimpleData>
		<SimpleData name="extrude">0</SimpleData>
		<SimpleData name="visibility">-1</SimpleData>
		<SimpleData name="fid">1</SimpleData>
		<SimpleData name="tessellate2">1</SimpleData>
		<SimpleData name="extrude2">0</SimpleData>
		<SimpleData name="visibility2">-1</SimpleData>
		<SimpleData name="distance">42800</SimpleData>
		<SimpleData name="angle">86.0924561398355</SimpleData>
		<SimpleData name="KM">KM 43.8</SimpleData>
		<SimpleData name="Latitude">1.526</SimpleData>
		<SimpleData name="Longitude">103.981</SimpleData>
	</SchemaData></ExtendedData>
      <Point><coordinates>103.98079986579,1.52645102853137,0</coordinates></Point>
  </Placemark>
  <Placemark id="sde_hala_penawar__interpolated_points_sde_hala_penawar.430">
	<name>SDE HALA PENAWAR</name>
	<ExtendedData><SchemaData schemaUrl="#sde_hala_penawar__interpolated_points_sde_hala_penawar">
		<SimpleData name="id">interpolated_points_sde_hala_penawar.430</SimpleData>
		<SimpleData name="tessellate">-1</SimpleData>
		<SimpleData name="extrude">0</SimpleData>
		<SimpleData name="visibility">-1</SimpleData>
		<SimpleData name="fid">1</SimpleData>
		<SimpleData name="tessellate2">1</SimpleData>
		<SimpleData name="extrude2">0</SimpleData>
		<SimpleData name="visibility2">-1</SimpleData>
		<SimpleData name="distance">42900</SimpleData>
		<SimpleData name="angle">86.0924561398355</SimpleData>
		<SimpleData name="KM">KM 43.9</SimpleData>
		<SimpleData name="Latitude">1.527</SimpleData>
		<SimpleData name="Longitude">103.982</SimpleData>
	</SchemaData></ExtendedData>
      <Point><coordinates>103.981696595828,1.52651310020362,0</coordinates></Point>
  </Placemark>
  <Placemark id="sde_hala_penawar__interpolated_points_sde_hala_penawar.431">
	<name>SDE HALA PENAWAR</name>
	<ExtendedData><SchemaData schemaUrl="#sde_hala_penawar__interpolated_points_sde_hala_penawar">
		<SimpleData name="id">interpolated_points_sde_hala_penawar.431</SimpleData>
		<SimpleData name="tessellate">-1</SimpleData>
		<SimpleData name="extrude">0</SimpleData>
		<SimpleData name="visibility">-1</SimpleData>
		<SimpleData name="fid">1</SimpleData>
		<SimpleData name="tessellate2">1</SimpleData>
		<SimpleData name="extrude2">0</SimpleData>
		<SimpleData name="visibility2">-1</SimpleData>
		<SimpleData name="distance">43000</SimpleData>
		<SimpleData name="angle">86.0924561398355</SimpleData>
		<SimpleData name="KM">KM 44.0</SimpleData>
		<SimpleData name="Latitude">1.527</SimpleData>
		<SimpleData name="Longitude">103.983</SimpleData>
	</SchemaData></ExtendedData>
      <Point><coordinates>103.982593326167,1.5265751715342,0</coordinates></Point>
  </Placemark>
  <Placemark id="sde_hala_penawar__interpolated_points_sde_hala_penawar.432">
	<name>SDE HALA PENAWAR</name>
	<ExtendedData><SchemaData schemaUrl="#sde_hala_penawar__interpolated_points_sde_hala_penawar">
		<SimpleData name="id">interpolated_points_sde_hala_penawar.432</SimpleData>
		<SimpleData name="tessellate">-1</SimpleData>
		<SimpleData name="extrude">0</SimpleData>
		<SimpleData name="visibility">-1</SimpleData>
		<SimpleData name="fid">1</SimpleData>
		<SimpleData name="tessellate2">1</SimpleData>
		<SimpleData name="extrude2">0</SimpleData>
		<SimpleData name="visibility2">-1</SimpleData>
		<SimpleData name="distance">43100</SimpleData>
		<SimpleData name="angle">86.0924561398355</SimpleData>
		<SimpleData name="KM">KM 44.1</SimpleData>
		<SimpleData name="Latitude">1.527</SimpleData>
		<SimpleData name="Longitude">103.983</SimpleData>
	</SchemaData></ExtendedData>
      <Point><coordinates>103.983490056807,1.52663724252305,0</coordinates></Point>
  </Placemark>
  <Placemark id="sde_hala_penawar__interpolated_points_sde_hala_penawar.433">
	<name>SDE HALA PENAWAR</name>
	<ExtendedData><SchemaData schemaUrl="#sde_hala_penawar__interpolated_points_sde_hala_penawar">
		<SimpleData name="id">interpolated_points_sde_hala_penawar.433</SimpleData>
		<SimpleData name="tessellate">-1</SimpleData>
		<SimpleData name="extrude">0</SimpleData>
		<SimpleData name="visibility">-1</SimpleData>
		<SimpleData name="fid">1</SimpleData>
		<SimpleData name="tessellate2">1</SimpleData>
		<SimpleData name="extrude2">0</SimpleData>
		<SimpleData name="visibility2">-1</SimpleData>
		<SimpleData name="distance">43200</SimpleData>
		<SimpleData name="angle">85.934770128325</SimpleData>
		<SimpleData name="KM">KM 44.2</SimpleData>
		<SimpleData name="Latitude">1.527</SimpleData>
		<SimpleData name="Longitude">103.984</SimpleData>
	</SchemaData></ExtendedData>
      <Point><coordinates>103.984386677403,1.52670088225253,0</coordinates></Point>
  </Placemark>
  <Placemark id="sde_hala_penawar__interpolated_points_sde_hala_penawar.434">
	<name>SDE HALA PENAWAR</name>
	<ExtendedData><SchemaData schemaUrl="#sde_hala_penawar__interpolated_points_sde_hala_penawar">
		<SimpleData name="id">interpolated_points_sde_hala_penawar.434</SimpleData>
		<SimpleData name="tessellate">-1</SimpleData>
		<SimpleData name="extrude">0</SimpleData>
		<SimpleData name="visibility">-1</SimpleData>
		<SimpleData name="fid">1</SimpleData>
		<SimpleData name="tessellate2">1</SimpleData>
		<SimpleData name="extrude2">0</SimpleData>
		<SimpleData name="visibility2">-1</SimpleData>
		<SimpleData name="distance">43300</SimpleData>
		<SimpleData name="angle">85.934770128325</SimpleData>
		<SimpleData name="KM">KM 44.3</SimpleData>
		<SimpleData name="Latitude">1.527</SimpleData>
		<SimpleData name="Longitude">103.985</SimpleData>
	</SchemaData></ExtendedData>
      <Point><coordinates>103.985283235506,1.52676543598925,0</coordinates></Point>
  </Placemark>
  <Placemark id="sde_hala_penawar__interpolated_points_sde_hala_penawar.435">
	<name>SDE HALA PENAWAR</name>
	<ExtendedData><SchemaData schemaUrl="#sde_hala_penawar__interpolated_points_sde_hala_penawar">
		<SimpleData name="id">interpolated_points_sde_hala_penawar.435</SimpleData>
		<SimpleData name="tessellate">-1</SimpleData>
		<SimpleData name="extrude">0</SimpleData>
		<SimpleData name="visibility">-1</SimpleData>
		<SimpleData name="fid">1</SimpleData>
		<SimpleData name="tessellate2">1</SimpleData>
		<SimpleData name="extrude2">0</SimpleData>
		<SimpleData name="visibility2">-1</SimpleData>
		<SimpleData name="distance">43400</SimpleData>
		<SimpleData name="angle">85.934770128325</SimpleData>
		<SimpleData name="KM">KM 44.4</SimpleData>
		<SimpleData name="Latitude">1.527</SimpleData>
		<SimpleData name="Longitude">103.986</SimpleData>
	</SchemaData></ExtendedData>
      <Point><coordinates>103.986179793911,1.52682998938564,0</coordinates></Point>
  </Placemark>
  <Placemark id="sde_hala_penawar__interpolated_points_sde_hala_penawar.436">
	<name>SDE HALA PENAWAR</name>
	<ExtendedData><SchemaData schemaUrl="#sde_hala_penawar__interpolated_points_sde_hala_penawar">
		<SimpleData name="id">interpolated_points_sde_hala_penawar.436</SimpleData>
		<SimpleData name="tessellate">-1</SimpleData>
		<SimpleData name="extrude">0</SimpleData>
		<SimpleData name="visibility">-1</SimpleData>
		<SimpleData name="fid">1</SimpleData>
		<SimpleData name="tessellate2">1</SimpleData>
		<SimpleData name="extrude2">0</SimpleData>
		<SimpleData name="visibility2">-1</SimpleData>
		<SimpleData name="distance">43500</SimpleData>
		<SimpleData name="angle">85.934770128325</SimpleData>
		<SimpleData name="KM">KM 44.5</SimpleData>
		<SimpleData name="Latitude">1.527</SimpleData>
		<SimpleData name="Longitude">103.987</SimpleData>
	</SchemaData></ExtendedData>
      <Point><coordinates>103.987076352619,1.52689454244163,0</coordinates></Point>
  </Placemark>
  <Placemark id="sde_hala_penawar__interpolated_points_sde_hala_penawar.437">
	<name>SDE HALA PENAWAR</name>
	<ExtendedData><SchemaData schemaUrl="#sde_hala_penawar__interpolated_points_sde_hala_penawar">
		<SimpleData name="id">interpolated_points_sde_hala_penawar.437</SimpleData>
		<SimpleData name="tessellate">-1</SimpleData>
		<SimpleData name="extrude">0</SimpleData>
		<SimpleData name="visibility">-1</SimpleData>
		<SimpleData name="fid">1</SimpleData>
		<SimpleData name="tessellate2">1</SimpleData>
		<SimpleData name="extrude2">0</SimpleData>
		<SimpleData name="visibility2">-1</SimpleData>
		<SimpleData name="distance">43600</SimpleData>
		<SimpleData name="angle">85.934770128325</SimpleData>
		<SimpleData name="KM">KM 44.6</SimpleData>
		<SimpleData name="Latitude">1.527</SimpleData>
		<SimpleData name="Longitude">103.988</SimpleData>
	</SchemaData></ExtendedData>
      <Point><coordinates>103.987972911628,1.5269590951572,0</coordinates></Point>
  </Placemark>
  <Placemark id="sde_hala_penawar__interpolated_points_sde_hala_penawar.438">
	<name>SDE HALA PENAWAR</name>
	<ExtendedData><SchemaData schemaUrl="#sde_hala_penawar__interpolated_points_sde_hala_penawar">
		<SimpleData name="id">interpolated_points_sde_hala_penawar.438</SimpleData>
		<SimpleData name="tessellate">-1</SimpleData>
		<SimpleData name="extrude">0</SimpleData>
		<SimpleData name="visibility">-1</SimpleData>
		<SimpleData name="fid">1</SimpleData>
		<SimpleData name="tessellate2">1</SimpleData>
		<SimpleData name="extrude2">0</SimpleData>
		<SimpleData name="visibility2">-1</SimpleData>
		<SimpleData name="distance">43700</SimpleData>
		<SimpleData name="angle">85.934770128325</SimpleData>
		<SimpleData name="KM">KM 44.7</SimpleData>
		<SimpleData name="Latitude">1.527</SimpleData>
		<SimpleData name="Longitude">103.989</SimpleData>
	</SchemaData></ExtendedData>
      <Point><coordinates>103.988869470938,1.52702364753228,0</coordinates></Point>
  </Placemark>
  <Placemark id="sde_hala_penawar__interpolated_points_sde_hala_penawar.439">
	<name>SDE HALA PENAWAR</name>
	<ExtendedData><SchemaData schemaUrl="#sde_hala_penawar__interpolated_points_sde_hala_penawar">
		<SimpleData name="id">interpolated_points_sde_hala_penawar.439</SimpleData>
		<SimpleData name="tessellate">-1</SimpleData>
		<SimpleData name="extrude">0</SimpleData>
		<SimpleData name="visibility">-1</SimpleData>
		<SimpleData name="fid">1</SimpleData>
		<SimpleData name="tessellate2">1</SimpleData>
		<SimpleData name="extrude2">0</SimpleData>
		<SimpleData name="visibility2">-1</SimpleData>
		<SimpleData name="distance">43800</SimpleData>
		<SimpleData name="angle">85.934770128325</SimpleData>
		<SimpleData name="KM">KM 44.8</SimpleData>
		<SimpleData name="Latitude">1.527</SimpleData>
		<SimpleData name="Longitude">103.990</SimpleData>
	</SchemaData></ExtendedData>
      <Point><coordinates>103.98976603055,1.52708819956684,0</coordinates></Point>
  </Placemark>
  <Placemark id="sde_hala_penawar__interpolated_points_sde_hala_penawar.440">
	<name>SDE HALA PENAWAR</name>
	<ExtendedData><SchemaData schemaUrl="#sde_hala_penawar__interpolated_points_sde_hala_penawar">
		<SimpleData name="id">interpolated_points_sde_hala_penawar.440</SimpleData>
		<SimpleData name="tessellate">-1</SimpleData>
		<SimpleData name="extrude">0</SimpleData>
		<SimpleData name="visibility">-1</SimpleData>
		<SimpleData name="fid">1</SimpleData>
		<SimpleData name="tessellate2">1</SimpleData>
		<SimpleData name="extrude2">0</SimpleData>
		<SimpleData name="visibility2">-1</SimpleData>
		<SimpleData name="distance">43900</SimpleData>
		<SimpleData name="angle">85.934770128325</SimpleData>
		<SimpleData name="KM">KM 44.9</SimpleData>
		<SimpleData name="Latitude">1.527</SimpleData>
		<SimpleData name="Longitude">103.991</SimpleData>
	</SchemaData></ExtendedData>
      <Point><coordinates>103.990662590463,1.52715275126081,0</coordinates></Point>
  </Placemark>
  <Placemark id="sde_hala_penawar__interpolated_points_sde_hala_penawar.441">
	<name>SDE HALA PENAWAR</name>
	<ExtendedData><SchemaData schemaUrl="#sde_hala_penawar__interpolated_points_sde_hala_penawar">
		<SimpleData name="id">interpolated_points_sde_hala_penawar.441</SimpleData>
		<SimpleData name="tessellate">-1</SimpleData>
		<SimpleData name="extrude">0</SimpleData>
		<SimpleData name="visibility">-1</SimpleData>
		<SimpleData name="fid">1</SimpleData>
		<SimpleData name="tessellate2">1</SimpleData>
		<SimpleData name="extrude2">0</SimpleData>
		<SimpleData name="visibility2">-1</SimpleData>
		<SimpleData name="distance">44000</SimpleData>
		<SimpleData name="angle">85.934770128325</SimpleData>
		<SimpleData name="KM">KM 45.0</SimpleData>
		<SimpleData name="Latitude">1.527</SimpleData>
		<SimpleData name="Longitude">103.992</SimpleData>
	</SchemaData></ExtendedData>
      <Point><coordinates>103.991559150677,1.52721730261416,0</coordinates></Point>
  </Placemark>
  <Placemark id="sde_hala_penawar__interpolated_points_sde_hala_penawar.442">
	<name>SDE HALA PENAWAR</name>
	<ExtendedData><SchemaData schemaUrl="#sde_hala_penawar__interpolated_points_sde_hala_penawar">
		<SimpleData name="id">interpolated_points_sde_hala_penawar.442</SimpleData>
		<SimpleData name="tessellate">-1</SimpleData>
		<SimpleData name="extrude">0</SimpleData>
		<SimpleData name="visibility">-1</SimpleData>
		<SimpleData name="fid">1</SimpleData>
		<SimpleData name="tessellate2">1</SimpleData>
		<SimpleData name="extrude2">0</SimpleData>
		<SimpleData name="visibility2">-1</SimpleData>
		<SimpleData name="distance">44100</SimpleData>
		<SimpleData name="angle">85.934770128325</SimpleData>
		<SimpleData name="KM">KM 45.1</SimpleData>
		<SimpleData name="Latitude">1.527</SimpleData>
		<SimpleData name="Longitude">103.992</SimpleData>
	</SchemaData></ExtendedData>
      <Point><coordinates>103.992455711191,1.52728185362683,0</coordinates></Point>
  </Placemark>
  <Placemark id="sde_hala_penawar__interpolated_points_sde_hala_penawar.443">
	<name>SDE HALA PENAWAR</name>
	<ExtendedData><SchemaData schemaUrl="#sde_hala_penawar__interpolated_points_sde_hala_penawar">
		<SimpleData name="id">interpolated_points_sde_hala_penawar.443</SimpleData>
		<SimpleData name="tessellate">-1</SimpleData>
		<SimpleData name="extrude">0</SimpleData>
		<SimpleData name="visibility">-1</SimpleData>
		<SimpleData name="fid">1</SimpleData>
		<SimpleData name="tessellate2">1</SimpleData>
		<SimpleData name="extrude2">0</SimpleData>
		<SimpleData name="visibility2">-1</SimpleData>
		<SimpleData name="distance">44200</SimpleData>
		<SimpleData name="angle">85.934770128325</SimpleData>
		<SimpleData name="KM">KM 45.2</SimpleData>
		<SimpleData name="Latitude">1.527</SimpleData>
		<SimpleData name="Longitude">103.993</SimpleData>
	</SchemaData></ExtendedData>
      <Point><coordinates>103.993352272006,1.52734640429878,0</coordinates></Point>
  </Placemark>
  <Placemark id="sde_hala_penawar__interpolated_points_sde_hala_penawar.444">
	<name>SDE HALA PENAWAR</name>
	<ExtendedData><SchemaData schemaUrl="#sde_hala_penawar__interpolated_points_sde_hala_penawar">
		<SimpleData name="id">interpolated_points_sde_hala_penawar.444</SimpleData>
		<SimpleData name="tessellate">-1</SimpleData>
		<SimpleData name="extrude">0</SimpleData>
		<SimpleData name="visibility">-1</SimpleData>
		<SimpleData name="fid">1</SimpleData>
		<SimpleData name="tessellate2">1</SimpleData>
		<SimpleData name="extrude2">0</SimpleData>
		<SimpleData name="visibility2">-1</SimpleData>
		<SimpleData name="distance">44300</SimpleData>
		<SimpleData name="angle">86.1830188584284</SimpleData>
		<SimpleData name="KM">KM 45.3</SimpleData>
		<SimpleData name="Latitude">1.527</SimpleData>
		<SimpleData name="Longitude">103.994</SimpleData>
	</SchemaData></ExtendedData>
      <Point><coordinates>103.994248317723,1.52741625657087,0</coordinates></Point>
  </Placemark>
  <Placemark id="sde_hala_penawar__interpolated_points_sde_hala_penawar.445">
	<name>SDE HALA PENAWAR</name>
	<ExtendedData><SchemaData schemaUrl="#sde_hala_penawar__interpolated_points_sde_hala_penawar">
		<SimpleData name="id">interpolated_points_sde_hala_penawar.445</SimpleData>
		<SimpleData name="tessellate">-1</SimpleData>
		<SimpleData name="extrude">0</SimpleData>
		<SimpleData name="visibility">-1</SimpleData>
		<SimpleData name="fid">1</SimpleData>
		<SimpleData name="tessellate2">1</SimpleData>
		<SimpleData name="extrude2">0</SimpleData>
		<SimpleData name="visibility2">-1</SimpleData>
		<SimpleData name="distance">44400</SimpleData>
		<SimpleData name="angle">86.1830188584284</SimpleData>
		<SimpleData name="KM">KM 45.4</SimpleData>
		<SimpleData name="Latitude">1.527</SimpleData>
		<SimpleData name="Longitude">103.995</SimpleData>
	</SchemaData></ExtendedData>
      <Point><coordinates>103.99514514863,1.52747689661333,0</coordinates></Point>
  </Placemark>
  <Placemark id="sde_hala_penawar__interpolated_points_sde_hala_penawar.446">
	<name>SDE HALA PENAWAR</name>
	<ExtendedData><SchemaData schemaUrl="#sde_hala_penawar__interpolated_points_sde_hala_penawar">
		<SimpleData name="id">interpolated_points_sde_hala_penawar.446</SimpleData>
		<SimpleData name="tessellate">-1</SimpleData>
		<SimpleData name="extrude">0</SimpleData>
		<SimpleData name="visibility">-1</SimpleData>
		<SimpleData name="fid">1</SimpleData>
		<SimpleData name="tessellate2">1</SimpleData>
		<SimpleData name="extrude2">0</SimpleData>
		<SimpleData name="visibility2">-1</SimpleData>
		<SimpleData name="distance">44500</SimpleData>
		<SimpleData name="angle">86.1830188584284</SimpleData>
		<SimpleData name="KM">KM 45.5</SimpleData>
		<SimpleData name="Latitude">1.528</SimpleData>
		<SimpleData name="Longitude">103.996</SimpleData>
	</SchemaData></ExtendedData>
      <Point><coordinates>103.996041979835,1.52753753631256,0</coordinates></Point>
  </Placemark>
  <Placemark id="sde_hala_penawar__interpolated_points_sde_hala_penawar.447">
	<name>SDE HALA PENAWAR</name>
	<ExtendedData><SchemaData schemaUrl="#sde_hala_penawar__interpolated_points_sde_hala_penawar">
		<SimpleData name="id">interpolated_points_sde_hala_penawar.447</SimpleData>
		<SimpleData name="tessellate">-1</SimpleData>
		<SimpleData name="extrude">0</SimpleData>
		<SimpleData name="visibility">-1</SimpleData>
		<SimpleData name="fid">1</SimpleData>
		<SimpleData name="tessellate2">1</SimpleData>
		<SimpleData name="extrude2">0</SimpleData>
		<SimpleData name="visibility2">-1</SimpleData>
		<SimpleData name="distance">44600</SimpleData>
		<SimpleData name="angle">84.7699939641728</SimpleData>
		<SimpleData name="KM">KM 45.6</SimpleData>
		<SimpleData name="Latitude">1.528</SimpleData>
		<SimpleData name="Longitude">103.997</SimpleData>
	</SchemaData></ExtendedData>
      <Point><coordinates>103.996938284231,1.52760484114885,0</coordinates></Point>
  </Placemark>
  <Placemark id="sde_hala_penawar__interpolated_points_sde_hala_penawar.448">
	<name>SDE HALA PENAWAR</name>
	<ExtendedData><SchemaData schemaUrl="#sde_hala_penawar__interpolated_points_sde_hala_penawar">
		<SimpleData name="id">interpolated_points_sde_hala_penawar.448</SimpleData>
		<SimpleData name="tessellate">-1</SimpleData>
		<SimpleData name="extrude">0</SimpleData>
		<SimpleData name="visibility">-1</SimpleData>
		<SimpleData name="fid">1</SimpleData>
		<SimpleData name="tessellate2">1</SimpleData>
		<SimpleData name="extrude2">0</SimpleData>
		<SimpleData name="visibility2">-1</SimpleData>
		<SimpleData name="distance">44700</SimpleData>
		<SimpleData name="angle">82.3101357689442</SimpleData>
		<SimpleData name="KM">KM 45.7</SimpleData>
		<SimpleData name="Latitude">1.528</SimpleData>
		<SimpleData name="Longitude">103.998</SimpleData>
	</SchemaData></ExtendedData>
      <Point><coordinates>103.997830321538,1.52771458969929,0</coordinates></Point>
  </Placemark>
  <Placemark id="sde_hala_penawar__interpolated_points_sde_hala_penawar.449">
	<name>SDE HALA PENAWAR</name>
	<ExtendedData><SchemaData schemaUrl="#sde_hala_penawar__interpolated_points_sde_hala_penawar">
		<SimpleData name="id">interpolated_points_sde_hala_penawar.449</SimpleData>
		<SimpleData name="tessellate">-1</SimpleData>
		<SimpleData name="extrude">0</SimpleData>
		<SimpleData name="visibility">-1</SimpleData>
		<SimpleData name="fid">1</SimpleData>
		<SimpleData name="tessellate2">1</SimpleData>
		<SimpleData name="extrude2">0</SimpleData>
		<SimpleData name="visibility2">-1</SimpleData>
		<SimpleData name="distance">44800</SimpleData>
		<SimpleData name="angle">82.3101357689442</SimpleData>
		<SimpleData name="KM">KM 45.8</SimpleData>
		<SimpleData name="Latitude">1.528</SimpleData>
		<SimpleData name="Longitude">103.999</SimpleData>
	</SchemaData></ExtendedData>
      <Point><coordinates>103.998721035846,1.52783605101542,0</coordinates></Point>
  </Placemark>
  <Placemark id="sde_hala_penawar__interpolated_points_sde_hala_penawar.450">
	<name>SDE HALA PENAWAR</name>
	<ExtendedData><SchemaData schemaUrl="#sde_hala_penawar__interpolated_points_sde_hala_penawar">
		<SimpleData name="id">interpolated_points_sde_hala_penawar.450</SimpleData>
		<SimpleData name="tessellate">-1</SimpleData>
		<SimpleData name="extrude">0</SimpleData>
		<SimpleData name="visibility">-1</SimpleData>
		<SimpleData name="fid">1</SimpleData>
		<SimpleData name="tessellate2">1</SimpleData>
		<SimpleData name="extrude2">0</SimpleData>
		<SimpleData name="visibility2">-1</SimpleData>
		<SimpleData name="distance">44900</SimpleData>
		<SimpleData name="angle">82.3101357689442</SimpleData>
		<SimpleData name="KM">KM 45.9</SimpleData>
		<SimpleData name="Latitude">1.528</SimpleData>
		<SimpleData name="Longitude">104.000</SimpleData>
	</SchemaData></ExtendedData>
      <Point><coordinates>103.999611750493,1.52795751202615,0</coordinates></Point>
  </Placemark>
  <Placemark id="sde_hala_penawar__interpolated_points_sde_hala_penawar.451">
	<name>SDE HALA PENAWAR</name>
	<ExtendedData><SchemaData schemaUrl="#sde_hala_penawar__interpolated_points_sde_hala_penawar">
		<SimpleData name="id">interpolated_points_sde_hala_penawar.451</SimpleData>
		<SimpleData name="tessellate">-1</SimpleData>
		<SimpleData name="extrude">0</SimpleData>
		<SimpleData name="visibility">-1</SimpleData>
		<SimpleData name="fid">1</SimpleData>
		<SimpleData name="tessellate2">1</SimpleData>
		<SimpleData name="extrude2">0</SimpleData>
		<SimpleData name="visibility2">-1</SimpleData>
		<SimpleData name="distance">45000</SimpleData>
		<SimpleData name="angle">82.3101357689442</SimpleData>
		<SimpleData name="KM">KM 46.0</SimpleData>
		<SimpleData name="Latitude">1.528</SimpleData>
		<SimpleData name="Longitude">104.001</SimpleData>
	</SchemaData></ExtendedData>
      <Point><coordinates>104.000502465479,1.52807897273138,0</coordinates></Point>
  </Placemark>
  <Placemark id="sde_hala_penawar__interpolated_points_sde_hala_penawar.452">
	<name>SDE HALA PENAWAR</name>
	<ExtendedData><SchemaData schemaUrl="#sde_hala_penawar__interpolated_points_sde_hala_penawar">
		<SimpleData name="id">interpolated_points_sde_hala_penawar.452</SimpleData>
		<SimpleData name="tessellate">-1</SimpleData>
		<SimpleData name="extrude">0</SimpleData>
		<SimpleData name="visibility">-1</SimpleData>
		<SimpleData name="fid">1</SimpleData>
		<SimpleData name="tessellate2">1</SimpleData>
		<SimpleData name="extrude2">0</SimpleData>
		<SimpleData name="visibility2">-1</SimpleData>
		<SimpleData name="distance">45100</SimpleData>
		<SimpleData name="angle">80.2313879088527</SimpleData>
		<SimpleData name="KM">KM 46.1</SimpleData>
		<SimpleData name="Latitude">1.528</SimpleData>
		<SimpleData name="Longitude">104.001</SimpleData>
	</SchemaData></ExtendedData>
      <Point><coordinates>104.001389484879,1.52822458259629,0</coordinates></Point>
  </Placemark>
  <Placemark id="sde_hala_penawar__interpolated_points_sde_hala_penawar.453">
	<name>SDE HALA PENAWAR</name>
	<ExtendedData><SchemaData schemaUrl="#sde_hala_penawar__interpolated_points_sde_hala_penawar">
		<SimpleData name="id">interpolated_points_sde_hala_penawar.453</SimpleData>
		<SimpleData name="tessellate">-1</SimpleData>
		<SimpleData name="extrude">0</SimpleData>
		<SimpleData name="visibility">-1</SimpleData>
		<SimpleData name="fid">1</SimpleData>
		<SimpleData name="tessellate2">1</SimpleData>
		<SimpleData name="extrude2">0</SimpleData>
		<SimpleData name="visibility2">-1</SimpleData>
		<SimpleData name="distance">45200</SimpleData>
		<SimpleData name="angle">80.2313879088527</SimpleData>
		<SimpleData name="KM">KM 46.2</SimpleData>
		<SimpleData name="Latitude">1.528</SimpleData>
		<SimpleData name="Longitude">104.002</SimpleData>
	</SchemaData></ExtendedData>
      <Point><coordinates>104.002275236579,1.52837847775474,0</coordinates></Point>
  </Placemark>
  <Placemark id="sde_hala_penawar__interpolated_points_sde_hala_penawar.454">
	<name>SDE HALA PENAWAR</name>
	<ExtendedData><SchemaData schemaUrl="#sde_hala_penawar__interpolated_points_sde_hala_penawar">
		<SimpleData name="id">interpolated_points_sde_hala_penawar.454</SimpleData>
		<SimpleData name="tessellate">-1</SimpleData>
		<SimpleData name="extrude">0</SimpleData>
		<SimpleData name="visibility">-1</SimpleData>
		<SimpleData name="fid">1</SimpleData>
		<SimpleData name="tessellate2">1</SimpleData>
		<SimpleData name="extrude2">0</SimpleData>
		<SimpleData name="visibility2">-1</SimpleData>
		<SimpleData name="distance">45300</SimpleData>
		<SimpleData name="angle">80.2313879088527</SimpleData>
		<SimpleData name="KM">KM 46.3</SimpleData>
		<SimpleData name="Latitude">1.529</SimpleData>
		<SimpleData name="Longitude">104.003</SimpleData>
	</SchemaData></ExtendedData>
      <Point><coordinates>104.003160988638,1.52853237262868,0</coordinates></Point>
  </Placemark>
  <Placemark id="sde_hala_penawar__interpolated_points_sde_hala_penawar.455">
	<name>SDE HALA PENAWAR</name>
	<ExtendedData><SchemaData schemaUrl="#sde_hala_penawar__interpolated_points_sde_hala_penawar">
		<SimpleData name="id">interpolated_points_sde_hala_penawar.455</SimpleData>
		<SimpleData name="tessellate">-1</SimpleData>
		<SimpleData name="extrude">0</SimpleData>
		<SimpleData name="visibility">-1</SimpleData>
		<SimpleData name="fid">1</SimpleData>
		<SimpleData name="tessellate2">1</SimpleData>
		<SimpleData name="extrude2">0</SimpleData>
		<SimpleData name="visibility2">-1</SimpleData>
		<SimpleData name="distance">45400</SimpleData>
		<SimpleData name="angle">80.8998502799561</SimpleData>
		<SimpleData name="KM">KM 46.4</SimpleData>
		<SimpleData name="Latitude">1.529</SimpleData>
		<SimpleData name="Longitude">104.004</SimpleData>
	</SchemaData></ExtendedData>
      <Point><coordinates>104.004046932783,1.52868225871454,0</coordinates></Point>
  </Placemark>
  <Placemark id="sde_hala_penawar__interpolated_points_sde_hala_penawar.456">
	<name>SDE HALA PENAWAR</name>
	<ExtendedData><SchemaData schemaUrl="#sde_hala_penawar__interpolated_points_sde_hala_penawar">
		<SimpleData name="id">interpolated_points_sde_hala_penawar.456</SimpleData>
		<SimpleData name="tessellate">-1</SimpleData>
		<SimpleData name="extrude">0</SimpleData>
		<SimpleData name="visibility">-1</SimpleData>
		<SimpleData name="fid">1</SimpleData>
		<SimpleData name="tessellate2">1</SimpleData>
		<SimpleData name="extrude2">0</SimpleData>
		<SimpleData name="visibility2">-1</SimpleData>
		<SimpleData name="distance">45500</SimpleData>
		<SimpleData name="angle">80.8998502799561</SimpleData>
		<SimpleData name="KM">KM 46.5</SimpleData>
		<SimpleData name="Latitude">1.529</SimpleData>
		<SimpleData name="Longitude">104.005</SimpleData>
	</SchemaData></ExtendedData>
      <Point><coordinates>104.004934409322,1.52882574292361,0</coordinates></Point>
  </Placemark>
  <Placemark id="sde_hala_penawar__interpolated_points_sde_hala_penawar.457">
	<name>SDE HALA PENAWAR</name>
	<ExtendedData><SchemaData schemaUrl="#sde_hala_penawar__interpolated_points_sde_hala_penawar">
		<SimpleData name="id">interpolated_points_sde_hala_penawar.457</SimpleData>
		<SimpleData name="tessellate">-1</SimpleData>
		<SimpleData name="extrude">0</SimpleData>
		<SimpleData name="visibility">-1</SimpleData>
		<SimpleData name="fid">1</SimpleData>
		<SimpleData name="tessellate2">1</SimpleData>
		<SimpleData name="extrude2">0</SimpleData>
		<SimpleData name="visibility2">-1</SimpleData>
		<SimpleData name="distance">45600</SimpleData>
		<SimpleData name="angle">78.6729438723738</SimpleData>
		<SimpleData name="KM">KM 46.6</SimpleData>
		<SimpleData name="Latitude">1.529</SimpleData>
		<SimpleData name="Longitude">104.006</SimpleData>
	</SchemaData></ExtendedData>
      <Point><coordinates>104.005818054524,1.5289843738394,0</coordinates></Point>
  </Placemark>
  <Placemark id="sde_hala_penawar__interpolated_points_sde_hala_penawar.458">
	<name>SDE HALA PENAWAR</name>
	<ExtendedData><SchemaData schemaUrl="#sde_hala_penawar__interpolated_points_sde_hala_penawar">
		<SimpleData name="id">interpolated_points_sde_hala_penawar.458</SimpleData>
		<SimpleData name="tessellate">-1</SimpleData>
		<SimpleData name="extrude">0</SimpleData>
		<SimpleData name="visibility">-1</SimpleData>
		<SimpleData name="fid">1</SimpleData>
		<SimpleData name="tessellate2">1</SimpleData>
		<SimpleData name="extrude2">0</SimpleData>
		<SimpleData name="visibility2">-1</SimpleData>
		<SimpleData name="distance">45700</SimpleData>
		<SimpleData name="angle">78.6729438723738</SimpleData>
		<SimpleData name="KM">KM 46.7</SimpleData>
		<SimpleData name="Latitude">1.529</SimpleData>
		<SimpleData name="Longitude">104.007</SimpleData>
	</SchemaData></ExtendedData>
      <Point><coordinates>104.006699321507,1.52916245375706,0</coordinates></Point>
  </Placemark>
  <Placemark id="sde_hala_penawar__interpolated_points_sde_hala_penawar.459">
	<name>SDE HALA PENAWAR</name>
	<ExtendedData><SchemaData schemaUrl="#sde_hala_penawar__interpolated_points_sde_hala_penawar">
		<SimpleData name="id">interpolated_points_sde_hala_penawar.459</SimpleData>
		<SimpleData name="tessellate">-1</SimpleData>
		<SimpleData name="extrude">0</SimpleData>
		<SimpleData name="visibility">-1</SimpleData>
		<SimpleData name="fid">1</SimpleData>
		<SimpleData name="tessellate2">1</SimpleData>
		<SimpleData name="extrude2">0</SimpleData>
		<SimpleData name="visibility2">-1</SimpleData>
		<SimpleData name="distance">45800</SimpleData>
		<SimpleData name="angle">78.0060878103998</SimpleData>
		<SimpleData name="KM">KM 46.8</SimpleData>
		<SimpleData name="Latitude">1.529</SimpleData>
		<SimpleData name="Longitude">104.008</SimpleData>
	</SchemaData></ExtendedData>
      <Point><coordinates>104.007580106514,1.52934288011374,0</coordinates></Point>
  </Placemark>
  <Placemark id="sde_hala_penawar__interpolated_points_sde_hala_penawar.460">
	<name>SDE HALA PENAWAR</name>
	<ExtendedData><SchemaData schemaUrl="#sde_hala_penawar__interpolated_points_sde_hala_penawar">
		<SimpleData name="id">interpolated_points_sde_hala_penawar.460</SimpleData>
		<SimpleData name="tessellate">-1</SimpleData>
		<SimpleData name="extrude">0</SimpleData>
		<SimpleData name="visibility">-1</SimpleData>
		<SimpleData name="fid">1</SimpleData>
		<SimpleData name="tessellate2">1</SimpleData>
		<SimpleData name="extrude2">0</SimpleData>
		<SimpleData name="visibility2">-1</SimpleData>
		<SimpleData name="distance">45900</SimpleData>
		<SimpleData name="angle">78.0060878103998</SimpleData>
		<SimpleData name="KM">KM 46.9</SimpleData>
		<SimpleData name="Latitude">1.530</SimpleData>
		<SimpleData name="Longitude">104.008</SimpleData>
	</SchemaData></ExtendedData>
      <Point><coordinates>104.008459255096,1.52953126952895,0</coordinates></Point>
  </Placemark>
  <Placemark id="sde_hala_penawar__interpolated_points_sde_hala_penawar.461">
	<name>SDE HALA PENAWAR</name>
	<ExtendedData><SchemaData schemaUrl="#sde_hala_penawar__interpolated_points_sde_hala_penawar">
		<SimpleData name="id">interpolated_points_sde_hala_penawar.461</SimpleData>
		<SimpleData name="tessellate">-1</SimpleData>
		<SimpleData name="extrude">0</SimpleData>
		<SimpleData name="visibility">-1</SimpleData>
		<SimpleData name="fid">1</SimpleData>
		<SimpleData name="tessellate2">1</SimpleData>
		<SimpleData name="extrude2">0</SimpleData>
		<SimpleData name="visibility2">-1</SimpleData>
		<SimpleData name="distance">46000</SimpleData>
		<SimpleData name="angle">78.0060878103998</SimpleData>
		<SimpleData name="KM">KM 47.0</SimpleData>
		<SimpleData name="Latitude">1.530</SimpleData>
		<SimpleData name="Longitude">104.009</SimpleData>
	</SchemaData></ExtendedData>
      <Point><coordinates>104.009338404055,1.52971965868202,0</coordinates></Point>
  </Placemark>
  <Placemark id="sde_hala_penawar__interpolated_points_sde_hala_penawar.462">
	<name>SDE HALA PENAWAR</name>
	<ExtendedData><SchemaData schemaUrl="#sde_hala_penawar__interpolated_points_sde_hala_penawar">
		<SimpleData name="id">interpolated_points_sde_hala_penawar.462</SimpleData>
		<SimpleData name="tessellate">-1</SimpleData>
		<SimpleData name="extrude">0</SimpleData>
		<SimpleData name="visibility">-1</SimpleData>
		<SimpleData name="fid">1</SimpleData>
		<SimpleData name="tessellate2">1</SimpleData>
		<SimpleData name="extrude2">0</SimpleData>
		<SimpleData name="visibility2">-1</SimpleData>
		<SimpleData name="distance">46100</SimpleData>
		<SimpleData name="angle">78.0060878103998</SimpleData>
		<SimpleData name="KM">KM 47.1</SimpleData>
		<SimpleData name="Latitude">1.530</SimpleData>
		<SimpleData name="Longitude">104.010</SimpleData>
	</SchemaData></ExtendedData>
      <Point><coordinates>104.010217553392,1.52990804757281,0</coordinates></Point>
  </Placemark>
  <Placemark id="sde_hala_penawar__interpolated_points_sde_hala_penawar.463">
	<name>SDE HALA PENAWAR</name>
	<ExtendedData><SchemaData schemaUrl="#sde_hala_penawar__interpolated_points_sde_hala_penawar">
		<SimpleData name="id">interpolated_points_sde_hala_penawar.463</SimpleData>
		<SimpleData name="tessellate">-1</SimpleData>
		<SimpleData name="extrude">0</SimpleData>
		<SimpleData name="visibility">-1</SimpleData>
		<SimpleData name="fid">1</SimpleData>
		<SimpleData name="tessellate2">1</SimpleData>
		<SimpleData name="extrude2">0</SimpleData>
		<SimpleData name="visibility2">-1</SimpleData>
		<SimpleData name="distance">46200</SimpleData>
		<SimpleData name="angle">79.2531554720847</SimpleData>
		<SimpleData name="KM">KM 47.2</SimpleData>
		<SimpleData name="Latitude">1.530</SimpleData>
		<SimpleData name="Longitude">104.011</SimpleData>
	</SchemaData></ExtendedData>
      <Point><coordinates>104.011097832254,1.53008979772111,0</coordinates></Point>
  </Placemark>
  <Placemark id="sde_hala_penawar__interpolated_points_sde_hala_penawar.464">
	<name>SDE HALA PENAWAR</name>
	<ExtendedData><SchemaData schemaUrl="#sde_hala_penawar__interpolated_points_sde_hala_penawar">
		<SimpleData name="id">interpolated_points_sde_hala_penawar.464</SimpleData>
		<SimpleData name="tessellate">-1</SimpleData>
		<SimpleData name="extrude">0</SimpleData>
		<SimpleData name="visibility">-1</SimpleData>
		<SimpleData name="fid">1</SimpleData>
		<SimpleData name="tessellate2">1</SimpleData>
		<SimpleData name="extrude2">0</SimpleData>
		<SimpleData name="visibility2">-1</SimpleData>
		<SimpleData name="distance">46300</SimpleData>
		<SimpleData name="angle">79.2531554720847</SimpleData>
		<SimpleData name="KM">KM 47.3</SimpleData>
		<SimpleData name="Latitude">1.530</SimpleData>
		<SimpleData name="Longitude">104.012</SimpleData>
	</SchemaData></ExtendedData>
      <Point><coordinates>104.011980848164,1.5302588858958,0</coordinates></Point>
  </Placemark>
  <Placemark id="sde_hala_penawar__interpolated_points_sde_hala_penawar.465">
	<name>SDE HALA PENAWAR</name>
	<ExtendedData><SchemaData schemaUrl="#sde_hala_penawar__interpolated_points_sde_hala_penawar">
		<SimpleData name="id">interpolated_points_sde_hala_penawar.465</SimpleData>
		<SimpleData name="tessellate">-1</SimpleData>
		<SimpleData name="extrude">0</SimpleData>
		<SimpleData name="visibility">-1</SimpleData>
		<SimpleData name="fid">1</SimpleData>
		<SimpleData name="tessellate2">1</SimpleData>
		<SimpleData name="extrude2">0</SimpleData>
		<SimpleData name="visibility2">-1</SimpleData>
		<SimpleData name="distance">46400</SimpleData>
		<SimpleData name="angle">79.3795313898596</SimpleData>
		<SimpleData name="KM">KM 47.4</SimpleData>
		<SimpleData name="Latitude">1.530</SimpleData>
		<SimpleData name="Longitude">104.013</SimpleData>
	</SchemaData></ExtendedData>
      <Point><coordinates>104.012855129545,1.53046070029755,0</coordinates></Point>
  </Placemark>
  <Placemark id="sde_hala_penawar__interpolated_points_sde_hala_penawar.466">
	<name>SDE HALA PENAWAR</name>
	<ExtendedData><SchemaData schemaUrl="#sde_hala_penawar__interpolated_points_sde_hala_penawar">
		<SimpleData name="id">interpolated_points_sde_hala_penawar.466</SimpleData>
		<SimpleData name="tessellate">-1</SimpleData>
		<SimpleData name="extrude">0</SimpleData>
		<SimpleData name="visibility">-1</SimpleData>
		<SimpleData name="fid">1</SimpleData>
		<SimpleData name="tessellate2">1</SimpleData>
		<SimpleData name="extrude2">0</SimpleData>
		<SimpleData name="visibility2">-1</SimpleData>
		<SimpleData name="distance">46500</SimpleData>
		<SimpleData name="angle">79.3795313898596</SimpleData>
		<SimpleData name="KM">KM 47.5</SimpleData>
		<SimpleData name="Latitude">1.531</SimpleData>
		<SimpleData name="Longitude">104.014</SimpleData>
	</SchemaData></ExtendedData>
      <Point><coordinates>104.013738514636,1.53062782745679,0</coordinates></Point>
  </Placemark>
  <Placemark id="sde_hala_penawar__interpolated_points_sde_hala_penawar.467">
	<name>SDE HALA PENAWAR</name>
	<ExtendedData><SchemaData schemaUrl="#sde_hala_penawar__interpolated_points_sde_hala_penawar">
		<SimpleData name="id">interpolated_points_sde_hala_penawar.467</SimpleData>
		<SimpleData name="tessellate">-1</SimpleData>
		<SimpleData name="extrude">0</SimpleData>
		<SimpleData name="visibility">-1</SimpleData>
		<SimpleData name="fid">1</SimpleData>
		<SimpleData name="tessellate2">1</SimpleData>
		<SimpleData name="extrude2">0</SimpleData>
		<SimpleData name="visibility2">-1</SimpleData>
		<SimpleData name="distance">46600</SimpleData>
		<SimpleData name="angle">79.3795313898596</SimpleData>
		<SimpleData name="KM">KM 47.6</SimpleData>
		<SimpleData name="Latitude">1.531</SimpleData>
		<SimpleData name="Longitude">104.015</SimpleData>
	</SchemaData></ExtendedData>
      <Point><coordinates>104.014621900092,1.53079495433879,0</coordinates></Point>
  </Placemark>
  <Placemark id="sde_hala_penawar__interpolated_points_sde_hala_penawar.468">
	<name>SDE HALA PENAWAR</name>
	<ExtendedData><SchemaData schemaUrl="#sde_hala_penawar__interpolated_points_sde_hala_penawar">
		<SimpleData name="id">interpolated_points_sde_hala_penawar.468</SimpleData>
		<SimpleData name="tessellate">-1</SimpleData>
		<SimpleData name="extrude">0</SimpleData>
		<SimpleData name="visibility">-1</SimpleData>
		<SimpleData name="fid">1</SimpleData>
		<SimpleData name="tessellate2">1</SimpleData>
		<SimpleData name="extrude2">0</SimpleData>
		<SimpleData name="visibility2">-1</SimpleData>
		<SimpleData name="distance">46700</SimpleData>
		<SimpleData name="angle">78.6063097865872</SimpleData>
		<SimpleData name="KM">KM 47.7</SimpleData>
		<SimpleData name="Latitude">1.531</SimpleData>
		<SimpleData name="Longitude">104.016</SimpleData>
	</SchemaData></ExtendedData>
      <Point><coordinates>104.015504562472,1.5309658148281,0</coordinates></Point>
  </Placemark>
  <Placemark id="sde_hala_penawar__interpolated_points_sde_hala_penawar.469">
	<name>SDE HALA PENAWAR</name>
	<ExtendedData><SchemaData schemaUrl="#sde_hala_penawar__interpolated_points_sde_hala_penawar">
		<SimpleData name="id">interpolated_points_sde_hala_penawar.469</SimpleData>
		<SimpleData name="tessellate">-1</SimpleData>
		<SimpleData name="extrude">0</SimpleData>
		<SimpleData name="visibility">-1</SimpleData>
		<SimpleData name="fid">1</SimpleData>
		<SimpleData name="tessellate2">1</SimpleData>
		<SimpleData name="extrude2">0</SimpleData>
		<SimpleData name="visibility2">-1</SimpleData>
		<SimpleData name="distance">46800</SimpleData>
		<SimpleData name="angle">78.6063097865872</SimpleData>
		<SimpleData name="KM">KM 47.8</SimpleData>
		<SimpleData name="Latitude">1.531</SimpleData>
		<SimpleData name="Longitude">104.016</SimpleData>
	</SchemaData></ExtendedData>
      <Point><coordinates>104.01638562716,1.53114492310761,0</coordinates></Point>
  </Placemark>
  <Placemark id="sde_hala_penawar__interpolated_points_sde_hala_penawar.470">
	<name>SDE HALA PENAWAR</name>
	<ExtendedData><SchemaData schemaUrl="#sde_hala_penawar__interpolated_points_sde_hala_penawar">
		<SimpleData name="id">interpolated_points_sde_hala_penawar.470</SimpleData>
		<SimpleData name="tessellate">-1</SimpleData>
		<SimpleData name="extrude">0</SimpleData>
		<SimpleData name="visibility">-1</SimpleData>
		<SimpleData name="fid">1</SimpleData>
		<SimpleData name="tessellate2">1</SimpleData>
		<SimpleData name="extrude2">0</SimpleData>
		<SimpleData name="visibility2">-1</SimpleData>
		<SimpleData name="distance">46900</SimpleData>
		<SimpleData name="angle">78.6063097865872</SimpleData>
		<SimpleData name="KM">KM 47.9</SimpleData>
		<SimpleData name="Latitude">1.531</SimpleData>
		<SimpleData name="Longitude">104.017</SimpleData>
	</SchemaData></ExtendedData>
      <Point><coordinates>104.017266692218,1.53132403111754,0</coordinates></Point>
  </Placemark>
  <Placemark id="sde_hala_penawar__interpolated_points_sde_hala_penawar.471">
	<name>SDE HALA PENAWAR</name>
	<ExtendedData><SchemaData schemaUrl="#sde_hala_penawar__interpolated_points_sde_hala_penawar">
		<SimpleData name="id">interpolated_points_sde_hala_penawar.471</SimpleData>
		<SimpleData name="tessellate">-1</SimpleData>
		<SimpleData name="extrude">0</SimpleData>
		<SimpleData name="visibility">-1</SimpleData>
		<SimpleData name="fid">1</SimpleData>
		<SimpleData name="tessellate2">1</SimpleData>
		<SimpleData name="extrude2">0</SimpleData>
		<SimpleData name="visibility2">-1</SimpleData>
		<SimpleData name="distance">47000</SimpleData>
		<SimpleData name="angle">78.6063097865872</SimpleData>
		<SimpleData name="KM">KM 48.0</SimpleData>
		<SimpleData name="Latitude">1.532</SimpleData>
		<SimpleData name="Longitude">104.018</SimpleData>
	</SchemaData></ExtendedData>
      <Point><coordinates>104.018147757647,1.53150313885775,0</coordinates></Point>
  </Placemark>
  <Placemark id="sde_hala_penawar__interpolated_points_sde_hala_penawar.472">
	<name>SDE HALA PENAWAR</name>
	<ExtendedData><SchemaData schemaUrl="#sde_hala_penawar__interpolated_points_sde_hala_penawar">
		<SimpleData name="id">interpolated_points_sde_hala_penawar.472</SimpleData>
		<SimpleData name="tessellate">-1</SimpleData>
		<SimpleData name="extrude">0</SimpleData>
		<SimpleData name="visibility">-1</SimpleData>
		<SimpleData name="fid">1</SimpleData>
		<SimpleData name="tessellate2">1</SimpleData>
		<SimpleData name="extrude2">0</SimpleData>
		<SimpleData name="visibility2">-1</SimpleData>
		<SimpleData name="distance">47100</SimpleData>
		<SimpleData name="angle">78.6063097865872</SimpleData>
		<SimpleData name="KM">KM 48.1</SimpleData>
		<SimpleData name="Latitude">1.532</SimpleData>
		<SimpleData name="Longitude">104.019</SimpleData>
	</SchemaData></ExtendedData>
      <Point><coordinates>104.019028823447,1.53168224632811,0</coordinates></Point>
  </Placemark>
  <Placemark id="sde_hala_penawar__interpolated_points_sde_hala_penawar.473">
	<name>SDE HALA PENAWAR</name>
	<ExtendedData><SchemaData schemaUrl="#sde_hala_penawar__interpolated_points_sde_hala_penawar">
		<SimpleData name="id">interpolated_points_sde_hala_penawar.473</SimpleData>
		<SimpleData name="tessellate">-1</SimpleData>
		<SimpleData name="extrude">0</SimpleData>
		<SimpleData name="visibility">-1</SimpleData>
		<SimpleData name="fid">1</SimpleData>
		<SimpleData name="tessellate2">1</SimpleData>
		<SimpleData name="extrude2">0</SimpleData>
		<SimpleData name="visibility2">-1</SimpleData>
		<SimpleData name="distance">47200</SimpleData>
		<SimpleData name="angle">78.6063097865872</SimpleData>
		<SimpleData name="KM">KM 48.2</SimpleData>
		<SimpleData name="Latitude">1.532</SimpleData>
		<SimpleData name="Longitude">104.020</SimpleData>
	</SchemaData></ExtendedData>
      <Point><coordinates>104.019909889617,1.53186135352849,0</coordinates></Point>
  </Placemark>
  <Placemark id="sde_hala_penawar__interpolated_points_sde_hala_penawar.474">
	<name>SDE HALA PENAWAR</name>
	<ExtendedData><SchemaData schemaUrl="#sde_hala_penawar__interpolated_points_sde_hala_penawar">
		<SimpleData name="id">interpolated_points_sde_hala_penawar.474</SimpleData>
		<SimpleData name="tessellate">-1</SimpleData>
		<SimpleData name="extrude">0</SimpleData>
		<SimpleData name="visibility">-1</SimpleData>
		<SimpleData name="fid">1</SimpleData>
		<SimpleData name="tessellate2">1</SimpleData>
		<SimpleData name="extrude2">0</SimpleData>
		<SimpleData name="visibility2">-1</SimpleData>
		<SimpleData name="distance">47300</SimpleData>
		<SimpleData name="angle">78.4642457281159</SimpleData>
		<SimpleData name="KM">KM 48.3</SimpleData>
		<SimpleData name="Latitude">1.532</SimpleData>
		<SimpleData name="Longitude">104.021</SimpleData>
	</SchemaData></ExtendedData>
      <Point><coordinates>104.020788604904,1.53205147752828,0</coordinates></Point>
  </Placemark>
  <Placemark id="sde_hala_penawar__interpolated_points_sde_hala_penawar.475">
	<name>SDE HALA PENAWAR</name>
	<ExtendedData><SchemaData schemaUrl="#sde_hala_penawar__interpolated_points_sde_hala_penawar">
		<SimpleData name="id">interpolated_points_sde_hala_penawar.475</SimpleData>
		<SimpleData name="tessellate">-1</SimpleData>
		<SimpleData name="extrude">0</SimpleData>
		<SimpleData name="visibility">-1</SimpleData>
		<SimpleData name="fid">1</SimpleData>
		<SimpleData name="tessellate2">1</SimpleData>
		<SimpleData name="extrude2">0</SimpleData>
		<SimpleData name="visibility2">-1</SimpleData>
		<SimpleData name="distance">47400</SimpleData>
		<SimpleData name="angle">78.9431418815867</SimpleData>
		<SimpleData name="KM">KM 48.4</SimpleData>
		<SimpleData name="Latitude">1.532</SimpleData>
		<SimpleData name="Longitude">104.022</SimpleData>
	</SchemaData></ExtendedData>
      <Point><coordinates>104.021669681036,1.53222950710227,0</coordinates></Point>
  </Placemark>
  <Placemark id="sde_hala_penawar__interpolated_points_sde_hala_penawar.476">
	<name>SDE HALA PENAWAR</name>
	<ExtendedData><SchemaData schemaUrl="#sde_hala_penawar__interpolated_points_sde_hala_penawar">
		<SimpleData name="id">interpolated_points_sde_hala_penawar.476</SimpleData>
		<SimpleData name="tessellate">-1</SimpleData>
		<SimpleData name="extrude">0</SimpleData>
		<SimpleData name="visibility">-1</SimpleData>
		<SimpleData name="fid">1</SimpleData>
		<SimpleData name="tessellate2">1</SimpleData>
		<SimpleData name="extrude2">0</SimpleData>
		<SimpleData name="visibility2">-1</SimpleData>
		<SimpleData name="distance">47500</SimpleData>
		<SimpleData name="angle">78.9431418815867</SimpleData>
		<SimpleData name="KM">KM 48.5</SimpleData>
		<SimpleData name="Latitude">1.532</SimpleData>
		<SimpleData name="Longitude">104.023</SimpleData>
	</SchemaData></ExtendedData>
      <Point><coordinates>104.022551779353,1.53240339776707,0</coordinates></Point>
  </Placemark>
  <Placemark id="sde_hala_penawar__interpolated_points_sde_hala_penawar.477">
	<name>SDE HALA PENAWAR</name>
	<ExtendedData><SchemaData schemaUrl="#sde_hala_penawar__interpolated_points_sde_hala_penawar">
		<SimpleData name="id">interpolated_points_sde_hala_penawar.477</SimpleData>
		<SimpleData name="tessellate">-1</SimpleData>
		<SimpleData name="extrude">0</SimpleData>
		<SimpleData name="visibility">-1</SimpleData>
		<SimpleData name="fid">1</SimpleData>
		<SimpleData name="tessellate2">1</SimpleData>
		<SimpleData name="extrude2">0</SimpleData>
		<SimpleData name="visibility2">-1</SimpleData>
		<SimpleData name="distance">47600</SimpleData>
		<SimpleData name="angle">78.9431418815867</SimpleData>
		<SimpleData name="KM">KM 48.6</SimpleData>
		<SimpleData name="Latitude">1.533</SimpleData>
		<SimpleData name="Longitude">104.023</SimpleData>
	</SchemaData></ExtendedData>
      <Point><coordinates>104.023433878036,1.53257728815791,0</coordinates></Point>
  </Placemark>
  <Placemark id="sde_hala_penawar__interpolated_points_sde_hala_penawar.478">
	<name>SDE HALA PENAWAR</name>
	<ExtendedData><SchemaData schemaUrl="#sde_hala_penawar__interpolated_points_sde_hala_penawar">
		<SimpleData name="id">interpolated_points_sde_hala_penawar.478</SimpleData>
		<SimpleData name="tessellate">-1</SimpleData>
		<SimpleData name="extrude">0</SimpleData>
		<SimpleData name="visibility">-1</SimpleData>
		<SimpleData name="fid">1</SimpleData>
		<SimpleData name="tessellate2">1</SimpleData>
		<SimpleData name="extrude2">0</SimpleData>
		<SimpleData name="visibility2">-1</SimpleData>
		<SimpleData name="distance">47700</SimpleData>
		<SimpleData name="angle">76.8665180652968</SimpleData>
		<SimpleData name="KM">KM 48.7</SimpleData>
		<SimpleData name="Latitude">1.533</SimpleData>
		<SimpleData name="Longitude">104.024</SimpleData>
	</SchemaData></ExtendedData>
      <Point><coordinates>104.024315930734,1.53275139546702,0</coordinates></Point>
  </Placemark>
  <Placemark id="sde_hala_penawar__interpolated_points_sde_hala_penawar.479">
	<name>SDE HALA PENAWAR</name>
	<ExtendedData><SchemaData schemaUrl="#sde_hala_penawar__interpolated_points_sde_hala_penawar">
		<SimpleData name="id">interpolated_points_sde_hala_penawar.479</SimpleData>
		<SimpleData name="tessellate">-1</SimpleData>
		<SimpleData name="extrude">0</SimpleData>
		<SimpleData name="visibility">-1</SimpleData>
		<SimpleData name="fid">1</SimpleData>
		<SimpleData name="tessellate2">1</SimpleData>
		<SimpleData name="extrude2">0</SimpleData>
		<SimpleData name="visibility2">-1</SimpleData>
		<SimpleData name="distance">47800</SimpleData>
		<SimpleData name="angle">78.3766438095909</SimpleData>
		<SimpleData name="KM">KM 48.8</SimpleData>
		<SimpleData name="Latitude">1.533</SimpleData>
		<SimpleData name="Longitude">104.025</SimpleData>
	</SchemaData></ExtendedData>
      <Point><coordinates>104.025196631247,1.53293134249668,0</coordinates></Point>
  </Placemark>
  <Placemark id="sde_hala_penawar__interpolated_points_sde_hala_penawar.480">
	<name>SDE HALA PENAWAR</name>
	<ExtendedData><SchemaData schemaUrl="#sde_hala_penawar__interpolated_points_sde_hala_penawar">
		<SimpleData name="id">interpolated_points_sde_hala_penawar.480</SimpleData>
		<SimpleData name="tessellate">-1</SimpleData>
		<SimpleData name="extrude">0</SimpleData>
		<SimpleData name="visibility">-1</SimpleData>
		<SimpleData name="fid">1</SimpleData>
		<SimpleData name="tessellate2">1</SimpleData>
		<SimpleData name="extrude2">0</SimpleData>
		<SimpleData name="visibility2">-1</SimpleData>
		<SimpleData name="distance">47900</SimpleData>
		<SimpleData name="angle">78.3766438095909</SimpleData>
		<SimpleData name="KM">KM 48.9</SimpleData>
		<SimpleData name="Latitude">1.533</SimpleData>
		<SimpleData name="Longitude">104.026</SimpleData>
	</SchemaData></ExtendedData>
      <Point><coordinates>104.026076979542,1.53311400056694,0</coordinates></Point>
  </Placemark>
  <Placemark id="sde_hala_penawar__interpolated_points_sde_hala_penawar.481">
	<name>SDE HALA PENAWAR</name>
	<ExtendedData><SchemaData schemaUrl="#sde_hala_penawar__interpolated_points_sde_hala_penawar">
		<SimpleData name="id">interpolated_points_sde_hala_penawar.481</SimpleData>
		<SimpleData name="tessellate">-1</SimpleData>
		<SimpleData name="extrude">0</SimpleData>
		<SimpleData name="visibility">-1</SimpleData>
		<SimpleData name="fid">1</SimpleData>
		<SimpleData name="tessellate2">1</SimpleData>
		<SimpleData name="extrude2">0</SimpleData>
		<SimpleData name="visibility2">-1</SimpleData>
		<SimpleData name="distance">48000</SimpleData>
		<SimpleData name="angle">78.3766438095909</SimpleData>
		<SimpleData name="KM">KM 49.0</SimpleData>
		<SimpleData name="Latitude">1.533</SimpleData>
		<SimpleData name="Longitude">104.027</SimpleData>
	</SchemaData></ExtendedData>
      <Point><coordinates>104.026957328208,1.53329665836859,0</coordinates></Point>
  </Placemark>
  <Placemark id="sde_hala_penawar__interpolated_points_sde_hala_penawar.482">
	<name>SDE HALA PENAWAR</name>
	<ExtendedData><SchemaData schemaUrl="#sde_hala_penawar__interpolated_points_sde_hala_penawar">
		<SimpleData name="id">interpolated_points_sde_hala_penawar.482</SimpleData>
		<SimpleData name="tessellate">-1</SimpleData>
		<SimpleData name="extrude">0</SimpleData>
		<SimpleData name="visibility">-1</SimpleData>
		<SimpleData name="fid">1</SimpleData>
		<SimpleData name="tessellate2">1</SimpleData>
		<SimpleData name="extrude2">0</SimpleData>
		<SimpleData name="visibility2">-1</SimpleData>
		<SimpleData name="distance">48100</SimpleData>
		<SimpleData name="angle">78.3766438095909</SimpleData>
		<SimpleData name="KM">KM 49.1</SimpleData>
		<SimpleData name="Latitude">1.533</SimpleData>
		<SimpleData name="Longitude">104.028</SimpleData>
	</SchemaData></ExtendedData>
      <Point><coordinates>104.027837677245,1.53347931590147,0</coordinates></Point>
  </Placemark>
  <Placemark id="sde_hala_penawar__interpolated_points_sde_hala_penawar.483">
	<name>SDE HALA PENAWAR</name>
	<ExtendedData><SchemaData schemaUrl="#sde_hala_penawar__interpolated_points_sde_hala_penawar">
		<SimpleData name="id">interpolated_points_sde_hala_penawar.483</SimpleData>
		<SimpleData name="tessellate">-1</SimpleData>
		<SimpleData name="extrude">0</SimpleData>
		<SimpleData name="visibility">-1</SimpleData>
		<SimpleData name="fid">1</SimpleData>
		<SimpleData name="tessellate2">1</SimpleData>
		<SimpleData name="extrude2">0</SimpleData>
		<SimpleData name="visibility2">-1</SimpleData>
		<SimpleData name="distance">48200</SimpleData>
		<SimpleData name="angle">78.3766438095909</SimpleData>
		<SimpleData name="KM">KM 49.2</SimpleData>
		<SimpleData name="Latitude">1.534</SimpleData>
		<SimpleData name="Longitude">104.029</SimpleData>
	</SchemaData></ExtendedData>
      <Point><coordinates>104.028718026652,1.53366197316547,0</coordinates></Point>
  </Placemark>
  <Placemark id="sde_hala_penawar__interpolated_points_sde_hala_penawar.484">
	<name>SDE HALA PENAWAR</name>
	<ExtendedData><SchemaData schemaUrl="#sde_hala_penawar__interpolated_points_sde_hala_penawar">
		<SimpleData name="id">interpolated_points_sde_hala_penawar.484</SimpleData>
		<SimpleData name="tessellate">-1</SimpleData>
		<SimpleData name="extrude">0</SimpleData>
		<SimpleData name="visibility">-1</SimpleData>
		<SimpleData name="fid">1</SimpleData>
		<SimpleData name="tessellate2">1</SimpleData>
		<SimpleData name="extrude2">0</SimpleData>
		<SimpleData name="visibility2">-1</SimpleData>
		<SimpleData name="distance">48300</SimpleData>
		<SimpleData name="angle">78.3766438095909</SimpleData>
		<SimpleData name="KM">KM 49.3</SimpleData>
		<SimpleData name="Latitude">1.534</SimpleData>
		<SimpleData name="Longitude">104.030</SimpleData>
	</SchemaData></ExtendedData>
      <Point><coordinates>104.029598376429,1.53384463016045,0</coordinates></Point>
  </Placemark>
  <Placemark id="sde_hala_penawar__interpolated_points_sde_hala_penawar.485">
	<name>SDE HALA PENAWAR</name>
	<ExtendedData><SchemaData schemaUrl="#sde_hala_penawar__interpolated_points_sde_hala_penawar">
		<SimpleData name="id">interpolated_points_sde_hala_penawar.485</SimpleData>
		<SimpleData name="tessellate">-1</SimpleData>
		<SimpleData name="extrude">0</SimpleData>
		<SimpleData name="visibility">-1</SimpleData>
		<SimpleData name="fid">1</SimpleData>
		<SimpleData name="tessellate2">1</SimpleData>
		<SimpleData name="extrude2">0</SimpleData>
		<SimpleData name="visibility2">-1</SimpleData>
		<SimpleData name="distance">48400</SimpleData>
		<SimpleData name="angle">78.3766438095909</SimpleData>
		<SimpleData name="KM">KM 49.4</SimpleData>
		<SimpleData name="Latitude">1.534</SimpleData>
		<SimpleData name="Longitude">104.030</SimpleData>
	</SchemaData></ExtendedData>
      <Point><coordinates>104.030478726577,1.53402728688628,0</coordinates></Point>
  </Placemark>
  <Placemark id="sde_hala_penawar__interpolated_points_sde_hala_penawar.486">
	<name>SDE HALA PENAWAR</name>
	<ExtendedData><SchemaData schemaUrl="#sde_hala_penawar__interpolated_points_sde_hala_penawar">
		<SimpleData name="id">interpolated_points_sde_hala_penawar.486</SimpleData>
		<SimpleData name="tessellate">-1</SimpleData>
		<SimpleData name="extrude">0</SimpleData>
		<SimpleData name="visibility">-1</SimpleData>
		<SimpleData name="fid">1</SimpleData>
		<SimpleData name="tessellate2">1</SimpleData>
		<SimpleData name="extrude2">0</SimpleData>
		<SimpleData name="visibility2">-1</SimpleData>
		<SimpleData name="distance">48500</SimpleData>
		<SimpleData name="angle">85.654978896433</SimpleData>
		<SimpleData name="KM">KM 49.5</SimpleData>
		<SimpleData name="Latitude">1.534</SimpleData>
		<SimpleData name="Longitude">104.031</SimpleData>
	</SchemaData></ExtendedData>
      <Point><coordinates>104.031356675306,1.53422051348545,0</coordinates></Point>
  </Placemark>
  <Placemark id="sde_hala_penawar__interpolated_points_sde_hala_penawar.487">
	<name>SDE HALA PENAWAR</name>
	<ExtendedData><SchemaData schemaUrl="#sde_hala_penawar__interpolated_points_sde_hala_penawar">
		<SimpleData name="id">interpolated_points_sde_hala_penawar.487</SimpleData>
		<SimpleData name="tessellate">-1</SimpleData>
		<SimpleData name="extrude">0</SimpleData>
		<SimpleData name="visibility">-1</SimpleData>
		<SimpleData name="fid">1</SimpleData>
		<SimpleData name="tessellate2">1</SimpleData>
		<SimpleData name="extrude2">0</SimpleData>
		<SimpleData name="visibility2">-1</SimpleData>
		<SimpleData name="distance">48600</SimpleData>
		<SimpleData name="angle">77.4110584801084</SimpleData>
		<SimpleData name="KM">KM 49.6</SimpleData>
		<SimpleData name="Latitude">1.534</SimpleData>
		<SimpleData name="Longitude">104.032</SimpleData>
	</SchemaData></ExtendedData>
      <Point><coordinates>104.032239236709,1.53438172004733,0</coordinates></Point>
  </Placemark>
  <Placemark id="sde_hala_penawar__interpolated_points_sde_hala_penawar.488">
	<name>SDE HALA PENAWAR</name>
	<ExtendedData><SchemaData schemaUrl="#sde_hala_penawar__interpolated_points_sde_hala_penawar">
		<SimpleData name="id">interpolated_points_sde_hala_penawar.488</SimpleData>
		<SimpleData name="tessellate">-1</SimpleData>
		<SimpleData name="extrude">0</SimpleData>
		<SimpleData name="visibility">-1</SimpleData>
		<SimpleData name="fid">1</SimpleData>
		<SimpleData name="tessellate2">1</SimpleData>
		<SimpleData name="extrude2">0</SimpleData>
		<SimpleData name="visibility2">-1</SimpleData>
		<SimpleData name="distance">48700</SimpleData>
		<SimpleData name="angle">78.8183357668962</SimpleData>
		<SimpleData name="KM">KM 49.7</SimpleData>
		<SimpleData name="Latitude">1.535</SimpleData>
		<SimpleData name="Longitude">104.033</SimpleData>
	</SchemaData></ExtendedData>
      <Point><coordinates>104.03311846355,1.53456945579278,0</coordinates></Point>
  </Placemark>
  <Placemark id="sde_hala_penawar__interpolated_points_sde_hala_penawar.489">
	<name>SDE HALA PENAWAR</name>
	<ExtendedData><SchemaData schemaUrl="#sde_hala_penawar__interpolated_points_sde_hala_penawar">
		<SimpleData name="id">interpolated_points_sde_hala_penawar.489</SimpleData>
		<SimpleData name="tessellate">-1</SimpleData>
		<SimpleData name="extrude">0</SimpleData>
		<SimpleData name="visibility">-1</SimpleData>
		<SimpleData name="fid">1</SimpleData>
		<SimpleData name="tessellate2">1</SimpleData>
		<SimpleData name="extrude2">0</SimpleData>
		<SimpleData name="visibility2">-1</SimpleData>
		<SimpleData name="distance">48800</SimpleData>
		<SimpleData name="angle">78.8183357668962</SimpleData>
		<SimpleData name="KM">KM 49.8</SimpleData>
		<SimpleData name="Latitude">1.535</SimpleData>
		<SimpleData name="Longitude">104.034</SimpleData>
	</SchemaData></ExtendedData>
      <Point><coordinates>104.03400018817,1.53474527621181,0</coordinates></Point>
  </Placemark>
  <Placemark id="sde_hala_penawar__interpolated_points_sde_hala_penawar.490">
	<name>SDE HALA PENAWAR</name>
	<ExtendedData><SchemaData schemaUrl="#sde_hala_penawar__interpolated_points_sde_hala_penawar">
		<SimpleData name="id">interpolated_points_sde_hala_penawar.490</SimpleData>
		<SimpleData name="tessellate">-1</SimpleData>
		<SimpleData name="extrude">0</SimpleData>
		<SimpleData name="visibility">-1</SimpleData>
		<SimpleData name="fid">1</SimpleData>
		<SimpleData name="tessellate2">1</SimpleData>
		<SimpleData name="extrude2">0</SimpleData>
		<SimpleData name="visibility2">-1</SimpleData>
		<SimpleData name="distance">48900</SimpleData>
		<SimpleData name="angle">78.8183357668962</SimpleData>
		<SimpleData name="KM">KM 49.9</SimpleData>
		<SimpleData name="Latitude">1.535</SimpleData>
		<SimpleData name="Longitude">104.035</SimpleData>
	</SchemaData></ExtendedData>
      <Point><coordinates>104.034881913156,1.53492109635652,0</coordinates></Point>
  </Placemark>
  <Placemark id="sde_hala_penawar__interpolated_points_sde_hala_penawar.491">
	<name>SDE HALA PENAWAR</name>
	<ExtendedData><SchemaData schemaUrl="#sde_hala_penawar__interpolated_points_sde_hala_penawar">
		<SimpleData name="id">interpolated_points_sde_hala_penawar.491</SimpleData>
		<SimpleData name="tessellate">-1</SimpleData>
		<SimpleData name="extrude">0</SimpleData>
		<SimpleData name="visibility">-1</SimpleData>
		<SimpleData name="fid">1</SimpleData>
		<SimpleData name="tessellate2">1</SimpleData>
		<SimpleData name="extrude2">0</SimpleData>
		<SimpleData name="visibility2">-1</SimpleData>
		<SimpleData name="distance">49000</SimpleData>
		<SimpleData name="angle">78.8183357668962</SimpleData>
		<SimpleData name="KM">KM 50.0</SimpleData>
		<SimpleData name="Latitude">1.535</SimpleData>
		<SimpleData name="Longitude">104.036</SimpleData>
	</SchemaData></ExtendedData>
      <Point><coordinates>104.035763638507,1.53509691622676,0</coordinates></Point>
  </Placemark>
  <Placemark id="sde_hala_penawar__interpolated_points_sde_hala_penawar.492">
	<name>SDE HALA PENAWAR</name>
	<ExtendedData><SchemaData schemaUrl="#sde_hala_penawar__interpolated_points_sde_hala_penawar">
		<SimpleData name="id">interpolated_points_sde_hala_penawar.492</SimpleData>
		<SimpleData name="tessellate">-1</SimpleData>
		<SimpleData name="extrude">0</SimpleData>
		<SimpleData name="visibility">-1</SimpleData>
		<SimpleData name="fid">1</SimpleData>
		<SimpleData name="tessellate2">1</SimpleData>
		<SimpleData name="extrude2">0</SimpleData>
		<SimpleData name="visibility2">-1</SimpleData>
		<SimpleData name="distance">49100</SimpleData>
		<SimpleData name="angle">78.8479157042215</SimpleData>
		<SimpleData name="KM">KM 50.1</SimpleData>
		<SimpleData name="Latitude">1.535</SimpleData>
		<SimpleData name="Longitude">104.037</SimpleData>
	</SchemaData></ExtendedData>
      <Point><coordinates>104.036646431355,1.53526684726306,0</coordinates></Point>
  </Placemark>
  <Placemark id="sde_hala_penawar__interpolated_points_sde_hala_penawar.493">
	<name>SDE HALA PENAWAR</name>
	<ExtendedData><SchemaData schemaUrl="#sde_hala_penawar__interpolated_points_sde_hala_penawar">
		<SimpleData name="id">interpolated_points_sde_hala_penawar.493</SimpleData>
		<SimpleData name="tessellate">-1</SimpleData>
		<SimpleData name="extrude">0</SimpleData>
		<SimpleData name="visibility">-1</SimpleData>
		<SimpleData name="fid">1</SimpleData>
		<SimpleData name="tessellate2">1</SimpleData>
		<SimpleData name="extrude2">0</SimpleData>
		<SimpleData name="visibility2">-1</SimpleData>
		<SimpleData name="distance">49200</SimpleData>
		<SimpleData name="angle">78.8479157042215</SimpleData>
		<SimpleData name="KM">KM 50.2</SimpleData>
		<SimpleData name="Latitude">1.535</SimpleData>
		<SimpleData name="Longitude">104.038</SimpleData>
	</SchemaData></ExtendedData>
      <Point><coordinates>104.037528247511,1.53544220845114,0</coordinates></Point>
  </Placemark>
  <Placemark id="sde_hala_penawar__interpolated_points_sde_hala_penawar.494">
	<name>SDE HALA PENAWAR</name>
	<ExtendedData><SchemaData schemaUrl="#sde_hala_penawar__interpolated_points_sde_hala_penawar">
		<SimpleData name="id">interpolated_points_sde_hala_penawar.494</SimpleData>
		<SimpleData name="tessellate">-1</SimpleData>
		<SimpleData name="extrude">0</SimpleData>
		<SimpleData name="visibility">-1</SimpleData>
		<SimpleData name="fid">1</SimpleData>
		<SimpleData name="tessellate2">1</SimpleData>
		<SimpleData name="extrude2">0</SimpleData>
		<SimpleData name="visibility2">-1</SimpleData>
		<SimpleData name="distance">49300</SimpleData>
		<SimpleData name="angle">77.7819804469354</SimpleData>
		<SimpleData name="KM">KM 50.3</SimpleData>
		<SimpleData name="Latitude">1.536</SimpleData>
		<SimpleData name="Longitude">104.038</SimpleData>
	</SchemaData></ExtendedData>
      <Point><coordinates>104.038408562645,1.53562485855058,0</coordinates></Point>
  </Placemark>
  <Placemark id="sde_hala_penawar__interpolated_points_sde_hala_penawar.495">
	<name>SDE HALA PENAWAR</name>
	<ExtendedData><SchemaData schemaUrl="#sde_hala_penawar__interpolated_points_sde_hala_penawar">
		<SimpleData name="id">interpolated_points_sde_hala_penawar.495</SimpleData>
		<SimpleData name="tessellate">-1</SimpleData>
		<SimpleData name="extrude">0</SimpleData>
		<SimpleData name="visibility">-1</SimpleData>
		<SimpleData name="fid">1</SimpleData>
		<SimpleData name="tessellate2">1</SimpleData>
		<SimpleData name="extrude2">0</SimpleData>
		<SimpleData name="visibility2">-1</SimpleData>
		<SimpleData name="distance">49400</SimpleData>
		<SimpleData name="angle">78.8843256364944</SimpleData>
		<SimpleData name="KM">KM 50.4</SimpleData>
		<SimpleData name="Latitude">1.536</SimpleData>
		<SimpleData name="Longitude">104.039</SimpleData>
	</SchemaData></ExtendedData>
      <Point><coordinates>104.039288569248,1.53580899577011,0</coordinates></Point>
  </Placemark>
  <Placemark id="sde_hala_penawar__interpolated_points_sde_hala_penawar.496">
	<name>SDE HALA PENAWAR</name>
	<ExtendedData><SchemaData schemaUrl="#sde_hala_penawar__interpolated_points_sde_hala_penawar">
		<SimpleData name="id">interpolated_points_sde_hala_penawar.496</SimpleData>
		<SimpleData name="tessellate">-1</SimpleData>
		<SimpleData name="extrude">0</SimpleData>
		<SimpleData name="visibility">-1</SimpleData>
		<SimpleData name="fid">1</SimpleData>
		<SimpleData name="tessellate2">1</SimpleData>
		<SimpleData name="extrude2">0</SimpleData>
		<SimpleData name="visibility2">-1</SimpleData>
		<SimpleData name="distance">49500</SimpleData>
		<SimpleData name="angle">80.6222545585662</SimpleData>
		<SimpleData name="KM">KM 50.5</SimpleData>
		<SimpleData name="Latitude">1.536</SimpleData>
		<SimpleData name="Longitude">104.040</SimpleData>
	</SchemaData></ExtendedData>
      <Point><coordinates>104.040169451293,1.53598824188353,0</coordinates></Point>
  </Placemark>
  <Placemark id="sde_hala_penawar__interpolated_points_sde_hala_penawar.497">
	<name>SDE HALA PENAWAR</name>
	<ExtendedData><SchemaData schemaUrl="#sde_hala_penawar__interpolated_points_sde_hala_penawar">
		<SimpleData name="id">interpolated_points_sde_hala_penawar.497</SimpleData>
		<SimpleData name="tessellate">-1</SimpleData>
		<SimpleData name="extrude">0</SimpleData>
		<SimpleData name="visibility">-1</SimpleData>
		<SimpleData name="fid">1</SimpleData>
		<SimpleData name="tessellate2">1</SimpleData>
		<SimpleData name="extrude2">0</SimpleData>
		<SimpleData name="visibility2">-1</SimpleData>
		<SimpleData name="distance">49600</SimpleData>
		<SimpleData name="angle">77.3793359307791</SimpleData>
		<SimpleData name="KM">KM 50.6</SimpleData>
		<SimpleData name="Latitude">1.536</SimpleData>
		<SimpleData name="Longitude">104.041</SimpleData>
	</SchemaData></ExtendedData>
      <Point><coordinates>104.04104942246,1.53617051476336,0</coordinates></Point>
  </Placemark>
  <Placemark id="sde_hala_penawar__interpolated_points_sde_hala_penawar.498">
	<name>SDE HALA PENAWAR</name>
	<ExtendedData><SchemaData schemaUrl="#sde_hala_penawar__interpolated_points_sde_hala_penawar">
		<SimpleData name="id">interpolated_points_sde_hala_penawar.498</SimpleData>
		<SimpleData name="tessellate">-1</SimpleData>
		<SimpleData name="extrude">0</SimpleData>
		<SimpleData name="visibility">-1</SimpleData>
		<SimpleData name="fid">1</SimpleData>
		<SimpleData name="tessellate2">1</SimpleData>
		<SimpleData name="extrude2">0</SimpleData>
		<SimpleData name="visibility2">-1</SimpleData>
		<SimpleData name="distance">49700</SimpleData>
		<SimpleData name="angle">78.4528397718171</SimpleData>
		<SimpleData name="KM">KM 50.7</SimpleData>
		<SimpleData name="Latitude">1.536</SimpleData>
		<SimpleData name="Longitude">104.042</SimpleData>
	</SchemaData></ExtendedData>
      <Point><coordinates>104.041929861739,1.53633821477639,0</coordinates></Point>
  </Placemark>
  <Placemark id="sde_hala_penawar__interpolated_points_sde_hala_penawar.499">
	<name>SDE HALA PENAWAR</name>
	<ExtendedData><SchemaData schemaUrl="#sde_hala_penawar__interpolated_points_sde_hala_penawar">
		<SimpleData name="id">interpolated_points_sde_hala_penawar.499</SimpleData>
		<SimpleData name="tessellate">-1</SimpleData>
		<SimpleData name="extrude">0</SimpleData>
		<SimpleData name="visibility">-1</SimpleData>
		<SimpleData name="fid">1</SimpleData>
		<SimpleData name="tessellate2">1</SimpleData>
		<SimpleData name="extrude2">0</SimpleData>
		<SimpleData name="visibility2">-1</SimpleData>
		<SimpleData name="distance">49800</SimpleData>
		<SimpleData name="angle">78.4528397718171</SimpleData>
		<SimpleData name="KM">KM 50.8</SimpleData>
		<SimpleData name="Latitude">1.537</SimpleData>
		<SimpleData name="Longitude">104.043</SimpleData>
	</SchemaData></ExtendedData>
      <Point><coordinates>104.042810457615,1.53651968932106,0</coordinates></Point>
  </Placemark>
  <Placemark id="sde_hala_penawar__interpolated_points_sde_hala_penawar.500">
	<name>SDE HALA PENAWAR</name>
	<ExtendedData><SchemaData schemaUrl="#sde_hala_penawar__interpolated_points_sde_hala_penawar">
		<SimpleData name="id">interpolated_points_sde_hala_penawar.500</SimpleData>
		<SimpleData name="tessellate">-1</SimpleData>
		<SimpleData name="extrude">0</SimpleData>
		<SimpleData name="visibility">-1</SimpleData>
		<SimpleData name="fid">1</SimpleData>
		<SimpleData name="tessellate2">1</SimpleData>
		<SimpleData name="extrude2">0</SimpleData>
		<SimpleData name="visibility2">-1</SimpleData>
		<SimpleData name="distance">49900</SimpleData>
		<SimpleData name="angle">78.4528397718171</SimpleData>
		<SimpleData name="KM">KM 50.9</SimpleData>
		<SimpleData name="Latitude">1.537</SimpleData>
		<SimpleData name="Longitude">104.044</SimpleData>
	</SchemaData></ExtendedData>
      <Point><coordinates>104.043691053858,1.53670116359386,0</coordinates></Point>
  </Placemark>
  <Placemark id="sde_hala_penawar__interpolated_points_sde_hala_penawar.501">
	<name>SDE HALA PENAWAR</name>
	<ExtendedData><SchemaData schemaUrl="#sde_hala_penawar__interpolated_points_sde_hala_penawar">
		<SimpleData name="id">interpolated_points_sde_hala_penawar.501</SimpleData>
		<SimpleData name="tessellate">-1</SimpleData>
		<SimpleData name="extrude">0</SimpleData>
		<SimpleData name="visibility">-1</SimpleData>
		<SimpleData name="fid">1</SimpleData>
		<SimpleData name="tessellate2">1</SimpleData>
		<SimpleData name="extrude2">0</SimpleData>
		<SimpleData name="visibility2">-1</SimpleData>
		<SimpleData name="distance">50000</SimpleData>
		<SimpleData name="angle">78.4528397718171</SimpleData>
		<SimpleData name="KM">KM 51.0</SimpleData>
		<SimpleData name="Latitude">1.537</SimpleData>
		<SimpleData name="Longitude">104.045</SimpleData>
	</SchemaData></ExtendedData>
      <Point><coordinates>104.044571650467,1.53688263759466,0</coordinates></Point>
  </Placemark>
  <Placemark id="sde_hala_penawar__interpolated_points_sde_hala_penawar.502">
	<name>SDE HALA PENAWAR</name>
	<ExtendedData><SchemaData schemaUrl="#sde_hala_penawar__interpolated_points_sde_hala_penawar">
		<SimpleData name="id">interpolated_points_sde_hala_penawar.502</SimpleData>
		<SimpleData name="tessellate">-1</SimpleData>
		<SimpleData name="extrude">0</SimpleData>
		<SimpleData name="visibility">-1</SimpleData>
		<SimpleData name="fid">1</SimpleData>
		<SimpleData name="tessellate2">1</SimpleData>
		<SimpleData name="extrude2">0</SimpleData>
		<SimpleData name="visibility2">-1</SimpleData>
		<SimpleData name="distance">50100</SimpleData>
		<SimpleData name="angle">78.6736748781147</SimpleData>
		<SimpleData name="KM">KM 51.1</SimpleData>
		<SimpleData name="Latitude">1.537</SimpleData>
		<SimpleData name="Longitude">104.045</SimpleData>
	</SchemaData></ExtendedData>
      <Point><coordinates>104.045452666743,1.5370610492583,0</coordinates></Point>
  </Placemark>
  <Placemark id="sde_hala_penawar__interpolated_points_sde_hala_penawar.503">
	<name>SDE HALA PENAWAR</name>
	<ExtendedData><SchemaData schemaUrl="#sde_hala_penawar__interpolated_points_sde_hala_penawar">
		<SimpleData name="id">interpolated_points_sde_hala_penawar.503</SimpleData>
		<SimpleData name="tessellate">-1</SimpleData>
		<SimpleData name="extrude">0</SimpleData>
		<SimpleData name="visibility">-1</SimpleData>
		<SimpleData name="fid">1</SimpleData>
		<SimpleData name="tessellate2">1</SimpleData>
		<SimpleData name="extrude2">0</SimpleData>
		<SimpleData name="visibility2">-1</SimpleData>
		<SimpleData name="distance">50200</SimpleData>
		<SimpleData name="angle">78.6736748781147</SimpleData>
		<SimpleData name="KM">KM 51.2</SimpleData>
		<SimpleData name="Latitude">1.537</SimpleData>
		<SimpleData name="Longitude">104.046</SimpleData>
	</SchemaData></ExtendedData>
      <Point><coordinates>104.046333952565,1.5372391056593,0</coordinates></Point>
  </Placemark>
  <Placemark id="sde_hala_penawar__interpolated_points_sde_hala_penawar.504">
	<name>SDE HALA PENAWAR</name>
	<ExtendedData><SchemaData schemaUrl="#sde_hala_penawar__interpolated_points_sde_hala_penawar">
		<SimpleData name="id">interpolated_points_sde_hala_penawar.504</SimpleData>
		<SimpleData name="tessellate">-1</SimpleData>
		<SimpleData name="extrude">0</SimpleData>
		<SimpleData name="visibility">-1</SimpleData>
		<SimpleData name="fid">1</SimpleData>
		<SimpleData name="tessellate2">1</SimpleData>
		<SimpleData name="extrude2">0</SimpleData>
		<SimpleData name="visibility2">-1</SimpleData>
		<SimpleData name="distance">50300</SimpleData>
		<SimpleData name="angle">78.6736748781147</SimpleData>
		<SimpleData name="KM">KM 51.3</SimpleData>
		<SimpleData name="Latitude">1.537</SimpleData>
		<SimpleData name="Longitude">104.047</SimpleData>
	</SchemaData></ExtendedData>
      <Point><coordinates>104.04721523875,1.53741716178567,0</coordinates></Point>
  </Placemark>
  <Placemark id="sde_hala_penawar__interpolated_points_sde_hala_penawar.505">
	<name>SDE HALA PENAWAR</name>
	<ExtendedData><SchemaData schemaUrl="#sde_hala_penawar__interpolated_points_sde_hala_penawar">
		<SimpleData name="id">interpolated_points_sde_hala_penawar.505</SimpleData>
		<SimpleData name="tessellate">-1</SimpleData>
		<SimpleData name="extrude">0</SimpleData>
		<SimpleData name="visibility">-1</SimpleData>
		<SimpleData name="fid">1</SimpleData>
		<SimpleData name="tessellate2">1</SimpleData>
		<SimpleData name="extrude2">0</SimpleData>
		<SimpleData name="visibility2">-1</SimpleData>
		<SimpleData name="distance">50400</SimpleData>
		<SimpleData name="angle">78.6736748781147</SimpleData>
		<SimpleData name="KM">KM 51.4</SimpleData>
		<SimpleData name="Latitude">1.538</SimpleData>
		<SimpleData name="Longitude">104.048</SimpleData>
	</SchemaData></ExtendedData>
      <Point><coordinates>104.0480965253,1.53759521763728,0</coordinates></Point>
  </Placemark>
  <Placemark id="sde_hala_penawar__interpolated_points_sde_hala_penawar.506">
	<name>SDE HALA PENAWAR</name>
	<ExtendedData><SchemaData schemaUrl="#sde_hala_penawar__interpolated_points_sde_hala_penawar">
		<SimpleData name="id">interpolated_points_sde_hala_penawar.506</SimpleData>
		<SimpleData name="tessellate">-1</SimpleData>
		<SimpleData name="extrude">0</SimpleData>
		<SimpleData name="visibility">-1</SimpleData>
		<SimpleData name="fid">1</SimpleData>
		<SimpleData name="tessellate2">1</SimpleData>
		<SimpleData name="extrude2">0</SimpleData>
		<SimpleData name="visibility2">-1</SimpleData>
		<SimpleData name="distance">50500</SimpleData>
		<SimpleData name="angle">78.6736748781147</SimpleData>
		<SimpleData name="KM">KM 51.5</SimpleData>
		<SimpleData name="Latitude">1.538</SimpleData>
		<SimpleData name="Longitude">104.049</SimpleData>
	</SchemaData></ExtendedData>
      <Point><coordinates>104.048977812212,1.53777327321401,0</coordinates></Point>
  </Placemark>
  <Placemark id="sde_hala_penawar__interpolated_points_sde_hala_penawar.507">
	<name>SDE HALA PENAWAR</name>
	<ExtendedData><SchemaData schemaUrl="#sde_hala_penawar__interpolated_points_sde_hala_penawar">
		<SimpleData name="id">interpolated_points_sde_hala_penawar.507</SimpleData>
		<SimpleData name="tessellate">-1</SimpleData>
		<SimpleData name="extrude">0</SimpleData>
		<SimpleData name="visibility">-1</SimpleData>
		<SimpleData name="fid">1</SimpleData>
		<SimpleData name="tessellate2">1</SimpleData>
		<SimpleData name="extrude2">0</SimpleData>
		<SimpleData name="visibility2">-1</SimpleData>
		<SimpleData name="distance">50600</SimpleData>
		<SimpleData name="angle">78.6736748781147</SimpleData>
		<SimpleData name="KM">KM 51.6</SimpleData>
		<SimpleData name="Latitude">1.538</SimpleData>
		<SimpleData name="Longitude">104.050</SimpleData>
	</SchemaData></ExtendedData>
      <Point><coordinates>104.049859099488,1.53795132851572,0</coordinates></Point>
  </Placemark>
  <Placemark id="sde_hala_penawar__interpolated_points_sde_hala_penawar.508">
	<name>SDE HALA PENAWAR</name>
	<ExtendedData><SchemaData schemaUrl="#sde_hala_penawar__interpolated_points_sde_hala_penawar">
		<SimpleData name="id">interpolated_points_sde_hala_penawar.508</SimpleData>
		<SimpleData name="tessellate">-1</SimpleData>
		<SimpleData name="extrude">0</SimpleData>
		<SimpleData name="visibility">-1</SimpleData>
		<SimpleData name="fid">1</SimpleData>
		<SimpleData name="tessellate2">1</SimpleData>
		<SimpleData name="extrude2">0</SimpleData>
		<SimpleData name="visibility2">-1</SimpleData>
		<SimpleData name="distance">50700</SimpleData>
		<SimpleData name="angle">78.6656317503556</SimpleData>
		<SimpleData name="KM">KM 51.7</SimpleData>
		<SimpleData name="Latitude">1.538</SimpleData>
		<SimpleData name="Longitude">104.051</SimpleData>
	</SchemaData></ExtendedData>
      <Point><coordinates>104.050739204635,1.53813486684706,0</coordinates></Point>
  </Placemark>
  <Placemark id="sde_hala_penawar__interpolated_points_sde_hala_penawar.509">
	<name>SDE HALA PENAWAR</name>
	<ExtendedData><SchemaData schemaUrl="#sde_hala_penawar__interpolated_points_sde_hala_penawar">
		<SimpleData name="id">interpolated_points_sde_hala_penawar.509</SimpleData>
		<SimpleData name="tessellate">-1</SimpleData>
		<SimpleData name="extrude">0</SimpleData>
		<SimpleData name="visibility">-1</SimpleData>
		<SimpleData name="fid">1</SimpleData>
		<SimpleData name="tessellate2">1</SimpleData>
		<SimpleData name="extrude2">0</SimpleData>
		<SimpleData name="visibility2">-1</SimpleData>
		<SimpleData name="distance">50800</SimpleData>
		<SimpleData name="angle">78.6656317503556</SimpleData>
		<SimpleData name="KM">KM 51.8</SimpleData>
		<SimpleData name="Latitude">1.538</SimpleData>
		<SimpleData name="Longitude">104.052</SimpleData>
	</SchemaData></ExtendedData>
      <Point><coordinates>104.051620467794,1.53831304610112,0</coordinates></Point>
  </Placemark>
  <Placemark id="sde_hala_penawar__interpolated_points_sde_hala_penawar.510">
	<name>SDE HALA PENAWAR</name>
	<ExtendedData><SchemaData schemaUrl="#sde_hala_penawar__interpolated_points_sde_hala_penawar">
		<SimpleData name="id">interpolated_points_sde_hala_penawar.510</SimpleData>
		<SimpleData name="tessellate">-1</SimpleData>
		<SimpleData name="extrude">0</SimpleData>
		<SimpleData name="visibility">-1</SimpleData>
		<SimpleData name="fid">1</SimpleData>
		<SimpleData name="tessellate2">1</SimpleData>
		<SimpleData name="extrude2">0</SimpleData>
		<SimpleData name="visibility2">-1</SimpleData>
		<SimpleData name="distance">50900</SimpleData>
		<SimpleData name="angle">78.6656317503556</SimpleData>
		<SimpleData name="KM">KM 51.9</SimpleData>
		<SimpleData name="Latitude">1.538</SimpleData>
		<SimpleData name="Longitude">104.053</SimpleData>
	</SchemaData></ExtendedData>
      <Point><coordinates>104.052501731315,1.53849122507987,0</coordinates></Point>
  </Placemark>
  <Placemark id="sde_hala_penawar__interpolated_points_sde_hala_penawar.511">
	<name>SDE HALA PENAWAR</name>
	<ExtendedData><SchemaData schemaUrl="#sde_hala_penawar__interpolated_points_sde_hala_penawar">
		<SimpleData name="id">interpolated_points_sde_hala_penawar.511</SimpleData>
		<SimpleData name="tessellate">-1</SimpleData>
		<SimpleData name="extrude">0</SimpleData>
		<SimpleData name="visibility">-1</SimpleData>
		<SimpleData name="fid">1</SimpleData>
		<SimpleData name="tessellate2">1</SimpleData>
		<SimpleData name="extrude2">0</SimpleData>
		<SimpleData name="visibility2">-1</SimpleData>
		<SimpleData name="distance">51000</SimpleData>
		<SimpleData name="angle">78.6656317503556</SimpleData>
		<SimpleData name="KM">KM 52.0</SimpleData>
		<SimpleData name="Latitude">1.539</SimpleData>
		<SimpleData name="Longitude">104.053</SimpleData>
	</SchemaData></ExtendedData>
      <Point><coordinates>104.053382995199,1.53866940378317,0</coordinates></Point>
  </Placemark>
  <Placemark id="sde_hala_penawar__interpolated_points_sde_hala_penawar.512">
	<name>SDE HALA PENAWAR</name>
	<ExtendedData><SchemaData schemaUrl="#sde_hala_penawar__interpolated_points_sde_hala_penawar">
		<SimpleData name="id">interpolated_points_sde_hala_penawar.512</SimpleData>
		<SimpleData name="tessellate">-1</SimpleData>
		<SimpleData name="extrude">0</SimpleData>
		<SimpleData name="visibility">-1</SimpleData>
		<SimpleData name="fid">1</SimpleData>
		<SimpleData name="tessellate2">1</SimpleData>
		<SimpleData name="extrude2">0</SimpleData>
		<SimpleData name="visibility2">-1</SimpleData>
		<SimpleData name="distance">51100</SimpleData>
		<SimpleData name="angle">78.4979149877151</SimpleData>
		<SimpleData name="KM">KM 52.1</SimpleData>
		<SimpleData name="Latitude">1.539</SimpleData>
		<SimpleData name="Longitude">104.054</SimpleData>
	</SchemaData></ExtendedData>
      <Point><coordinates>104.054262179471,1.53885407529479,0</coordinates></Point>
  </Placemark>
  <Placemark id="sde_hala_penawar__interpolated_points_sde_hala_penawar.513">
	<name>SDE HALA PENAWAR</name>
	<ExtendedData><SchemaData schemaUrl="#sde_hala_penawar__interpolated_points_sde_hala_penawar">
		<SimpleData name="id">interpolated_points_sde_hala_penawar.513</SimpleData>
		<SimpleData name="tessellate">-1</SimpleData>
		<SimpleData name="extrude">0</SimpleData>
		<SimpleData name="visibility">-1</SimpleData>
		<SimpleData name="fid">1</SimpleData>
		<SimpleData name="tessellate2">1</SimpleData>
		<SimpleData name="extrude2">0</SimpleData>
		<SimpleData name="visibility2">-1</SimpleData>
		<SimpleData name="distance">51200</SimpleData>
		<SimpleData name="angle">78.4979149877151</SimpleData>
		<SimpleData name="KM">KM 52.2</SimpleData>
		<SimpleData name="Latitude">1.539</SimpleData>
		<SimpleData name="Longitude">104.055</SimpleData>
	</SchemaData></ExtendedData>
      <Point><coordinates>104.055142922044,1.53903484876515,0</coordinates></Point>
  </Placemark>
  <Placemark id="sde_hala_penawar__interpolated_points_sde_hala_penawar.514">
	<name>SDE HALA PENAWAR</name>
	<ExtendedData><SchemaData schemaUrl="#sde_hala_penawar__interpolated_points_sde_hala_penawar">
		<SimpleData name="id">interpolated_points_sde_hala_penawar.514</SimpleData>
		<SimpleData name="tessellate">-1</SimpleData>
		<SimpleData name="extrude">0</SimpleData>
		<SimpleData name="visibility">-1</SimpleData>
		<SimpleData name="fid">1</SimpleData>
		<SimpleData name="tessellate2">1</SimpleData>
		<SimpleData name="extrude2">0</SimpleData>
		<SimpleData name="visibility2">-1</SimpleData>
		<SimpleData name="distance">51300</SimpleData>
		<SimpleData name="angle">78.4979149877151</SimpleData>
		<SimpleData name="KM">KM 52.3</SimpleData>
		<SimpleData name="Latitude">1.539</SimpleData>
		<SimpleData name="Longitude">104.056</SimpleData>
	</SchemaData></ExtendedData>
      <Point><coordinates>104.056023664981,1.53921562196138,0</coordinates></Point>
  </Placemark>
  <Placemark id="sde_hala_penawar__interpolated_points_sde_hala_penawar.515">
	<name>SDE HALA PENAWAR</name>
	<ExtendedData><SchemaData schemaUrl="#sde_hala_penawar__interpolated_points_sde_hala_penawar">
		<SimpleData name="id">interpolated_points_sde_hala_penawar.515</SimpleData>
		<SimpleData name="tessellate">-1</SimpleData>
		<SimpleData name="extrude">0</SimpleData>
		<SimpleData name="visibility">-1</SimpleData>
		<SimpleData name="fid">1</SimpleData>
		<SimpleData name="tessellate2">1</SimpleData>
		<SimpleData name="extrude2">0</SimpleData>
		<SimpleData name="visibility2">-1</SimpleData>
		<SimpleData name="distance">51400</SimpleData>
		<SimpleData name="angle">78.4979149877151</SimpleData>
		<SimpleData name="KM">KM 52.4</SimpleData>
		<SimpleData name="Latitude">1.539</SimpleData>
		<SimpleData name="Longitude">104.057</SimpleData>
	</SchemaData></ExtendedData>
      <Point><coordinates>104.056904408281,1.53939639488334,0</coordinates></Point>
  </Placemark>
  <Placemark id="sde_hala_penawar__interpolated_points_sde_hala_penawar.516">
	<name>SDE HALA PENAWAR</name>
	<ExtendedData><SchemaData schemaUrl="#sde_hala_penawar__interpolated_points_sde_hala_penawar">
		<SimpleData name="id">interpolated_points_sde_hala_penawar.516</SimpleData>
		<SimpleData name="tessellate">-1</SimpleData>
		<SimpleData name="extrude">0</SimpleData>
		<SimpleData name="visibility">-1</SimpleData>
		<SimpleData name="fid">1</SimpleData>
		<SimpleData name="tessellate2">1</SimpleData>
		<SimpleData name="extrude2">0</SimpleData>
		<SimpleData name="visibility2">-1</SimpleData>
		<SimpleData name="distance">51500</SimpleData>
		<SimpleData name="angle">78.4979149877151</SimpleData>
		<SimpleData name="KM">KM 52.5</SimpleData>
		<SimpleData name="Latitude">1.540</SimpleData>
		<SimpleData name="Longitude">104.058</SimpleData>
	</SchemaData></ExtendedData>
      <Point><coordinates>104.057785151944,1.53957716753091,0</coordinates></Point>
  </Placemark>
  <Placemark id="sde_hala_penawar__interpolated_points_sde_hala_penawar.517">
	<name>SDE HALA PENAWAR</name>
	<ExtendedData><SchemaData schemaUrl="#sde_hala_penawar__interpolated_points_sde_hala_penawar">
		<SimpleData name="id">interpolated_points_sde_hala_penawar.517</SimpleData>
		<SimpleData name="tessellate">-1</SimpleData>
		<SimpleData name="extrude">0</SimpleData>
		<SimpleData name="visibility">-1</SimpleData>
		<SimpleData name="fid">1</SimpleData>
		<SimpleData name="tessellate2">1</SimpleData>
		<SimpleData name="extrude2">0</SimpleData>
		<SimpleData name="visibility2">-1</SimpleData>
		<SimpleData name="distance">51600</SimpleData>
		<SimpleData name="angle">78.4584939033565</SimpleData>
		<SimpleData name="KM">KM 52.6</SimpleData>
		<SimpleData name="Latitude">1.540</SimpleData>
		<SimpleData name="Longitude">104.059</SimpleData>
	</SchemaData></ExtendedData>
      <Point><coordinates>104.05866729023,1.53974977048473,0</coordinates></Point>
  </Placemark>
  <Placemark id="sde_hala_penawar__interpolated_points_sde_hala_penawar.518">
	<name>SDE HALA PENAWAR</name>
	<ExtendedData><SchemaData schemaUrl="#sde_hala_penawar__interpolated_points_sde_hala_penawar">
		<SimpleData name="id">interpolated_points_sde_hala_penawar.518</SimpleData>
		<SimpleData name="tessellate">-1</SimpleData>
		<SimpleData name="extrude">0</SimpleData>
		<SimpleData name="visibility">-1</SimpleData>
		<SimpleData name="fid">1</SimpleData>
		<SimpleData name="tessellate2">1</SimpleData>
		<SimpleData name="extrude2">0</SimpleData>
		<SimpleData name="visibility2">-1</SimpleData>
		<SimpleData name="distance">51700</SimpleData>
		<SimpleData name="angle">78.4584939033565</SimpleData>
		<SimpleData name="KM">KM 52.7</SimpleData>
		<SimpleData name="Latitude">1.540</SimpleData>
		<SimpleData name="Longitude">104.060</SimpleData>
	</SchemaData></ExtendedData>
      <Point><coordinates>104.05954791082,1.5399311523751,0</coordinates></Point>
  </Placemark>
  <Placemark id="sde_hala_penawar__interpolated_points_sde_hala_penawar.519">
	<name>SDE HALA PENAWAR</name>
	<ExtendedData><SchemaData schemaUrl="#sde_hala_penawar__interpolated_points_sde_hala_penawar">
		<SimpleData name="id">interpolated_points_sde_hala_penawar.519</SimpleData>
		<SimpleData name="tessellate">-1</SimpleData>
		<SimpleData name="extrude">0</SimpleData>
		<SimpleData name="visibility">-1</SimpleData>
		<SimpleData name="fid">1</SimpleData>
		<SimpleData name="tessellate2">1</SimpleData>
		<SimpleData name="extrude2">0</SimpleData>
		<SimpleData name="visibility2">-1</SimpleData>
		<SimpleData name="distance">51800</SimpleData>
		<SimpleData name="angle">78.4584939033565</SimpleData>
		<SimpleData name="KM">KM 52.8</SimpleData>
		<SimpleData name="Latitude">1.540</SimpleData>
		<SimpleData name="Longitude">104.060</SimpleData>
	</SchemaData></ExtendedData>
      <Point><coordinates>104.060428531772,1.54011253399109,0</coordinates></Point>
  </Placemark>
  <Placemark id="sde_hala_penawar__interpolated_points_sde_hala_penawar.520">
	<name>SDE HALA PENAWAR</name>
	<ExtendedData><SchemaData schemaUrl="#sde_hala_penawar__interpolated_points_sde_hala_penawar">
		<SimpleData name="id">interpolated_points_sde_hala_penawar.520</SimpleData>
		<SimpleData name="tessellate">-1</SimpleData>
		<SimpleData name="extrude">0</SimpleData>
		<SimpleData name="visibility">-1</SimpleData>
		<SimpleData name="fid">1</SimpleData>
		<SimpleData name="tessellate2">1</SimpleData>
		<SimpleData name="extrude2">0</SimpleData>
		<SimpleData name="visibility2">-1</SimpleData>
		<SimpleData name="distance">51900</SimpleData>
		<SimpleData name="angle">78.4584939033565</SimpleData>
		<SimpleData name="KM">KM 52.9</SimpleData>
		<SimpleData name="Latitude">1.540</SimpleData>
		<SimpleData name="Longitude">104.061</SimpleData>
	</SchemaData></ExtendedData>
      <Point><coordinates>104.061309153088,1.54029391533257,0</coordinates></Point>
  </Placemark>
  <Placemark id="sde_hala_penawar__interpolated_points_sde_hala_penawar.521">
	<name>SDE HALA PENAWAR</name>
	<ExtendedData><SchemaData schemaUrl="#sde_hala_penawar__interpolated_points_sde_hala_penawar">
		<SimpleData name="id">interpolated_points_sde_hala_penawar.521</SimpleData>
		<SimpleData name="tessellate">-1</SimpleData>
		<SimpleData name="extrude">0</SimpleData>
		<SimpleData name="visibility">-1</SimpleData>
		<SimpleData name="fid">1</SimpleData>
		<SimpleData name="tessellate2">1</SimpleData>
		<SimpleData name="extrude2">0</SimpleData>
		<SimpleData name="visibility2">-1</SimpleData>
		<SimpleData name="distance">52000</SimpleData>
		<SimpleData name="angle">78.6967313761922</SimpleData>
		<SimpleData name="KM">KM 53.0</SimpleData>
		<SimpleData name="Latitude">1.540</SimpleData>
		<SimpleData name="Longitude">104.062</SimpleData>
	</SchemaData></ExtendedData>
      <Point><coordinates>104.062190362136,1.54047063759765,0</coordinates></Point>
  </Placemark>
  <Placemark id="sde_hala_penawar__interpolated_points_sde_hala_penawar.522">
	<name>SDE HALA PENAWAR</name>
	<ExtendedData><SchemaData schemaUrl="#sde_hala_penawar__interpolated_points_sde_hala_penawar">
		<SimpleData name="id">interpolated_points_sde_hala_penawar.522</SimpleData>
		<SimpleData name="tessellate">-1</SimpleData>
		<SimpleData name="extrude">0</SimpleData>
		<SimpleData name="visibility">-1</SimpleData>
		<SimpleData name="fid">1</SimpleData>
		<SimpleData name="tessellate2">1</SimpleData>
		<SimpleData name="extrude2">0</SimpleData>
		<SimpleData name="visibility2">-1</SimpleData>
		<SimpleData name="distance">52100</SimpleData>
		<SimpleData name="angle">78.6967313761922</SimpleData>
		<SimpleData name="KM">KM 53.1</SimpleData>
		<SimpleData name="Latitude">1.541</SimpleData>
		<SimpleData name="Longitude">104.063</SimpleData>
	</SchemaData></ExtendedData>
      <Point><coordinates>104.063071725973,1.54064833185162,0</coordinates></Point>
  </Placemark>
  <Placemark id="sde_hala_penawar__interpolated_points_sde_hala_penawar.523">
	<name>SDE HALA PENAWAR</name>
	<ExtendedData><SchemaData schemaUrl="#sde_hala_penawar__interpolated_points_sde_hala_penawar">
		<SimpleData name="id">interpolated_points_sde_hala_penawar.523</SimpleData>
		<SimpleData name="tessellate">-1</SimpleData>
		<SimpleData name="extrude">0</SimpleData>
		<SimpleData name="visibility">-1</SimpleData>
		<SimpleData name="fid">1</SimpleData>
		<SimpleData name="tessellate2">1</SimpleData>
		<SimpleData name="extrude2">0</SimpleData>
		<SimpleData name="visibility2">-1</SimpleData>
		<SimpleData name="distance">52200</SimpleData>
		<SimpleData name="angle">78.686034756947</SimpleData>
		<SimpleData name="KM">KM 53.2</SimpleData>
		<SimpleData name="Latitude">1.541</SimpleData>
		<SimpleData name="Longitude">104.064</SimpleData>
	</SchemaData></ExtendedData>
      <Point><coordinates>104.063951880633,1.54083164499964,0</coordinates></Point>
  </Placemark>
  <Placemark id="sde_hala_penawar__interpolated_points_sde_hala_penawar.524">
	<name>SDE HALA PENAWAR</name>
	<ExtendedData><SchemaData schemaUrl="#sde_hala_penawar__interpolated_points_sde_hala_penawar">
		<SimpleData name="id">interpolated_points_sde_hala_penawar.524</SimpleData>
		<SimpleData name="tessellate">-1</SimpleData>
		<SimpleData name="extrude">0</SimpleData>
		<SimpleData name="visibility">-1</SimpleData>
		<SimpleData name="fid">1</SimpleData>
		<SimpleData name="tessellate2">1</SimpleData>
		<SimpleData name="extrude2">0</SimpleData>
		<SimpleData name="visibility2">-1</SimpleData>
		<SimpleData name="distance">52300</SimpleData>
		<SimpleData name="angle">78.686034756947</SimpleData>
		<SimpleData name="KM">KM 53.3</SimpleData>
		<SimpleData name="Latitude">1.541</SimpleData>
		<SimpleData name="Longitude">104.065</SimpleData>
	</SchemaData></ExtendedData>
      <Point><coordinates>104.064833212212,1.54100950428895,0</coordinates></Point>
  </Placemark>
  <Placemark id="sde_hala_penawar__interpolated_points_sde_hala_penawar.525">
	<name>SDE HALA PENAWAR</name>
	<ExtendedData><SchemaData schemaUrl="#sde_hala_penawar__interpolated_points_sde_hala_penawar">
		<SimpleData name="id">interpolated_points_sde_hala_penawar.525</SimpleData>
		<SimpleData name="tessellate">-1</SimpleData>
		<SimpleData name="extrude">0</SimpleData>
		<SimpleData name="visibility">-1</SimpleData>
		<SimpleData name="fid">1</SimpleData>
		<SimpleData name="tessellate2">1</SimpleData>
		<SimpleData name="extrude2">0</SimpleData>
		<SimpleData name="visibility2">-1</SimpleData>
		<SimpleData name="distance">52400</SimpleData>
		<SimpleData name="angle">78.686034756947</SimpleData>
		<SimpleData name="KM">KM 53.4</SimpleData>
		<SimpleData name="Latitude">1.541</SimpleData>
		<SimpleData name="Longitude">104.066</SimpleData>
	</SchemaData></ExtendedData>
      <Point><coordinates>104.065714544151,1.54118736330082,0</coordinates></Point>
  </Placemark>
  <Placemark id="sde_hala_penawar__interpolated_points_sde_hala_penawar.526">
	<name>SDE HALA PENAWAR</name>
	<ExtendedData><SchemaData schemaUrl="#sde_hala_penawar__interpolated_points_sde_hala_penawar">
		<SimpleData name="id">interpolated_points_sde_hala_penawar.526</SimpleData>
		<SimpleData name="tessellate">-1</SimpleData>
		<SimpleData name="extrude">0</SimpleData>
		<SimpleData name="visibility">-1</SimpleData>
		<SimpleData name="fid">1</SimpleData>
		<SimpleData name="tessellate2">1</SimpleData>
		<SimpleData name="extrude2">0</SimpleData>
		<SimpleData name="visibility2">-1</SimpleData>
		<SimpleData name="distance">52500</SimpleData>
		<SimpleData name="angle">71.6990349426805</SimpleData>
		<SimpleData name="KM">KM 53.5</SimpleData>
		<SimpleData name="Latitude">1.541</SimpleData>
		<SimpleData name="Longitude">104.067</SimpleData>
	</SchemaData></ExtendedData>
      <Point><coordinates>104.066595053077,1.54136835102559,0</coordinates></Point>
  </Placemark>
  <Placemark id="sde_hala_penawar__interpolated_points_sde_hala_penawar.527">
	<name>SDE HALA PENAWAR</name>
	<ExtendedData><SchemaData schemaUrl="#sde_hala_penawar__interpolated_points_sde_hala_penawar">
		<SimpleData name="id">interpolated_points_sde_hala_penawar.527</SimpleData>
		<SimpleData name="tessellate">-1</SimpleData>
		<SimpleData name="extrude">0</SimpleData>
		<SimpleData name="visibility">-1</SimpleData>
		<SimpleData name="fid">1</SimpleData>
		<SimpleData name="tessellate2">1</SimpleData>
		<SimpleData name="extrude2">0</SimpleData>
		<SimpleData name="visibility2">-1</SimpleData>
		<SimpleData name="distance">52600</SimpleData>
		<SimpleData name="angle">78.5361766952895</SimpleData>
		<SimpleData name="KM">KM 53.6</SimpleData>
		<SimpleData name="Latitude">1.542</SimpleData>
		<SimpleData name="Longitude">104.067</SimpleData>
	</SchemaData></ExtendedData>
      <Point><coordinates>104.067476291558,1.54154242344027,0</coordinates></Point>
  </Placemark>
  <Placemark id="sde_hala_penawar__interpolated_points_sde_hala_penawar.528">
	<name>SDE HALA PENAWAR</name>
	<ExtendedData><SchemaData schemaUrl="#sde_hala_penawar__interpolated_points_sde_hala_penawar">
		<SimpleData name="id">interpolated_points_sde_hala_penawar.528</SimpleData>
		<SimpleData name="tessellate">-1</SimpleData>
		<SimpleData name="extrude">0</SimpleData>
		<SimpleData name="visibility">-1</SimpleData>
		<SimpleData name="fid">1</SimpleData>
		<SimpleData name="tessellate2">1</SimpleData>
		<SimpleData name="extrude2">0</SimpleData>
		<SimpleData name="visibility2">-1</SimpleData>
		<SimpleData name="distance">52700</SimpleData>
		<SimpleData name="angle">78.5361766952895</SimpleData>
		<SimpleData name="KM">KM 53.7</SimpleData>
		<SimpleData name="Latitude">1.542</SimpleData>
		<SimpleData name="Longitude">104.068</SimpleData>
	</SchemaData></ExtendedData>
      <Point><coordinates>104.068357159315,1.54172260083399,0</coordinates></Point>
  </Placemark>
  <Placemark id="sde_hala_penawar__interpolated_points_sde_hala_penawar.529">
	<name>SDE HALA PENAWAR</name>
	<ExtendedData><SchemaData schemaUrl="#sde_hala_penawar__interpolated_points_sde_hala_penawar">
		<SimpleData name="id">interpolated_points_sde_hala_penawar.529</SimpleData>
		<SimpleData name="tessellate">-1</SimpleData>
		<SimpleData name="extrude">0</SimpleData>
		<SimpleData name="visibility">-1</SimpleData>
		<SimpleData name="fid">1</SimpleData>
		<SimpleData name="tessellate2">1</SimpleData>
		<SimpleData name="extrude2">0</SimpleData>
		<SimpleData name="visibility2">-1</SimpleData>
		<SimpleData name="distance">52800</SimpleData>
		<SimpleData name="angle">76.3724655805528</SimpleData>
		<SimpleData name="KM">KM 53.8</SimpleData>
		<SimpleData name="Latitude">1.542</SimpleData>
		<SimpleData name="Longitude">104.069</SimpleData>
	</SchemaData></ExtendedData>
      <Point><coordinates>104.069230752541,1.54193462844273,0</coordinates></Point>
  </Placemark>
  <Placemark id="sde_hala_penawar__interpolated_points_sde_hala_penawar.530">
	<name>SDE HALA PENAWAR</name>
	<ExtendedData><SchemaData schemaUrl="#sde_hala_penawar__interpolated_points_sde_hala_penawar">
		<SimpleData name="id">interpolated_points_sde_hala_penawar.530</SimpleData>
		<SimpleData name="tessellate">-1</SimpleData>
		<SimpleData name="extrude">0</SimpleData>
		<SimpleData name="visibility">-1</SimpleData>
		<SimpleData name="fid">1</SimpleData>
		<SimpleData name="tessellate2">1</SimpleData>
		<SimpleData name="extrude2">0</SimpleData>
		<SimpleData name="visibility2">-1</SimpleData>
		<SimpleData name="distance">52900</SimpleData>
		<SimpleData name="angle">75.4927668445934</SimpleData>
		<SimpleData name="KM">KM 53.9</SimpleData>
		<SimpleData name="Latitude">1.542</SimpleData>
		<SimpleData name="Longitude">104.070</SimpleData>
	</SchemaData></ExtendedData>
      <Point><coordinates>104.070102834688,1.54214595687623,0</coordinates></Point>
  </Placemark>
  <Placemark id="sde_hala_penawar__interpolated_points_sde_hala_penawar.531">
	<name>SDE HALA PENAWAR</name>
	<ExtendedData><SchemaData schemaUrl="#sde_hala_penawar__interpolated_points_sde_hala_penawar">
		<SimpleData name="id">interpolated_points_sde_hala_penawar.531</SimpleData>
		<SimpleData name="tessellate">-1</SimpleData>
		<SimpleData name="extrude">0</SimpleData>
		<SimpleData name="visibility">-1</SimpleData>
		<SimpleData name="fid">1</SimpleData>
		<SimpleData name="tessellate2">1</SimpleData>
		<SimpleData name="extrude2">0</SimpleData>
		<SimpleData name="visibility2">-1</SimpleData>
		<SimpleData name="distance">53000</SimpleData>
		<SimpleData name="angle">79.3709152915757</SimpleData>
		<SimpleData name="KM">KM 54.0</SimpleData>
		<SimpleData name="Latitude">1.542</SimpleData>
		<SimpleData name="Longitude">104.071</SimpleData>
	</SchemaData></ExtendedData>
      <Point><coordinates>104.070983060656,1.54232742431525,0</coordinates></Point>
  </Placemark>
  <Placemark id="sde_hala_penawar__interpolated_points_sde_hala_penawar.532">
	<name>SDE HALA PENAWAR</name>
	<ExtendedData><SchemaData schemaUrl="#sde_hala_penawar__interpolated_points_sde_hala_penawar">
		<SimpleData name="id">interpolated_points_sde_hala_penawar.532</SimpleData>
		<SimpleData name="tessellate">-1</SimpleData>
		<SimpleData name="extrude">0</SimpleData>
		<SimpleData name="visibility">-1</SimpleData>
		<SimpleData name="fid">1</SimpleData>
		<SimpleData name="tessellate2">1</SimpleData>
		<SimpleData name="extrude2">0</SimpleData>
		<SimpleData name="visibility2">-1</SimpleData>
		<SimpleData name="distance">53100</SimpleData>
		<SimpleData name="angle">79.3709152915757</SimpleData>
		<SimpleData name="KM">KM 54.1</SimpleData>
		<SimpleData name="Latitude">1.542</SimpleData>
		<SimpleData name="Longitude">104.072</SimpleData>
	</SchemaData></ExtendedData>
      <Point><coordinates>104.071866444658,1.54249466688374,0</coordinates></Point>
  </Placemark>
  <Placemark id="sde_hala_penawar__interpolated_points_sde_hala_penawar.533">
	<name>SDE HALA PENAWAR</name>
	<ExtendedData><SchemaData schemaUrl="#sde_hala_penawar__interpolated_points_sde_hala_penawar">
		<SimpleData name="id">interpolated_points_sde_hala_penawar.533</SimpleData>
		<SimpleData name="tessellate">-1</SimpleData>
		<SimpleData name="extrude">0</SimpleData>
		<SimpleData name="visibility">-1</SimpleData>
		<SimpleData name="fid">1</SimpleData>
		<SimpleData name="tessellate2">1</SimpleData>
		<SimpleData name="extrude2">0</SimpleData>
		<SimpleData name="visibility2">-1</SimpleData>
		<SimpleData name="distance">53200</SimpleData>
		<SimpleData name="angle">79.1248373464362</SimpleData>
		<SimpleData name="KM">KM 54.2</SimpleData>
		<SimpleData name="Latitude">1.543</SimpleData>
		<SimpleData name="Longitude">104.073</SimpleData>
	</SchemaData></ExtendedData>
      <Point><coordinates>104.072750240292,1.54265593811399,0</coordinates></Point>
  </Placemark>
  <Placemark id="sde_hala_penawar__interpolated_points_sde_hala_penawar.534">
	<name>SDE HALA PENAWAR</name>
	<ExtendedData><SchemaData schemaUrl="#sde_hala_penawar__interpolated_points_sde_hala_penawar">
		<SimpleData name="id">interpolated_points_sde_hala_penawar.534</SimpleData>
		<SimpleData name="tessellate">-1</SimpleData>
		<SimpleData name="extrude">0</SimpleData>
		<SimpleData name="visibility">-1</SimpleData>
		<SimpleData name="fid">1</SimpleData>
		<SimpleData name="tessellate2">1</SimpleData>
		<SimpleData name="extrude2">0</SimpleData>
		<SimpleData name="visibility2">-1</SimpleData>
		<SimpleData name="distance">53300</SimpleData>
		<SimpleData name="angle">79.1248373464362</SimpleData>
		<SimpleData name="KM">KM 54.3</SimpleData>
		<SimpleData name="Latitude">1.543</SimpleData>
		<SimpleData name="Longitude">104.074</SimpleData>
	</SchemaData></ExtendedData>
      <Point><coordinates>104.073632903114,1.54282699674612,0</coordinates></Point>
  </Placemark>
  <Placemark id="sde_hala_penawar__interpolated_points_sde_hala_penawar.535">
	<name>SDE HALA PENAWAR</name>
	<ExtendedData><SchemaData schemaUrl="#sde_hala_penawar__interpolated_points_sde_hala_penawar">
		<SimpleData name="id">interpolated_points_sde_hala_penawar.535</SimpleData>
		<SimpleData name="tessellate">-1</SimpleData>
		<SimpleData name="extrude">0</SimpleData>
		<SimpleData name="visibility">-1</SimpleData>
		<SimpleData name="fid">1</SimpleData>
		<SimpleData name="tessellate2">1</SimpleData>
		<SimpleData name="extrude2">0</SimpleData>
		<SimpleData name="visibility2">-1</SimpleData>
		<SimpleData name="distance">53400</SimpleData>
		<SimpleData name="angle">77.6894134065099</SimpleData>
		<SimpleData name="KM">KM 54.4</SimpleData>
		<SimpleData name="Latitude">1.543</SimpleData>
		<SimpleData name="Longitude">104.075</SimpleData>
	</SchemaData></ExtendedData>
      <Point><coordinates>104.074512901964,1.5430102914612,0</coordinates></Point>
  </Placemark>
  <Placemark id="sde_hala_penawar__interpolated_points_sde_hala_penawar.536">
	<name>SDE HALA PENAWAR</name>
	<ExtendedData><SchemaData schemaUrl="#sde_hala_penawar__interpolated_points_sde_hala_penawar">
		<SimpleData name="id">interpolated_points_sde_hala_penawar.536</SimpleData>
		<SimpleData name="tessellate">-1</SimpleData>
		<SimpleData name="extrude">0</SimpleData>
		<SimpleData name="visibility">-1</SimpleData>
		<SimpleData name="fid">1</SimpleData>
		<SimpleData name="tessellate2">1</SimpleData>
		<SimpleData name="extrude2">0</SimpleData>
		<SimpleData name="visibility2">-1</SimpleData>
		<SimpleData name="distance">53500</SimpleData>
		<SimpleData name="angle">77.6894134065099</SimpleData>
		<SimpleData name="KM">KM 54.5</SimpleData>
		<SimpleData name="Latitude">1.543</SimpleData>
		<SimpleData name="Longitude">104.075</SimpleData>
	</SchemaData></ExtendedData>
      <Point><coordinates>104.075391030589,1.54320354763663,0</coordinates></Point>
  </Placemark>
  <Placemark id="sde_hala_penawar__interpolated_points_sde_hala_penawar.537">
	<name>SDE HALA PENAWAR</name>
	<ExtendedData><SchemaData schemaUrl="#sde_hala_penawar__interpolated_points_sde_hala_penawar">
		<SimpleData name="id">interpolated_points_sde_hala_penawar.537</SimpleData>
		<SimpleData name="tessellate">-1</SimpleData>
		<SimpleData name="extrude">0</SimpleData>
		<SimpleData name="visibility">-1</SimpleData>
		<SimpleData name="fid">1</SimpleData>
		<SimpleData name="tessellate2">1</SimpleData>
		<SimpleData name="extrude2">0</SimpleData>
		<SimpleData name="visibility2">-1</SimpleData>
		<SimpleData name="distance">53600</SimpleData>
		<SimpleData name="angle">77.6894134065099</SimpleData>
		<SimpleData name="KM">KM 54.6</SimpleData>
		<SimpleData name="Latitude">1.543</SimpleData>
		<SimpleData name="Longitude">104.076</SimpleData>
	</SchemaData></ExtendedData>
      <Point><coordinates>104.07626915958,1.54339680354304,0</coordinates></Point>
  </Placemark>
  <Placemark id="sde_hala_penawar__interpolated_points_sde_hala_penawar.538">
	<name>SDE HALA PENAWAR</name>
	<ExtendedData><SchemaData schemaUrl="#sde_hala_penawar__interpolated_points_sde_hala_penawar">
		<SimpleData name="id">interpolated_points_sde_hala_penawar.538</SimpleData>
		<SimpleData name="tessellate">-1</SimpleData>
		<SimpleData name="extrude">0</SimpleData>
		<SimpleData name="visibility">-1</SimpleData>
		<SimpleData name="fid">1</SimpleData>
		<SimpleData name="tessellate2">1</SimpleData>
		<SimpleData name="extrude2">0</SimpleData>
		<SimpleData name="visibility2">-1</SimpleData>
		<SimpleData name="distance">53700</SimpleData>
		<SimpleData name="angle">77.8162971961383</SimpleData>
		<SimpleData name="KM">KM 54.7</SimpleData>
		<SimpleData name="Latitude">1.544</SimpleData>
		<SimpleData name="Longitude">104.077</SimpleData>
	</SchemaData></ExtendedData>
      <Point><coordinates>104.07714785317,1.54358606481086,0</coordinates></Point>
  </Placemark>
  <Placemark id="sde_hala_penawar__interpolated_points_sde_hala_penawar.539">
	<name>SDE HALA PENAWAR</name>
	<ExtendedData><SchemaData schemaUrl="#sde_hala_penawar__interpolated_points_sde_hala_penawar">
		<SimpleData name="id">interpolated_points_sde_hala_penawar.539</SimpleData>
		<SimpleData name="tessellate">-1</SimpleData>
		<SimpleData name="extrude">0</SimpleData>
		<SimpleData name="visibility">-1</SimpleData>
		<SimpleData name="fid">1</SimpleData>
		<SimpleData name="tessellate2">1</SimpleData>
		<SimpleData name="extrude2">0</SimpleData>
		<SimpleData name="visibility2">-1</SimpleData>
		<SimpleData name="distance">53800</SimpleData>
		<SimpleData name="angle">77.8162971961383</SimpleData>
		<SimpleData name="KM">KM 54.8</SimpleData>
		<SimpleData name="Latitude">1.544</SimpleData>
		<SimpleData name="Longitude">104.078</SimpleData>
	</SchemaData></ExtendedData>
      <Point><coordinates>104.078026406002,1.54377736266576,0</coordinates></Point>
  </Placemark>
  <Placemark id="sde_hala_penawar__interpolated_points_sde_hala_penawar.540">
	<name>SDE HALA PENAWAR</name>
	<ExtendedData><SchemaData schemaUrl="#sde_hala_penawar__interpolated_points_sde_hala_penawar">
		<SimpleData name="id">interpolated_points_sde_hala_penawar.540</SimpleData>
		<SimpleData name="tessellate">-1</SimpleData>
		<SimpleData name="extrude">0</SimpleData>
		<SimpleData name="visibility">-1</SimpleData>
		<SimpleData name="fid">1</SimpleData>
		<SimpleData name="tessellate2">1</SimpleData>
		<SimpleData name="extrude2">0</SimpleData>
		<SimpleData name="visibility2">-1</SimpleData>
		<SimpleData name="distance">53900</SimpleData>
		<SimpleData name="angle">77.572826547234</SimpleData>
		<SimpleData name="KM">KM 54.9</SimpleData>
		<SimpleData name="Latitude">1.544</SimpleData>
		<SimpleData name="Longitude">104.079</SimpleData>
	</SchemaData></ExtendedData>
      <Point><coordinates>104.078905919299,1.54396353763608,0</coordinates></Point>
  </Placemark>
  <Placemark id="sde_hala_penawar__interpolated_points_sde_hala_penawar.541">
	<name>SDE HALA PENAWAR</name>
	<ExtendedData><SchemaData schemaUrl="#sde_hala_penawar__interpolated_points_sde_hala_penawar">
		<SimpleData name="id">interpolated_points_sde_hala_penawar.541</SimpleData>
		<SimpleData name="tessellate">-1</SimpleData>
		<SimpleData name="extrude">0</SimpleData>
		<SimpleData name="visibility">-1</SimpleData>
		<SimpleData name="fid">1</SimpleData>
		<SimpleData name="tessellate2">1</SimpleData>
		<SimpleData name="extrude2">0</SimpleData>
		<SimpleData name="visibility2">-1</SimpleData>
		<SimpleData name="distance">54000</SimpleData>
		<SimpleData name="angle">79.5291191861175</SimpleData>
		<SimpleData name="KM">KM 55.0</SimpleData>
		<SimpleData name="Latitude">1.544</SimpleData>
		<SimpleData name="Longitude">104.080</SimpleData>
	</SchemaData></ExtendedData>
      <Point><coordinates>104.079787956572,1.54413690722787,0</coordinates></Point>
  </Placemark>
  <Placemark id="sde_hala_penawar__interpolated_points_sde_hala_penawar.542">
	<name>SDE HALA PENAWAR</name>
	<ExtendedData><SchemaData schemaUrl="#sde_hala_penawar__interpolated_points_sde_hala_penawar">
		<SimpleData name="id">interpolated_points_sde_hala_penawar.542</SimpleData>
		<SimpleData name="tessellate">-1</SimpleData>
		<SimpleData name="extrude">0</SimpleData>
		<SimpleData name="visibility">-1</SimpleData>
		<SimpleData name="fid">1</SimpleData>
		<SimpleData name="tessellate2">1</SimpleData>
		<SimpleData name="extrude2">0</SimpleData>
		<SimpleData name="visibility2">-1</SimpleData>
		<SimpleData name="distance">54100</SimpleData>
		<SimpleData name="angle">79.5291191861175</SimpleData>
		<SimpleData name="KM">KM 55.1</SimpleData>
		<SimpleData name="Latitude">1.544</SimpleData>
		<SimpleData name="Longitude">104.081</SimpleData>
	</SchemaData></ExtendedData>
      <Point><coordinates>104.080671799615,1.5443016916219,0</coordinates></Point>
  </Placemark>
  <Placemark id="sde_hala_penawar__interpolated_points_sde_hala_penawar.543">
	<name>SDE HALA PENAWAR</name>
	<ExtendedData><SchemaData schemaUrl="#sde_hala_penawar__interpolated_points_sde_hala_penawar">
		<SimpleData name="id">interpolated_points_sde_hala_penawar.543</SimpleData>
		<SimpleData name="tessellate">-1</SimpleData>
		<SimpleData name="extrude">0</SimpleData>
		<SimpleData name="visibility">-1</SimpleData>
		<SimpleData name="fid">1</SimpleData>
		<SimpleData name="tessellate2">1</SimpleData>
		<SimpleData name="extrude2">0</SimpleData>
		<SimpleData name="visibility2">-1</SimpleData>
		<SimpleData name="distance">54200</SimpleData>
		<SimpleData name="angle">78.3843630753994</SimpleData>
		<SimpleData name="KM">KM 55.2</SimpleData>
		<SimpleData name="Latitude">1.544</SimpleData>
		<SimpleData name="Longitude">104.082</SimpleData>
	</SchemaData></ExtendedData>
      <Point><coordinates>104.081554879842,1.54447040198239,0</coordinates></Point>
  </Placemark>
  <Placemark id="sde_hala_penawar__interpolated_points_sde_hala_penawar.544">
	<name>SDE HALA PENAWAR</name>
	<ExtendedData><SchemaData schemaUrl="#sde_hala_penawar__interpolated_points_sde_hala_penawar">
		<SimpleData name="id">interpolated_points_sde_hala_penawar.544</SimpleData>
		<SimpleData name="tessellate">-1</SimpleData>
		<SimpleData name="extrude">0</SimpleData>
		<SimpleData name="visibility">-1</SimpleData>
		<SimpleData name="fid">1</SimpleData>
		<SimpleData name="tessellate2">1</SimpleData>
		<SimpleData name="extrude2">0</SimpleData>
		<SimpleData name="visibility2">-1</SimpleData>
		<SimpleData name="distance">54300</SimpleData>
		<SimpleData name="angle">78.3843630753994</SimpleData>
		<SimpleData name="KM">KM 55.3</SimpleData>
		<SimpleData name="Latitude">1.545</SimpleData>
		<SimpleData name="Longitude">104.082</SimpleData>
	</SchemaData></ExtendedData>
      <Point><coordinates>104.082435275893,1.54465292318854,0</coordinates></Point>
  </Placemark>
  <Placemark id="sde_hala_penawar__interpolated_points_sde_hala_penawar.545">
	<name>SDE HALA PENAWAR</name>
	<ExtendedData><SchemaData schemaUrl="#sde_hala_penawar__interpolated_points_sde_hala_penawar">
		<SimpleData name="id">interpolated_points_sde_hala_penawar.545</SimpleData>
		<SimpleData name="tessellate">-1</SimpleData>
		<SimpleData name="extrude">0</SimpleData>
		<SimpleData name="visibility">-1</SimpleData>
		<SimpleData name="fid">1</SimpleData>
		<SimpleData name="tessellate2">1</SimpleData>
		<SimpleData name="extrude2">0</SimpleData>
		<SimpleData name="visibility2">-1</SimpleData>
		<SimpleData name="distance">54400</SimpleData>
		<SimpleData name="angle">80.3648306370441</SimpleData>
		<SimpleData name="KM">KM 55.4</SimpleData>
		<SimpleData name="Latitude">1.545</SimpleData>
		<SimpleData name="Longitude">104.083</SimpleData>
	</SchemaData></ExtendedData>
      <Point><coordinates>104.083317731097,1.54482442629231,0</coordinates></Point>
  </Placemark>
  <Placemark id="sde_hala_penawar__interpolated_points_sde_hala_penawar.546">
	<name>SDE HALA PENAWAR</name>
	<ExtendedData><SchemaData schemaUrl="#sde_hala_penawar__interpolated_points_sde_hala_penawar">
		<SimpleData name="id">interpolated_points_sde_hala_penawar.546</SimpleData>
		<SimpleData name="tessellate">-1</SimpleData>
		<SimpleData name="extrude">0</SimpleData>
		<SimpleData name="visibility">-1</SimpleData>
		<SimpleData name="fid">1</SimpleData>
		<SimpleData name="tessellate2">1</SimpleData>
		<SimpleData name="extrude2">0</SimpleData>
		<SimpleData name="visibility2">-1</SimpleData>
		<SimpleData name="distance">54500</SimpleData>
		<SimpleData name="angle">80.3648306370441</SimpleData>
		<SimpleData name="KM">KM 55.5</SimpleData>
		<SimpleData name="Latitude">1.545</SimpleData>
		<SimpleData name="Longitude">104.084</SimpleData>
	</SchemaData></ExtendedData>
      <Point><coordinates>104.084203869743,1.54497621868821,0</coordinates></Point>
  </Placemark>
  <Placemark id="sde_hala_penawar__interpolated_points_sde_hala_penawar.547">
	<name>SDE HALA PENAWAR</name>
	<ExtendedData><SchemaData schemaUrl="#sde_hala_penawar__interpolated_points_sde_hala_penawar">
		<SimpleData name="id">interpolated_points_sde_hala_penawar.547</SimpleData>
		<SimpleData name="tessellate">-1</SimpleData>
		<SimpleData name="extrude">0</SimpleData>
		<SimpleData name="visibility">-1</SimpleData>
		<SimpleData name="fid">1</SimpleData>
		<SimpleData name="tessellate2">1</SimpleData>
		<SimpleData name="extrude2">0</SimpleData>
		<SimpleData name="visibility2">-1</SimpleData>
		<SimpleData name="distance">54600</SimpleData>
		<SimpleData name="angle">80.3648306370441</SimpleData>
		<SimpleData name="KM">KM 55.6</SimpleData>
		<SimpleData name="Latitude">1.545</SimpleData>
		<SimpleData name="Longitude">104.085</SimpleData>
	</SchemaData></ExtendedData>
      <Point><coordinates>104.085090008728,1.54512801078745,0</coordinates></Point>
  </Placemark>
  <Placemark id="sde_hala_penawar__interpolated_points_sde_hala_penawar.548">
	<name>SDE HALA PENAWAR</name>
	<ExtendedData><SchemaData schemaUrl="#sde_hala_penawar__interpolated_points_sde_hala_penawar">
		<SimpleData name="id">interpolated_points_sde_hala_penawar.548</SimpleData>
		<SimpleData name="tessellate">-1</SimpleData>
		<SimpleData name="extrude">0</SimpleData>
		<SimpleData name="visibility">-1</SimpleData>
		<SimpleData name="fid">1</SimpleData>
		<SimpleData name="tessellate2">1</SimpleData>
		<SimpleData name="extrude2">0</SimpleData>
		<SimpleData name="visibility2">-1</SimpleData>
		<SimpleData name="distance">54700</SimpleData>
		<SimpleData name="angle">75.7549983468074</SimpleData>
		<SimpleData name="KM">KM 55.7</SimpleData>
		<SimpleData name="Latitude">1.545</SimpleData>
		<SimpleData name="Longitude">104.086</SimpleData>
	</SchemaData></ExtendedData>
      <Point><coordinates>104.085962565243,1.54534375195702,0</coordinates></Point>
  </Placemark>
  <Placemark id="sde_hala_penawar__interpolated_points_sde_hala_penawar.549">
	<name>SDE HALA PENAWAR</name>
	<ExtendedData><SchemaData schemaUrl="#sde_hala_penawar__interpolated_points_sde_hala_penawar">
		<SimpleData name="id">interpolated_points_sde_hala_penawar.549</SimpleData>
		<SimpleData name="tessellate">-1</SimpleData>
		<SimpleData name="extrude">0</SimpleData>
		<SimpleData name="visibility">-1</SimpleData>
		<SimpleData name="fid">1</SimpleData>
		<SimpleData name="tessellate2">1</SimpleData>
		<SimpleData name="extrude2">0</SimpleData>
		<SimpleData name="visibility2">-1</SimpleData>
		<SimpleData name="distance">54800</SimpleData>
		<SimpleData name="angle">75.7549983468074</SimpleData>
		<SimpleData name="KM">KM 55.8</SimpleData>
		<SimpleData name="Latitude">1.546</SimpleData>
		<SimpleData name="Longitude">104.087</SimpleData>
	</SchemaData></ExtendedData>
      <Point><coordinates>104.086833716083,1.54556672504144,0</coordinates></Point>
  </Placemark>
  <Placemark id="sde_hala_penawar__interpolated_points_sde_hala_penawar.550">
	<name>SDE HALA PENAWAR</name>
	<ExtendedData><SchemaData schemaUrl="#sde_hala_penawar__interpolated_points_sde_hala_penawar">
		<SimpleData name="id">interpolated_points_sde_hala_penawar.550</SimpleData>
		<SimpleData name="tessellate">-1</SimpleData>
		<SimpleData name="extrude">0</SimpleData>
		<SimpleData name="visibility">-1</SimpleData>
		<SimpleData name="fid">1</SimpleData>
		<SimpleData name="tessellate2">1</SimpleData>
		<SimpleData name="extrude2">0</SimpleData>
		<SimpleData name="visibility2">-1</SimpleData>
		<SimpleData name="distance">54900</SimpleData>
		<SimpleData name="angle">78.1955787111613</SimpleData>
		<SimpleData name="KM">KM 55.9</SimpleData>
		<SimpleData name="Latitude">1.546</SimpleData>
		<SimpleData name="Longitude">104.088</SimpleData>
	</SchemaData></ExtendedData>
      <Point><coordinates>104.087710671068,1.54576449790882,0</coordinates></Point>
  </Placemark>
  <Placemark id="sde_hala_penawar__interpolated_points_sde_hala_penawar.551">
	<name>SDE HALA PENAWAR</name>
	<ExtendedData><SchemaData schemaUrl="#sde_hala_penawar__interpolated_points_sde_hala_penawar">
		<SimpleData name="id">interpolated_points_sde_hala_penawar.551</SimpleData>
		<SimpleData name="tessellate">-1</SimpleData>
		<SimpleData name="extrude">0</SimpleData>
		<SimpleData name="visibility">-1</SimpleData>
		<SimpleData name="fid">1</SimpleData>
		<SimpleData name="tessellate2">1</SimpleData>
		<SimpleData name="extrude2">0</SimpleData>
		<SimpleData name="visibility2">-1</SimpleData>
		<SimpleData name="distance">55000</SimpleData>
		<SimpleData name="angle">78.1955787111613</SimpleData>
		<SimpleData name="KM">KM 56.0</SimpleData>
		<SimpleData name="Latitude">1.546</SimpleData>
		<SimpleData name="Longitude">104.089</SimpleData>
	</SchemaData></ExtendedData>
      <Point><coordinates>104.088590467275,1.54594993549013,0</coordinates></Point>
  </Placemark>
  <Placemark id="sde_hala_penawar__interpolated_points_sde_hala_penawar.552">
	<name>SDE HALA PENAWAR</name>
	<ExtendedData><SchemaData schemaUrl="#sde_hala_penawar__interpolated_points_sde_hala_penawar">
		<SimpleData name="id">interpolated_points_sde_hala_penawar.552</SimpleData>
		<SimpleData name="tessellate">-1</SimpleData>
		<SimpleData name="extrude">0</SimpleData>
		<SimpleData name="visibility">-1</SimpleData>
		<SimpleData name="fid">1</SimpleData>
		<SimpleData name="tessellate2">1</SimpleData>
		<SimpleData name="extrude2">0</SimpleData>
		<SimpleData name="visibility2">-1</SimpleData>
		<SimpleData name="distance">55100</SimpleData>
		<SimpleData name="angle">78.1955787111613</SimpleData>
		<SimpleData name="KM">KM 56.1</SimpleData>
		<SimpleData name="Latitude">1.546</SimpleData>
		<SimpleData name="Longitude">104.089</SimpleData>
	</SchemaData></ExtendedData>
      <Point><coordinates>104.089470263841,1.54613537279537,0</coordinates></Point>
  </Placemark>
  <Placemark id="sde_hala_penawar__interpolated_points_sde_hala_penawar.553">
	<name>SDE HALA PENAWAR</name>
	<ExtendedData><SchemaData schemaUrl="#sde_hala_penawar__interpolated_points_sde_hala_penawar">
		<SimpleData name="id">interpolated_points_sde_hala_penawar.553</SimpleData>
		<SimpleData name="tessellate">-1</SimpleData>
		<SimpleData name="extrude">0</SimpleData>
		<SimpleData name="visibility">-1</SimpleData>
		<SimpleData name="fid">1</SimpleData>
		<SimpleData name="tessellate2">1</SimpleData>
		<SimpleData name="extrude2">0</SimpleData>
		<SimpleData name="visibility2">-1</SimpleData>
		<SimpleData name="distance">55200</SimpleData>
		<SimpleData name="angle">78.1955787111613</SimpleData>
		<SimpleData name="KM">KM 56.2</SimpleData>
		<SimpleData name="Latitude">1.546</SimpleData>
		<SimpleData name="Longitude">104.090</SimpleData>
	</SchemaData></ExtendedData>
      <Point><coordinates>104.090350060766,1.54632080982442,0</coordinates></Point>
  </Placemark>
  <Placemark id="sde_hala_penawar__interpolated_points_sde_hala_penawar.554">
	<name>SDE HALA PENAWAR</name>
	<ExtendedData><SchemaData schemaUrl="#sde_hala_penawar__interpolated_points_sde_hala_penawar">
		<SimpleData name="id">interpolated_points_sde_hala_penawar.554</SimpleData>
		<SimpleData name="tessellate">-1</SimpleData>
		<SimpleData name="extrude">0</SimpleData>
		<SimpleData name="visibility">-1</SimpleData>
		<SimpleData name="fid">1</SimpleData>
		<SimpleData name="tessellate2">1</SimpleData>
		<SimpleData name="extrude2">0</SimpleData>
		<SimpleData name="visibility2">-1</SimpleData>
		<SimpleData name="distance">55300</SimpleData>
		<SimpleData name="angle">78.1955787111613</SimpleData>
		<SimpleData name="KM">KM 56.3</SimpleData>
		<SimpleData name="Latitude">1.547</SimpleData>
		<SimpleData name="Longitude">104.091</SimpleData>
	</SchemaData></ExtendedData>
      <Point><coordinates>104.09122985805,1.54650624657714,0</coordinates></Point>
  </Placemark>
  <Placemark id="sde_hala_penawar__interpolated_points_sde_hala_penawar.555">
	<name>SDE HALA PENAWAR</name>
	<ExtendedData><SchemaData schemaUrl="#sde_hala_penawar__interpolated_points_sde_hala_penawar">
		<SimpleData name="id">interpolated_points_sde_hala_penawar.555</SimpleData>
		<SimpleData name="tessellate">-1</SimpleData>
		<SimpleData name="extrude">0</SimpleData>
		<SimpleData name="visibility">-1</SimpleData>
		<SimpleData name="fid">1</SimpleData>
		<SimpleData name="tessellate2">1</SimpleData>
		<SimpleData name="extrude2">0</SimpleData>
		<SimpleData name="visibility2">-1</SimpleData>
		<SimpleData name="distance">55400</SimpleData>
		<SimpleData name="angle">79.4056397073437</SimpleData>
		<SimpleData name="KM">KM 56.4</SimpleData>
		<SimpleData name="Latitude">1.547</SimpleData>
		<SimpleData name="Longitude">104.092</SimpleData>
	</SchemaData></ExtendedData>
      <Point><coordinates>104.09211253737,1.5466763278898,0</coordinates></Point>
  </Placemark>
  <Placemark id="sde_hala_penawar__interpolated_points_sde_hala_penawar.556">
	<name>SDE HALA PENAWAR</name>
	<ExtendedData><SchemaData schemaUrl="#sde_hala_penawar__interpolated_points_sde_hala_penawar">
		<SimpleData name="id">interpolated_points_sde_hala_penawar.556</SimpleData>
		<SimpleData name="tessellate">-1</SimpleData>
		<SimpleData name="extrude">0</SimpleData>
		<SimpleData name="visibility">-1</SimpleData>
		<SimpleData name="fid">1</SimpleData>
		<SimpleData name="tessellate2">1</SimpleData>
		<SimpleData name="extrude2">0</SimpleData>
		<SimpleData name="visibility2">-1</SimpleData>
		<SimpleData name="distance">55500</SimpleData>
		<SimpleData name="angle">79.4056397073437</SimpleData>
		<SimpleData name="KM">KM 56.5</SimpleData>
		<SimpleData name="Latitude">1.547</SimpleData>
		<SimpleData name="Longitude">104.093</SimpleData>
	</SchemaData></ExtendedData>
      <Point><coordinates>104.09299603042,1.54684302486236,0</coordinates></Point>
  </Placemark>
  <Placemark id="sde_hala_penawar__interpolated_points_sde_hala_penawar.557">
	<name>SDE HALA PENAWAR</name>
	<ExtendedData><SchemaData schemaUrl="#sde_hala_penawar__interpolated_points_sde_hala_penawar">
		<SimpleData name="id">interpolated_points_sde_hala_penawar.557</SimpleData>
		<SimpleData name="tessellate">-1</SimpleData>
		<SimpleData name="extrude">0</SimpleData>
		<SimpleData name="visibility">-1</SimpleData>
		<SimpleData name="fid">1</SimpleData>
		<SimpleData name="tessellate2">1</SimpleData>
		<SimpleData name="extrude2">0</SimpleData>
		<SimpleData name="visibility2">-1</SimpleData>
		<SimpleData name="distance">55600</SimpleData>
		<SimpleData name="angle">79.4056397073437</SimpleData>
		<SimpleData name="KM">KM 56.6</SimpleData>
		<SimpleData name="Latitude">1.547</SimpleData>
		<SimpleData name="Longitude">104.094</SimpleData>
	</SchemaData></ExtendedData>
      <Point><coordinates>104.093879523818,1.54700972154635,0</coordinates></Point>
  </Placemark>
  <Placemark id="sde_hala_penawar__interpolated_points_sde_hala_penawar.558">
	<name>SDE HALA PENAWAR</name>
	<ExtendedData><SchemaData schemaUrl="#sde_hala_penawar__interpolated_points_sde_hala_penawar">
		<SimpleData name="id">interpolated_points_sde_hala_penawar.558</SimpleData>
		<SimpleData name="tessellate">-1</SimpleData>
		<SimpleData name="extrude">0</SimpleData>
		<SimpleData name="visibility">-1</SimpleData>
		<SimpleData name="fid">1</SimpleData>
		<SimpleData name="tessellate2">1</SimpleData>
		<SimpleData name="extrude2">0</SimpleData>
		<SimpleData name="visibility2">-1</SimpleData>
		<SimpleData name="distance">55700</SimpleData>
		<SimpleData name="angle">76.5837420030779</SimpleData>
		<SimpleData name="KM">KM 56.7</SimpleData>
		<SimpleData name="Latitude">1.547</SimpleData>
		<SimpleData name="Longitude">104.095</SimpleData>
	</SchemaData></ExtendedData>
      <Point><coordinates>104.094755467266,1.54721207441807,0</coordinates></Point>
  </Placemark>
  <Placemark id="sde_hala_penawar__interpolated_points_sde_hala_penawar.559">
	<name>SDE HALA PENAWAR</name>
	<ExtendedData><SchemaData schemaUrl="#sde_hala_penawar__interpolated_points_sde_hala_penawar">
		<SimpleData name="id">interpolated_points_sde_hala_penawar.559</SimpleData>
		<SimpleData name="tessellate">-1</SimpleData>
		<SimpleData name="extrude">0</SimpleData>
		<SimpleData name="visibility">-1</SimpleData>
		<SimpleData name="fid">1</SimpleData>
		<SimpleData name="tessellate2">1</SimpleData>
		<SimpleData name="extrude2">0</SimpleData>
		<SimpleData name="visibility2">-1</SimpleData>
		<SimpleData name="distance">55800</SimpleData>
		<SimpleData name="angle">71.6982984750035</SimpleData>
		<SimpleData name="KM">KM 56.8</SimpleData>
		<SimpleData name="Latitude">1.547</SimpleData>
		<SimpleData name="Longitude">104.096</SimpleData>
	</SchemaData></ExtendedData>
      <Point><coordinates>104.09562044729,1.54745681578356,0</coordinates></Point>
  </Placemark>
  <Placemark id="sde_hala_penawar__interpolated_points_sde_hala_penawar.560">
	<name>SDE HALA PENAWAR</name>
	<ExtendedData><SchemaData schemaUrl="#sde_hala_penawar__interpolated_points_sde_hala_penawar">
		<SimpleData name="id">interpolated_points_sde_hala_penawar.560</SimpleData>
		<SimpleData name="tessellate">-1</SimpleData>
		<SimpleData name="extrude">0</SimpleData>
		<SimpleData name="visibility">-1</SimpleData>
		<SimpleData name="fid">1</SimpleData>
		<SimpleData name="tessellate2">1</SimpleData>
		<SimpleData name="extrude2">0</SimpleData>
		<SimpleData name="visibility2">-1</SimpleData>
		<SimpleData name="distance">55900</SimpleData>
		<SimpleData name="angle">68.734751734892</SimpleData>
		<SimpleData name="KM">KM 56.9</SimpleData>
		<SimpleData name="Latitude">1.548</SimpleData>
		<SimpleData name="Longitude">104.096</SimpleData>
	</SchemaData></ExtendedData>
      <Point><coordinates>104.096465935815,1.54776291602089,0</coordinates></Point>
  </Placemark>
  <Placemark id="sde_hala_penawar__interpolated_points_sde_hala_penawar.561">
	<name>SDE HALA PENAWAR</name>
	<ExtendedData><SchemaData schemaUrl="#sde_hala_penawar__interpolated_points_sde_hala_penawar">
		<SimpleData name="id">interpolated_points_sde_hala_penawar.561</SimpleData>
		<SimpleData name="tessellate">-1</SimpleData>
		<SimpleData name="extrude">0</SimpleData>
		<SimpleData name="visibility">-1</SimpleData>
		<SimpleData name="fid">1</SimpleData>
		<SimpleData name="tessellate2">1</SimpleData>
		<SimpleData name="extrude2">0</SimpleData>
		<SimpleData name="visibility2">-1</SimpleData>
		<SimpleData name="distance">56000</SimpleData>
		<SimpleData name="angle">70.0806628792172</SimpleData>
		<SimpleData name="KM">KM 57.0</SimpleData>
		<SimpleData name="Latitude">1.548</SimpleData>
		<SimpleData name="Longitude">104.097</SimpleData>
	</SchemaData></ExtendedData>
      <Point><coordinates>104.097308039285,1.5480791718079,0</coordinates></Point>
  </Placemark>
  <Placemark id="sde_hala_penawar__interpolated_points_sde_hala_penawar.562">
	<name>SDE HALA PENAWAR</name>
	<ExtendedData><SchemaData schemaUrl="#sde_hala_penawar__interpolated_points_sde_hala_penawar">
		<SimpleData name="id">interpolated_points_sde_hala_penawar.562</SimpleData>
		<SimpleData name="tessellate">-1</SimpleData>
		<SimpleData name="extrude">0</SimpleData>
		<SimpleData name="visibility">-1</SimpleData>
		<SimpleData name="fid">1</SimpleData>
		<SimpleData name="tessellate2">1</SimpleData>
		<SimpleData name="extrude2">0</SimpleData>
		<SimpleData name="visibility2">-1</SimpleData>
		<SimpleData name="distance">56100</SimpleData>
		<SimpleData name="angle">70.0806628792172</SimpleData>
		<SimpleData name="KM">KM 57.1</SimpleData>
		<SimpleData name="Latitude">1.548</SimpleData>
		<SimpleData name="Longitude">104.098</SimpleData>
	</SchemaData></ExtendedData>
      <Point><coordinates>104.09815301988,1.54838773211678,0</coordinates></Point>
  </Placemark>
  <Placemark id="sde_hala_penawar__interpolated_points_sde_hala_penawar.563">
	<name>SDE HALA PENAWAR</name>
	<ExtendedData><SchemaData schemaUrl="#sde_hala_penawar__interpolated_points_sde_hala_penawar">
		<SimpleData name="id">interpolated_points_sde_hala_penawar.563</SimpleData>
		<SimpleData name="tessellate">-1</SimpleData>
		<SimpleData name="extrude">0</SimpleData>
		<SimpleData name="visibility">-1</SimpleData>
		<SimpleData name="fid">1</SimpleData>
		<SimpleData name="tessellate2">1</SimpleData>
		<SimpleData name="extrude2">0</SimpleData>
		<SimpleData name="visibility2">-1</SimpleData>
		<SimpleData name="distance">56200</SimpleData>
		<SimpleData name="angle">68.6466389449649</SimpleData>
		<SimpleData name="KM">KM 57.2</SimpleData>
		<SimpleData name="Latitude">1.549</SimpleData>
		<SimpleData name="Longitude">104.099</SimpleData>
	</SchemaData></ExtendedData>
      <Point><coordinates>104.098989969674,1.54871665472604,0</coordinates></Point>
  </Placemark>
  <Placemark id="sde_hala_penawar__interpolated_points_sde_hala_penawar.564">
	<name>SDE HALA PENAWAR</name>
	<ExtendedData><SchemaData schemaUrl="#sde_hala_penawar__interpolated_points_sde_hala_penawar">
		<SimpleData name="id">interpolated_points_sde_hala_penawar.564</SimpleData>
		<SimpleData name="tessellate">-1</SimpleData>
		<SimpleData name="extrude">0</SimpleData>
		<SimpleData name="visibility">-1</SimpleData>
		<SimpleData name="fid">1</SimpleData>
		<SimpleData name="tessellate2">1</SimpleData>
		<SimpleData name="extrude2">0</SimpleData>
		<SimpleData name="visibility2">-1</SimpleData>
		<SimpleData name="distance">56300</SimpleData>
		<SimpleData name="angle">65.7170788995418</SimpleData>
		<SimpleData name="KM">KM 57.3</SimpleData>
		<SimpleData name="Latitude">1.549</SimpleData>
		<SimpleData name="Longitude">104.100</SimpleData>
	</SchemaData></ExtendedData>
      <Point><coordinates>104.099796277366,1.54910103516711,0</coordinates></Point>
  </Placemark>
  <Placemark id="sde_hala_penawar__interpolated_points_sde_hala_penawar.565">
	<name>SDE HALA PENAWAR</name>
	<ExtendedData><SchemaData schemaUrl="#sde_hala_penawar__interpolated_points_sde_hala_penawar">
		<SimpleData name="id">interpolated_points_sde_hala_penawar.565</SimpleData>
		<SimpleData name="tessellate">-1</SimpleData>
		<SimpleData name="extrude">0</SimpleData>
		<SimpleData name="visibility">-1</SimpleData>
		<SimpleData name="fid">1</SimpleData>
		<SimpleData name="tessellate2">1</SimpleData>
		<SimpleData name="extrude2">0</SimpleData>
		<SimpleData name="visibility2">-1</SimpleData>
		<SimpleData name="distance">56400</SimpleData>
		<SimpleData name="angle">58.733873802119</SimpleData>
		<SimpleData name="KM">KM 57.4</SimpleData>
		<SimpleData name="Latitude">1.550</SimpleData>
		<SimpleData name="Longitude">104.101</SimpleData>
	</SchemaData></ExtendedData>
      <Point><coordinates>104.100575852152,1.54955037564588,0</coordinates></Point>
  </Placemark>
  <Placemark id="sde_hala_penawar__interpolated_points_sde_hala_penawar.566">
	<name>SDE HALA PENAWAR</name>
	<ExtendedData><SchemaData schemaUrl="#sde_hala_penawar__interpolated_points_sde_hala_penawar">
		<SimpleData name="id">interpolated_points_sde_hala_penawar.566</SimpleData>
		<SimpleData name="tessellate">-1</SimpleData>
		<SimpleData name="extrude">0</SimpleData>
		<SimpleData name="visibility">-1</SimpleData>
		<SimpleData name="fid">1</SimpleData>
		<SimpleData name="tessellate2">1</SimpleData>
		<SimpleData name="extrude2">0</SimpleData>
		<SimpleData name="visibility2">-1</SimpleData>
		<SimpleData name="distance">56500</SimpleData>
		<SimpleData name="angle">58.733873802119</SimpleData>
		<SimpleData name="KM">KM 57.5</SimpleData>
		<SimpleData name="Latitude">1.550</SimpleData>
		<SimpleData name="Longitude">104.101</SimpleData>
	</SchemaData></ExtendedData>
      <Point><coordinates>104.101343994593,1.55002021028977,0</coordinates></Point>
  </Placemark>
  <Placemark id="sde_hala_penawar__interpolated_points_sde_hala_penawar.567">
	<name>SDE HALA PENAWAR</name>
	<ExtendedData><SchemaData schemaUrl="#sde_hala_penawar__interpolated_points_sde_hala_penawar">
		<SimpleData name="id">interpolated_points_sde_hala_penawar.567</SimpleData>
		<SimpleData name="tessellate">-1</SimpleData>
		<SimpleData name="extrude">0</SimpleData>
		<SimpleData name="visibility">-1</SimpleData>
		<SimpleData name="fid">1</SimpleData>
		<SimpleData name="tessellate2">1</SimpleData>
		<SimpleData name="extrude2">0</SimpleData>
		<SimpleData name="visibility2">-1</SimpleData>
		<SimpleData name="distance">56600</SimpleData>
		<SimpleData name="angle">55.944206491107</SimpleData>
		<SimpleData name="KM">KM 57.6</SimpleData>
		<SimpleData name="Latitude">1.551</SimpleData>
		<SimpleData name="Longitude">104.102</SimpleData>
	</SchemaData></ExtendedData>
      <Point><coordinates>104.102099242813,1.5505084206545,0</coordinates></Point>
  </Placemark>
  <Placemark id="sde_hala_penawar__interpolated_points_sde_hala_penawar.568">
	<name>SDE HALA PENAWAR</name>
	<ExtendedData><SchemaData schemaUrl="#sde_hala_penawar__interpolated_points_sde_hala_penawar">
		<SimpleData name="id">interpolated_points_sde_hala_penawar.568</SimpleData>
		<SimpleData name="tessellate">-1</SimpleData>
		<SimpleData name="extrude">0</SimpleData>
		<SimpleData name="visibility">-1</SimpleData>
		<SimpleData name="fid">1</SimpleData>
		<SimpleData name="tessellate2">1</SimpleData>
		<SimpleData name="extrude2">0</SimpleData>
		<SimpleData name="visibility2">-1</SimpleData>
		<SimpleData name="distance">56700</SimpleData>
		<SimpleData name="angle">53.728673525334</SimpleData>
		<SimpleData name="KM">KM 57.7</SimpleData>
		<SimpleData name="Latitude">1.551</SimpleData>
		<SimpleData name="Longitude">104.103</SimpleData>
	</SchemaData></ExtendedData>
      <Point><coordinates>104.102832085019,1.5510319759552,0</coordinates></Point>
  </Placemark>
  <Placemark id="sde_hala_penawar__interpolated_points_sde_hala_penawar.569">
	<name>SDE HALA PENAWAR</name>
	<ExtendedData><SchemaData schemaUrl="#sde_hala_penawar__interpolated_points_sde_hala_penawar">
		<SimpleData name="id">interpolated_points_sde_hala_penawar.569</SimpleData>
		<SimpleData name="tessellate">-1</SimpleData>
		<SimpleData name="extrude">0</SimpleData>
		<SimpleData name="visibility">-1</SimpleData>
		<SimpleData name="fid">1</SimpleData>
		<SimpleData name="tessellate2">1</SimpleData>
		<SimpleData name="extrude2">0</SimpleData>
		<SimpleData name="visibility2">-1</SimpleData>
		<SimpleData name="distance">56800</SimpleData>
		<SimpleData name="angle">52.9644227756988</SimpleData>
		<SimpleData name="KM">KM 57.8</SimpleData>
		<SimpleData name="Latitude">1.552</SimpleData>
		<SimpleData name="Longitude">104.104</SimpleData>
	</SchemaData></ExtendedData>
      <Point><coordinates>104.103549997966,1.55157599848537,0</coordinates></Point>
  </Placemark>
  <Placemark id="sde_hala_penawar__interpolated_points_sde_hala_penawar.570">
	<name>SDE HALA PENAWAR</name>
	<ExtendedData><SchemaData schemaUrl="#sde_hala_penawar__interpolated_points_sde_hala_penawar">
		<SimpleData name="id">interpolated_points_sde_hala_penawar.570</SimpleData>
		<SimpleData name="tessellate">-1</SimpleData>
		<SimpleData name="extrude">0</SimpleData>
		<SimpleData name="visibility">-1</SimpleData>
		<SimpleData name="fid">1</SimpleData>
		<SimpleData name="tessellate2">1</SimpleData>
		<SimpleData name="extrude2">0</SimpleData>
		<SimpleData name="visibility2">-1</SimpleData>
		<SimpleData name="distance">56900</SimpleData>
		<SimpleData name="angle">52.9644227756988</SimpleData>
		<SimpleData name="KM">KM 57.9</SimpleData>
		<SimpleData name="Latitude">1.552</SimpleData>
		<SimpleData name="Longitude">104.104</SimpleData>
	</SchemaData></ExtendedData>
      <Point><coordinates>104.104267319331,1.55212116274328,0</coordinates></Point>
  </Placemark>
  <Placemark id="sde_hala_penawar__interpolated_points_sde_hala_penawar.571">
	<name>SDE HALA PENAWAR</name>
	<ExtendedData><SchemaData schemaUrl="#sde_hala_penawar__interpolated_points_sde_hala_penawar">
		<SimpleData name="id">interpolated_points_sde_hala_penawar.571</SimpleData>
		<SimpleData name="tessellate">-1</SimpleData>
		<SimpleData name="extrude">0</SimpleData>
		<SimpleData name="visibility">-1</SimpleData>
		<SimpleData name="fid">1</SimpleData>
		<SimpleData name="tessellate2">1</SimpleData>
		<SimpleData name="extrude2">0</SimpleData>
		<SimpleData name="visibility2">-1</SimpleData>
		<SimpleData name="distance">57000</SimpleData>
		<SimpleData name="angle">54.224514139637</SimpleData>
		<SimpleData name="KM">KM 58.0</SimpleData>
		<SimpleData name="Latitude">1.553</SimpleData>
		<SimpleData name="Longitude">104.105</SimpleData>
	</SchemaData></ExtendedData>
      <Point><coordinates>104.104993390841,1.55265439659209,0</coordinates></Point>
  </Placemark>
  <Placemark id="sde_hala_penawar__interpolated_points_sde_hala_penawar.572">
	<name>SDE HALA PENAWAR</name>
	<ExtendedData><SchemaData schemaUrl="#sde_hala_penawar__interpolated_points_sde_hala_penawar">
		<SimpleData name="id">interpolated_points_sde_hala_penawar.572</SimpleData>
		<SimpleData name="tessellate">-1</SimpleData>
		<SimpleData name="extrude">0</SimpleData>
		<SimpleData name="visibility">-1</SimpleData>
		<SimpleData name="fid">1</SimpleData>
		<SimpleData name="tessellate2">1</SimpleData>
		<SimpleData name="extrude2">0</SimpleData>
		<SimpleData name="visibility2">-1</SimpleData>
		<SimpleData name="distance">57100</SimpleData>
		<SimpleData name="angle">52.7039523131341</SimpleData>
		<SimpleData name="KM">KM 58.1</SimpleData>
		<SimpleData name="Latitude">1.553</SimpleData>
		<SimpleData name="Longitude">104.106</SimpleData>
	</SchemaData></ExtendedData>
      <Point><coordinates>104.105709736101,1.55320081064914,0</coordinates></Point>
  </Placemark>
  <Placemark id="sde_hala_penawar__interpolated_points_sde_hala_penawar.573">
	<name>SDE HALA PENAWAR</name>
	<ExtendedData><SchemaData schemaUrl="#sde_hala_penawar__interpolated_points_sde_hala_penawar">
		<SimpleData name="id">interpolated_points_sde_hala_penawar.573</SimpleData>
		<SimpleData name="tessellate">-1</SimpleData>
		<SimpleData name="extrude">0</SimpleData>
		<SimpleData name="visibility">-1</SimpleData>
		<SimpleData name="fid">1</SimpleData>
		<SimpleData name="tessellate2">1</SimpleData>
		<SimpleData name="extrude2">0</SimpleData>
		<SimpleData name="visibility2">-1</SimpleData>
		<SimpleData name="distance">57200</SimpleData>
		<SimpleData name="angle">52.7039523131341</SimpleData>
		<SimpleData name="KM">KM 58.2</SimpleData>
		<SimpleData name="Latitude">1.554</SimpleData>
		<SimpleData name="Longitude">104.106</SimpleData>
	</SchemaData></ExtendedData>
      <Point><coordinates>104.106424588669,1.55374925091143,0</coordinates></Point>
  </Placemark>
  <Placemark id="sde_hala_penawar__interpolated_points_sde_hala_penawar.574">
	<name>SDE HALA PENAWAR</name>
	<ExtendedData><SchemaData schemaUrl="#sde_hala_penawar__interpolated_points_sde_hala_penawar">
		<SimpleData name="id">interpolated_points_sde_hala_penawar.574</SimpleData>
		<SimpleData name="tessellate">-1</SimpleData>
		<SimpleData name="extrude">0</SimpleData>
		<SimpleData name="visibility">-1</SimpleData>
		<SimpleData name="fid">1</SimpleData>
		<SimpleData name="tessellate2">1</SimpleData>
		<SimpleData name="extrude2">0</SimpleData>
		<SimpleData name="visibility2">-1</SimpleData>
		<SimpleData name="distance">57300</SimpleData>
		<SimpleData name="angle">52.7039523131341</SimpleData>
		<SimpleData name="KM">KM 58.3</SimpleData>
		<SimpleData name="Latitude">1.554</SimpleData>
		<SimpleData name="Longitude">104.107</SimpleData>
	</SchemaData></ExtendedData>
      <Point><coordinates>104.107139441665,1.55429769114221,0</coordinates></Point>
  </Placemark>
  <Placemark id="sde_hala_penawar__interpolated_points_sde_hala_penawar.575">
	<name>SDE HALA PENAWAR</name>
	<ExtendedData><SchemaData schemaUrl="#sde_hala_penawar__interpolated_points_sde_hala_penawar">
		<SimpleData name="id">interpolated_points_sde_hala_penawar.575</SimpleData>
		<SimpleData name="tessellate">-1</SimpleData>
		<SimpleData name="extrude">0</SimpleData>
		<SimpleData name="visibility">-1</SimpleData>
		<SimpleData name="fid">1</SimpleData>
		<SimpleData name="tessellate2">1</SimpleData>
		<SimpleData name="extrude2">0</SimpleData>
		<SimpleData name="visibility2">-1</SimpleData>
		<SimpleData name="distance">57400</SimpleData>
		<SimpleData name="angle">52.7039523131341</SimpleData>
		<SimpleData name="KM">KM 58.4</SimpleData>
		<SimpleData name="Latitude">1.555</SimpleData>
		<SimpleData name="Longitude">104.108</SimpleData>
	</SchemaData></ExtendedData>
      <Point><coordinates>104.107854295087,1.55484613134119,0</coordinates></Point>
  </Placemark>
  <Placemark id="sde_hala_penawar__interpolated_points_sde_hala_penawar.576">
	<name>SDE HALA PENAWAR</name>
	<ExtendedData><SchemaData schemaUrl="#sde_hala_penawar__interpolated_points_sde_hala_penawar">
		<SimpleData name="id">interpolated_points_sde_hala_penawar.576</SimpleData>
		<SimpleData name="tessellate">-1</SimpleData>
		<SimpleData name="extrude">0</SimpleData>
		<SimpleData name="visibility">-1</SimpleData>
		<SimpleData name="fid">1</SimpleData>
		<SimpleData name="tessellate2">1</SimpleData>
		<SimpleData name="extrude2">0</SimpleData>
		<SimpleData name="visibility2">-1</SimpleData>
		<SimpleData name="distance">57500</SimpleData>
		<SimpleData name="angle">52.7039523131341</SimpleData>
		<SimpleData name="KM">KM 58.5</SimpleData>
		<SimpleData name="Latitude">1.555</SimpleData>
		<SimpleData name="Longitude">104.109</SimpleData>
	</SchemaData></ExtendedData>
      <Point><coordinates>104.108569148938,1.55539457150814,0</coordinates></Point>
  </Placemark>
  <Placemark id="sde_hala_penawar__interpolated_points_sde_hala_penawar.577">
	<name>SDE HALA PENAWAR</name>
	<ExtendedData><SchemaData schemaUrl="#sde_hala_penawar__interpolated_points_sde_hala_penawar">
		<SimpleData name="id">interpolated_points_sde_hala_penawar.577</SimpleData>
		<SimpleData name="tessellate">-1</SimpleData>
		<SimpleData name="extrude">0</SimpleData>
		<SimpleData name="visibility">-1</SimpleData>
		<SimpleData name="fid">1</SimpleData>
		<SimpleData name="tessellate2">1</SimpleData>
		<SimpleData name="extrude2">0</SimpleData>
		<SimpleData name="visibility2">-1</SimpleData>
		<SimpleData name="distance">57600</SimpleData>
		<SimpleData name="angle">52.7039523131341</SimpleData>
		<SimpleData name="KM">KM 58.6</SimpleData>
		<SimpleData name="Latitude">1.556</SimpleData>
		<SimpleData name="Longitude">104.109</SimpleData>
	</SchemaData></ExtendedData>
      <Point><coordinates>104.109284003216,1.55594301164278,0</coordinates></Point>
  </Placemark>
  <Placemark id="sde_hala_penawar__interpolated_points_sde_hala_penawar.578">
	<name>SDE HALA PENAWAR</name>
	<ExtendedData><SchemaData schemaUrl="#sde_hala_penawar__interpolated_points_sde_hala_penawar">
		<SimpleData name="id">interpolated_points_sde_hala_penawar.578</SimpleData>
		<SimpleData name="tessellate">-1</SimpleData>
		<SimpleData name="extrude">0</SimpleData>
		<SimpleData name="visibility">-1</SimpleData>
		<SimpleData name="fid">1</SimpleData>
		<SimpleData name="tessellate2">1</SimpleData>
		<SimpleData name="extrude2">0</SimpleData>
		<SimpleData name="visibility2">-1</SimpleData>
		<SimpleData name="distance">57700</SimpleData>
		<SimpleData name="angle">52.7039523131341</SimpleData>
		<SimpleData name="KM">KM 58.7</SimpleData>
		<SimpleData name="Latitude">1.556</SimpleData>
		<SimpleData name="Longitude">104.110</SimpleData>
	</SchemaData></ExtendedData>
      <Point><coordinates>104.109998857922,1.55649145174487,0</coordinates></Point>
  </Placemark>
  <Placemark id="sde_hala_penawar__interpolated_points_sde_hala_penawar.579">
	<name>SDE HALA PENAWAR</name>
	<ExtendedData><SchemaData schemaUrl="#sde_hala_penawar__interpolated_points_sde_hala_penawar">
		<SimpleData name="id">interpolated_points_sde_hala_penawar.579</SimpleData>
		<SimpleData name="tessellate">-1</SimpleData>
		<SimpleData name="extrude">0</SimpleData>
		<SimpleData name="visibility">-1</SimpleData>
		<SimpleData name="fid">1</SimpleData>
		<SimpleData name="tessellate2">1</SimpleData>
		<SimpleData name="extrude2">0</SimpleData>
		<SimpleData name="visibility2">-1</SimpleData>
		<SimpleData name="distance">57800</SimpleData>
		<SimpleData name="angle">54.2681442135011</SimpleData>
		<SimpleData name="KM">KM 58.8</SimpleData>
		<SimpleData name="Latitude">1.557</SimpleData>
		<SimpleData name="Longitude">104.111</SimpleData>
	</SchemaData></ExtendedData>
      <Point><coordinates>104.110728095029,1.55702035921376,0</coordinates></Point>
  </Placemark>
  <Placemark id="sde_hala_penawar__interpolated_points_sde_hala_penawar.580">
	<name>SDE HALA PENAWAR</name>
	<ExtendedData><SchemaData schemaUrl="#sde_hala_penawar__interpolated_points_sde_hala_penawar">
		<SimpleData name="id">interpolated_points_sde_hala_penawar.580</SimpleData>
		<SimpleData name="tessellate">-1</SimpleData>
		<SimpleData name="extrude">0</SimpleData>
		<SimpleData name="visibility">-1</SimpleData>
		<SimpleData name="fid">1</SimpleData>
		<SimpleData name="tessellate2">1</SimpleData>
		<SimpleData name="extrude2">0</SimpleData>
		<SimpleData name="visibility2">-1</SimpleData>
		<SimpleData name="distance">57900</SimpleData>
		<SimpleData name="angle">54.2681442135011</SimpleData>
		<SimpleData name="KM">KM 58.9</SimpleData>
		<SimpleData name="Latitude">1.558</SimpleData>
		<SimpleData name="Longitude">104.111</SimpleData>
	</SchemaData></ExtendedData>
      <Point><coordinates>104.111457560284,1.55754895737127,0</coordinates></Point>
  </Placemark>
  <Placemark id="sde_hala_penawar__interpolated_points_sde_hala_penawar.581">
	<name>SDE HALA PENAWAR</name>
	<ExtendedData><SchemaData schemaUrl="#sde_hala_penawar__interpolated_points_sde_hala_penawar">
		<SimpleData name="id">interpolated_points_sde_hala_penawar.581</SimpleData>
		<SimpleData name="tessellate">-1</SimpleData>
		<SimpleData name="extrude">0</SimpleData>
		<SimpleData name="visibility">-1</SimpleData>
		<SimpleData name="fid">1</SimpleData>
		<SimpleData name="tessellate2">1</SimpleData>
		<SimpleData name="extrude2">0</SimpleData>
		<SimpleData name="visibility2">-1</SimpleData>
		<SimpleData name="distance">58000</SimpleData>
		<SimpleData name="angle">54.2681442135011</SimpleData>
		<SimpleData name="KM">KM 59.0</SimpleData>
		<SimpleData name="Latitude">1.558</SimpleData>
		<SimpleData name="Longitude">104.112</SimpleData>
	</SchemaData></ExtendedData>
      <Point><coordinates>104.112187025971,1.55807755548205,0</coordinates></Point>
  </Placemark>
  <Placemark id="sde_hala_penawar__interpolated_points_sde_hala_penawar.582">
	<name>SDE HALA PENAWAR</name>
	<ExtendedData><SchemaData schemaUrl="#sde_hala_penawar__interpolated_points_sde_hala_penawar">
		<SimpleData name="id">interpolated_points_sde_hala_penawar.582</SimpleData>
		<SimpleData name="tessellate">-1</SimpleData>
		<SimpleData name="extrude">0</SimpleData>
		<SimpleData name="visibility">-1</SimpleData>
		<SimpleData name="fid">1</SimpleData>
		<SimpleData name="tessellate2">1</SimpleData>
		<SimpleData name="extrude2">0</SimpleData>
		<SimpleData name="visibility2">-1</SimpleData>
		<SimpleData name="distance">58100</SimpleData>
		<SimpleData name="angle">49.6022937092334</SimpleData>
		<SimpleData name="KM">KM 59.1</SimpleData>
		<SimpleData name="Latitude">1.559</SimpleData>
		<SimpleData name="Longitude">104.113</SimpleData>
	</SchemaData></ExtendedData>
      <Point><coordinates>104.112907426209,1.5586177938935,0</coordinates></Point>
  </Placemark>
  <Placemark id="sde_hala_penawar__interpolated_points_sde_hala_penawar.583">
	<name>SDE HALA PENAWAR</name>
	<ExtendedData><SchemaData schemaUrl="#sde_hala_penawar__interpolated_points_sde_hala_penawar">
		<SimpleData name="id">interpolated_points_sde_hala_penawar.583</SimpleData>
		<SimpleData name="tessellate">-1</SimpleData>
		<SimpleData name="extrude">0</SimpleData>
		<SimpleData name="visibility">-1</SimpleData>
		<SimpleData name="fid">1</SimpleData>
		<SimpleData name="tessellate2">1</SimpleData>
		<SimpleData name="extrude2">0</SimpleData>
		<SimpleData name="visibility2">-1</SimpleData>
		<SimpleData name="distance">58200</SimpleData>
		<SimpleData name="angle">57.8406882225849</SimpleData>
		<SimpleData name="KM">KM 59.2</SimpleData>
		<SimpleData name="Latitude">1.559</SimpleData>
		<SimpleData name="Longitude">104.114</SimpleData>
	</SchemaData></ExtendedData>
      <Point><coordinates>104.113632518164,1.55915092821754,0</coordinates></Point>
  </Placemark>
  <Placemark id="sde_hala_penawar__interpolated_points_sde_hala_penawar.584">
	<name>SDE HALA PENAWAR</name>
	<ExtendedData><SchemaData schemaUrl="#sde_hala_penawar__interpolated_points_sde_hala_penawar">
		<SimpleData name="id">interpolated_points_sde_hala_penawar.584</SimpleData>
		<SimpleData name="tessellate">-1</SimpleData>
		<SimpleData name="extrude">0</SimpleData>
		<SimpleData name="visibility">-1</SimpleData>
		<SimpleData name="fid">1</SimpleData>
		<SimpleData name="tessellate2">1</SimpleData>
		<SimpleData name="extrude2">0</SimpleData>
		<SimpleData name="visibility2">-1</SimpleData>
		<SimpleData name="distance">58300</SimpleData>
		<SimpleData name="angle">52.8498342983821</SimpleData>
		<SimpleData name="KM">KM 59.3</SimpleData>
		<SimpleData name="Latitude">1.560</SimpleData>
		<SimpleData name="Longitude">104.114</SimpleData>
	</SchemaData></ExtendedData>
      <Point><coordinates>104.114388421179,1.55963984775045,0</coordinates></Point>
  </Placemark>
  <Placemark id="sde_hala_penawar__interpolated_points_sde_hala_penawar.585">
	<name>SDE HALA PENAWAR</name>
	<ExtendedData><SchemaData schemaUrl="#sde_hala_penawar__interpolated_points_sde_hala_penawar">
		<SimpleData name="id">interpolated_points_sde_hala_penawar.585</SimpleData>
		<SimpleData name="tessellate">-1</SimpleData>
		<SimpleData name="extrude">0</SimpleData>
		<SimpleData name="visibility">-1</SimpleData>
		<SimpleData name="fid">1</SimpleData>
		<SimpleData name="tessellate2">1</SimpleData>
		<SimpleData name="extrude2">0</SimpleData>
		<SimpleData name="visibility2">-1</SimpleData>
		<SimpleData name="distance">58400</SimpleData>
		<SimpleData name="angle">54.286790944374</SimpleData>
		<SimpleData name="KM">KM 59.4</SimpleData>
		<SimpleData name="Latitude">1.560</SimpleData>
		<SimpleData name="Longitude">104.115</SimpleData>
	</SchemaData></ExtendedData>
      <Point><coordinates>104.115112199719,1.56017573083818,0</coordinates></Point>
  </Placemark>
  <Placemark id="sde_hala_penawar__interpolated_points_sde_hala_penawar.586">
	<name>SDE HALA PENAWAR</name>
	<ExtendedData><SchemaData schemaUrl="#sde_hala_penawar__interpolated_points_sde_hala_penawar">
		<SimpleData name="id">interpolated_points_sde_hala_penawar.586</SimpleData>
		<SimpleData name="tessellate">-1</SimpleData>
		<SimpleData name="extrude">0</SimpleData>
		<SimpleData name="visibility">-1</SimpleData>
		<SimpleData name="fid">1</SimpleData>
		<SimpleData name="tessellate2">1</SimpleData>
		<SimpleData name="extrude2">0</SimpleData>
		<SimpleData name="visibility2">-1</SimpleData>
		<SimpleData name="distance">58500</SimpleData>
		<SimpleData name="angle">55.6849753667073</SimpleData>
		<SimpleData name="KM">KM 59.5</SimpleData>
		<SimpleData name="Latitude">1.561</SimpleData>
		<SimpleData name="Longitude">104.116</SimpleData>
	</SchemaData></ExtendedData>
      <Point><coordinates>104.115836400347,1.56071065023937,0</coordinates></Point>
  </Placemark>
  <Placemark id="sde_hala_penawar__interpolated_points_sde_hala_penawar.587">
	<name>SDE HALA PENAWAR</name>
	<ExtendedData><SchemaData schemaUrl="#sde_hala_penawar__interpolated_points_sde_hala_penawar">
		<SimpleData name="id">interpolated_points_sde_hala_penawar.587</SimpleData>
		<SimpleData name="tessellate">-1</SimpleData>
		<SimpleData name="extrude">0</SimpleData>
		<SimpleData name="visibility">-1</SimpleData>
		<SimpleData name="fid">1</SimpleData>
		<SimpleData name="tessellate2">1</SimpleData>
		<SimpleData name="extrude2">0</SimpleData>
		<SimpleData name="visibility2">-1</SimpleData>
		<SimpleData name="distance">58600</SimpleData>
		<SimpleData name="angle">52.1812762108587</SimpleData>
		<SimpleData name="KM">KM 59.6</SimpleData>
		<SimpleData name="Latitude">1.561</SimpleData>
		<SimpleData name="Longitude">104.117</SimpleData>
	</SchemaData></ExtendedData>
      <Point><coordinates>104.116546850978,1.56126481086617,0</coordinates></Point>
  </Placemark>
  <Placemark id="sde_hala_penawar__interpolated_points_sde_hala_penawar.588">
	<name>SDE HALA PENAWAR</name>
	<ExtendedData><SchemaData schemaUrl="#sde_hala_penawar__interpolated_points_sde_hala_penawar">
		<SimpleData name="id">interpolated_points_sde_hala_penawar.588</SimpleData>
		<SimpleData name="tessellate">-1</SimpleData>
		<SimpleData name="extrude">0</SimpleData>
		<SimpleData name="visibility">-1</SimpleData>
		<SimpleData name="fid">1</SimpleData>
		<SimpleData name="tessellate2">1</SimpleData>
		<SimpleData name="extrude2">0</SimpleData>
		<SimpleData name="visibility2">-1</SimpleData>
		<SimpleData name="distance">58700</SimpleData>
		<SimpleData name="angle">51.1078790150307</SimpleData>
		<SimpleData name="KM">KM 59.7</SimpleData>
		<SimpleData name="Latitude">1.562</SimpleData>
		<SimpleData name="Longitude">104.117</SimpleData>
	</SchemaData></ExtendedData>
      <Point><coordinates>104.117252191359,1.56182553049901,0</coordinates></Point>
  </Placemark>
  <Placemark id="sde_hala_penawar__interpolated_points_sde_hala_penawar.589">
	<name>SDE HALA PENAWAR</name>
	<ExtendedData><SchemaData schemaUrl="#sde_hala_penawar__interpolated_points_sde_hala_penawar">
		<SimpleData name="id">interpolated_points_sde_hala_penawar.589</SimpleData>
		<SimpleData name="tessellate">-1</SimpleData>
		<SimpleData name="extrude">0</SimpleData>
		<SimpleData name="visibility">-1</SimpleData>
		<SimpleData name="fid">1</SimpleData>
		<SimpleData name="tessellate2">1</SimpleData>
		<SimpleData name="extrude2">0</SimpleData>
		<SimpleData name="visibility2">-1</SimpleData>
		<SimpleData name="distance">58800</SimpleData>
		<SimpleData name="angle">52.3249618969291</SimpleData>
		<SimpleData name="KM">KM 59.8</SimpleData>
		<SimpleData name="Latitude">1.562</SimpleData>
		<SimpleData name="Longitude">104.118</SimpleData>
	</SchemaData></ExtendedData>
      <Point><coordinates>104.117960367805,1.56238139724967,0</coordinates></Point>
  </Placemark>
  <Placemark id="sde_hala_penawar__interpolated_points_sde_hala_penawar.590">
	<name>SDE HALA PENAWAR</name>
	<ExtendedData><SchemaData schemaUrl="#sde_hala_penawar__interpolated_points_sde_hala_penawar">
		<SimpleData name="id">interpolated_points_sde_hala_penawar.590</SimpleData>
		<SimpleData name="tessellate">-1</SimpleData>
		<SimpleData name="extrude">0</SimpleData>
		<SimpleData name="visibility">-1</SimpleData>
		<SimpleData name="fid">1</SimpleData>
		<SimpleData name="tessellate2">1</SimpleData>
		<SimpleData name="extrude2">0</SimpleData>
		<SimpleData name="visibility2">-1</SimpleData>
		<SimpleData name="distance">58900</SimpleData>
		<SimpleData name="angle">52.3249618969291</SimpleData>
		<SimpleData name="KM">KM 59.9</SimpleData>
		<SimpleData name="Latitude">1.563</SimpleData>
		<SimpleData name="Longitude">104.119</SimpleData>
	</SchemaData></ExtendedData>
      <Point><coordinates>104.118671607255,1.5629345834708,0</coordinates></Point>
  </Placemark>
  <Placemark id="sde_hala_penawar__interpolated_points_sde_hala_penawar.591">
	<name>SDE HALA PENAWAR</name>
	<ExtendedData><SchemaData schemaUrl="#sde_hala_penawar__interpolated_points_sde_hala_penawar">
		<SimpleData name="id">interpolated_points_sde_hala_penawar.591</SimpleData>
		<SimpleData name="tessellate">-1</SimpleData>
		<SimpleData name="extrude">0</SimpleData>
		<SimpleData name="visibility">-1</SimpleData>
		<SimpleData name="fid">1</SimpleData>
		<SimpleData name="tessellate2">1</SimpleData>
		<SimpleData name="extrude2">0</SimpleData>
		<SimpleData name="visibility2">-1</SimpleData>
		<SimpleData name="distance">59000</SimpleData>
		<SimpleData name="angle">52.1812033575082</SimpleData>
		<SimpleData name="KM">KM 60.0</SimpleData>
		<SimpleData name="Latitude">1.563</SimpleData>
		<SimpleData name="Longitude">104.119</SimpleData>
	</SchemaData></ExtendedData>
      <Point><coordinates>104.119381028017,1.56348916737869,0</coordinates></Point>
  </Placemark>
  <Placemark id="sde_hala_penawar__interpolated_points_sde_hala_penawar.592">
	<name>SDE HALA PENAWAR</name>
	<ExtendedData><SchemaData schemaUrl="#sde_hala_penawar__interpolated_points_sde_hala_penawar">
		<SimpleData name="id">interpolated_points_sde_hala_penawar.592</SimpleData>
		<SimpleData name="tessellate">-1</SimpleData>
		<SimpleData name="extrude">0</SimpleData>
		<SimpleData name="visibility">-1</SimpleData>
		<SimpleData name="fid">1</SimpleData>
		<SimpleData name="tessellate2">1</SimpleData>
		<SimpleData name="extrude2">0</SimpleData>
		<SimpleData name="visibility2">-1</SimpleData>
		<SimpleData name="distance">59100</SimpleData>
		<SimpleData name="angle">52.4366483422529</SimpleData>
		<SimpleData name="KM">KM 60.1</SimpleData>
		<SimpleData name="Latitude">1.564</SimpleData>
		<SimpleData name="Longitude">104.120</SimpleData>
	</SchemaData></ExtendedData>
      <Point><coordinates>104.120090550627,1.56404422938886,0</coordinates></Point>
  </Placemark>
  <Placemark id="sde_hala_penawar__interpolated_points_sde_hala_penawar.593">
	<name>SDE HALA PENAWAR</name>
	<ExtendedData><SchemaData schemaUrl="#sde_hala_penawar__interpolated_points_sde_hala_penawar">
		<SimpleData name="id">interpolated_points_sde_hala_penawar.593</SimpleData>
		<SimpleData name="tessellate">-1</SimpleData>
		<SimpleData name="extrude">0</SimpleData>
		<SimpleData name="visibility">-1</SimpleData>
		<SimpleData name="fid">1</SimpleData>
		<SimpleData name="tessellate2">1</SimpleData>
		<SimpleData name="extrude2">0</SimpleData>
		<SimpleData name="visibility2">-1</SimpleData>
		<SimpleData name="distance">59200</SimpleData>
		<SimpleData name="angle">56.5013560972407</SimpleData>
		<SimpleData name="KM">KM 60.2</SimpleData>
		<SimpleData name="Latitude">1.565</SimpleData>
		<SimpleData name="Longitude">104.121</SimpleData>
	</SchemaData></ExtendedData>
      <Point><coordinates>104.12081296835,1.56458197892258,0</coordinates></Point>
  </Placemark>
  <Placemark id="sde_hala_penawar__interpolated_points_sde_hala_penawar.594">
	<name>SDE HALA PENAWAR</name>
	<ExtendedData><SchemaData schemaUrl="#sde_hala_penawar__interpolated_points_sde_hala_penawar">
		<SimpleData name="id">interpolated_points_sde_hala_penawar.594</SimpleData>
		<SimpleData name="tessellate">-1</SimpleData>
		<SimpleData name="extrude">0</SimpleData>
		<SimpleData name="visibility">-1</SimpleData>
		<SimpleData name="fid">1</SimpleData>
		<SimpleData name="tessellate2">1</SimpleData>
		<SimpleData name="extrude2">0</SimpleData>
		<SimpleData name="visibility2">-1</SimpleData>
		<SimpleData name="distance">59300</SimpleData>
		<SimpleData name="angle">53.5416654139212</SimpleData>
		<SimpleData name="KM">KM 60.3</SimpleData>
		<SimpleData name="Latitude">1.565</SimpleData>
		<SimpleData name="Longitude">104.122</SimpleData>
	</SchemaData></ExtendedData>
      <Point><coordinates>104.121562269708,1.56508168908502,0</coordinates></Point>
  </Placemark>
  <Placemark id="sde_hala_penawar__interpolated_points_sde_hala_penawar.595">
	<name>SDE HALA PENAWAR</name>
	<ExtendedData><SchemaData schemaUrl="#sde_hala_penawar__interpolated_points_sde_hala_penawar">
		<SimpleData name="id">interpolated_points_sde_hala_penawar.595</SimpleData>
		<SimpleData name="tessellate">-1</SimpleData>
		<SimpleData name="extrude">0</SimpleData>
		<SimpleData name="visibility">-1</SimpleData>
		<SimpleData name="fid">1</SimpleData>
		<SimpleData name="tessellate2">1</SimpleData>
		<SimpleData name="extrude2">0</SimpleData>
		<SimpleData name="visibility2">-1</SimpleData>
		<SimpleData name="distance">59400</SimpleData>
		<SimpleData name="angle">54.9082971035336</SimpleData>
		<SimpleData name="KM">KM 60.4</SimpleData>
		<SimpleData name="Latitude">1.566</SimpleData>
		<SimpleData name="Longitude">104.122</SimpleData>
	</SchemaData></ExtendedData>
      <Point><coordinates>104.122286420211,1.5656173127977,0</coordinates></Point>
  </Placemark>
  <Placemark id="sde_hala_penawar__interpolated_points_sde_hala_penawar.596">
	<name>SDE HALA PENAWAR</name>
	<ExtendedData><SchemaData schemaUrl="#sde_hala_penawar__interpolated_points_sde_hala_penawar">
		<SimpleData name="id">interpolated_points_sde_hala_penawar.596</SimpleData>
		<SimpleData name="tessellate">-1</SimpleData>
		<SimpleData name="extrude">0</SimpleData>
		<SimpleData name="visibility">-1</SimpleData>
		<SimpleData name="fid">1</SimpleData>
		<SimpleData name="tessellate2">1</SimpleData>
		<SimpleData name="extrude2">0</SimpleData>
		<SimpleData name="visibility2">-1</SimpleData>
		<SimpleData name="distance">59500</SimpleData>
		<SimpleData name="angle">56.6729404618458</SimpleData>
		<SimpleData name="KM">KM 60.5</SimpleData>
		<SimpleData name="Latitude">1.566</SimpleData>
		<SimpleData name="Longitude">104.123</SimpleData>
	</SchemaData></ExtendedData>
      <Point><coordinates>104.123028529477,1.56612759749249,0</coordinates></Point>
  </Placemark>
  <Placemark id="sde_hala_penawar__interpolated_points_sde_hala_penawar.597">
	<name>SDE HALA PENAWAR</name>
	<ExtendedData><SchemaData schemaUrl="#sde_hala_penawar__interpolated_points_sde_hala_penawar">
		<SimpleData name="id">interpolated_points_sde_hala_penawar.597</SimpleData>
		<SimpleData name="tessellate">-1</SimpleData>
		<SimpleData name="extrude">0</SimpleData>
		<SimpleData name="visibility">-1</SimpleData>
		<SimpleData name="fid">1</SimpleData>
		<SimpleData name="tessellate2">1</SimpleData>
		<SimpleData name="extrude2">0</SimpleData>
		<SimpleData name="visibility2">-1</SimpleData>
		<SimpleData name="distance">59600</SimpleData>
		<SimpleData name="angle">59.2628114972003</SimpleData>
		<SimpleData name="KM">KM 60.6</SimpleData>
		<SimpleData name="Latitude">1.567</SimpleData>
		<SimpleData name="Longitude">104.124</SimpleData>
	</SchemaData></ExtendedData>
      <Point><coordinates>104.12378350317,1.56661793599863,0</coordinates></Point>
  </Placemark>
  <Placemark id="sde_hala_penawar__interpolated_points_sde_hala_penawar.598">
	<name>SDE HALA PENAWAR</name>
	<ExtendedData><SchemaData schemaUrl="#sde_hala_penawar__interpolated_points_sde_hala_penawar">
		<SimpleData name="id">interpolated_points_sde_hala_penawar.598</SimpleData>
		<SimpleData name="tessellate">-1</SimpleData>
		<SimpleData name="extrude">0</SimpleData>
		<SimpleData name="visibility">-1</SimpleData>
		<SimpleData name="fid">1</SimpleData>
		<SimpleData name="tessellate2">1</SimpleData>
		<SimpleData name="extrude2">0</SimpleData>
		<SimpleData name="visibility2">-1</SimpleData>
		<SimpleData name="distance">59700</SimpleData>
		<SimpleData name="angle">59.2628114972003</SimpleData>
		<SimpleData name="KM">KM 60.7</SimpleData>
		<SimpleData name="Latitude">1.567</SimpleData>
		<SimpleData name="Longitude">104.125</SimpleData>
	</SchemaData></ExtendedData>
      <Point><coordinates>104.124555936793,1.56708061217995,0</coordinates></Point>
  </Placemark>
  <Placemark id="sde_hala_penawar__interpolated_points_sde_hala_penawar.599">
	<name>SDE HALA PENAWAR</name>
	<ExtendedData><SchemaData schemaUrl="#sde_hala_penawar__interpolated_points_sde_hala_penawar">
		<SimpleData name="id">interpolated_points_sde_hala_penawar.599</SimpleData>
		<SimpleData name="tessellate">-1</SimpleData>
		<SimpleData name="extrude">0</SimpleData>
		<SimpleData name="visibility">-1</SimpleData>
		<SimpleData name="fid">1</SimpleData>
		<SimpleData name="tessellate2">1</SimpleData>
		<SimpleData name="extrude2">0</SimpleData>
		<SimpleData name="visibility2">-1</SimpleData>
		<SimpleData name="distance">59800</SimpleData>
		<SimpleData name="angle">59.2628114972003</SimpleData>
		<SimpleData name="KM">KM 60.8</SimpleData>
		<SimpleData name="Latitude">1.568</SimpleData>
		<SimpleData name="Longitude">104.125</SimpleData>
	</SchemaData></ExtendedData>
      <Point><coordinates>104.125328370859,1.56754328826434,0</coordinates></Point>
  </Placemark>
  <Placemark id="sde_hala_penawar__interpolated_points_sde_hala_penawar.600">
	<name>SDE HALA PENAWAR</name>
	<ExtendedData><SchemaData schemaUrl="#sde_hala_penawar__interpolated_points_sde_hala_penawar">
		<SimpleData name="id">interpolated_points_sde_hala_penawar.600</SimpleData>
		<SimpleData name="tessellate">-1</SimpleData>
		<SimpleData name="extrude">0</SimpleData>
		<SimpleData name="visibility">-1</SimpleData>
		<SimpleData name="fid">1</SimpleData>
		<SimpleData name="tessellate2">1</SimpleData>
		<SimpleData name="extrude2">0</SimpleData>
		<SimpleData name="visibility2">-1</SimpleData>
		<SimpleData name="distance">59900</SimpleData>
		<SimpleData name="angle">63.1301472165332</SimpleData>
		<SimpleData name="KM">KM 60.9</SimpleData>
		<SimpleData name="Latitude">1.568</SimpleData>
		<SimpleData name="Longitude">104.126</SimpleData>
	</SchemaData></ExtendedData>
      <Point><coordinates>104.126120148059,1.56797059646858,0</coordinates></Point>
  </Placemark>
  <Placemark id="sde_hala_penawar__interpolated_points_sde_hala_penawar.601">
	<name>SDE HALA PENAWAR</name>
	<ExtendedData><SchemaData schemaUrl="#sde_hala_penawar__interpolated_points_sde_hala_penawar">
		<SimpleData name="id">interpolated_points_sde_hala_penawar.601</SimpleData>
		<SimpleData name="tessellate">-1</SimpleData>
		<SimpleData name="extrude">0</SimpleData>
		<SimpleData name="visibility">-1</SimpleData>
		<SimpleData name="fid">1</SimpleData>
		<SimpleData name="tessellate2">1</SimpleData>
		<SimpleData name="extrude2">0</SimpleData>
		<SimpleData name="visibility2">-1</SimpleData>
		<SimpleData name="distance">60000</SimpleData>
		<SimpleData name="angle">63.6038072592437</SimpleData>
		<SimpleData name="KM">KM 61.0</SimpleData>
		<SimpleData name="Latitude">1.568</SimpleData>
		<SimpleData name="Longitude">104.127</SimpleData>
	</SchemaData></ExtendedData>
      <Point><coordinates>104.126928065624,1.56836403281475,0</coordinates></Point>
  </Placemark>
  <Placemark id="sde_hala_penawar__interpolated_points_sde_hala_penawar.602">
	<name>SDE HALA PENAWAR</name>
	<ExtendedData><SchemaData schemaUrl="#sde_hala_penawar__interpolated_points_sde_hala_penawar">
		<SimpleData name="id">interpolated_points_sde_hala_penawar.602</SimpleData>
		<SimpleData name="tessellate">-1</SimpleData>
		<SimpleData name="extrude">0</SimpleData>
		<SimpleData name="visibility">-1</SimpleData>
		<SimpleData name="fid">1</SimpleData>
		<SimpleData name="tessellate2">1</SimpleData>
		<SimpleData name="extrude2">0</SimpleData>
		<SimpleData name="visibility2">-1</SimpleData>
		<SimpleData name="distance">60100</SimpleData>
		<SimpleData name="angle">62.8947335089284</SimpleData>
		<SimpleData name="KM">KM 61.1</SimpleData>
		<SimpleData name="Latitude">1.569</SimpleData>
		<SimpleData name="Longitude">104.128</SimpleData>
	</SchemaData></ExtendedData>
      <Point><coordinates>104.127722509802,1.56876691920994,0</coordinates></Point>
  </Placemark>
  <Placemark id="sde_hala_penawar__interpolated_points_sde_hala_penawar.603">
	<name>SDE HALA PENAWAR</name>
	<ExtendedData><SchemaData schemaUrl="#sde_hala_penawar__interpolated_points_sde_hala_penawar">
		<SimpleData name="id">interpolated_points_sde_hala_penawar.603</SimpleData>
		<SimpleData name="tessellate">-1</SimpleData>
		<SimpleData name="extrude">0</SimpleData>
		<SimpleData name="visibility">-1</SimpleData>
		<SimpleData name="fid">1</SimpleData>
		<SimpleData name="tessellate2">1</SimpleData>
		<SimpleData name="extrude2">0</SimpleData>
		<SimpleData name="visibility2">-1</SimpleData>
		<SimpleData name="distance">60200</SimpleData>
		<SimpleData name="angle">62.8947335089284</SimpleData>
		<SimpleData name="KM">KM 61.2</SimpleData>
		<SimpleData name="Latitude">1.569</SimpleData>
		<SimpleData name="Longitude">104.129</SimpleData>
	</SchemaData></ExtendedData>
      <Point><coordinates>104.128522518029,1.56917942339704,0</coordinates></Point>
  </Placemark>
  <Placemark id="sde_hala_penawar__interpolated_points_sde_hala_penawar.604">
	<name>SDE HALA PENAWAR</name>
	<ExtendedData><SchemaData schemaUrl="#sde_hala_penawar__interpolated_points_sde_hala_penawar">
		<SimpleData name="id">interpolated_points_sde_hala_penawar.604</SimpleData>
		<SimpleData name="tessellate">-1</SimpleData>
		<SimpleData name="extrude">0</SimpleData>
		<SimpleData name="visibility">-1</SimpleData>
		<SimpleData name="fid">1</SimpleData>
		<SimpleData name="tessellate2">1</SimpleData>
		<SimpleData name="extrude2">0</SimpleData>
		<SimpleData name="visibility2">-1</SimpleData>
		<SimpleData name="distance">60300</SimpleData>
		<SimpleData name="angle">67.103068159999</SimpleData>
		<SimpleData name="KM">KM 61.3</SimpleData>
		<SimpleData name="Latitude">1.570</SimpleData>
		<SimpleData name="Longitude">104.129</SimpleData>
	</SchemaData></ExtendedData>
      <Point><coordinates>104.129336002746,1.56956340543793,0</coordinates></Point>
  </Placemark>
  <Placemark id="sde_hala_penawar__interpolated_points_sde_hala_penawar.605">
	<name>SDE HALA PENAWAR</name>
	<ExtendedData><SchemaData schemaUrl="#sde_hala_penawar__interpolated_points_sde_hala_penawar">
		<SimpleData name="id">interpolated_points_sde_hala_penawar.605</SimpleData>
		<SimpleData name="tessellate">-1</SimpleData>
		<SimpleData name="extrude">0</SimpleData>
		<SimpleData name="visibility">-1</SimpleData>
		<SimpleData name="fid">1</SimpleData>
		<SimpleData name="tessellate2">1</SimpleData>
		<SimpleData name="extrude2">0</SimpleData>
		<SimpleData name="visibility2">-1</SimpleData>
		<SimpleData name="distance">60400</SimpleData>
		<SimpleData name="angle">71.6975219175303</SimpleData>
		<SimpleData name="KM">KM 61.4</SimpleData>
		<SimpleData name="Latitude">1.570</SimpleData>
		<SimpleData name="Longitude">104.130</SimpleData>
	</SchemaData></ExtendedData>
      <Point><coordinates>104.130165057313,1.56989168577208,0</coordinates></Point>
  </Placemark>
  <Placemark id="sde_hala_penawar__interpolated_points_sde_hala_penawar.606">
	<name>SDE HALA PENAWAR</name>
	<ExtendedData><SchemaData schemaUrl="#sde_hala_penawar__interpolated_points_sde_hala_penawar">
		<SimpleData name="id">interpolated_points_sde_hala_penawar.606</SimpleData>
		<SimpleData name="tessellate">-1</SimpleData>
		<SimpleData name="extrude">0</SimpleData>
		<SimpleData name="visibility">-1</SimpleData>
		<SimpleData name="fid">1</SimpleData>
		<SimpleData name="tessellate2">1</SimpleData>
		<SimpleData name="extrude2">0</SimpleData>
		<SimpleData name="visibility2">-1</SimpleData>
		<SimpleData name="distance">60500</SimpleData>
		<SimpleData name="angle">71.2814004053032</SimpleData>
		<SimpleData name="KM">KM 61.5</SimpleData>
		<SimpleData name="Latitude">1.570</SimpleData>
		<SimpleData name="Longitude">104.131</SimpleData>
	</SchemaData></ExtendedData>
      <Point><coordinates>104.131011686582,1.57019472228645,0</coordinates></Point>
  </Placemark>
  <Placemark id="sde_hala_penawar__interpolated_points_sde_hala_penawar.607">
	<name>SDE HALA PENAWAR</name>
	<ExtendedData><SchemaData schemaUrl="#sde_hala_penawar__interpolated_points_sde_hala_penawar">
		<SimpleData name="id">interpolated_points_sde_hala_penawar.607</SimpleData>
		<SimpleData name="tessellate">-1</SimpleData>
		<SimpleData name="extrude">0</SimpleData>
		<SimpleData name="visibility">-1</SimpleData>
		<SimpleData name="fid">1</SimpleData>
		<SimpleData name="tessellate2">1</SimpleData>
		<SimpleData name="extrude2">0</SimpleData>
		<SimpleData name="visibility2">-1</SimpleData>
		<SimpleData name="distance">60600</SimpleData>
		<SimpleData name="angle">71.6974794791347</SimpleData>
		<SimpleData name="KM">KM 61.6</SimpleData>
		<SimpleData name="Latitude">1.570</SimpleData>
		<SimpleData name="Longitude">104.132</SimpleData>
	</SchemaData></ExtendedData>
      <Point><coordinates>104.13186481608,1.57047827204038,0</coordinates></Point>
  </Placemark>
  <Placemark id="sde_hala_penawar__interpolated_points_sde_hala_penawar.608">
	<name>SDE HALA PENAWAR</name>
	<ExtendedData><SchemaData schemaUrl="#sde_hala_penawar__interpolated_points_sde_hala_penawar">
		<SimpleData name="id">interpolated_points_sde_hala_penawar.608</SimpleData>
		<SimpleData name="tessellate">-1</SimpleData>
		<SimpleData name="extrude">0</SimpleData>
		<SimpleData name="visibility">-1</SimpleData>
		<SimpleData name="fid">1</SimpleData>
		<SimpleData name="tessellate2">1</SimpleData>
		<SimpleData name="extrude2">0</SimpleData>
		<SimpleData name="visibility2">-1</SimpleData>
		<SimpleData name="distance">60700</SimpleData>
		<SimpleData name="angle">73.392104057405</SimpleData>
		<SimpleData name="KM">KM 61.7</SimpleData>
		<SimpleData name="Latitude">1.571</SimpleData>
		<SimpleData name="Longitude">104.133</SimpleData>
	</SchemaData></ExtendedData>
      <Point><coordinates>104.132723541247,1.5707454205217,0</coordinates></Point>
  </Placemark>
  <Placemark id="sde_hala_penawar__interpolated_points_sde_hala_penawar.609">
	<name>SDE HALA PENAWAR</name>
	<ExtendedData><SchemaData schemaUrl="#sde_hala_penawar__interpolated_points_sde_hala_penawar">
		<SimpleData name="id">interpolated_points_sde_hala_penawar.609</SimpleData>
		<SimpleData name="tessellate">-1</SimpleData>
		<SimpleData name="extrude">0</SimpleData>
		<SimpleData name="visibility">-1</SimpleData>
		<SimpleData name="fid">1</SimpleData>
		<SimpleData name="tessellate2">1</SimpleData>
		<SimpleData name="extrude2">0</SimpleData>
		<SimpleData name="visibility2">-1</SimpleData>
		<SimpleData name="distance">60800</SimpleData>
		<SimpleData name="angle">73.392104057405</SimpleData>
		<SimpleData name="KM">KM 61.8</SimpleData>
		<SimpleData name="Latitude">1.571</SimpleData>
		<SimpleData name="Longitude">104.134</SimpleData>
	</SchemaData></ExtendedData>
      <Point><coordinates>104.133584841939,1.57100433905232,0</coordinates></Point>
  </Placemark>
  <Placemark id="sde_hala_penawar__interpolated_points_sde_hala_penawar.610">
	<name>SDE HALA PENAWAR</name>
	<ExtendedData><SchemaData schemaUrl="#sde_hala_penawar__interpolated_points_sde_hala_penawar">
		<SimpleData name="id">interpolated_points_sde_hala_penawar.610</SimpleData>
		<SimpleData name="tessellate">-1</SimpleData>
		<SimpleData name="extrude">0</SimpleData>
		<SimpleData name="visibility">-1</SimpleData>
		<SimpleData name="fid">1</SimpleData>
		<SimpleData name="tessellate2">1</SimpleData>
		<SimpleData name="extrude2">0</SimpleData>
		<SimpleData name="visibility2">-1</SimpleData>
		<SimpleData name="distance">60900</SimpleData>
		<SimpleData name="angle">75.7294389786013</SimpleData>
		<SimpleData name="KM">KM 61.9</SimpleData>
		<SimpleData name="Latitude">1.571</SimpleData>
		<SimpleData name="Longitude">104.134</SimpleData>
	</SchemaData></ExtendedData>
      <Point><coordinates>104.134453817557,1.57123533791357,0</coordinates></Point>
  </Placemark>
  <Placemark id="sde_hala_penawar__interpolated_points_sde_hala_penawar.611">
	<name>SDE HALA PENAWAR</name>
	<ExtendedData><SchemaData schemaUrl="#sde_hala_penawar__interpolated_points_sde_hala_penawar">
		<SimpleData name="id">interpolated_points_sde_hala_penawar.611</SimpleData>
		<SimpleData name="tessellate">-1</SimpleData>
		<SimpleData name="extrude">0</SimpleData>
		<SimpleData name="visibility">-1</SimpleData>
		<SimpleData name="fid">1</SimpleData>
		<SimpleData name="tessellate2">1</SimpleData>
		<SimpleData name="extrude2">0</SimpleData>
		<SimpleData name="visibility2">-1</SimpleData>
		<SimpleData name="distance">61000</SimpleData>
		<SimpleData name="angle">76.4000835858858</SimpleData>
		<SimpleData name="KM">KM 62.0</SimpleData>
		<SimpleData name="Latitude">1.571</SimpleData>
		<SimpleData name="Longitude">104.135</SimpleData>
	</SchemaData></ExtendedData>
      <Point><coordinates>104.135327110019,1.57144856342738,0</coordinates></Point>
  </Placemark>
  <Placemark id="sde_hala_penawar__interpolated_points_sde_hala_penawar.612">
	<name>SDE HALA PENAWAR</name>
	<ExtendedData><SchemaData schemaUrl="#sde_hala_penawar__interpolated_points_sde_hala_penawar">
		<SimpleData name="id">interpolated_points_sde_hala_penawar.612</SimpleData>
		<SimpleData name="tessellate">-1</SimpleData>
		<SimpleData name="extrude">0</SimpleData>
		<SimpleData name="visibility">-1</SimpleData>
		<SimpleData name="fid">1</SimpleData>
		<SimpleData name="tessellate2">1</SimpleData>
		<SimpleData name="extrude2">0</SimpleData>
		<SimpleData name="visibility2">-1</SimpleData>
		<SimpleData name="distance">61100</SimpleData>
		<SimpleData name="angle">79.19215989846</SimpleData>
		<SimpleData name="KM">KM 62.1</SimpleData>
		<SimpleData name="Latitude">1.572</SimpleData>
		<SimpleData name="Longitude">104.136</SimpleData>
	</SchemaData></ExtendedData>
      <Point><coordinates>104.136206892671,1.57163300431832,0</coordinates></Point>
  </Placemark>
  <Placemark id="sde_hala_penawar__interpolated_points_sde_hala_penawar.613">
	<name>SDE HALA PENAWAR</name>
	<ExtendedData><SchemaData schemaUrl="#sde_hala_penawar__interpolated_points_sde_hala_penawar">
		<SimpleData name="id">interpolated_points_sde_hala_penawar.613</SimpleData>
		<SimpleData name="tessellate">-1</SimpleData>
		<SimpleData name="extrude">0</SimpleData>
		<SimpleData name="visibility">-1</SimpleData>
		<SimpleData name="fid">1</SimpleData>
		<SimpleData name="tessellate2">1</SimpleData>
		<SimpleData name="extrude2">0</SimpleData>
		<SimpleData name="visibility2">-1</SimpleData>
		<SimpleData name="distance">61200</SimpleData>
		<SimpleData name="angle">79.19215989846</SimpleData>
		<SimpleData name="KM">KM 62.2</SimpleData>
		<SimpleData name="Latitude">1.572</SimpleData>
		<SimpleData name="Longitude">104.137</SimpleData>
	</SchemaData></ExtendedData>
      <Point><coordinates>104.137089785785,1.57180300227986,0</coordinates></Point>
  </Placemark>
  <Placemark id="sde_hala_penawar__interpolated_points_sde_hala_penawar.614">
	<name>SDE HALA PENAWAR</name>
	<ExtendedData><SchemaData schemaUrl="#sde_hala_penawar__interpolated_points_sde_hala_penawar">
		<SimpleData name="id">interpolated_points_sde_hala_penawar.614</SimpleData>
		<SimpleData name="tessellate">-1</SimpleData>
		<SimpleData name="extrude">0</SimpleData>
		<SimpleData name="visibility">-1</SimpleData>
		<SimpleData name="fid">1</SimpleData>
		<SimpleData name="tessellate2">1</SimpleData>
		<SimpleData name="extrude2">0</SimpleData>
		<SimpleData name="visibility2">-1</SimpleData>
		<SimpleData name="distance">61300</SimpleData>
		<SimpleData name="angle">80.0776061994136</SimpleData>
		<SimpleData name="KM">KM 62.3</SimpleData>
		<SimpleData name="Latitude">1.572</SimpleData>
		<SimpleData name="Longitude">104.138</SimpleData>
	</SchemaData></ExtendedData>
      <Point><coordinates>104.137978885342,1.57193509741421,0</coordinates></Point>
  </Placemark>
  <Placemark id="sde_hala_penawar__interpolated_points_sde_hala_penawar.615">
	<name>SDE HALA PENAWAR</name>
	<ExtendedData><SchemaData schemaUrl="#sde_hala_penawar__interpolated_points_sde_hala_penawar">
		<SimpleData name="id">interpolated_points_sde_hala_penawar.615</SimpleData>
		<SimpleData name="tessellate">-1</SimpleData>
		<SimpleData name="extrude">0</SimpleData>
		<SimpleData name="visibility">-1</SimpleData>
		<SimpleData name="fid">1</SimpleData>
		<SimpleData name="tessellate2">1</SimpleData>
		<SimpleData name="extrude2">0</SimpleData>
		<SimpleData name="visibility2">-1</SimpleData>
		<SimpleData name="distance">61400</SimpleData>
		<SimpleData name="angle">80.1807630446067</SimpleData>
		<SimpleData name="KM">KM 62.4</SimpleData>
		<SimpleData name="Latitude">1.572</SimpleData>
		<SimpleData name="Longitude">104.139</SimpleData>
	</SchemaData></ExtendedData>
      <Point><coordinates>104.138865956025,1.5720788178098,0</coordinates></Point>
  </Placemark>
  <Placemark id="sde_hala_penawar__interpolated_points_sde_hala_penawar.616">
	<name>SDE HALA PENAWAR</name>
	<ExtendedData><SchemaData schemaUrl="#sde_hala_penawar__interpolated_points_sde_hala_penawar">
		<SimpleData name="id">interpolated_points_sde_hala_penawar.616</SimpleData>
		<SimpleData name="tessellate">-1</SimpleData>
		<SimpleData name="extrude">0</SimpleData>
		<SimpleData name="visibility">-1</SimpleData>
		<SimpleData name="fid">1</SimpleData>
		<SimpleData name="tessellate2">1</SimpleData>
		<SimpleData name="extrude2">0</SimpleData>
		<SimpleData name="visibility2">-1</SimpleData>
		<SimpleData name="distance">61500</SimpleData>
		<SimpleData name="angle">77.3770153644367</SimpleData>
		<SimpleData name="KM">KM 62.5</SimpleData>
		<SimpleData name="Latitude">1.572</SimpleData>
		<SimpleData name="Longitude">104.140</SimpleData>
	</SchemaData></ExtendedData>
      <Point><coordinates>104.139749777499,1.57224285298897,0</coordinates></Point>
  </Placemark>
  <Placemark id="sde_hala_penawar__interpolated_points_sde_hala_penawar.617">
	<name>SDE HALA PENAWAR</name>
	<ExtendedData><SchemaData schemaUrl="#sde_hala_penawar__interpolated_points_sde_hala_penawar">
		<SimpleData name="id">interpolated_points_sde_hala_penawar.617</SimpleData>
		<SimpleData name="tessellate">-1</SimpleData>
		<SimpleData name="extrude">0</SimpleData>
		<SimpleData name="visibility">-1</SimpleData>
		<SimpleData name="fid">1</SimpleData>
		<SimpleData name="tessellate2">1</SimpleData>
		<SimpleData name="extrude2">0</SimpleData>
		<SimpleData name="visibility2">-1</SimpleData>
		<SimpleData name="distance">61600</SimpleData>
		<SimpleData name="angle">80.1909296100832</SimpleData>
		<SimpleData name="KM">KM 62.6</SimpleData>
		<SimpleData name="Latitude">1.572</SimpleData>
		<SimpleData name="Longitude">104.141</SimpleData>
	</SchemaData></ExtendedData>
      <Point><coordinates>104.140634302971,1.57240330867471,0</coordinates></Point>
  </Placemark>
  <Placemark id="sde_hala_penawar__interpolated_points_sde_hala_penawar.618">
	<name>SDE HALA PENAWAR</name>
	<ExtendedData><SchemaData schemaUrl="#sde_hala_penawar__interpolated_points_sde_hala_penawar">
		<SimpleData name="id">interpolated_points_sde_hala_penawar.618</SimpleData>
		<SimpleData name="tessellate">-1</SimpleData>
		<SimpleData name="extrude">0</SimpleData>
		<SimpleData name="visibility">-1</SimpleData>
		<SimpleData name="fid">1</SimpleData>
		<SimpleData name="tessellate2">1</SimpleData>
		<SimpleData name="extrude2">0</SimpleData>
		<SimpleData name="visibility2">-1</SimpleData>
		<SimpleData name="distance">61700</SimpleData>
		<SimpleData name="angle">83.2770613519137</SimpleData>
		<SimpleData name="KM">KM 62.7</SimpleData>
		<SimpleData name="Latitude">1.573</SimpleData>
		<SimpleData name="Longitude">104.142</SimpleData>
	</SchemaData></ExtendedData>
      <Point><coordinates>104.141526233843,1.57251478990652,0</coordinates></Point>
  </Placemark>
  <Placemark id="sde_hala_penawar__interpolated_points_sde_hala_penawar.619">
	<name>SDE HALA PENAWAR</name>
	<ExtendedData><SchemaData schemaUrl="#sde_hala_penawar__interpolated_points_sde_hala_penawar">
		<SimpleData name="id">interpolated_points_sde_hala_penawar.619</SimpleData>
		<SimpleData name="tessellate">-1</SimpleData>
		<SimpleData name="extrude">0</SimpleData>
		<SimpleData name="visibility">-1</SimpleData>
		<SimpleData name="fid">1</SimpleData>
		<SimpleData name="tessellate2">1</SimpleData>
		<SimpleData name="extrude2">0</SimpleData>
		<SimpleData name="visibility2">-1</SimpleData>
		<SimpleData name="distance">61800</SimpleData>
		<SimpleData name="angle">80.7878954472736</SimpleData>
		<SimpleData name="KM">KM 62.8</SimpleData>
		<SimpleData name="Latitude">1.573</SimpleData>
		<SimpleData name="Longitude">104.142</SimpleData>
	</SchemaData></ExtendedData>
      <Point><coordinates>104.142418864925,1.57262145062528,0</coordinates></Point>
  </Placemark>
  <Placemark id="sde_hala_penawar__interpolated_points_sde_hala_penawar.620">
	<name>SDE HALA PENAWAR</name>
	<ExtendedData><SchemaData schemaUrl="#sde_hala_penawar__interpolated_points_sde_hala_penawar">
		<SimpleData name="id">interpolated_points_sde_hala_penawar.620</SimpleData>
		<SimpleData name="tessellate">-1</SimpleData>
		<SimpleData name="extrude">0</SimpleData>
		<SimpleData name="visibility">-1</SimpleData>
		<SimpleData name="fid">1</SimpleData>
		<SimpleData name="tessellate2">1</SimpleData>
		<SimpleData name="extrude2">0</SimpleData>
		<SimpleData name="visibility2">-1</SimpleData>
		<SimpleData name="distance">61900</SimpleData>
		<SimpleData name="angle">84.0521788420675</SimpleData>
		<SimpleData name="KM">KM 62.9</SimpleData>
		<SimpleData name="Latitude">1.573</SimpleData>
		<SimpleData name="Longitude">104.143</SimpleData>
	</SchemaData></ExtendedData>
      <Point><coordinates>104.143309888208,1.57273314612823,0</coordinates></Point>
  </Placemark>
  <Placemark id="sde_hala_penawar__interpolated_points_sde_hala_penawar.621">
	<name>SDE HALA PENAWAR</name>
	<ExtendedData><SchemaData schemaUrl="#sde_hala_penawar__interpolated_points_sde_hala_penawar">
		<SimpleData name="id">interpolated_points_sde_hala_penawar.621</SimpleData>
		<SimpleData name="tessellate">-1</SimpleData>
		<SimpleData name="extrude">0</SimpleData>
		<SimpleData name="visibility">-1</SimpleData>
		<SimpleData name="fid">1</SimpleData>
		<SimpleData name="tessellate2">1</SimpleData>
		<SimpleData name="extrude2">0</SimpleData>
		<SimpleData name="visibility2">-1</SimpleData>
		<SimpleData name="distance">62000</SimpleData>
		<SimpleData name="angle">85.9312218796497</SimpleData>
		<SimpleData name="KM">KM 63.0</SimpleData>
		<SimpleData name="Latitude">1.573</SimpleData>
		<SimpleData name="Longitude">104.144</SimpleData>
	</SchemaData></ExtendedData>
      <Point><coordinates>104.14420604349,1.57280299521986,0</coordinates></Point>
  </Placemark>
  <Placemark id="sde_hala_penawar__interpolated_points_sde_hala_penawar.622">
	<name>SDE HALA PENAWAR</name>
	<ExtendedData><SchemaData schemaUrl="#sde_hala_penawar__interpolated_points_sde_hala_penawar">
		<SimpleData name="id">interpolated_points_sde_hala_penawar.622</SimpleData>
		<SimpleData name="tessellate">-1</SimpleData>
		<SimpleData name="extrude">0</SimpleData>
		<SimpleData name="visibility">-1</SimpleData>
		<SimpleData name="fid">1</SimpleData>
		<SimpleData name="tessellate2">1</SimpleData>
		<SimpleData name="extrude2">0</SimpleData>
		<SimpleData name="visibility2">-1</SimpleData>
		<SimpleData name="distance">62100</SimpleData>
		<SimpleData name="angle">80.386163299</SimpleData>
		<SimpleData name="KM">KM 63.1</SimpleData>
		<SimpleData name="Latitude">1.573</SimpleData>
		<SimpleData name="Longitude">104.145</SimpleData>
	</SchemaData></ExtendedData>
      <Point><coordinates>104.145098225975,1.57290463365816,0</coordinates></Point>
  </Placemark>
  <Placemark id="sde_hala_penawar__interpolated_points_sde_hala_penawar.623">
	<name>SDE HALA PENAWAR</name>
	<ExtendedData><SchemaData schemaUrl="#sde_hala_penawar__interpolated_points_sde_hala_penawar">
		<SimpleData name="id">interpolated_points_sde_hala_penawar.623</SimpleData>
		<SimpleData name="tessellate">-1</SimpleData>
		<SimpleData name="extrude">0</SimpleData>
		<SimpleData name="visibility">-1</SimpleData>
		<SimpleData name="fid">1</SimpleData>
		<SimpleData name="tessellate2">1</SimpleData>
		<SimpleData name="extrude2">0</SimpleData>
		<SimpleData name="visibility2">-1</SimpleData>
		<SimpleData name="distance">62200</SimpleData>
		<SimpleData name="angle">80.386163299</SimpleData>
		<SimpleData name="KM">KM 63.2</SimpleData>
		<SimpleData name="Latitude">1.573</SimpleData>
		<SimpleData name="Longitude">104.146</SimpleData>
	</SchemaData></ExtendedData>
      <Point><coordinates>104.145984450594,1.57305607709281,0</coordinates></Point>
  </Placemark>
  <Placemark id="sde_hala_penawar__interpolated_points_sde_hala_penawar.624">
	<name>SDE HALA PENAWAR</name>
	<ExtendedData><SchemaData schemaUrl="#sde_hala_penawar__interpolated_points_sde_hala_penawar">
		<SimpleData name="id">interpolated_points_sde_hala_penawar.624</SimpleData>
		<SimpleData name="tessellate">-1</SimpleData>
		<SimpleData name="extrude">0</SimpleData>
		<SimpleData name="visibility">-1</SimpleData>
		<SimpleData name="fid">1</SimpleData>
		<SimpleData name="tessellate2">1</SimpleData>
		<SimpleData name="extrude2">0</SimpleData>
		<SimpleData name="visibility2">-1</SimpleData>
		<SimpleData name="distance">62300</SimpleData>
		<SimpleData name="angle">79.7822654348326</SimpleData>
		<SimpleData name="KM">KM 63.3</SimpleData>
		<SimpleData name="Latitude">1.573</SimpleData>
		<SimpleData name="Longitude">104.147</SimpleData>
	</SchemaData></ExtendedData>
      <Point><coordinates>104.14687096164,1.573204720364,0</coordinates></Point>
  </Placemark>
  <Placemark id="sde_hala_penawar__interpolated_points_sde_hala_penawar.625">
	<name>SDE HALA PENAWAR</name>
	<ExtendedData><SchemaData schemaUrl="#sde_hala_penawar__interpolated_points_sde_hala_penawar">
		<SimpleData name="id">interpolated_points_sde_hala_penawar.625</SimpleData>
		<SimpleData name="tessellate">-1</SimpleData>
		<SimpleData name="extrude">0</SimpleData>
		<SimpleData name="visibility">-1</SimpleData>
		<SimpleData name="fid">1</SimpleData>
		<SimpleData name="tessellate2">1</SimpleData>
		<SimpleData name="extrude2">0</SimpleData>
		<SimpleData name="visibility2">-1</SimpleData>
		<SimpleData name="distance">62400</SimpleData>
		<SimpleData name="angle">81.9439589072559</SimpleData>
		<SimpleData name="KM">KM 63.4</SimpleData>
		<SimpleData name="Latitude">1.573</SimpleData>
		<SimpleData name="Longitude">104.148</SimpleData>
	</SchemaData></ExtendedData>
      <Point><coordinates>104.147754634233,1.57336494775463,0</coordinates></Point>
  </Placemark>
  <Placemark id="sde_hala_penawar__interpolated_points_sde_hala_penawar.626">
	<name>SDE HALA PENAWAR</name>
	<ExtendedData><SchemaData schemaUrl="#sde_hala_penawar__interpolated_points_sde_hala_penawar">
		<SimpleData name="id">interpolated_points_sde_hala_penawar.626</SimpleData>
		<SimpleData name="tessellate">-1</SimpleData>
		<SimpleData name="extrude">0</SimpleData>
		<SimpleData name="visibility">-1</SimpleData>
		<SimpleData name="fid">1</SimpleData>
		<SimpleData name="tessellate2">1</SimpleData>
		<SimpleData name="extrude2">0</SimpleData>
		<SimpleData name="visibility2">-1</SimpleData>
		<SimpleData name="distance">62500</SimpleData>
		<SimpleData name="angle">81.5456957570282</SimpleData>
		<SimpleData name="KM">KM 63.5</SimpleData>
		<SimpleData name="Latitude">1.573</SimpleData>
		<SimpleData name="Longitude">104.149</SimpleData>
	</SchemaData></ExtendedData>
      <Point><coordinates>104.148643463511,1.57349501952798,0</coordinates></Point>
  </Placemark>
  <Placemark id="sde_hala_penawar__interpolated_points_sde_hala_penawar.627">
	<name>SDE HALA PENAWAR</name>
	<ExtendedData><SchemaData schemaUrl="#sde_hala_penawar__interpolated_points_sde_hala_penawar">
		<SimpleData name="id">interpolated_points_sde_hala_penawar.627</SimpleData>
		<SimpleData name="tessellate">-1</SimpleData>
		<SimpleData name="extrude">0</SimpleData>
		<SimpleData name="visibility">-1</SimpleData>
		<SimpleData name="fid">1</SimpleData>
		<SimpleData name="tessellate2">1</SimpleData>
		<SimpleData name="extrude2">0</SimpleData>
		<SimpleData name="visibility2">-1</SimpleData>
		<SimpleData name="distance">62600</SimpleData>
		<SimpleData name="angle">81.9439023249889</SimpleData>
		<SimpleData name="KM">KM 63.6</SimpleData>
		<SimpleData name="Latitude">1.574</SimpleData>
		<SimpleData name="Longitude">104.150</SimpleData>
	</SchemaData></ExtendedData>
      <Point><coordinates>104.149535235259,1.57360789079642,0</coordinates></Point>
  </Placemark>
  <Placemark id="sde_hala_penawar__interpolated_points_sde_hala_penawar.628">
	<name>SDE HALA PENAWAR</name>
	<ExtendedData><SchemaData schemaUrl="#sde_hala_penawar__interpolated_points_sde_hala_penawar">
		<SimpleData name="id">interpolated_points_sde_hala_penawar.628</SimpleData>
		<SimpleData name="tessellate">-1</SimpleData>
		<SimpleData name="extrude">0</SimpleData>
		<SimpleData name="visibility">-1</SimpleData>
		<SimpleData name="fid">1</SimpleData>
		<SimpleData name="tessellate2">1</SimpleData>
		<SimpleData name="extrude2">0</SimpleData>
		<SimpleData name="visibility2">-1</SimpleData>
		<SimpleData name="distance">62700</SimpleData>
		<SimpleData name="angle">81.9439023249889</SimpleData>
		<SimpleData name="KM">KM 63.7</SimpleData>
		<SimpleData name="Latitude">1.574</SimpleData>
		<SimpleData name="Longitude">104.150</SimpleData>
	</SchemaData></ExtendedData>
      <Point><coordinates>104.150425224824,1.57373503214412,0</coordinates></Point>
  </Placemark>
  <Placemark id="sde_hala_penawar__interpolated_points_sde_hala_penawar.629">
	<name>SDE HALA PENAWAR</name>
	<ExtendedData><SchemaData schemaUrl="#sde_hala_penawar__interpolated_points_sde_hala_penawar">
		<SimpleData name="id">interpolated_points_sde_hala_penawar.629</SimpleData>
		<SimpleData name="tessellate">-1</SimpleData>
		<SimpleData name="extrude">0</SimpleData>
		<SimpleData name="visibility">-1</SimpleData>
		<SimpleData name="fid">1</SimpleData>
		<SimpleData name="tessellate2">1</SimpleData>
		<SimpleData name="extrude2">0</SimpleData>
		<SimpleData name="visibility2">-1</SimpleData>
		<SimpleData name="distance">62800</SimpleData>
		<SimpleData name="angle">75.7702158405559</SimpleData>
		<SimpleData name="KM">KM 63.8</SimpleData>
		<SimpleData name="Latitude">1.574</SimpleData>
		<SimpleData name="Longitude">104.151</SimpleData>
	</SchemaData></ExtendedData>
      <Point><coordinates>104.151305053883,1.57391384836586,0</coordinates></Point>
  </Placemark>
  <Placemark id="sde_hala_penawar__interpolated_points_sde_hala_penawar.630">
	<name>SDE HALA PENAWAR</name>
	<ExtendedData><SchemaData schemaUrl="#sde_hala_penawar__interpolated_points_sde_hala_penawar">
		<SimpleData name="id">interpolated_points_sde_hala_penawar.630</SimpleData>
		<SimpleData name="tessellate">-1</SimpleData>
		<SimpleData name="extrude">0</SimpleData>
		<SimpleData name="visibility">-1</SimpleData>
		<SimpleData name="fid">1</SimpleData>
		<SimpleData name="tessellate2">1</SimpleData>
		<SimpleData name="extrude2">0</SimpleData>
		<SimpleData name="visibility2">-1</SimpleData>
		<SimpleData name="distance">62900</SimpleData>
		<SimpleData name="angle">75.7702158405559</SimpleData>
		<SimpleData name="KM">KM 63.9</SimpleData>
		<SimpleData name="Latitude">1.574</SimpleData>
		<SimpleData name="Longitude">104.152</SimpleData>
	</SchemaData></ExtendedData>
      <Point><coordinates>104.152176295836,1.57413657196129,0</coordinates></Point>
  </Placemark>
  <Placemark id="sde_hala_penawar__interpolated_points_sde_hala_penawar.631">
	<name>SDE HALA PENAWAR</name>
	<ExtendedData><SchemaData schemaUrl="#sde_hala_penawar__interpolated_points_sde_hala_penawar">
		<SimpleData name="id">interpolated_points_sde_hala_penawar.631</SimpleData>
		<SimpleData name="tessellate">-1</SimpleData>
		<SimpleData name="extrude">0</SimpleData>
		<SimpleData name="visibility">-1</SimpleData>
		<SimpleData name="fid">1</SimpleData>
		<SimpleData name="tessellate2">1</SimpleData>
		<SimpleData name="extrude2">0</SimpleData>
		<SimpleData name="visibility2">-1</SimpleData>
		<SimpleData name="distance">63000</SimpleData>
		<SimpleData name="angle">74.1734881609093</SimpleData>
		<SimpleData name="KM">KM 64.0</SimpleData>
		<SimpleData name="Latitude">1.574</SimpleData>
		<SimpleData name="Longitude">104.153</SimpleData>
	</SchemaData></ExtendedData>
      <Point><coordinates>104.153046332149,1.57436180919689,0</coordinates></Point>
  </Placemark>
  <Placemark id="sde_hala_penawar__interpolated_points_sde_hala_penawar.632">
	<name>SDE HALA PENAWAR</name>
	<ExtendedData><SchemaData schemaUrl="#sde_hala_penawar__interpolated_points_sde_hala_penawar">
		<SimpleData name="id">interpolated_points_sde_hala_penawar.632</SimpleData>
		<SimpleData name="tessellate">-1</SimpleData>
		<SimpleData name="extrude">0</SimpleData>
		<SimpleData name="visibility">-1</SimpleData>
		<SimpleData name="fid">1</SimpleData>
		<SimpleData name="tessellate2">1</SimpleData>
		<SimpleData name="extrude2">0</SimpleData>
		<SimpleData name="visibility2">-1</SimpleData>
		<SimpleData name="distance">63100</SimpleData>
		<SimpleData name="angle">71.9645360101204</SimpleData>
		<SimpleData name="KM">KM 64.1</SimpleData>
		<SimpleData name="Latitude">1.575</SimpleData>
		<SimpleData name="Longitude">104.154</SimpleData>
	</SchemaData></ExtendedData>
      <Point><coordinates>104.153903000963,1.574634578448,0</coordinates></Point>
  </Placemark>
  <Placemark id="sde_hala_penawar__interpolated_points_sde_hala_penawar.633">
	<name>SDE HALA PENAWAR</name>
	<ExtendedData><SchemaData schemaUrl="#sde_hala_penawar__interpolated_points_sde_hala_penawar">
		<SimpleData name="id">interpolated_points_sde_hala_penawar.633</SimpleData>
		<SimpleData name="tessellate">-1</SimpleData>
		<SimpleData name="extrude">0</SimpleData>
		<SimpleData name="visibility">-1</SimpleData>
		<SimpleData name="fid">1</SimpleData>
		<SimpleData name="tessellate2">1</SimpleData>
		<SimpleData name="extrude2">0</SimpleData>
		<SimpleData name="visibility2">-1</SimpleData>
		<SimpleData name="distance">63200</SimpleData>
		<SimpleData name="angle">72.7238346359071</SimpleData>
		<SimpleData name="KM">KM 64.2</SimpleData>
		<SimpleData name="Latitude">1.575</SimpleData>
		<SimpleData name="Longitude">104.155</SimpleData>
	</SchemaData></ExtendedData>
      <Point><coordinates>104.154766042468,1.57488667005205,0</coordinates></Point>
  </Placemark>
  <Placemark id="sde_hala_penawar__interpolated_points_sde_hala_penawar.634">
	<name>SDE HALA PENAWAR</name>
	<ExtendedData><SchemaData schemaUrl="#sde_hala_penawar__interpolated_points_sde_hala_penawar">
		<SimpleData name="id">interpolated_points_sde_hala_penawar.634</SimpleData>
		<SimpleData name="tessellate">-1</SimpleData>
		<SimpleData name="extrude">0</SimpleData>
		<SimpleData name="visibility">-1</SimpleData>
		<SimpleData name="fid">1</SimpleData>
		<SimpleData name="tessellate2">1</SimpleData>
		<SimpleData name="extrude2">0</SimpleData>
		<SimpleData name="visibility2">-1</SimpleData>
		<SimpleData name="distance">63300</SimpleData>
		<SimpleData name="angle">72.44357639279</SimpleData>
		<SimpleData name="KM">KM 64.3</SimpleData>
		<SimpleData name="Latitude">1.575</SimpleData>
		<SimpleData name="Longitude">104.156</SimpleData>
	</SchemaData></ExtendedData>
      <Point><coordinates>104.15562308891,1.57515837619709,0</coordinates></Point>
  </Placemark>
  <Placemark id="sde_hala_penawar__interpolated_points_sde_hala_penawar.635">
	<name>SDE HALA PENAWAR</name>
	<ExtendedData><SchemaData schemaUrl="#sde_hala_penawar__interpolated_points_sde_hala_penawar">
		<SimpleData name="id">interpolated_points_sde_hala_penawar.635</SimpleData>
		<SimpleData name="tessellate">-1</SimpleData>
		<SimpleData name="extrude">0</SimpleData>
		<SimpleData name="visibility">-1</SimpleData>
		<SimpleData name="fid">1</SimpleData>
		<SimpleData name="tessellate2">1</SimpleData>
		<SimpleData name="extrude2">0</SimpleData>
		<SimpleData name="visibility2">-1</SimpleData>
		<SimpleData name="distance">63400</SimpleData>
		<SimpleData name="angle">71.1379528006889</SimpleData>
		<SimpleData name="KM">KM 64.4</SimpleData>
		<SimpleData name="Latitude">1.575</SimpleData>
		<SimpleData name="Longitude">104.156</SimpleData>
	</SchemaData></ExtendedData>
      <Point><coordinates>104.156475587394,1.57544454650222,0</coordinates></Point>
  </Placemark>
  <Placemark id="sde_hala_penawar__interpolated_points_sde_hala_penawar.636">
	<name>SDE HALA PENAWAR</name>
	<ExtendedData><SchemaData schemaUrl="#sde_hala_penawar__interpolated_points_sde_hala_penawar">
		<SimpleData name="id">interpolated_points_sde_hala_penawar.636</SimpleData>
		<SimpleData name="tessellate">-1</SimpleData>
		<SimpleData name="extrude">0</SimpleData>
		<SimpleData name="visibility">-1</SimpleData>
		<SimpleData name="fid">1</SimpleData>
		<SimpleData name="tessellate2">1</SimpleData>
		<SimpleData name="extrude2">0</SimpleData>
		<SimpleData name="visibility2">-1</SimpleData>
		<SimpleData name="distance">63500</SimpleData>
		<SimpleData name="angle">71.2095708856178</SimpleData>
		<SimpleData name="KM">KM 64.5</SimpleData>
		<SimpleData name="Latitude">1.576</SimpleData>
		<SimpleData name="Longitude">104.157</SimpleData>
	</SchemaData></ExtendedData>
      <Point><coordinates>104.157331555666,1.57571939058138,0</coordinates></Point>
  </Placemark>
  <Placemark id="sde_hala_penawar__interpolated_points_sde_hala_penawar.637">
	<name>SDE HALA PENAWAR</name>
	<ExtendedData><SchemaData schemaUrl="#sde_hala_penawar__interpolated_points_sde_hala_penawar">
		<SimpleData name="id">interpolated_points_sde_hala_penawar.637</SimpleData>
		<SimpleData name="tessellate">-1</SimpleData>
		<SimpleData name="extrude">0</SimpleData>
		<SimpleData name="visibility">-1</SimpleData>
		<SimpleData name="fid">1</SimpleData>
		<SimpleData name="tessellate2">1</SimpleData>
		<SimpleData name="extrude2">0</SimpleData>
		<SimpleData name="visibility2">-1</SimpleData>
		<SimpleData name="distance">63600</SimpleData>
		<SimpleData name="angle">71.2095708856178</SimpleData>
		<SimpleData name="KM">KM 64.6</SimpleData>
		<SimpleData name="Latitude">1.576</SimpleData>
		<SimpleData name="Longitude">104.158</SimpleData>
	</SchemaData></ExtendedData>
      <Point><coordinates>104.158182443932,1.57601112371939,0</coordinates></Point>
  </Placemark>
  <Placemark id="sde_hala_penawar__interpolated_points_sde_hala_penawar.638">
	<name>SDE HALA PENAWAR</name>
	<ExtendedData><SchemaData schemaUrl="#sde_hala_penawar__interpolated_points_sde_hala_penawar">
		<SimpleData name="id">interpolated_points_sde_hala_penawar.638</SimpleData>
		<SimpleData name="tessellate">-1</SimpleData>
		<SimpleData name="extrude">0</SimpleData>
		<SimpleData name="visibility">-1</SimpleData>
		<SimpleData name="fid">1</SimpleData>
		<SimpleData name="tessellate2">1</SimpleData>
		<SimpleData name="extrude2">0</SimpleData>
		<SimpleData name="visibility2">-1</SimpleData>
		<SimpleData name="distance">63700</SimpleData>
		<SimpleData name="angle">74.173304825327</SimpleData>
		<SimpleData name="KM">KM 64.7</SimpleData>
		<SimpleData name="Latitude">1.576</SimpleData>
		<SimpleData name="Longitude">104.159</SimpleData>
	</SchemaData></ExtendedData>
      <Point><coordinates>104.159035147598,1.57629147078654,0</coordinates></Point>
  </Placemark>
  <Placemark id="sde_hala_penawar__interpolated_points_sde_hala_penawar.639">
	<name>SDE HALA PENAWAR</name>
	<ExtendedData><SchemaData schemaUrl="#sde_hala_penawar__interpolated_points_sde_hala_penawar">
		<SimpleData name="id">interpolated_points_sde_hala_penawar.639</SimpleData>
		<SimpleData name="tessellate">-1</SimpleData>
		<SimpleData name="extrude">0</SimpleData>
		<SimpleData name="visibility">-1</SimpleData>
		<SimpleData name="fid">1</SimpleData>
		<SimpleData name="tessellate2">1</SimpleData>
		<SimpleData name="extrude2">0</SimpleData>
		<SimpleData name="visibility2">-1</SimpleData>
		<SimpleData name="distance">63800</SimpleData>
		<SimpleData name="angle">74.173304825327</SimpleData>
		<SimpleData name="KM">KM 64.8</SimpleData>
		<SimpleData name="Latitude">1.577</SimpleData>
		<SimpleData name="Longitude">104.160</SimpleData>
	</SchemaData></ExtendedData>
      <Point><coordinates>104.159899887038,1.57653853951218,0</coordinates></Point>
  </Placemark>
  <Placemark id="sde_hala_penawar__interpolated_points_sde_hala_penawar.640">
	<name>SDE HALA PENAWAR</name>
	<ExtendedData><SchemaData schemaUrl="#sde_hala_penawar__interpolated_points_sde_hala_penawar">
		<SimpleData name="id">interpolated_points_sde_hala_penawar.640</SimpleData>
		<SimpleData name="tessellate">-1</SimpleData>
		<SimpleData name="extrude">0</SimpleData>
		<SimpleData name="visibility">-1</SimpleData>
		<SimpleData name="fid">1</SimpleData>
		<SimpleData name="tessellate2">1</SimpleData>
		<SimpleData name="extrude2">0</SimpleData>
		<SimpleData name="visibility2">-1</SimpleData>
		<SimpleData name="distance">63900</SimpleData>
		<SimpleData name="angle">74.173304825327</SimpleData>
		<SimpleData name="KM">KM 64.9</SimpleData>
		<SimpleData name="Latitude">1.577</SimpleData>
		<SimpleData name="Longitude">104.161</SimpleData>
	</SchemaData></ExtendedData>
      <Point><coordinates>104.16076462686,1.57678560798582,0</coordinates></Point>
  </Placemark>
  <Placemark id="sde_hala_penawar__interpolated_points_sde_hala_penawar.641">
	<name>SDE HALA PENAWAR</name>
	<ExtendedData><SchemaData schemaUrl="#sde_hala_penawar__interpolated_points_sde_hala_penawar">
		<SimpleData name="id">interpolated_points_sde_hala_penawar.641</SimpleData>
		<SimpleData name="tessellate">-1</SimpleData>
		<SimpleData name="extrude">0</SimpleData>
		<SimpleData name="visibility">-1</SimpleData>
		<SimpleData name="fid">1</SimpleData>
		<SimpleData name="tessellate2">1</SimpleData>
		<SimpleData name="extrude2">0</SimpleData>
		<SimpleData name="visibility2">-1</SimpleData>
		<SimpleData name="distance">64000</SimpleData>
		<SimpleData name="angle">77.8618853463704</SimpleData>
		<SimpleData name="KM">KM 65.0</SimpleData>
		<SimpleData name="Latitude">1.577</SimpleData>
		<SimpleData name="Longitude">104.162</SimpleData>
	</SchemaData></ExtendedData>
      <Point><coordinates>104.161631785816,1.57702291745978,0</coordinates></Point>
  </Placemark>
  <Placemark id="sde_hala_penawar__interpolated_points_sde_hala_penawar.642">
	<name>SDE HALA PENAWAR</name>
	<ExtendedData><SchemaData schemaUrl="#sde_hala_penawar__interpolated_points_sde_hala_penawar">
		<SimpleData name="id">interpolated_points_sde_hala_penawar.642</SimpleData>
		<SimpleData name="tessellate">-1</SimpleData>
		<SimpleData name="extrude">0</SimpleData>
		<SimpleData name="visibility">-1</SimpleData>
		<SimpleData name="fid">1</SimpleData>
		<SimpleData name="tessellate2">1</SimpleData>
		<SimpleData name="extrude2">0</SimpleData>
		<SimpleData name="visibility2">-1</SimpleData>
		<SimpleData name="distance">64100</SimpleData>
		<SimpleData name="angle">77.8618853463704</SimpleData>
		<SimpleData name="KM">KM 65.1</SimpleData>
		<SimpleData name="Latitude">1.577</SimpleData>
		<SimpleData name="Longitude">104.163</SimpleData>
	</SchemaData></ExtendedData>
      <Point><coordinates>104.162510529428,1.5772134884623,0</coordinates></Point>
  </Placemark>
  <Placemark id="sde_hala_penawar__interpolated_points_sde_hala_penawar.643">
	<name>SDE HALA PENAWAR</name>
	<ExtendedData><SchemaData schemaUrl="#sde_hala_penawar__interpolated_points_sde_hala_penawar">
		<SimpleData name="id">interpolated_points_sde_hala_penawar.643</SimpleData>
		<SimpleData name="tessellate">-1</SimpleData>
		<SimpleData name="extrude">0</SimpleData>
		<SimpleData name="visibility">-1</SimpleData>
		<SimpleData name="fid">1</SimpleData>
		<SimpleData name="tessellate2">1</SimpleData>
		<SimpleData name="extrude2">0</SimpleData>
		<SimpleData name="visibility2">-1</SimpleData>
		<SimpleData name="distance">64200</SimpleData>
		<SimpleData name="angle">79.5963298141722</SimpleData>
		<SimpleData name="KM">KM 65.2</SimpleData>
		<SimpleData name="Latitude">1.577</SimpleData>
		<SimpleData name="Longitude">104.163</SimpleData>
	</SchemaData></ExtendedData>
      <Point><coordinates>104.163391280453,1.57739097786417,0</coordinates></Point>
  </Placemark>
  <Placemark id="sde_hala_penawar__interpolated_points_sde_hala_penawar.644">
	<name>SDE HALA PENAWAR</name>
	<ExtendedData><SchemaData schemaUrl="#sde_hala_penawar__interpolated_points_sde_hala_penawar">
		<SimpleData name="id">interpolated_points_sde_hala_penawar.644</SimpleData>
		<SimpleData name="tessellate">-1</SimpleData>
		<SimpleData name="extrude">0</SimpleData>
		<SimpleData name="visibility">-1</SimpleData>
		<SimpleData name="fid">1</SimpleData>
		<SimpleData name="tessellate2">1</SimpleData>
		<SimpleData name="extrude2">0</SimpleData>
		<SimpleData name="visibility2">-1</SimpleData>
		<SimpleData name="distance">64300</SimpleData>
		<SimpleData name="angle">84.1538951403534</SimpleData>
		<SimpleData name="KM">KM 65.3</SimpleData>
		<SimpleData name="Latitude">1.577</SimpleData>
		<SimpleData name="Longitude">104.164</SimpleData>
	</SchemaData></ExtendedData>
      <Point><coordinates>104.164284142745,1.57749111822493,0</coordinates></Point>
  </Placemark>
  <Placemark id="sde_hala_penawar__interpolated_points_sde_hala_penawar.645">
	<name>SDE HALA PENAWAR</name>
	<ExtendedData><SchemaData schemaUrl="#sde_hala_penawar__interpolated_points_sde_hala_penawar">
		<SimpleData name="id">interpolated_points_sde_hala_penawar.645</SimpleData>
		<SimpleData name="tessellate">-1</SimpleData>
		<SimpleData name="extrude">0</SimpleData>
		<SimpleData name="visibility">-1</SimpleData>
		<SimpleData name="fid">1</SimpleData>
		<SimpleData name="tessellate2">1</SimpleData>
		<SimpleData name="extrude2">0</SimpleData>
		<SimpleData name="visibility2">-1</SimpleData>
		<SimpleData name="distance">64400</SimpleData>
		<SimpleData name="angle">86.1904618643399</SimpleData>
		<SimpleData name="KM">KM 65.4</SimpleData>
		<SimpleData name="Latitude">1.578</SimpleData>
		<SimpleData name="Longitude">104.165</SimpleData>
	</SchemaData></ExtendedData>
      <Point><coordinates>104.165180146084,1.57756113348406,0</coordinates></Point>
  </Placemark>
  <Placemark id="sde_hala_penawar__interpolated_points_sde_hala_penawar.646">
	<name>SDE HALA PENAWAR</name>
	<ExtendedData><SchemaData schemaUrl="#sde_hala_penawar__interpolated_points_sde_hala_penawar">
		<SimpleData name="id">interpolated_points_sde_hala_penawar.646</SimpleData>
		<SimpleData name="tessellate">-1</SimpleData>
		<SimpleData name="extrude">0</SimpleData>
		<SimpleData name="visibility">-1</SimpleData>
		<SimpleData name="fid">1</SimpleData>
		<SimpleData name="tessellate2">1</SimpleData>
		<SimpleData name="extrude2">0</SimpleData>
		<SimpleData name="visibility2">-1</SimpleData>
		<SimpleData name="distance">64500</SimpleData>
		<SimpleData name="angle">89.7892124140204</SimpleData>
		<SimpleData name="KM">KM 65.5</SimpleData>
		<SimpleData name="Latitude">1.578</SimpleData>
		<SimpleData name="Longitude">104.166</SimpleData>
	</SchemaData></ExtendedData>
      <Point><coordinates>104.166078296918,1.57759106048161,0</coordinates></Point>
  </Placemark>
  <Placemark id="sde_hala_penawar__interpolated_points_sde_hala_penawar.647">
	<name>SDE HALA PENAWAR</name>
	<ExtendedData><SchemaData schemaUrl="#sde_hala_penawar__interpolated_points_sde_hala_penawar">
		<SimpleData name="id">interpolated_points_sde_hala_penawar.647</SimpleData>
		<SimpleData name="tessellate">-1</SimpleData>
		<SimpleData name="extrude">0</SimpleData>
		<SimpleData name="visibility">-1</SimpleData>
		<SimpleData name="fid">1</SimpleData>
		<SimpleData name="tessellate2">1</SimpleData>
		<SimpleData name="extrude2">0</SimpleData>
		<SimpleData name="visibility2">-1</SimpleData>
		<SimpleData name="distance">64600</SimpleData>
		<SimpleData name="angle">89.7892124140204</SimpleData>
		<SimpleData name="KM">KM 65.6</SimpleData>
		<SimpleData name="Latitude">1.578</SimpleData>
		<SimpleData name="Longitude">104.167</SimpleData>
	</SchemaData></ExtendedData>
      <Point><coordinates>104.166977206989,1.57759475085767,0</coordinates></Point>
  </Placemark>
  <Placemark id="sde_hala_penawar__interpolated_points_sde_hala_penawar.648">
	<name>SDE HALA PENAWAR</name>
	<ExtendedData><SchemaData schemaUrl="#sde_hala_penawar__interpolated_points_sde_hala_penawar">
		<SimpleData name="id">interpolated_points_sde_hala_penawar.648</SimpleData>
		<SimpleData name="tessellate">-1</SimpleData>
		<SimpleData name="extrude">0</SimpleData>
		<SimpleData name="visibility">-1</SimpleData>
		<SimpleData name="fid">1</SimpleData>
		<SimpleData name="tessellate2">1</SimpleData>
		<SimpleData name="extrude2">0</SimpleData>
		<SimpleData name="visibility2">-1</SimpleData>
		<SimpleData name="distance">64700</SimpleData>
		<SimpleData name="angle">89.7892124140204</SimpleData>
		<SimpleData name="KM">KM 65.7</SimpleData>
		<SimpleData name="Latitude">1.578</SimpleData>
		<SimpleData name="Longitude">104.168</SimpleData>
	</SchemaData></ExtendedData>
      <Point><coordinates>104.16787611727,1.57759844084461,0</coordinates></Point>
  </Placemark>
  <Placemark id="sde_hala_penawar__interpolated_points_sde_hala_penawar.649">
	<name>SDE HALA PENAWAR</name>
	<ExtendedData><SchemaData schemaUrl="#sde_hala_penawar__interpolated_points_sde_hala_penawar">
		<SimpleData name="id">interpolated_points_sde_hala_penawar.649</SimpleData>
		<SimpleData name="tessellate">-1</SimpleData>
		<SimpleData name="extrude">0</SimpleData>
		<SimpleData name="visibility">-1</SimpleData>
		<SimpleData name="fid">1</SimpleData>
		<SimpleData name="tessellate2">1</SimpleData>
		<SimpleData name="extrude2">0</SimpleData>
		<SimpleData name="visibility2">-1</SimpleData>
		<SimpleData name="distance">64800</SimpleData>
		<SimpleData name="angle">89.7892124140204</SimpleData>
		<SimpleData name="KM">KM 65.8</SimpleData>
		<SimpleData name="Latitude">1.578</SimpleData>
		<SimpleData name="Longitude">104.169</SimpleData>
	</SchemaData></ExtendedData>
      <Point><coordinates>104.16877502776,1.57760213044242,0</coordinates></Point>
  </Placemark>
  <Placemark id="sde_hala_penawar__interpolated_points_sde_hala_penawar.650">
	<name>SDE HALA PENAWAR</name>
	<ExtendedData><SchemaData schemaUrl="#sde_hala_penawar__interpolated_points_sde_hala_penawar">
		<SimpleData name="id">interpolated_points_sde_hala_penawar.650</SimpleData>
		<SimpleData name="tessellate">-1</SimpleData>
		<SimpleData name="extrude">0</SimpleData>
		<SimpleData name="visibility">-1</SimpleData>
		<SimpleData name="fid">1</SimpleData>
		<SimpleData name="tessellate2">1</SimpleData>
		<SimpleData name="extrude2">0</SimpleData>
		<SimpleData name="visibility2">-1</SimpleData>
		<SimpleData name="distance">64900</SimpleData>
		<SimpleData name="angle">89.7892124140204</SimpleData>
		<SimpleData name="KM">KM 65.9</SimpleData>
		<SimpleData name="Latitude">1.578</SimpleData>
		<SimpleData name="Longitude">104.170</SimpleData>
	</SchemaData></ExtendedData>
      <Point><coordinates>104.169673938459,1.57760581965111,0</coordinates></Point>
  </Placemark>
  <Placemark id="sde_hala_penawar__interpolated_points_sde_hala_penawar.651">
	<name>SDE HALA PENAWAR</name>
	<ExtendedData><SchemaData schemaUrl="#sde_hala_penawar__interpolated_points_sde_hala_penawar">
		<SimpleData name="id">interpolated_points_sde_hala_penawar.651</SimpleData>
		<SimpleData name="tessellate">-1</SimpleData>
		<SimpleData name="extrude">0</SimpleData>
		<SimpleData name="visibility">-1</SimpleData>
		<SimpleData name="fid">1</SimpleData>
		<SimpleData name="tessellate2">1</SimpleData>
		<SimpleData name="extrude2">0</SimpleData>
		<SimpleData name="visibility2">-1</SimpleData>
		<SimpleData name="distance">65000</SimpleData>
		<SimpleData name="angle">89.7892124140204</SimpleData>
		<SimpleData name="KM">KM 66.0</SimpleData>
		<SimpleData name="Latitude">1.578</SimpleData>
		<SimpleData name="Longitude">104.171</SimpleData>
	</SchemaData></ExtendedData>
      <Point><coordinates>104.170572849367,1.57760950847066,0</coordinates></Point>
  </Placemark>
  <Placemark id="sde_hala_penawar__interpolated_points_sde_hala_penawar.652">
	<name>SDE HALA PENAWAR</name>
	<ExtendedData><SchemaData schemaUrl="#sde_hala_penawar__interpolated_points_sde_hala_penawar">
		<SimpleData name="id">interpolated_points_sde_hala_penawar.652</SimpleData>
		<SimpleData name="tessellate">-1</SimpleData>
		<SimpleData name="extrude">0</SimpleData>
		<SimpleData name="visibility">-1</SimpleData>
		<SimpleData name="fid">1</SimpleData>
		<SimpleData name="tessellate2">1</SimpleData>
		<SimpleData name="extrude2">0</SimpleData>
		<SimpleData name="visibility2">-1</SimpleData>
		<SimpleData name="distance">65100</SimpleData>
		<SimpleData name="angle">89.7892124140204</SimpleData>
		<SimpleData name="KM">KM 66.1</SimpleData>
		<SimpleData name="Latitude">1.578</SimpleData>
		<SimpleData name="Longitude">104.171</SimpleData>
	</SchemaData></ExtendedData>
      <Point><coordinates>104.171471760483,1.57761319690108,0</coordinates></Point>
  </Placemark>
  <Placemark id="sde_hala_penawar__interpolated_points_sde_hala_penawar.653">
	<name>SDE HALA PENAWAR</name>
	<ExtendedData><SchemaData schemaUrl="#sde_hala_penawar__interpolated_points_sde_hala_penawar">
		<SimpleData name="id">interpolated_points_sde_hala_penawar.653</SimpleData>
		<SimpleData name="tessellate">-1</SimpleData>
		<SimpleData name="extrude">0</SimpleData>
		<SimpleData name="visibility">-1</SimpleData>
		<SimpleData name="fid">1</SimpleData>
		<SimpleData name="tessellate2">1</SimpleData>
		<SimpleData name="extrude2">0</SimpleData>
		<SimpleData name="visibility2">-1</SimpleData>
		<SimpleData name="distance">65200</SimpleData>
		<SimpleData name="angle">89.7892124140204</SimpleData>
		<SimpleData name="KM">KM 66.2</SimpleData>
		<SimpleData name="Latitude">1.578</SimpleData>
		<SimpleData name="Longitude">104.172</SimpleData>
	</SchemaData></ExtendedData>
      <Point><coordinates>104.172370671808,1.57761688494237,0</coordinates></Point>
  </Placemark>
  <Placemark id="sde_hala_penawar__interpolated_points_sde_hala_penawar.654">
	<name>SDE HALA PENAWAR</name>
	<ExtendedData><SchemaData schemaUrl="#sde_hala_penawar__interpolated_points_sde_hala_penawar">
		<SimpleData name="id">interpolated_points_sde_hala_penawar.654</SimpleData>
		<SimpleData name="tessellate">-1</SimpleData>
		<SimpleData name="extrude">0</SimpleData>
		<SimpleData name="visibility">-1</SimpleData>
		<SimpleData name="fid">1</SimpleData>
		<SimpleData name="tessellate2">1</SimpleData>
		<SimpleData name="extrude2">0</SimpleData>
		<SimpleData name="visibility2">-1</SimpleData>
		<SimpleData name="distance">65300</SimpleData>
		<SimpleData name="angle">90.0227612208537</SimpleData>
		<SimpleData name="KM">KM 66.3</SimpleData>
		<SimpleData name="Latitude">1.578</SimpleData>
		<SimpleData name="Longitude">104.173</SimpleData>
	</SchemaData></ExtendedData>
      <Point><coordinates>104.173268882721,1.57761000000252,0</coordinates></Point>
  </Placemark>
  <Placemark id="sde_hala_penawar__interpolated_points_sde_hala_penawar.655">
	<name>SDE HALA PENAWAR</name>
	<ExtendedData><SchemaData schemaUrl="#sde_hala_penawar__interpolated_points_sde_hala_penawar">
		<SimpleData name="id">interpolated_points_sde_hala_penawar.655</SimpleData>
		<SimpleData name="tessellate">-1</SimpleData>
		<SimpleData name="extrude">0</SimpleData>
		<SimpleData name="visibility">-1</SimpleData>
		<SimpleData name="fid">1</SimpleData>
		<SimpleData name="tessellate2">1</SimpleData>
		<SimpleData name="extrude2">0</SimpleData>
		<SimpleData name="visibility2">-1</SimpleData>
		<SimpleData name="distance">65400</SimpleData>
		<SimpleData name="angle">91.507642699002</SimpleData>
		<SimpleData name="KM">KM 66.4</SimpleData>
		<SimpleData name="Latitude">1.578</SimpleData>
		<SimpleData name="Longitude">104.174</SimpleData>
	</SchemaData></ExtendedData>
      <Point><coordinates>104.174167245725,1.57758415888806,0</coordinates></Point>
  </Placemark>
  <Placemark id="sde_hala_penawar__interpolated_points_sde_hala_penawar.656">
	<name>SDE HALA PENAWAR</name>
	<ExtendedData><SchemaData schemaUrl="#sde_hala_penawar__interpolated_points_sde_hala_penawar">
		<SimpleData name="id">interpolated_points_sde_hala_penawar.656</SimpleData>
		<SimpleData name="tessellate">-1</SimpleData>
		<SimpleData name="extrude">0</SimpleData>
		<SimpleData name="visibility">-1</SimpleData>
		<SimpleData name="fid">1</SimpleData>
		<SimpleData name="tessellate2">1</SimpleData>
		<SimpleData name="extrude2">0</SimpleData>
		<SimpleData name="visibility2">-1</SimpleData>
		<SimpleData name="distance">65500</SimpleData>
		<SimpleData name="angle">90.4367429740883</SimpleData>
		<SimpleData name="KM">KM 66.5</SimpleData>
		<SimpleData name="Latitude">1.578</SimpleData>
		<SimpleData name="Longitude">104.175</SimpleData>
	</SchemaData></ExtendedData>
      <Point><coordinates>104.175065973495,1.57756741130874,0</coordinates></Point>
  </Placemark>
  <Placemark id="sde_hala_penawar__interpolated_points_sde_hala_penawar.657">
	<name>SDE HALA PENAWAR</name>
	<ExtendedData><SchemaData schemaUrl="#sde_hala_penawar__interpolated_points_sde_hala_penawar">
		<SimpleData name="id">interpolated_points_sde_hala_penawar.657</SimpleData>
		<SimpleData name="tessellate">-1</SimpleData>
		<SimpleData name="extrude">0</SimpleData>
		<SimpleData name="visibility">-1</SimpleData>
		<SimpleData name="fid">1</SimpleData>
		<SimpleData name="tessellate2">1</SimpleData>
		<SimpleData name="extrude2">0</SimpleData>
		<SimpleData name="visibility2">-1</SimpleData>
		<SimpleData name="distance">65600</SimpleData>
		<SimpleData name="angle">90.4367429740883</SimpleData>
		<SimpleData name="KM">KM 66.6</SimpleData>
		<SimpleData name="Latitude">1.578</SimpleData>
		<SimpleData name="Longitude">104.176</SimpleData>
	</SchemaData></ExtendedData>
      <Point><coordinates>104.175964869615,1.577560874131,0</coordinates></Point>
  </Placemark>
  <Placemark id="sde_hala_penawar__interpolated_points_sde_hala_penawar.658">
	<name>SDE HALA PENAWAR</name>
	<ExtendedData><SchemaData schemaUrl="#sde_hala_penawar__interpolated_points_sde_hala_penawar">
		<SimpleData name="id">interpolated_points_sde_hala_penawar.658</SimpleData>
		<SimpleData name="tessellate">-1</SimpleData>
		<SimpleData name="extrude">0</SimpleData>
		<SimpleData name="visibility">-1</SimpleData>
		<SimpleData name="fid">1</SimpleData>
		<SimpleData name="tessellate2">1</SimpleData>
		<SimpleData name="extrude2">0</SimpleData>
		<SimpleData name="visibility2">-1</SimpleData>
		<SimpleData name="distance">65700</SimpleData>
		<SimpleData name="angle">90.4367429740883</SimpleData>
		<SimpleData name="KM">KM 66.7</SimpleData>
		<SimpleData name="Latitude">1.578</SimpleData>
		<SimpleData name="Longitude">104.177</SimpleData>
	</SchemaData></ExtendedData>
      <Point><coordinates>104.176863765934,1.5775543365595,0</coordinates></Point>
  </Placemark>
  <Placemark id="sde_hala_penawar__interpolated_points_sde_hala_penawar.659">
	<name>SDE HALA PENAWAR</name>
	<ExtendedData><SchemaData schemaUrl="#sde_hala_penawar__interpolated_points_sde_hala_penawar">
		<SimpleData name="id">interpolated_points_sde_hala_penawar.659</SimpleData>
		<SimpleData name="tessellate">-1</SimpleData>
		<SimpleData name="extrude">0</SimpleData>
		<SimpleData name="visibility">-1</SimpleData>
		<SimpleData name="fid">1</SimpleData>
		<SimpleData name="tessellate2">1</SimpleData>
		<SimpleData name="extrude2">0</SimpleData>
		<SimpleData name="visibility2">-1</SimpleData>
		<SimpleData name="distance">65800</SimpleData>
		<SimpleData name="angle">88.411714194831</SimpleData>
		<SimpleData name="KM">KM 66.8</SimpleData>
		<SimpleData name="Latitude">1.578</SimpleData>
		<SimpleData name="Longitude">104.178</SimpleData>
	</SchemaData></ExtendedData>
      <Point><coordinates>104.177762550733,1.57755856281127,0</coordinates></Point>
  </Placemark>
  <Placemark id="sde_hala_penawar__interpolated_points_sde_hala_penawar.660">
	<name>SDE HALA PENAWAR</name>
	<ExtendedData><SchemaData schemaUrl="#sde_hala_penawar__interpolated_points_sde_hala_penawar">
		<SimpleData name="id">interpolated_points_sde_hala_penawar.660</SimpleData>
		<SimpleData name="tessellate">-1</SimpleData>
		<SimpleData name="extrude">0</SimpleData>
		<SimpleData name="visibility">-1</SimpleData>
		<SimpleData name="fid">1</SimpleData>
		<SimpleData name="tessellate2">1</SimpleData>
		<SimpleData name="extrude2">0</SimpleData>
		<SimpleData name="visibility2">-1</SimpleData>
		<SimpleData name="distance">65900</SimpleData>
		<SimpleData name="angle">89.6711545064327</SimpleData>
		<SimpleData name="KM">KM 66.9</SimpleData>
		<SimpleData name="Latitude">1.578</SimpleData>
		<SimpleData name="Longitude">104.179</SimpleData>
	</SchemaData></ExtendedData>
      <Point><coordinates>104.178661168804,1.57758087146269,0</coordinates></Point>
  </Placemark>
  <Placemark id="sde_hala_penawar__interpolated_points_sde_hala_penawar.661">
	<name>SDE HALA PENAWAR</name>
	<ExtendedData><SchemaData schemaUrl="#sde_hala_penawar__interpolated_points_sde_hala_penawar">
		<SimpleData name="id">interpolated_points_sde_hala_penawar.661</SimpleData>
		<SimpleData name="tessellate">-1</SimpleData>
		<SimpleData name="extrude">0</SimpleData>
		<SimpleData name="visibility">-1</SimpleData>
		<SimpleData name="fid">1</SimpleData>
		<SimpleData name="tessellate2">1</SimpleData>
		<SimpleData name="extrude2">0</SimpleData>
		<SimpleData name="visibility2">-1</SimpleData>
		<SimpleData name="distance">66000</SimpleData>
		<SimpleData name="angle">89.6711545064327</SimpleData>
		<SimpleData name="KM">KM 67.0</SimpleData>
		<SimpleData name="Latitude">1.578</SimpleData>
		<SimpleData name="Longitude">104.180</SimpleData>
	</SchemaData></ExtendedData>
      <Point><coordinates>104.179560072307,1.57758642034483,0</coordinates></Point>
  </Placemark>
  <Placemark id="sde_hala_penawar__interpolated_points_sde_hala_penawar.662">
	<name>SDE HALA PENAWAR</name>
	<ExtendedData><SchemaData schemaUrl="#sde_hala_penawar__interpolated_points_sde_hala_penawar">
		<SimpleData name="id">interpolated_points_sde_hala_penawar.662</SimpleData>
		<SimpleData name="tessellate">-1</SimpleData>
		<SimpleData name="extrude">0</SimpleData>
		<SimpleData name="visibility">-1</SimpleData>
		<SimpleData name="fid">1</SimpleData>
		<SimpleData name="tessellate2">1</SimpleData>
		<SimpleData name="extrude2">0</SimpleData>
		<SimpleData name="visibility2">-1</SimpleData>
		<SimpleData name="distance">66100</SimpleData>
		<SimpleData name="angle">87.8615334984325</SimpleData>
		<SimpleData name="KM">KM 67.1</SimpleData>
		<SimpleData name="Latitude">1.578</SimpleData>
		<SimpleData name="Longitude">104.180</SimpleData>
	</SchemaData></ExtendedData>
      <Point><coordinates>104.180458755157,1.57760210466192,0</coordinates></Point>
  </Placemark>
  <Placemark id="sde_hala_penawar__interpolated_points_sde_hala_penawar.663">
	<name>SDE HALA PENAWAR</name>
	<ExtendedData><SchemaData schemaUrl="#sde_hala_penawar__interpolated_points_sde_hala_penawar">
		<SimpleData name="id">interpolated_points_sde_hala_penawar.663</SimpleData>
		<SimpleData name="tessellate">-1</SimpleData>
		<SimpleData name="extrude">0</SimpleData>
		<SimpleData name="visibility">-1</SimpleData>
		<SimpleData name="fid">1</SimpleData>
		<SimpleData name="tessellate2">1</SimpleData>
		<SimpleData name="extrude2">0</SimpleData>
		<SimpleData name="visibility2">-1</SimpleData>
		<SimpleData name="distance">66200</SimpleData>
		<SimpleData name="angle">86.4687227587127</SimpleData>
		<SimpleData name="KM">KM 67.2</SimpleData>
		<SimpleData name="Latitude">1.578</SimpleData>
		<SimpleData name="Longitude">104.181</SimpleData>
	</SchemaData></ExtendedData>
      <Point><coordinates>104.181357249567,1.5776229530992,0</coordinates></Point>
  </Placemark>
  <Placemark id="sde_hala_penawar__interpolated_points_sde_hala_penawar.664">
	<name>SDE HALA PENAWAR</name>
	<ExtendedData><SchemaData schemaUrl="#sde_hala_penawar__interpolated_points_sde_hala_penawar">
		<SimpleData name="id">interpolated_points_sde_hala_penawar.664</SimpleData>
		<SimpleData name="tessellate">-1</SimpleData>
		<SimpleData name="extrude">0</SimpleData>
		<SimpleData name="visibility">-1</SimpleData>
		<SimpleData name="fid">1</SimpleData>
		<SimpleData name="tessellate2">1</SimpleData>
		<SimpleData name="extrude2">0</SimpleData>
		<SimpleData name="visibility2">-1</SimpleData>
		<SimpleData name="distance">66300</SimpleData>
		<SimpleData name="angle">91.9196235624565</SimpleData>
		<SimpleData name="KM">KM 67.3</SimpleData>
		<SimpleData name="Latitude">1.578</SimpleData>
		<SimpleData name="Longitude">104.182</SimpleData>
	</SchemaData></ExtendedData>
      <Point><coordinates>104.18225588982,1.57762613701127,0</coordinates></Point>
  </Placemark>
  <Placemark id="sde_hala_penawar__interpolated_points_sde_hala_penawar.665">
	<name>SDE HALA PENAWAR</name>
	<ExtendedData><SchemaData schemaUrl="#sde_hala_penawar__interpolated_points_sde_hala_penawar">
		<SimpleData name="id">interpolated_points_sde_hala_penawar.665</SimpleData>
		<SimpleData name="tessellate">-1</SimpleData>
		<SimpleData name="extrude">0</SimpleData>
		<SimpleData name="visibility">-1</SimpleData>
		<SimpleData name="fid">1</SimpleData>
		<SimpleData name="tessellate2">1</SimpleData>
		<SimpleData name="extrude2">0</SimpleData>
		<SimpleData name="visibility2">-1</SimpleData>
		<SimpleData name="distance">66400</SimpleData>
		<SimpleData name="angle">91.6965485989861</SimpleData>
		<SimpleData name="KM">KM 67.4</SimpleData>
		<SimpleData name="Latitude">1.578</SimpleData>
		<SimpleData name="Longitude">104.183</SimpleData>
	</SchemaData></ExtendedData>
      <Point><coordinates>104.183154592843,1.57761192374432,0</coordinates></Point>
  </Placemark>
  <Placemark id="sde_hala_penawar__interpolated_points_sde_hala_penawar.666">
	<name>SDE HALA PENAWAR</name>
	<ExtendedData><SchemaData schemaUrl="#sde_hala_penawar__interpolated_points_sde_hala_penawar">
		<SimpleData name="id">interpolated_points_sde_hala_penawar.666</SimpleData>
		<SimpleData name="tessellate">-1</SimpleData>
		<SimpleData name="extrude">0</SimpleData>
		<SimpleData name="visibility">-1</SimpleData>
		<SimpleData name="fid">1</SimpleData>
		<SimpleData name="tessellate2">1</SimpleData>
		<SimpleData name="extrude2">0</SimpleData>
		<SimpleData name="visibility2">-1</SimpleData>
		<SimpleData name="distance">66500</SimpleData>
		<SimpleData name="angle">90.1888949658643</SimpleData>
		<SimpleData name="KM">KM 67.5</SimpleData>
		<SimpleData name="Latitude">1.578</SimpleData>
		<SimpleData name="Longitude">104.184</SimpleData>
	</SchemaData></ExtendedData>
      <Point><coordinates>104.184053321353,1.57761966874177,0</coordinates></Point>
  </Placemark>
  <Placemark id="sde_hala_penawar__interpolated_points_sde_hala_penawar.667">
	<name>SDE HALA PENAWAR</name>
	<ExtendedData><SchemaData schemaUrl="#sde_hala_penawar__interpolated_points_sde_hala_penawar">
		<SimpleData name="id">interpolated_points_sde_hala_penawar.667</SimpleData>
		<SimpleData name="tessellate">-1</SimpleData>
		<SimpleData name="extrude">0</SimpleData>
		<SimpleData name="visibility">-1</SimpleData>
		<SimpleData name="fid">1</SimpleData>
		<SimpleData name="tessellate2">1</SimpleData>
		<SimpleData name="extrude2">0</SimpleData>
		<SimpleData name="visibility2">-1</SimpleData>
		<SimpleData name="distance">66600</SimpleData>
		<SimpleData name="angle">90.1888949658643</SimpleData>
		<SimpleData name="KM">KM 67.6</SimpleData>
		<SimpleData name="Latitude">1.578</SimpleData>
		<SimpleData name="Longitude">104.185</SimpleData>
	</SchemaData></ExtendedData>
      <Point><coordinates>104.184952239205,1.57761704082654,0</coordinates></Point>
  </Placemark>
  <Placemark id="sde_hala_penawar__interpolated_points_sde_hala_penawar.668">
	<name>SDE HALA PENAWAR</name>
	<ExtendedData><SchemaData schemaUrl="#sde_hala_penawar__interpolated_points_sde_hala_penawar">
		<SimpleData name="id">interpolated_points_sde_hala_penawar.668</SimpleData>
		<SimpleData name="tessellate">-1</SimpleData>
		<SimpleData name="extrude">0</SimpleData>
		<SimpleData name="visibility">-1</SimpleData>
		<SimpleData name="fid">1</SimpleData>
		<SimpleData name="tessellate2">1</SimpleData>
		<SimpleData name="extrude2">0</SimpleData>
		<SimpleData name="visibility2">-1</SimpleData>
		<SimpleData name="distance">66700</SimpleData>
		<SimpleData name="angle">90.1888949658643</SimpleData>
		<SimpleData name="KM">KM 67.7</SimpleData>
		<SimpleData name="Latitude">1.578</SimpleData>
		<SimpleData name="Longitude">104.186</SimpleData>
	</SchemaData></ExtendedData>
      <Point><coordinates>104.185851157257,1.5776144125193,0</coordinates></Point>
  </Placemark>
  <Placemark id="sde_hala_penawar__interpolated_points_sde_hala_penawar.669">
	<name>SDE HALA PENAWAR</name>
	<ExtendedData><SchemaData schemaUrl="#sde_hala_penawar__interpolated_points_sde_hala_penawar">
		<SimpleData name="id">interpolated_points_sde_hala_penawar.669</SimpleData>
		<SimpleData name="tessellate">-1</SimpleData>
		<SimpleData name="extrude">0</SimpleData>
		<SimpleData name="visibility">-1</SimpleData>
		<SimpleData name="fid">1</SimpleData>
		<SimpleData name="tessellate2">1</SimpleData>
		<SimpleData name="extrude2">0</SimpleData>
		<SimpleData name="visibility2">-1</SimpleData>
		<SimpleData name="distance">66800</SimpleData>
		<SimpleData name="angle">90.1888949658643</SimpleData>
		<SimpleData name="KM">KM 67.8</SimpleData>
		<SimpleData name="Latitude">1.578</SimpleData>
		<SimpleData name="Longitude">104.187</SimpleData>
	</SchemaData></ExtendedData>
      <Point><coordinates>104.186750075507,1.57761178382006,0</coordinates></Point>
  </Placemark>
  <Placemark id="sde_hala_penawar__interpolated_points_sde_hala_penawar.670">
	<name>SDE HALA PENAWAR</name>
	<ExtendedData><SchemaData schemaUrl="#sde_hala_penawar__interpolated_points_sde_hala_penawar">
		<SimpleData name="id">interpolated_points_sde_hala_penawar.670</SimpleData>
		<SimpleData name="tessellate">-1</SimpleData>
		<SimpleData name="extrude">0</SimpleData>
		<SimpleData name="visibility">-1</SimpleData>
		<SimpleData name="fid">1</SimpleData>
		<SimpleData name="tessellate2">1</SimpleData>
		<SimpleData name="extrude2">0</SimpleData>
		<SimpleData name="visibility2">-1</SimpleData>
		<SimpleData name="distance">66900</SimpleData>
		<SimpleData name="angle">88.1864006367609</SimpleData>
		<SimpleData name="KM">KM 67.9</SimpleData>
		<SimpleData name="Latitude">1.578</SimpleData>
		<SimpleData name="Longitude">104.188</SimpleData>
	</SchemaData></ExtendedData>
      <Point><coordinates>104.187648735575,1.57760221729073,0</coordinates></Point>
  </Placemark>
  <Placemark id="sde_hala_penawar__interpolated_points_sde_hala_penawar.671">
	<name>SDE HALA PENAWAR</name>
	<ExtendedData><SchemaData schemaUrl="#sde_hala_penawar__interpolated_points_sde_hala_penawar">
		<SimpleData name="id">interpolated_points_sde_hala_penawar.671</SimpleData>
		<SimpleData name="tessellate">-1</SimpleData>
		<SimpleData name="extrude">0</SimpleData>
		<SimpleData name="visibility">-1</SimpleData>
		<SimpleData name="fid">1</SimpleData>
		<SimpleData name="tessellate2">1</SimpleData>
		<SimpleData name="extrude2">0</SimpleData>
		<SimpleData name="visibility2">-1</SimpleData>
		<SimpleData name="distance">67000</SimpleData>
		<SimpleData name="angle">71.6959686221325</SimpleData>
		<SimpleData name="KM">KM 68.0</SimpleData>
		<SimpleData name="Latitude">1.578</SimpleData>
		<SimpleData name="Longitude">104.189</SimpleData>
	</SchemaData></ExtendedData>
      <Point><coordinates>104.188545328123,1.57764177604121,0</coordinates></Point>
  </Placemark>
  <Placemark id="sde_hala_penawar__interpolated_points_sde_hala_penawar.672">
	<name>SDE HALA PENAWAR</name>
	<ExtendedData><SchemaData schemaUrl="#sde_hala_penawar__interpolated_points_sde_hala_penawar">
		<SimpleData name="id">interpolated_points_sde_hala_penawar.672</SimpleData>
		<SimpleData name="tessellate">-1</SimpleData>
		<SimpleData name="extrude">0</SimpleData>
		<SimpleData name="visibility">-1</SimpleData>
		<SimpleData name="fid">1</SimpleData>
		<SimpleData name="tessellate2">1</SimpleData>
		<SimpleData name="extrude2">0</SimpleData>
		<SimpleData name="visibility2">-1</SimpleData>
		<SimpleData name="distance">67100</SimpleData>
		<SimpleData name="angle">86.2322557856313</SimpleData>
		<SimpleData name="KM">KM 68.1</SimpleData>
		<SimpleData name="Latitude">1.578</SimpleData>
		<SimpleData name="Longitude">104.189</SimpleData>
	</SchemaData></ExtendedData>
      <Point><coordinates>104.189441460854,1.57769476409313,0</coordinates></Point>
  </Placemark>
  <Placemark id="sde_hala_penawar__interpolated_points_sde_hala_penawar.673">
	<name>SDE HALA PENAWAR</name>
	<ExtendedData><SchemaData schemaUrl="#sde_hala_penawar__interpolated_points_sde_hala_penawar">
		<SimpleData name="id">interpolated_points_sde_hala_penawar.673</SimpleData>
		<SimpleData name="tessellate">-1</SimpleData>
		<SimpleData name="extrude">0</SimpleData>
		<SimpleData name="visibility">-1</SimpleData>
		<SimpleData name="fid">1</SimpleData>
		<SimpleData name="tessellate2">1</SimpleData>
		<SimpleData name="extrude2">0</SimpleData>
		<SimpleData name="visibility2">-1</SimpleData>
		<SimpleData name="distance">67200</SimpleData>
		<SimpleData name="angle">82.4095949177589</SimpleData>
		<SimpleData name="KM">KM 68.2</SimpleData>
		<SimpleData name="Latitude">1.578</SimpleData>
		<SimpleData name="Longitude">104.190</SimpleData>
	</SchemaData></ExtendedData>
      <Point><coordinates>104.190336553074,1.57776795754373,0</coordinates></Point>
  </Placemark>
  <Placemark id="sde_hala_penawar__interpolated_points_sde_hala_penawar.674">
	<name>SDE HALA PENAWAR</name>
	<ExtendedData><SchemaData schemaUrl="#sde_hala_penawar__interpolated_points_sde_hala_penawar">
		<SimpleData name="id">interpolated_points_sde_hala_penawar.674</SimpleData>
		<SimpleData name="tessellate">-1</SimpleData>
		<SimpleData name="extrude">0</SimpleData>
		<SimpleData name="visibility">-1</SimpleData>
		<SimpleData name="fid">1</SimpleData>
		<SimpleData name="tessellate2">1</SimpleData>
		<SimpleData name="extrude2">0</SimpleData>
		<SimpleData name="visibility2">-1</SimpleData>
		<SimpleData name="distance">67300</SimpleData>
		<SimpleData name="angle">82.4095949177589</SimpleData>
		<SimpleData name="KM">KM 68.3</SimpleData>
		<SimpleData name="Latitude">1.578</SimpleData>
		<SimpleData name="Longitude">104.191</SimpleData>
	</SchemaData></ExtendedData>
      <Point><coordinates>104.19122755331,1.57788779970277,0</coordinates></Point>
  </Placemark>
  <Placemark id="sde_hala_penawar__interpolated_points_sde_hala_penawar.675">
	<name>SDE HALA PENAWAR</name>
	<ExtendedData><SchemaData schemaUrl="#sde_hala_penawar__interpolated_points_sde_hala_penawar">
		<SimpleData name="id">interpolated_points_sde_hala_penawar.675</SimpleData>
		<SimpleData name="tessellate">-1</SimpleData>
		<SimpleData name="extrude">0</SimpleData>
		<SimpleData name="visibility">-1</SimpleData>
		<SimpleData name="fid">1</SimpleData>
		<SimpleData name="tessellate2">1</SimpleData>
		<SimpleData name="extrude2">0</SimpleData>
		<SimpleData name="visibility2">-1</SimpleData>
		<SimpleData name="distance">67400</SimpleData>
		<SimpleData name="angle">76.4548055702896</SimpleData>
		<SimpleData name="KM">KM 68.4</SimpleData>
		<SimpleData name="Latitude">1.578</SimpleData>
		<SimpleData name="Longitude">104.192</SimpleData>
	</SchemaData></ExtendedData>
      <Point><coordinates>104.1921102992,1.57805207269095,0</coordinates></Point>
  </Placemark>
  <Placemark id="sde_hala_penawar__interpolated_points_sde_hala_penawar.676">
	<name>SDE HALA PENAWAR</name>
	<ExtendedData><SchemaData schemaUrl="#sde_hala_penawar__interpolated_points_sde_hala_penawar">
		<SimpleData name="id">interpolated_points_sde_hala_penawar.676</SimpleData>
		<SimpleData name="tessellate">-1</SimpleData>
		<SimpleData name="extrude">0</SimpleData>
		<SimpleData name="visibility">-1</SimpleData>
		<SimpleData name="fid">1</SimpleData>
		<SimpleData name="tessellate2">1</SimpleData>
		<SimpleData name="extrude2">0</SimpleData>
		<SimpleData name="visibility2">-1</SimpleData>
		<SimpleData name="distance">67500</SimpleData>
		<SimpleData name="angle">77.5700311771879</SimpleData>
		<SimpleData name="KM">KM 68.5</SimpleData>
		<SimpleData name="Latitude">1.578</SimpleData>
		<SimpleData name="Longitude">104.193</SimpleData>
	</SchemaData></ExtendedData>
      <Point><coordinates>104.192995199549,1.57820115545555,0</coordinates></Point>
  </Placemark>
  <Placemark id="sde_hala_penawar__interpolated_points_sde_hala_penawar.677">
	<name>SDE HALA PENAWAR</name>
	<ExtendedData><SchemaData schemaUrl="#sde_hala_penawar__interpolated_points_sde_hala_penawar">
		<SimpleData name="id">interpolated_points_sde_hala_penawar.677</SimpleData>
		<SimpleData name="tessellate">-1</SimpleData>
		<SimpleData name="extrude">0</SimpleData>
		<SimpleData name="visibility">-1</SimpleData>
		<SimpleData name="fid">1</SimpleData>
		<SimpleData name="tessellate2">1</SimpleData>
		<SimpleData name="extrude2">0</SimpleData>
		<SimpleData name="visibility2">-1</SimpleData>
		<SimpleData name="distance">67600</SimpleData>
		<SimpleData name="angle">72.9785789158883</SimpleData>
		<SimpleData name="KM">KM 68.6</SimpleData>
		<SimpleData name="Latitude">1.578</SimpleData>
		<SimpleData name="Longitude">104.194</SimpleData>
	</SchemaData></ExtendedData>
      <Point><coordinates>104.193871122338,1.57838683576373,0</coordinates></Point>
  </Placemark>
  <Placemark id="sde_hala_penawar__interpolated_points_sde_hala_penawar.678">
	<name>SDE HALA PENAWAR</name>
	<ExtendedData><SchemaData schemaUrl="#sde_hala_penawar__interpolated_points_sde_hala_penawar">
		<SimpleData name="id">interpolated_points_sde_hala_penawar.678</SimpleData>
		<SimpleData name="tessellate">-1</SimpleData>
		<SimpleData name="extrude">0</SimpleData>
		<SimpleData name="visibility">-1</SimpleData>
		<SimpleData name="fid">1</SimpleData>
		<SimpleData name="tessellate2">1</SimpleData>
		<SimpleData name="extrude2">0</SimpleData>
		<SimpleData name="visibility2">-1</SimpleData>
		<SimpleData name="distance">67700</SimpleData>
		<SimpleData name="angle">72.9785789158883</SimpleData>
		<SimpleData name="KM">KM 68.7</SimpleData>
		<SimpleData name="Latitude">1.579</SimpleData>
		<SimpleData name="Longitude">104.195</SimpleData>
	</SchemaData></ExtendedData>
      <Point><coordinates>104.194730567521,1.5786519837876,0</coordinates></Point>
  </Placemark>
  <Placemark id="sde_hala_penawar__interpolated_points_sde_hala_penawar.679">
	<name>SDE HALA PENAWAR</name>
	<ExtendedData><SchemaData schemaUrl="#sde_hala_penawar__interpolated_points_sde_hala_penawar">
		<SimpleData name="id">interpolated_points_sde_hala_penawar.679</SimpleData>
		<SimpleData name="tessellate">-1</SimpleData>
		<SimpleData name="extrude">0</SimpleData>
		<SimpleData name="visibility">-1</SimpleData>
		<SimpleData name="fid">1</SimpleData>
		<SimpleData name="tessellate2">1</SimpleData>
		<SimpleData name="extrude2">0</SimpleData>
		<SimpleData name="visibility2">-1</SimpleData>
		<SimpleData name="distance">67800</SimpleData>
		<SimpleData name="angle">71.2989750193295</SimpleData>
		<SimpleData name="KM">KM 68.8</SimpleData>
		<SimpleData name="Latitude">1.579</SimpleData>
		<SimpleData name="Longitude">104.196</SimpleData>
	</SchemaData></ExtendedData>
      <Point><coordinates>104.195587659182,1.57892447296421,0</coordinates></Point>
  </Placemark>
  <Placemark id="sde_hala_penawar__interpolated_points_sde_hala_penawar.680">
	<name>SDE HALA PENAWAR</name>
	<ExtendedData><SchemaData schemaUrl="#sde_hala_penawar__interpolated_points_sde_hala_penawar">
		<SimpleData name="id">interpolated_points_sde_hala_penawar.680</SimpleData>
		<SimpleData name="tessellate">-1</SimpleData>
		<SimpleData name="extrude">0</SimpleData>
		<SimpleData name="visibility">-1</SimpleData>
		<SimpleData name="fid">1</SimpleData>
		<SimpleData name="tessellate2">1</SimpleData>
		<SimpleData name="extrude2">0</SimpleData>
		<SimpleData name="visibility2">-1</SimpleData>
		<SimpleData name="distance">67900</SimpleData>
		<SimpleData name="angle">71.2989750193295</SimpleData>
		<SimpleData name="KM">KM 68.9</SimpleData>
		<SimpleData name="Latitude">1.579</SimpleData>
		<SimpleData name="Longitude">104.196</SimpleData>
	</SchemaData></ExtendedData>
      <Point><coordinates>104.196439013349,1.57921485731911,0</coordinates></Point>
  </Placemark>
  <Placemark id="sde_hala_penawar__interpolated_points_sde_hala_penawar.681">
	<name>SDE HALA PENAWAR</name>
	<ExtendedData><SchemaData schemaUrl="#sde_hala_penawar__interpolated_points_sde_hala_penawar">
		<SimpleData name="id">interpolated_points_sde_hala_penawar.681</SimpleData>
		<SimpleData name="tessellate">-1</SimpleData>
		<SimpleData name="extrude">0</SimpleData>
		<SimpleData name="visibility">-1</SimpleData>
		<SimpleData name="fid">1</SimpleData>
		<SimpleData name="tessellate2">1</SimpleData>
		<SimpleData name="extrude2">0</SimpleData>
		<SimpleData name="visibility2">-1</SimpleData>
		<SimpleData name="distance">68000</SimpleData>
		<SimpleData name="angle">70.1552514349101</SimpleData>
		<SimpleData name="KM">KM 69.0</SimpleData>
		<SimpleData name="Latitude">1.580</SimpleData>
		<SimpleData name="Longitude">104.197</SimpleData>
	</SchemaData></ExtendedData>
      <Point><coordinates>104.197285768811,1.57951846151561,0</coordinates></Point>
  </Placemark>
  <Placemark id="sde_hala_penawar__interpolated_points_sde_hala_penawar.682">
	<name>SDE HALA PENAWAR</name>
	<ExtendedData><SchemaData schemaUrl="#sde_hala_penawar__interpolated_points_sde_hala_penawar">
		<SimpleData name="id">interpolated_points_sde_hala_penawar.682</SimpleData>
		<SimpleData name="tessellate">-1</SimpleData>
		<SimpleData name="extrude">0</SimpleData>
		<SimpleData name="visibility">-1</SimpleData>
		<SimpleData name="fid">1</SimpleData>
		<SimpleData name="tessellate2">1</SimpleData>
		<SimpleData name="extrude2">0</SimpleData>
		<SimpleData name="visibility2">-1</SimpleData>
		<SimpleData name="distance">68100</SimpleData>
		<SimpleData name="angle">65.1439505487243</SimpleData>
		<SimpleData name="KM">KM 69.1</SimpleData>
		<SimpleData name="Latitude">1.580</SimpleData>
		<SimpleData name="Longitude">104.198</SimpleData>
	</SchemaData></ExtendedData>
      <Point><coordinates>104.19812072861,1.57984500668497,0</coordinates></Point>
  </Placemark>
  <Placemark id="sde_hala_penawar__interpolated_points_sde_hala_penawar.683">
	<name>SDE HALA PENAWAR</name>
	<ExtendedData><SchemaData schemaUrl="#sde_hala_penawar__interpolated_points_sde_hala_penawar">
		<SimpleData name="id">interpolated_points_sde_hala_penawar.683</SimpleData>
		<SimpleData name="tessellate">-1</SimpleData>
		<SimpleData name="extrude">0</SimpleData>
		<SimpleData name="visibility">-1</SimpleData>
		<SimpleData name="fid">1</SimpleData>
		<SimpleData name="tessellate2">1</SimpleData>
		<SimpleData name="extrude2">0</SimpleData>
		<SimpleData name="visibility2">-1</SimpleData>
		<SimpleData name="distance">68200</SimpleData>
		<SimpleData name="angle">70.0372991671004</SimpleData>
		<SimpleData name="KM">KM 69.2</SimpleData>
		<SimpleData name="Latitude">1.580</SimpleData>
		<SimpleData name="Longitude">104.199</SimpleData>
	</SchemaData></ExtendedData>
      <Point><coordinates>104.198960522674,1.58016637707724,0</coordinates></Point>
  </Placemark>
  <Placemark id="sde_hala_penawar__interpolated_points_sde_hala_penawar.684">
	<name>SDE HALA PENAWAR</name>
	<ExtendedData><SchemaData schemaUrl="#sde_hala_penawar__interpolated_points_sde_hala_penawar">
		<SimpleData name="id">interpolated_points_sde_hala_penawar.684</SimpleData>
		<SimpleData name="tessellate">-1</SimpleData>
		<SimpleData name="extrude">0</SimpleData>
		<SimpleData name="visibility">-1</SimpleData>
		<SimpleData name="fid">1</SimpleData>
		<SimpleData name="tessellate2">1</SimpleData>
		<SimpleData name="extrude2">0</SimpleData>
		<SimpleData name="visibility2">-1</SimpleData>
		<SimpleData name="distance">68300</SimpleData>
		<SimpleData name="angle">70.0372991671004</SimpleData>
		<SimpleData name="KM">KM 69.3</SimpleData>
		<SimpleData name="Latitude">1.580</SimpleData>
		<SimpleData name="Longitude">104.200</SimpleData>
	</SchemaData></ExtendedData>
      <Point><coordinates>104.199805318545,1.58047555488131,0</coordinates></Point>
  </Placemark>
</Folder>
</Document></kml>
