<?xml version="1.0" encoding="utf-8" ?>
<kml xmlns="http://www.opengis.net/kml/2.2">
<Document id="root_doc">
<Schema name="interpolated_points_second_link_hala_jpo" id="interpolated_points_second_link_hala_jpo">
	<SimpleField name="fid" type="float"></SimpleField>
	<SimpleField name="id" type="string"></SimpleField>
	<SimpleField name="timestamp" type="string"></SimpleField>
	<SimpleField name="begin" type="string"></SimpleField>
	<SimpleField name="end" type="string"></SimpleField>
	<SimpleField name="altitudeMode" type="string"></SimpleField>
	<SimpleField name="tessellate" type="int"></SimpleField>
	<SimpleField name="extrude" type="int"></SimpleField>
	<SimpleField name="visibility" type="int"></SimpleField>
	<SimpleField name="drawOrder" type="int"></SimpleField>
	<SimpleField name="icon" type="string"></SimpleField>
	<SimpleField name="distance" type="float"></SimpleField>
	<SimpleField name="angle" type="float"></SimpleField>
	<SimpleField name="KM" type="string"></SimpleField>
	<SimpleField name="Latitude" type="float"></SimpleField>
	<SimpleField name="Longitude" type="float"></SimpleField>
</Schema>
<Folder><name>interpolated_points_second_link_hala_jpo</name>
  <Placemark id="interpolated_points_second_link_hala_jpo.1">
	<name>SECOND LINK HALA JPO</name>
	<ExtendedData><SchemaData schemaUrl="#interpolated_points_second_link_hala_jpo">
		<SimpleData name="fid">1</SimpleData>
		<SimpleData name="tessellate">1</SimpleData>
		<SimpleData name="extrude">0</SimpleData>
		<SimpleData name="visibility">-1</SimpleData>
		<SimpleData name="distance">0</SimpleData>
		<SimpleData name="angle">305.885048783084</SimpleData>
		<SimpleData name="KM">KM 0.0</SimpleData>
		<SimpleData name="Latitude">1.360</SimpleData>
		<SimpleData name="Longitude">103.6204400000</SimpleData>
	</SchemaData></ExtendedData>
      <Point><coordinates>103.62044,1.36018,0</coordinates></Point>
  </Placemark>
  <Placemark id="interpolated_points_second_link_hala_jpo.2">
	<name>SECOND LINK HALA JPO</name>
	<ExtendedData><SchemaData schemaUrl="#interpolated_points_second_link_hala_jpo">
		<SimpleData name="fid">1</SimpleData>
		<SimpleData name="tessellate">1</SimpleData>
		<SimpleData name="extrude">0</SimpleData>
		<SimpleData name="visibility">-1</SimpleData>
		<SimpleData name="distance">100</SimpleData>
		<SimpleData name="angle">305.885048783084</SimpleData>
		<SimpleData name="KM">KM 0.1</SimpleData>
		<SimpleData name="Latitude">1.361</SimpleData>
		<SimpleData name="Longitude">103.6197116060</SimpleData>
	</SchemaData></ExtendedData>
      <Point><coordinates>103.619711605995,1.36070974127406,0</coordinates></Point>
  </Placemark>
  <Placemark id="interpolated_points_second_link_hala_jpo.3">
	<name>SECOND LINK HALA JPO</name>
	<ExtendedData><SchemaData schemaUrl="#interpolated_points_second_link_hala_jpo">
		<SimpleData name="fid">1</SimpleData>
		<SimpleData name="tessellate">1</SimpleData>
		<SimpleData name="extrude">0</SimpleData>
		<SimpleData name="visibility">-1</SimpleData>
		<SimpleData name="distance">200</SimpleData>
		<SimpleData name="angle">306.490653247957</SimpleData>
		<SimpleData name="KM">KM 0.2</SimpleData>
		<SimpleData name="Latitude">1.361</SimpleData>
		<SimpleData name="Longitude">103.6189859567</SimpleData>
	</SchemaData></ExtendedData>
      <Point><coordinates>103.618985956747,1.36124326294017,0</coordinates></Point>
  </Placemark>
  <Placemark id="interpolated_points_second_link_hala_jpo.4">
	<name>SECOND LINK HALA JPO</name>
	<ExtendedData><SchemaData schemaUrl="#interpolated_points_second_link_hala_jpo">
		<SimpleData name="fid">1</SimpleData>
		<SimpleData name="tessellate">1</SimpleData>
		<SimpleData name="extrude">0</SimpleData>
		<SimpleData name="visibility">-1</SimpleData>
		<SimpleData name="distance">300</SimpleData>
		<SimpleData name="angle">308.143949194349</SimpleData>
		<SimpleData name="KM">KM 0.3</SimpleData>
		<SimpleData name="Latitude">1.362</SimpleData>
		<SimpleData name="Longitude">103.6182716028</SimpleData>
	</SchemaData></ExtendedData>
      <Point><coordinates>103.618271602791,1.36178399780238,0</coordinates></Point>
  </Placemark>
  <Placemark id="interpolated_points_second_link_hala_jpo.5">
	<name>SECOND LINK HALA JPO</name>
	<ExtendedData><SchemaData schemaUrl="#interpolated_points_second_link_hala_jpo">
		<SimpleData name="fid">1</SimpleData>
		<SimpleData name="tessellate">1</SimpleData>
		<SimpleData name="extrude">0</SimpleData>
		<SimpleData name="visibility">-1</SimpleData>
		<SimpleData name="distance">400</SimpleData>
		<SimpleData name="angle">311.560690022723</SimpleData>
		<SimpleData name="KM">KM 0.4</SimpleData>
		<SimpleData name="Latitude">1.362</SimpleData>
		<SimpleData name="Longitude">103.6175899562</SimpleData>
	</SchemaData></ExtendedData>
      <Point><coordinates>103.617589956227,1.36237308252891,0</coordinates></Point>
  </Placemark>
  <Placemark id="interpolated_points_second_link_hala_jpo.6">
	<name>SECOND LINK HALA JPO</name>
	<ExtendedData><SchemaData schemaUrl="#interpolated_points_second_link_hala_jpo">
		<SimpleData name="fid">1</SimpleData>
		<SimpleData name="tessellate">1</SimpleData>
		<SimpleData name="extrude">0</SimpleData>
		<SimpleData name="visibility">-1</SimpleData>
		<SimpleData name="distance">500</SimpleData>
		<SimpleData name="angle">313.54695710916</SimpleData>
		<SimpleData name="KM">KM 0.5</SimpleData>
		<SimpleData name="Latitude">1.363</SimpleData>
		<SimpleData name="Longitude">103.6169301201</SimpleData>
	</SchemaData></ExtendedData>
      <Point><coordinates>103.616930120115,1.36298699637989,0</coordinates></Point>
  </Placemark>
  <Placemark id="interpolated_points_second_link_hala_jpo.7">
	<name>SECOND LINK HALA JPO</name>
	<ExtendedData><SchemaData schemaUrl="#interpolated_points_second_link_hala_jpo">
		<SimpleData name="fid">1</SimpleData>
		<SimpleData name="tessellate">1</SimpleData>
		<SimpleData name="extrude">0</SimpleData>
		<SimpleData name="visibility">-1</SimpleData>
		<SimpleData name="distance">600</SimpleData>
		<SimpleData name="angle">316.356390471372</SimpleData>
		<SimpleData name="KM">KM 0.6</SimpleData>
		<SimpleData name="Latitude">1.364</SimpleData>
		<SimpleData name="Longitude">103.6163009861</SimpleData>
	</SchemaData></ExtendedData>
      <Point><coordinates>103.616300986092,1.36363247415391,0</coordinates></Point>
  </Placemark>
  <Placemark id="interpolated_points_second_link_hala_jpo.8">
	<name>SECOND LINK HALA JPO</name>
	<ExtendedData><SchemaData schemaUrl="#interpolated_points_second_link_hala_jpo">
		<SimpleData name="fid">1</SimpleData>
		<SimpleData name="tessellate">1</SimpleData>
		<SimpleData name="extrude">0</SimpleData>
		<SimpleData name="visibility">-1</SimpleData>
		<SimpleData name="distance">700</SimpleData>
		<SimpleData name="angle">321.02309941782</SimpleData>
		<SimpleData name="KM">KM 0.7</SimpleData>
		<SimpleData name="Latitude">1.364</SimpleData>
		<SimpleData name="Longitude">103.6157046533</SimpleData>
	</SchemaData></ExtendedData>
      <Point><coordinates>103.615704653289,1.36430876414579,0</coordinates></Point>
  </Placemark>
  <Placemark id="interpolated_points_second_link_hala_jpo.9">
	<name>SECOND LINK HALA JPO</name>
	<ExtendedData><SchemaData schemaUrl="#interpolated_points_second_link_hala_jpo">
		<SimpleData name="fid">1</SimpleData>
		<SimpleData name="tessellate">1</SimpleData>
		<SimpleData name="extrude">0</SimpleData>
		<SimpleData name="visibility">-1</SimpleData>
		<SimpleData name="distance">800</SimpleData>
		<SimpleData name="angle">321.02309941782</SimpleData>
		<SimpleData name="KM">KM 0.8</SimpleData>
		<SimpleData name="Latitude">1.365</SimpleData>
		<SimpleData name="Longitude">103.6151389853</SimpleData>
	</SchemaData></ExtendedData>
      <Point><coordinates>103.61513898531,1.36501156374225,0</coordinates></Point>
  </Placemark>
  <Placemark id="interpolated_points_second_link_hala_jpo.10">
	<name>SECOND LINK HALA JPO</name>
	<ExtendedData><SchemaData schemaUrl="#interpolated_points_second_link_hala_jpo">
		<SimpleData name="fid">1</SimpleData>
		<SimpleData name="tessellate">1</SimpleData>
		<SimpleData name="extrude">0</SimpleData>
		<SimpleData name="visibility">-1</SimpleData>
		<SimpleData name="distance">900</SimpleData>
		<SimpleData name="angle">325.286524200416</SimpleData>
		<SimpleData name="KM">KM 0.9</SimpleData>
		<SimpleData name="Latitude">1.366</SimpleData>
		<SimpleData name="Longitude">103.6146097300</SimpleData>
	</SchemaData></ExtendedData>
      <Point><coordinates>103.614609730046,1.3657421565363,0</coordinates></Point>
  </Placemark>
  <Placemark id="interpolated_points_second_link_hala_jpo.11">
	<name>SECOND LINK HALA JPO</name>
	<ExtendedData><SchemaData schemaUrl="#interpolated_points_second_link_hala_jpo">
		<SimpleData name="fid">1</SimpleData>
		<SimpleData name="tessellate">1</SimpleData>
		<SimpleData name="extrude">0</SimpleData>
		<SimpleData name="visibility">-1</SimpleData>
		<SimpleData name="distance">1000</SimpleData>
		<SimpleData name="angle">326.410119007377</SimpleData>
		<SimpleData name="KM">KM 1.0</SimpleData>
		<SimpleData name="Latitude">1.366</SimpleData>
		<SimpleData name="Longitude">103.6141052942</SimpleData>
	</SchemaData></ExtendedData>
      <Point><coordinates>103.614105294215,1.36649063584391,0</coordinates></Point>
  </Placemark>
  <Placemark id="interpolated_points_second_link_hala_jpo.12">
	<name>SECOND LINK HALA JPO</name>
	<ExtendedData><SchemaData schemaUrl="#interpolated_points_second_link_hala_jpo">
		<SimpleData name="fid">1</SimpleData>
		<SimpleData name="tessellate">1</SimpleData>
		<SimpleData name="extrude">0</SimpleData>
		<SimpleData name="visibility">-1</SimpleData>
		<SimpleData name="distance">1100</SimpleData>
		<SimpleData name="angle">331.267521685093</SimpleData>
		<SimpleData name="KM">KM 1.1</SimpleData>
		<SimpleData name="Latitude">1.367</SimpleData>
		<SimpleData name="Longitude">103.6136479455</SimpleData>
	</SchemaData></ExtendedData>
      <Point><coordinates>103.613647945486,1.36726876661716,0</coordinates></Point>
  </Placemark>
  <Placemark id="interpolated_points_second_link_hala_jpo.13">
	<name>SECOND LINK HALA JPO</name>
	<ExtendedData><SchemaData schemaUrl="#interpolated_points_second_link_hala_jpo">
		<SimpleData name="fid">1</SimpleData>
		<SimpleData name="tessellate">1</SimpleData>
		<SimpleData name="extrude">0</SimpleData>
		<SimpleData name="visibility">-1</SimpleData>
		<SimpleData name="distance">1200</SimpleData>
		<SimpleData name="angle">331.338289807082</SimpleData>
		<SimpleData name="KM">KM 1.2</SimpleData>
		<SimpleData name="Latitude">1.368</SimpleData>
		<SimpleData name="Longitude">103.6132192148</SimpleData>
	</SchemaData></ExtendedData>
      <Point><coordinates>103.613219214831,1.36806176632948,0</coordinates></Point>
  </Placemark>
  <Placemark id="interpolated_points_second_link_hala_jpo.14">
	<name>SECOND LINK HALA JPO</name>
	<ExtendedData><SchemaData schemaUrl="#interpolated_points_second_link_hala_jpo">
		<SimpleData name="fid">1</SimpleData>
		<SimpleData name="tessellate">1</SimpleData>
		<SimpleData name="extrude">0</SimpleData>
		<SimpleData name="visibility">-1</SimpleData>
		<SimpleData name="distance">1300</SimpleData>
		<SimpleData name="angle">332.583197783556</SimpleData>
		<SimpleData name="KM">KM 1.3</SimpleData>
		<SimpleData name="Latitude">1.369</SimpleData>
		<SimpleData name="Longitude">103.6127950039</SimpleData>
	</SchemaData></ExtendedData>
      <Point><coordinates>103.612795003859,1.36885905511718,0</coordinates></Point>
  </Placemark>
  <Placemark id="interpolated_points_second_link_hala_jpo.15">
	<name>SECOND LINK HALA JPO</name>
	<ExtendedData><SchemaData schemaUrl="#interpolated_points_second_link_hala_jpo">
		<SimpleData name="fid">1</SimpleData>
		<SimpleData name="tessellate">1</SimpleData>
		<SimpleData name="extrude">0</SimpleData>
		<SimpleData name="visibility">-1</SimpleData>
		<SimpleData name="distance">1400</SimpleData>
		<SimpleData name="angle">328.040478445175</SimpleData>
		<SimpleData name="KM">KM 1.4</SimpleData>
		<SimpleData name="Latitude">1.370</SimpleData>
		<SimpleData name="Longitude">103.6123405350</SimpleData>
	</SchemaData></ExtendedData>
      <Point><coordinates>103.612340534962,1.36963858260134,0</coordinates></Point>
  </Placemark>
  <Placemark id="interpolated_points_second_link_hala_jpo.16">
	<name>SECOND LINK HALA JPO</name>
	<ExtendedData><SchemaData schemaUrl="#interpolated_points_second_link_hala_jpo">
		<SimpleData name="fid">1</SimpleData>
		<SimpleData name="tessellate">1</SimpleData>
		<SimpleData name="extrude">0</SimpleData>
		<SimpleData name="visibility">-1</SimpleData>
		<SimpleData name="distance">1500</SimpleData>
		<SimpleData name="angle">325.865847172783</SimpleData>
		<SimpleData name="KM">KM 1.5</SimpleData>
		<SimpleData name="Latitude">1.370</SimpleData>
		<SimpleData name="Longitude">103.6118609265</SimpleData>
	</SchemaData></ExtendedData>
      <Point><coordinates>103.611860926517,1.37040345379105,0</coordinates></Point>
  </Placemark>
  <Placemark id="interpolated_points_second_link_hala_jpo.17">
	<name>SECOND LINK HALA JPO</name>
	<ExtendedData><SchemaData schemaUrl="#interpolated_points_second_link_hala_jpo">
		<SimpleData name="fid">1</SimpleData>
		<SimpleData name="tessellate">1</SimpleData>
		<SimpleData name="extrude">0</SimpleData>
		<SimpleData name="visibility">-1</SimpleData>
		<SimpleData name="distance">1600</SimpleData>
		<SimpleData name="angle">321.807345109786</SimpleData>
		<SimpleData name="KM">KM 1.6</SimpleData>
		<SimpleData name="Latitude">1.371</SimpleData>
		<SimpleData name="Longitude">103.6113399178</SimpleData>
	</SchemaData></ExtendedData>
      <Point><coordinates>103.61133991779,1.37113843838669,0</coordinates></Point>
  </Placemark>
  <Placemark id="interpolated_points_second_link_hala_jpo.18">
	<name>SECOND LINK HALA JPO</name>
	<ExtendedData><SchemaData schemaUrl="#interpolated_points_second_link_hala_jpo">
		<SimpleData name="fid">1</SimpleData>
		<SimpleData name="tessellate">1</SimpleData>
		<SimpleData name="extrude">0</SimpleData>
		<SimpleData name="visibility">-1</SimpleData>
		<SimpleData name="distance">1700</SimpleData>
		<SimpleData name="angle">318.030055239517</SimpleData>
		<SimpleData name="KM">KM 1.7</SimpleData>
		<SimpleData name="Latitude">1.372</SimpleData>
		<SimpleData name="Longitude">103.6107570539</SimpleData>
	</SchemaData></ExtendedData>
      <Point><coordinates>103.610757053898,1.37182623389949,0</coordinates></Point>
  </Placemark>
  <Placemark id="interpolated_points_second_link_hala_jpo.19">
	<name>SECOND LINK HALA JPO</name>
	<ExtendedData><SchemaData schemaUrl="#interpolated_points_second_link_hala_jpo">
		<SimpleData name="fid">1</SimpleData>
		<SimpleData name="tessellate">1</SimpleData>
		<SimpleData name="extrude">0</SimpleData>
		<SimpleData name="visibility">-1</SimpleData>
		<SimpleData name="distance">1800</SimpleData>
		<SimpleData name="angle">313.844247833732</SimpleData>
		<SimpleData name="KM">KM 1.8</SimpleData>
		<SimpleData name="Latitude">1.372</SimpleData>
		<SimpleData name="Longitude">103.6101195883</SimpleData>
	</SchemaData></ExtendedData>
      <Point><coordinates>103.610119588278,1.3724635009905,0</coordinates></Point>
  </Placemark>
  <Placemark id="interpolated_points_second_link_hala_jpo.20">
	<name>SECOND LINK HALA JPO</name>
	<ExtendedData><SchemaData schemaUrl="#interpolated_points_second_link_hala_jpo">
		<SimpleData name="fid">1</SimpleData>
		<SimpleData name="tessellate">1</SimpleData>
		<SimpleData name="extrude">0</SimpleData>
		<SimpleData name="visibility">-1</SimpleData>
		<SimpleData name="distance">1900</SimpleData>
		<SimpleData name="angle">307.853588078274</SimpleData>
		<SimpleData name="KM">KM 1.9</SimpleData>
		<SimpleData name="Latitude">1.373</SimpleData>
		<SimpleData name="Longitude">103.6094425304</SimpleData>
	</SchemaData></ExtendedData>
      <Point><coordinates>103.6094425304,1.37305708563479,0</coordinates></Point>
  </Placemark>
  <Placemark id="interpolated_points_second_link_hala_jpo.21">
	<name>SECOND LINK HALA JPO</name>
	<ExtendedData><SchemaData schemaUrl="#interpolated_points_second_link_hala_jpo">
		<SimpleData name="fid">1</SimpleData>
		<SimpleData name="tessellate">1</SimpleData>
		<SimpleData name="extrude">0</SimpleData>
		<SimpleData name="visibility">-1</SimpleData>
		<SimpleData name="distance">2000</SimpleData>
		<SimpleData name="angle">304.37020396494</SimpleData>
		<SimpleData name="KM">KM 2.0</SimpleData>
		<SimpleData name="Latitude">1.374</SimpleData>
		<SimpleData name="Longitude">103.6087172592</SimpleData>
	</SchemaData></ExtendedData>
      <Point><coordinates>103.608717259155,1.37359063433485,0</coordinates></Point>
  </Placemark>
  <Placemark id="interpolated_points_second_link_hala_jpo.22">
	<name>SECOND LINK HALA JPO</name>
	<ExtendedData><SchemaData schemaUrl="#interpolated_points_second_link_hala_jpo">
		<SimpleData name="fid">1</SimpleData>
		<SimpleData name="tessellate">1</SimpleData>
		<SimpleData name="extrude">0</SimpleData>
		<SimpleData name="visibility">-1</SimpleData>
		<SimpleData name="distance">2100</SimpleData>
		<SimpleData name="angle">301.029936550021</SimpleData>
		<SimpleData name="KM">KM 2.1</SimpleData>
		<SimpleData name="Latitude">1.374</SimpleData>
		<SimpleData name="Longitude">103.6079647110</SimpleData>
	</SchemaData></ExtendedData>
      <Point><coordinates>103.607964710969,1.3740834305879,0</coordinates></Point>
  </Placemark>
  <Placemark id="interpolated_points_second_link_hala_jpo.23">
	<name>SECOND LINK HALA JPO</name>
	<ExtendedData><SchemaData schemaUrl="#interpolated_points_second_link_hala_jpo">
		<SimpleData name="fid">1</SimpleData>
		<SimpleData name="tessellate">1</SimpleData>
		<SimpleData name="extrude">0</SimpleData>
		<SimpleData name="visibility">-1</SimpleData>
		<SimpleData name="distance">2200</SimpleData>
		<SimpleData name="angle">295.169281055718</SimpleData>
		<SimpleData name="KM">KM 2.2</SimpleData>
		<SimpleData name="Latitude">1.375</SimpleData>
		<SimpleData name="Longitude">103.6071721754</SimpleData>
	</SchemaData></ExtendedData>
      <Point><coordinates>103.607172175444,1.37450730609418,0</coordinates></Point>
  </Placemark>
  <Placemark id="interpolated_points_second_link_hala_jpo.24">
	<name>SECOND LINK HALA JPO</name>
	<ExtendedData><SchemaData schemaUrl="#interpolated_points_second_link_hala_jpo">
		<SimpleData name="fid">1</SimpleData>
		<SimpleData name="tessellate">1</SimpleData>
		<SimpleData name="extrude">0</SimpleData>
		<SimpleData name="visibility">-1</SimpleData>
		<SimpleData name="distance">2300</SimpleData>
		<SimpleData name="angle">291.245842407093</SimpleData>
		<SimpleData name="KM">KM 2.3</SimpleData>
		<SimpleData name="Latitude">1.375</SimpleData>
		<SimpleData name="Longitude">103.6063510666</SimpleData>
	</SchemaData></ExtendedData>
      <Point><coordinates>103.606351066601,1.37487427088481,0</coordinates></Point>
  </Placemark>
  <Placemark id="interpolated_points_second_link_hala_jpo.25">
	<name>SECOND LINK HALA JPO</name>
	<ExtendedData><SchemaData schemaUrl="#interpolated_points_second_link_hala_jpo">
		<SimpleData name="fid">1</SimpleData>
		<SimpleData name="tessellate">1</SimpleData>
		<SimpleData name="extrude">0</SimpleData>
		<SimpleData name="visibility">-1</SimpleData>
		<SimpleData name="distance">2400</SimpleData>
		<SimpleData name="angle">288.699604603143</SimpleData>
		<SimpleData name="KM">KM 2.4</SimpleData>
		<SimpleData name="Latitude">1.375</SimpleData>
		<SimpleData name="Longitude">103.6055136547</SimpleData>
	</SchemaData></ExtendedData>
      <Point><coordinates>103.605513654658,1.37519955743139,0</coordinates></Point>
  </Placemark>
  <Placemark id="interpolated_points_second_link_hala_jpo.26">
	<name>SECOND LINK HALA JPO</name>
	<ExtendedData><SchemaData schemaUrl="#interpolated_points_second_link_hala_jpo">
		<SimpleData name="fid">1</SimpleData>
		<SimpleData name="tessellate">1</SimpleData>
		<SimpleData name="extrude">0</SimpleData>
		<SimpleData name="visibility">-1</SimpleData>
		<SimpleData name="distance">2500</SimpleData>
		<SimpleData name="angle">287.830534478968</SimpleData>
		<SimpleData name="KM">KM 2.5</SimpleData>
		<SimpleData name="Latitude">1.375</SimpleData>
		<SimpleData name="Longitude">103.6046599178</SimpleData>
	</SchemaData></ExtendedData>
      <Point><coordinates>103.604659917822,1.37548187273166,0</coordinates></Point>
  </Placemark>
  <Placemark id="interpolated_points_second_link_hala_jpo.27">
	<name>SECOND LINK HALA JPO</name>
	<ExtendedData><SchemaData schemaUrl="#interpolated_points_second_link_hala_jpo">
		<SimpleData name="fid">1</SimpleData>
		<SimpleData name="tessellate">1</SimpleData>
		<SimpleData name="extrude">0</SimpleData>
		<SimpleData name="visibility">-1</SimpleData>
		<SimpleData name="distance">2600</SimpleData>
		<SimpleData name="angle">286.56379472253</SimpleData>
		<SimpleData name="KM">KM 2.6</SimpleData>
		<SimpleData name="Latitude">1.376</SimpleData>
		<SimpleData name="Longitude">103.6037996291</SimpleData>
	</SchemaData></ExtendedData>
      <Point><coordinates>103.603799629129,1.37574322768218,0</coordinates></Point>
  </Placemark>
  <Placemark id="interpolated_points_second_link_hala_jpo.28">
	<name>SECOND LINK HALA JPO</name>
	<ExtendedData><SchemaData schemaUrl="#interpolated_points_second_link_hala_jpo">
		<SimpleData name="fid">1</SimpleData>
		<SimpleData name="tessellate">1</SimpleData>
		<SimpleData name="extrude">0</SimpleData>
		<SimpleData name="visibility">-1</SimpleData>
		<SimpleData name="distance">2700</SimpleData>
		<SimpleData name="angle">287.429139203676</SimpleData>
		<SimpleData name="KM">KM 2.7</SimpleData>
		<SimpleData name="Latitude">1.376</SimpleData>
		<SimpleData name="Longitude">103.6029505482</SimpleData>
	</SchemaData></ExtendedData>
      <Point><coordinates>103.602950548227,1.3760387460749,0</coordinates></Point>
  </Placemark>
  <Placemark id="interpolated_points_second_link_hala_jpo.29">
	<name>SECOND LINK HALA JPO</name>
	<ExtendedData><SchemaData schemaUrl="#interpolated_points_second_link_hala_jpo">
		<SimpleData name="fid">1</SimpleData>
		<SimpleData name="tessellate">1</SimpleData>
		<SimpleData name="extrude">0</SimpleData>
		<SimpleData name="visibility">-1</SimpleData>
		<SimpleData name="distance">2800</SimpleData>
		<SimpleData name="angle">287.429139203676</SimpleData>
		<SimpleData name="KM">KM 2.8</SimpleData>
		<SimpleData name="Latitude">1.376</SimpleData>
		<SimpleData name="Longitude">103.6020929867</SimpleData>
	</SchemaData></ExtendedData>
      <Point><coordinates>103.602092986704,1.37630914839432,0</coordinates></Point>
  </Placemark>
  <Placemark id="interpolated_points_second_link_hala_jpo.30">
	<name>SECOND LINK HALA JPO</name>
	<ExtendedData><SchemaData schemaUrl="#interpolated_points_second_link_hala_jpo">
		<SimpleData name="fid">1</SimpleData>
		<SimpleData name="tessellate">1</SimpleData>
		<SimpleData name="extrude">0</SimpleData>
		<SimpleData name="visibility">-1</SimpleData>
		<SimpleData name="distance">2900</SimpleData>
		<SimpleData name="angle">288.35841586652</SimpleData>
		<SimpleData name="KM">KM 2.9</SimpleData>
		<SimpleData name="Latitude">1.377</SimpleData>
		<SimpleData name="Longitude">103.6012431734</SimpleData>
	</SchemaData></ExtendedData>
      <Point><coordinates>103.601243173355,1.37660227555912,0</coordinates></Point>
  </Placemark>
  <Placemark id="interpolated_points_second_link_hala_jpo.31">
	<name>SECOND LINK HALA JPO</name>
	<ExtendedData><SchemaData schemaUrl="#interpolated_points_second_link_hala_jpo">
		<SimpleData name="fid">1</SimpleData>
		<SimpleData name="tessellate">1</SimpleData>
		<SimpleData name="extrude">0</SimpleData>
		<SimpleData name="visibility">-1</SimpleData>
		<SimpleData name="distance">3000</SimpleData>
		<SimpleData name="angle">283.983515728509</SimpleData>
		<SimpleData name="KM">KM 3.0</SimpleData>
		<SimpleData name="Latitude">1.377</SimpleData>
		<SimpleData name="Longitude">103.6003774560</SimpleData>
	</SchemaData></ExtendedData>
      <Point><coordinates>103.600377455994,1.37683563603855,0</coordinates></Point>
  </Placemark>
  <Placemark id="interpolated_points_second_link_hala_jpo.32">
	<name>SECOND LINK HALA JPO</name>
	<ExtendedData><SchemaData schemaUrl="#interpolated_points_second_link_hala_jpo">
		<SimpleData name="fid">1</SimpleData>
		<SimpleData name="tessellate">1</SimpleData>
		<SimpleData name="extrude">0</SimpleData>
		<SimpleData name="visibility">-1</SimpleData>
		<SimpleData name="distance">3100</SimpleData>
		<SimpleData name="angle">284.81826469684</SimpleData>
		<SimpleData name="KM">KM 3.1</SimpleData>
		<SimpleData name="Latitude">1.377</SimpleData>
		<SimpleData name="Longitude">103.5995074384</SimpleData>
	</SchemaData></ExtendedData>
      <Point><coordinates>103.599507438373,1.37706208669396,0</coordinates></Point>
  </Placemark>
  <Placemark id="interpolated_points_second_link_hala_jpo.33">
	<name>SECOND LINK HALA JPO</name>
	<ExtendedData><SchemaData schemaUrl="#interpolated_points_second_link_hala_jpo">
		<SimpleData name="fid">1</SimpleData>
		<SimpleData name="tessellate">1</SimpleData>
		<SimpleData name="extrude">0</SimpleData>
		<SimpleData name="visibility">-1</SimpleData>
		<SimpleData name="distance">3200</SimpleData>
		<SimpleData name="angle">288.14175608864</SimpleData>
		<SimpleData name="KM">KM 3.2</SimpleData>
		<SimpleData name="Latitude">1.377</SimpleData>
		<SimpleData name="Longitude">103.5986521398</SimpleData>
	</SchemaData></ExtendedData>
      <Point><coordinates>103.59865213979,1.37733929576583,0</coordinates></Point>
  </Placemark>
  <Placemark id="interpolated_points_second_link_hala_jpo.34">
	<name>SECOND LINK HALA JPO</name>
	<ExtendedData><SchemaData schemaUrl="#interpolated_points_second_link_hala_jpo">
		<SimpleData name="fid">1</SimpleData>
		<SimpleData name="tessellate">1</SimpleData>
		<SimpleData name="extrude">0</SimpleData>
		<SimpleData name="visibility">-1</SimpleData>
		<SimpleData name="distance">3300</SimpleData>
		<SimpleData name="angle">298.181104564677</SimpleData>
		<SimpleData name="KM">KM 3.3</SimpleData>
		<SimpleData name="Latitude">1.378</SimpleData>
		<SimpleData name="Longitude">103.5978173140</SimpleData>
	</SchemaData></ExtendedData>
      <Point><coordinates>103.597817314032,1.37766990783036,0</coordinates></Point>
  </Placemark>
  <Placemark id="interpolated_points_second_link_hala_jpo.35">
	<name>SECOND LINK HALA JPO</name>
	<ExtendedData><SchemaData schemaUrl="#interpolated_points_second_link_hala_jpo">
		<SimpleData name="fid">1</SimpleData>
		<SimpleData name="tessellate">1</SimpleData>
		<SimpleData name="extrude">0</SimpleData>
		<SimpleData name="visibility">-1</SimpleData>
		<SimpleData name="distance">3400</SimpleData>
		<SimpleData name="angle">305.88622402646</SimpleData>
		<SimpleData name="KM">KM 3.4</SimpleData>
		<SimpleData name="Latitude">1.378</SimpleData>
		<SimpleData name="Longitude">103.5971097235</SimpleData>
	</SchemaData></ExtendedData>
      <Point><coordinates>103.597109723478,1.37822111019999,0</coordinates></Point>
  </Placemark>
  <Placemark id="interpolated_points_second_link_hala_jpo.36">
	<name>SECOND LINK HALA JPO</name>
	<ExtendedData><SchemaData schemaUrl="#interpolated_points_second_link_hala_jpo">
		<SimpleData name="fid">1</SimpleData>
		<SimpleData name="tessellate">1</SimpleData>
		<SimpleData name="extrude">0</SimpleData>
		<SimpleData name="visibility">-1</SimpleData>
		<SimpleData name="distance">3500</SimpleData>
		<SimpleData name="angle">308.738563863045</SimpleData>
		<SimpleData name="KM">KM 3.5</SimpleData>
		<SimpleData name="Latitude">1.379</SimpleData>
		<SimpleData name="Longitude">103.5963847747</SimpleData>
	</SchemaData></ExtendedData>
      <Point><coordinates>103.596384774685,1.3787545365548,0</coordinates></Point>
  </Placemark>
  <Placemark id="interpolated_points_second_link_hala_jpo.37">
	<name>SECOND LINK HALA JPO</name>
	<ExtendedData><SchemaData schemaUrl="#interpolated_points_second_link_hala_jpo">
		<SimpleData name="fid">1</SimpleData>
		<SimpleData name="tessellate">1</SimpleData>
		<SimpleData name="extrude">0</SimpleData>
		<SimpleData name="visibility">-1</SimpleData>
		<SimpleData name="distance">3600</SimpleData>
		<SimpleData name="angle">308.334867376086</SimpleData>
		<SimpleData name="KM">KM 3.6</SimpleData>
		<SimpleData name="Latitude">1.379</SimpleData>
		<SimpleData name="Longitude">103.5956893994</SimpleData>
	</SchemaData></ExtendedData>
      <Point><coordinates>103.595689399366,1.37932688770184,0</coordinates></Point>
  </Placemark>
  <Placemark id="interpolated_points_second_link_hala_jpo.38">
	<name>SECOND LINK HALA JPO</name>
	<ExtendedData><SchemaData schemaUrl="#interpolated_points_second_link_hala_jpo">
		<SimpleData name="fid">1</SimpleData>
		<SimpleData name="tessellate">1</SimpleData>
		<SimpleData name="extrude">0</SimpleData>
		<SimpleData name="visibility">-1</SimpleData>
		<SimpleData name="distance">3700</SimpleData>
		<SimpleData name="angle">311.275013263369</SimpleData>
		<SimpleData name="KM">KM 3.7</SimpleData>
		<SimpleData name="Latitude">1.380</SimpleData>
		<SimpleData name="Longitude">103.5949922264</SimpleData>
	</SchemaData></ExtendedData>
      <Point><coordinates>103.594992226369,1.37989685908737,0</coordinates></Point>
  </Placemark>
  <Placemark id="interpolated_points_second_link_hala_jpo.39">
	<name>SECOND LINK HALA JPO</name>
	<ExtendedData><SchemaData schemaUrl="#interpolated_points_second_link_hala_jpo">
		<SimpleData name="fid">1</SimpleData>
		<SimpleData name="tessellate">1</SimpleData>
		<SimpleData name="extrude">0</SimpleData>
		<SimpleData name="visibility">-1</SimpleData>
		<SimpleData name="distance">3800</SimpleData>
		<SimpleData name="angle">314.849879416533</SimpleData>
		<SimpleData name="KM">KM 3.8</SimpleData>
		<SimpleData name="Latitude">1.380</SimpleData>
		<SimpleData name="Longitude">103.5943167051</SimpleData>
	</SchemaData></ExtendedData>
      <Point><coordinates>103.594316705104,1.38049329489722,0</coordinates></Point>
  </Placemark>
  <Placemark id="interpolated_points_second_link_hala_jpo.40">
	<name>SECOND LINK HALA JPO</name>
	<ExtendedData><SchemaData schemaUrl="#interpolated_points_second_link_hala_jpo">
		<SimpleData name="fid">1</SimpleData>
		<SimpleData name="tessellate">1</SimpleData>
		<SimpleData name="extrude">0</SimpleData>
		<SimpleData name="visibility">-1</SimpleData>
		<SimpleData name="distance">3900</SimpleData>
		<SimpleData name="angle">327.037501855138</SimpleData>
		<SimpleData name="KM">KM 3.9</SimpleData>
		<SimpleData name="Latitude">1.381</SimpleData>
		<SimpleData name="Longitude">103.5937751679</SimpleData>
	</SchemaData></ExtendedData>
      <Point><coordinates>103.593775167884,1.38121198978159,0</coordinates></Point>
  </Placemark>
  <Placemark id="interpolated_points_second_link_hala_jpo.41">
	<name>SECOND LINK HALA JPO</name>
	<ExtendedData><SchemaData schemaUrl="#interpolated_points_second_link_hala_jpo">
		<SimpleData name="fid">1</SimpleData>
		<SimpleData name="tessellate">1</SimpleData>
		<SimpleData name="extrude">0</SimpleData>
		<SimpleData name="visibility">-1</SimpleData>
		<SimpleData name="distance">4000</SimpleData>
		<SimpleData name="angle">341.488310355779</SimpleData>
		<SimpleData name="KM">KM 4.0</SimpleData>
		<SimpleData name="Latitude">1.382</SimpleData>
		<SimpleData name="Longitude">103.5934169817</SimpleData>
	</SchemaData></ExtendedData>
      <Point><coordinates>103.593416981701,1.38203905490125,0</coordinates></Point>
  </Placemark>
  <Placemark id="interpolated_points_second_link_hala_jpo.42">
	<name>SECOND LINK HALA JPO</name>
	<ExtendedData><SchemaData schemaUrl="#interpolated_points_second_link_hala_jpo">
		<SimpleData name="fid">1</SimpleData>
		<SimpleData name="tessellate">1</SimpleData>
		<SimpleData name="extrude">0</SimpleData>
		<SimpleData name="visibility">-1</SimpleData>
		<SimpleData name="distance">4100</SimpleData>
		<SimpleData name="angle">347.863611072796</SimpleData>
		<SimpleData name="KM">KM 4.1</SimpleData>
		<SimpleData name="Latitude">1.383</SimpleData>
		<SimpleData name="Longitude">103.5932285871</SimpleData>
	</SchemaData></ExtendedData>
      <Point><coordinates>103.593228587114,1.38292326039754,0</coordinates></Point>
  </Placemark>
  <Placemark id="interpolated_points_second_link_hala_jpo.43">
	<name>SECOND LINK HALA JPO</name>
	<ExtendedData><SchemaData schemaUrl="#interpolated_points_second_link_hala_jpo">
		<SimpleData name="fid">1</SimpleData>
		<SimpleData name="tessellate">1</SimpleData>
		<SimpleData name="extrude">0</SimpleData>
		<SimpleData name="visibility">-1</SimpleData>
		<SimpleData name="distance">4200</SimpleData>
		<SimpleData name="angle">347.863611072796</SimpleData>
		<SimpleData name="KM">KM 4.2</SimpleData>
		<SimpleData name="Latitude">1.384</SimpleData>
		<SimpleData name="Longitude">103.5930391319</SimpleData>
	</SchemaData></ExtendedData>
      <Point><coordinates>103.593039131887,1.38380738459402,0</coordinates></Point>
  </Placemark>
  <Placemark id="interpolated_points_second_link_hala_jpo.44">
	<name>SECOND LINK HALA JPO</name>
	<ExtendedData><SchemaData schemaUrl="#interpolated_points_second_link_hala_jpo">
		<SimpleData name="fid">1</SimpleData>
		<SimpleData name="tessellate">1</SimpleData>
		<SimpleData name="extrude">0</SimpleData>
		<SimpleData name="visibility">-1</SimpleData>
		<SimpleData name="distance">4300</SimpleData>
		<SimpleData name="angle">349.265326092306</SimpleData>
		<SimpleData name="KM">KM 4.3</SimpleData>
		<SimpleData name="Latitude">1.385</SimpleData>
		<SimpleData name="Longitude">103.5928701835</SimpleData>
	</SchemaData></ExtendedData>
      <Point><coordinates>103.592870183479,1.38469569632826,0</coordinates></Point>
  </Placemark>
  <Placemark id="interpolated_points_second_link_hala_jpo.45">
	<name>SECOND LINK HALA JPO</name>
	<ExtendedData><SchemaData schemaUrl="#interpolated_points_second_link_hala_jpo">
		<SimpleData name="fid">1</SimpleData>
		<SimpleData name="tessellate">1</SimpleData>
		<SimpleData name="extrude">0</SimpleData>
		<SimpleData name="visibility">-1</SimpleData>
		<SimpleData name="distance">4400</SimpleData>
		<SimpleData name="angle">349.962915799888</SimpleData>
		<SimpleData name="KM">KM 4.4</SimpleData>
		<SimpleData name="Latitude">1.386</SimpleData>
		<SimpleData name="Longitude">103.5927193336</SimpleData>
	</SchemaData></ExtendedData>
      <Point><coordinates>103.592719333568,1.38558710989095,0</coordinates></Point>
  </Placemark>
  <Placemark id="interpolated_points_second_link_hala_jpo.46">
	<name>SECOND LINK HALA JPO</name>
	<ExtendedData><SchemaData schemaUrl="#interpolated_points_second_link_hala_jpo">
		<SimpleData name="fid">1</SimpleData>
		<SimpleData name="tessellate">1</SimpleData>
		<SimpleData name="extrude">0</SimpleData>
		<SimpleData name="visibility">-1</SimpleData>
		<SimpleData name="distance">4500</SimpleData>
		<SimpleData name="angle">348.42715589847</SimpleData>
		<SimpleData name="KM">KM 4.5</SimpleData>
		<SimpleData name="Latitude">1.386</SimpleData>
		<SimpleData name="Longitude">103.5925534801</SimpleData>
	</SchemaData></ExtendedData>
      <Point><coordinates>103.59255348005,1.38647594783582,0</coordinates></Point>
  </Placemark>
  <Placemark id="interpolated_points_second_link_hala_jpo.47">
	<name>SECOND LINK HALA JPO</name>
	<ExtendedData><SchemaData schemaUrl="#interpolated_points_second_link_hala_jpo">
		<SimpleData name="fid">1</SimpleData>
		<SimpleData name="tessellate">1</SimpleData>
		<SimpleData name="extrude">0</SimpleData>
		<SimpleData name="visibility">-1</SimpleData>
		<SimpleData name="distance">4600</SimpleData>
		<SimpleData name="angle">343.991261839859</SimpleData>
		<SimpleData name="KM">KM 4.6</SimpleData>
		<SimpleData name="Latitude">1.387</SimpleData>
		<SimpleData name="Longitude">103.5923389013</SimpleData>
	</SchemaData></ExtendedData>
      <Point><coordinates>103.592338901304,1.3873538454593,0</coordinates></Point>
  </Placemark>
  <Placemark id="interpolated_points_second_link_hala_jpo.48">
	<name>SECOND LINK HALA JPO</name>
	<ExtendedData><SchemaData schemaUrl="#interpolated_points_second_link_hala_jpo">
		<SimpleData name="fid">1</SimpleData>
		<SimpleData name="tessellate">1</SimpleData>
		<SimpleData name="extrude">0</SimpleData>
		<SimpleData name="visibility">-1</SimpleData>
		<SimpleData name="distance">4700</SimpleData>
		<SimpleData name="angle">336.830804355943</SimpleData>
		<SimpleData name="KM">KM 4.7</SimpleData>
		<SimpleData name="Latitude">1.388</SimpleData>
		<SimpleData name="Longitude">103.5920212850</SimpleData>
	</SchemaData></ExtendedData>
      <Point><coordinates>103.592021284987,1.38819915705682,0</coordinates></Point>
  </Placemark>
  <Placemark id="interpolated_points_second_link_hala_jpo.49">
	<name>SECOND LINK HALA JPO</name>
	<ExtendedData><SchemaData schemaUrl="#interpolated_points_second_link_hala_jpo">
		<SimpleData name="fid">1</SimpleData>
		<SimpleData name="tessellate">1</SimpleData>
		<SimpleData name="extrude">0</SimpleData>
		<SimpleData name="visibility">-1</SimpleData>
		<SimpleData name="distance">4800</SimpleData>
		<SimpleData name="angle">329.109542078054</SimpleData>
		<SimpleData name="KM">KM 4.8</SimpleData>
		<SimpleData name="Latitude">1.389</SimpleData>
		<SimpleData name="Longitude">103.5916303739</SimpleData>
	</SchemaData></ExtendedData>
      <Point><coordinates>103.591630373938,1.38901297179735,0</coordinates></Point>
  </Placemark>
  <Placemark id="interpolated_points_second_link_hala_jpo.50">
	<name>SECOND LINK HALA JPO</name>
	<ExtendedData><SchemaData schemaUrl="#interpolated_points_second_link_hala_jpo">
		<SimpleData name="fid">1</SimpleData>
		<SimpleData name="tessellate">1</SimpleData>
		<SimpleData name="extrude">0</SimpleData>
		<SimpleData name="visibility">-1</SimpleData>
		<SimpleData name="distance">4900</SimpleData>
		<SimpleData name="angle">322.987598207117</SimpleData>
		<SimpleData name="KM">KM 4.9</SimpleData>
		<SimpleData name="Latitude">1.390</SimpleData>
		<SimpleData name="Longitude">103.5911515381</SimpleData>
	</SchemaData></ExtendedData>
      <Point><coordinates>103.591151538084,1.3897779492286,0</coordinates></Point>
  </Placemark>
  <Placemark id="interpolated_points_second_link_hala_jpo.51">
	<name>SECOND LINK HALA JPO</name>
	<ExtendedData><SchemaData schemaUrl="#interpolated_points_second_link_hala_jpo">
		<SimpleData name="fid">1</SimpleData>
		<SimpleData name="tessellate">1</SimpleData>
		<SimpleData name="extrude">0</SimpleData>
		<SimpleData name="visibility">-1</SimpleData>
		<SimpleData name="distance">5000</SimpleData>
		<SimpleData name="angle">320.425893432685</SimpleData>
		<SimpleData name="KM">KM 5.0</SimpleData>
		<SimpleData name="Latitude">1.391</SimpleData>
		<SimpleData name="Longitude">103.5906173786</SimpleData>
	</SchemaData></ExtendedData>
      <Point><coordinates>103.590617378597,1.39050480985542,0</coordinates></Point>
  </Placemark>
  <Placemark id="interpolated_points_second_link_hala_jpo.52">
	<name>SECOND LINK HALA JPO</name>
	<ExtendedData><SchemaData schemaUrl="#interpolated_points_second_link_hala_jpo">
		<SimpleData name="fid">1</SimpleData>
		<SimpleData name="tessellate">1</SimpleData>
		<SimpleData name="extrude">0</SimpleData>
		<SimpleData name="visibility">-1</SimpleData>
		<SimpleData name="distance">5100</SimpleData>
		<SimpleData name="angle">319.08871458257</SimpleData>
		<SimpleData name="KM">KM 5.1</SimpleData>
		<SimpleData name="Latitude">1.391</SimpleData>
		<SimpleData name="Longitude">103.5900361111</SimpleData>
	</SchemaData></ExtendedData>
      <Point><coordinates>103.590036111052,1.39119451118371,0</coordinates></Point>
  </Placemark>
  <Placemark id="interpolated_points_second_link_hala_jpo.53">
	<name>SECOND LINK HALA JPO</name>
	<ExtendedData><SchemaData schemaUrl="#interpolated_points_second_link_hala_jpo">
		<SimpleData name="fid">1</SimpleData>
		<SimpleData name="tessellate">1</SimpleData>
		<SimpleData name="extrude">0</SimpleData>
		<SimpleData name="visibility">-1</SimpleData>
		<SimpleData name="distance">5200</SimpleData>
		<SimpleData name="angle">319.08871458257</SimpleData>
		<SimpleData name="KM">KM 5.2</SimpleData>
		<SimpleData name="Latitude">1.392</SimpleData>
		<SimpleData name="Longitude">103.5894471793</SimpleData>
	</SchemaData></ExtendedData>
      <Point><coordinates>103.589447179268,1.39187767217699,0</coordinates></Point>
  </Placemark>
  <Placemark id="interpolated_points_second_link_hala_jpo.54">
	<name>SECOND LINK HALA JPO</name>
	<ExtendedData><SchemaData schemaUrl="#interpolated_points_second_link_hala_jpo">
		<SimpleData name="fid">1</SimpleData>
		<SimpleData name="tessellate">1</SimpleData>
		<SimpleData name="extrude">0</SimpleData>
		<SimpleData name="visibility">-1</SimpleData>
		<SimpleData name="distance">5300</SimpleData>
		<SimpleData name="angle">325.677078155585</SimpleData>
		<SimpleData name="KM">KM 5.3</SimpleData>
		<SimpleData name="Latitude">1.393</SimpleData>
		<SimpleData name="Longitude">103.5889015554</SimpleData>
	</SchemaData></ExtendedData>
      <Point><coordinates>103.588901555397,1.39259493238646,0</coordinates></Point>
  </Placemark>
  <Placemark id="interpolated_points_second_link_hala_jpo.55">
	<name>SECOND LINK HALA JPO</name>
	<ExtendedData><SchemaData schemaUrl="#interpolated_points_second_link_hala_jpo">
		<SimpleData name="fid">1</SimpleData>
		<SimpleData name="tessellate">1</SimpleData>
		<SimpleData name="extrude">0</SimpleData>
		<SimpleData name="visibility">-1</SimpleData>
		<SimpleData name="distance">5400</SimpleData>
		<SimpleData name="angle">328.440925094922</SimpleData>
		<SimpleData name="KM">KM 5.4</SimpleData>
		<SimpleData name="Latitude">1.393</SimpleData>
		<SimpleData name="Longitude">103.5884111994</SimpleData>
	</SchemaData></ExtendedData>
      <Point><coordinates>103.588411199363,1.39335258288034,0</coordinates></Point>
  </Placemark>
  <Placemark id="interpolated_points_second_link_hala_jpo.56">
	<name>SECOND LINK HALA JPO</name>
	<ExtendedData><SchemaData schemaUrl="#interpolated_points_second_link_hala_jpo">
		<SimpleData name="fid">1</SimpleData>
		<SimpleData name="tessellate">1</SimpleData>
		<SimpleData name="extrude">0</SimpleData>
		<SimpleData name="visibility">-1</SimpleData>
		<SimpleData name="distance">5500</SimpleData>
		<SimpleData name="angle">336.269681360697</SimpleData>
		<SimpleData name="KM">KM 5.5</SimpleData>
		<SimpleData name="Latitude">1.394</SimpleData>
		<SimpleData name="Longitude">103.5880085273</SimpleData>
	</SchemaData></ExtendedData>
      <Point><coordinates>103.588008527305,1.39416050904292,0</coordinates></Point>
  </Placemark>
  <Placemark id="interpolated_points_second_link_hala_jpo.57">
	<name>SECOND LINK HALA JPO</name>
	<ExtendedData><SchemaData schemaUrl="#interpolated_points_second_link_hala_jpo">
		<SimpleData name="fid">1</SimpleData>
		<SimpleData name="tessellate">1</SimpleData>
		<SimpleData name="extrude">0</SimpleData>
		<SimpleData name="visibility">-1</SimpleData>
		<SimpleData name="distance">5600</SimpleData>
		<SimpleData name="angle">339.93291502361</SimpleData>
		<SimpleData name="KM">KM 5.6</SimpleData>
		<SimpleData name="Latitude">1.395</SimpleData>
		<SimpleData name="Longitude">103.5876809248</SimpleData>
	</SchemaData></ExtendedData>
      <Point><coordinates>103.587680924812,1.39500245678468,0</coordinates></Point>
  </Placemark>
  <Placemark id="interpolated_points_second_link_hala_jpo.58">
	<name>SECOND LINK HALA JPO</name>
	<ExtendedData><SchemaData schemaUrl="#interpolated_points_second_link_hala_jpo">
		<SimpleData name="fid">1</SimpleData>
		<SimpleData name="tessellate">1</SimpleData>
		<SimpleData name="extrude">0</SimpleData>
		<SimpleData name="visibility">-1</SimpleData>
		<SimpleData name="distance">5700</SimpleData>
		<SimpleData name="angle">346.627202237804</SimpleData>
		<SimpleData name="KM">KM 5.7</SimpleData>
		<SimpleData name="Latitude">1.396</SimpleData>
		<SimpleData name="Longitude">103.5874454237</SimpleData>
	</SchemaData></ExtendedData>
      <Point><coordinates>103.587445423685,1.3958748778044,0</coordinates></Point>
  </Placemark>
  <Placemark id="interpolated_points_second_link_hala_jpo.59">
	<name>SECOND LINK HALA JPO</name>
	<ExtendedData><SchemaData schemaUrl="#interpolated_points_second_link_hala_jpo">
		<SimpleData name="fid">1</SimpleData>
		<SimpleData name="tessellate">1</SimpleData>
		<SimpleData name="extrude">0</SimpleData>
		<SimpleData name="visibility">-1</SimpleData>
		<SimpleData name="distance">5800</SimpleData>
		<SimpleData name="angle">354.287339131033</SimpleData>
		<SimpleData name="KM">KM 5.8</SimpleData>
		<SimpleData name="Latitude">1.397</SimpleData>
		<SimpleData name="Longitude">103.5872934304</SimpleData>
	</SchemaData></ExtendedData>
      <Point><coordinates>103.58729343042,1.39676569580698,0</coordinates></Point>
  </Placemark>
  <Placemark id="interpolated_points_second_link_hala_jpo.60">
	<name>SECOND LINK HALA JPO</name>
	<ExtendedData><SchemaData schemaUrl="#interpolated_points_second_link_hala_jpo">
		<SimpleData name="fid">1</SimpleData>
		<SimpleData name="tessellate">1</SimpleData>
		<SimpleData name="extrude">0</SimpleData>
		<SimpleData name="visibility">-1</SimpleData>
		<SimpleData name="distance">5900</SimpleData>
		<SimpleData name="angle">358.11303483752</SimpleData>
		<SimpleData name="KM">KM 5.9</SimpleData>
		<SimpleData name="Latitude">1.398</SimpleData>
		<SimpleData name="Longitude">103.5872231120</SimpleData>
	</SchemaData></ExtendedData>
      <Point><coordinates>103.58722311196,1.3976666413331,0</coordinates></Point>
  </Placemark>
  <Placemark id="interpolated_points_second_link_hala_jpo.61">
	<name>SECOND LINK HALA JPO</name>
	<ExtendedData><SchemaData schemaUrl="#interpolated_points_second_link_hala_jpo">
		<SimpleData name="fid">1</SimpleData>
		<SimpleData name="tessellate">1</SimpleData>
		<SimpleData name="extrude">0</SimpleData>
		<SimpleData name="visibility">-1</SimpleData>
		<SimpleData name="distance">6000</SimpleData>
		<SimpleData name="angle">6.65841785982452</SimpleData>
		<SimpleData name="KM">KM 6.0</SimpleData>
		<SimpleData name="Latitude">1.399</SimpleData>
		<SimpleData name="Longitude">103.5872469436</SimpleData>
	</SchemaData></ExtendedData>
      <Point><coordinates>103.587246943628,1.39857017808839,0</coordinates></Point>
  </Placemark>
  <Placemark id="interpolated_points_second_link_hala_jpo.62">
	<name>SECOND LINK HALA JPO</name>
	<ExtendedData><SchemaData schemaUrl="#interpolated_points_second_link_hala_jpo">
		<SimpleData name="fid">1</SimpleData>
		<SimpleData name="tessellate">1</SimpleData>
		<SimpleData name="extrude">0</SimpleData>
		<SimpleData name="visibility">-1</SimpleData>
		<SimpleData name="distance">6100</SimpleData>
		<SimpleData name="angle">8.51491789887697</SimpleData>
		<SimpleData name="KM">KM 6.1</SimpleData>
		<SimpleData name="Latitude">1.399</SimpleData>
		<SimpleData name="Longitude">103.5873657925</SimpleData>
	</SchemaData></ExtendedData>
      <Point><coordinates>103.587365792463,1.39946659905867,0</coordinates></Point>
  </Placemark>
  <Placemark id="interpolated_points_second_link_hala_jpo.63">
	<name>SECOND LINK HALA JPO</name>
	<ExtendedData><SchemaData schemaUrl="#interpolated_points_second_link_hala_jpo">
		<SimpleData name="fid">1</SimpleData>
		<SimpleData name="tessellate">1</SimpleData>
		<SimpleData name="extrude">0</SimpleData>
		<SimpleData name="visibility">-1</SimpleData>
		<SimpleData name="distance">6200</SimpleData>
		<SimpleData name="angle">16.5238176697273</SimpleData>
		<SimpleData name="KM">KM 6.2</SimpleData>
		<SimpleData name="Latitude">1.400</SimpleData>
		<SimpleData name="Longitude">103.5875734162</SimpleData>
	</SchemaData></ExtendedData>
      <Point><coordinates>103.58757341616,1.40034561492066,0</coordinates></Point>
  </Placemark>
  <Placemark id="interpolated_points_second_link_hala_jpo.64">
	<name>SECOND LINK HALA JPO</name>
	<ExtendedData><SchemaData schemaUrl="#interpolated_points_second_link_hala_jpo">
		<SimpleData name="fid">1</SimpleData>
		<SimpleData name="tessellate">1</SimpleData>
		<SimpleData name="extrude">0</SimpleData>
		<SimpleData name="visibility">-1</SimpleData>
		<SimpleData name="distance">6300</SimpleData>
		<SimpleData name="angle">20.7116922651295</SimpleData>
		<SimpleData name="KM">KM 6.3</SimpleData>
		<SimpleData name="Latitude">1.401</SimpleData>
		<SimpleData name="Longitude">103.5878393742</SimpleData>
	</SchemaData></ExtendedData>
      <Point><coordinates>103.587839374167,1.40120833110788,0</coordinates></Point>
  </Placemark>
  <Placemark id="interpolated_points_second_link_hala_jpo.65">
	<name>SECOND LINK HALA JPO</name>
	<ExtendedData><SchemaData schemaUrl="#interpolated_points_second_link_hala_jpo">
		<SimpleData name="fid">1</SimpleData>
		<SimpleData name="tessellate">1</SimpleData>
		<SimpleData name="extrude">0</SimpleData>
		<SimpleData name="visibility">-1</SimpleData>
		<SimpleData name="distance">6400</SimpleData>
		<SimpleData name="angle">27.6596685560424</SimpleData>
		<SimpleData name="KM">KM 6.4</SimpleData>
		<SimpleData name="Latitude">1.402</SimpleData>
		<SimpleData name="Longitude">103.5882209773</SimpleData>
	</SchemaData></ExtendedData>
      <Point><coordinates>103.58822097732,1.40202649484606,0</coordinates></Point>
  </Placemark>
  <Placemark id="interpolated_points_second_link_hala_jpo.66">
	<name>SECOND LINK HALA JPO</name>
	<ExtendedData><SchemaData schemaUrl="#interpolated_points_second_link_hala_jpo">
		<SimpleData name="fid">1</SimpleData>
		<SimpleData name="tessellate">1</SimpleData>
		<SimpleData name="extrude">0</SimpleData>
		<SimpleData name="visibility">-1</SimpleData>
		<SimpleData name="distance">6500</SimpleData>
		<SimpleData name="angle">30.1755016874411</SimpleData>
		<SimpleData name="KM">KM 6.5</SimpleData>
		<SimpleData name="Latitude">1.403</SimpleData>
		<SimpleData name="Longitude">103.5886681401</SimpleData>
	</SchemaData></ExtendedData>
      <Point><coordinates>103.588668140061,1.40281077610614,0</coordinates></Point>
  </Placemark>
  <Placemark id="interpolated_points_second_link_hala_jpo.67">
	<name>SECOND LINK HALA JPO</name>
	<ExtendedData><SchemaData schemaUrl="#interpolated_points_second_link_hala_jpo">
		<SimpleData name="fid">1</SimpleData>
		<SimpleData name="tessellate">1</SimpleData>
		<SimpleData name="extrude">0</SimpleData>
		<SimpleData name="visibility">-1</SimpleData>
		<SimpleData name="distance">6600</SimpleData>
		<SimpleData name="angle">34.7806324111793</SimpleData>
		<SimpleData name="KM">KM 6.6</SimpleData>
		<SimpleData name="Latitude">1.404</SimpleData>
		<SimpleData name="Longitude">103.5891715700</SimpleData>
	</SchemaData></ExtendedData>
      <Point><coordinates>103.589171569963,1.4035591407388,0</coordinates></Point>
  </Placemark>
  <Placemark id="interpolated_points_second_link_hala_jpo.68">
	<name>SECOND LINK HALA JPO</name>
	<ExtendedData><SchemaData schemaUrl="#interpolated_points_second_link_hala_jpo">
		<SimpleData name="fid">1</SimpleData>
		<SimpleData name="tessellate">1</SimpleData>
		<SimpleData name="extrude">0</SimpleData>
		<SimpleData name="visibility">-1</SimpleData>
		<SimpleData name="distance">6700</SimpleData>
		<SimpleData name="angle">35.9628523992748</SimpleData>
		<SimpleData name="KM">KM 6.7</SimpleData>
		<SimpleData name="Latitude">1.404</SimpleData>
		<SimpleData name="Longitude">103.5896839257</SimpleData>
	</SchemaData></ExtendedData>
      <Point><coordinates>103.589683925709,1.40430211904092,0</coordinates></Point>
  </Placemark>
  <Placemark id="interpolated_points_second_link_hala_jpo.69">
	<name>SECOND LINK HALA JPO</name>
	<ExtendedData><SchemaData schemaUrl="#interpolated_points_second_link_hala_jpo">
		<SimpleData name="fid">1</SimpleData>
		<SimpleData name="tessellate">1</SimpleData>
		<SimpleData name="extrude">0</SimpleData>
		<SimpleData name="visibility">-1</SimpleData>
		<SimpleData name="distance">6800</SimpleData>
		<SimpleData name="angle">34.4341833158923</SimpleData>
		<SimpleData name="KM">KM 6.8</SimpleData>
		<SimpleData name="Latitude">1.405</SimpleData>
		<SimpleData name="Longitude">103.5901979971</SimpleData>
	</SchemaData></ExtendedData>
      <Point><coordinates>103.59019799711,1.40504392348474,0</coordinates></Point>
  </Placemark>
  <Placemark id="interpolated_points_second_link_hala_jpo.70">
	<name>SECOND LINK HALA JPO</name>
	<ExtendedData><SchemaData schemaUrl="#interpolated_points_second_link_hala_jpo">
		<SimpleData name="fid">1</SimpleData>
		<SimpleData name="tessellate">1</SimpleData>
		<SimpleData name="extrude">0</SimpleData>
		<SimpleData name="visibility">-1</SimpleData>
		<SimpleData name="distance">6900</SimpleData>
		<SimpleData name="angle">34.4341833158923</SimpleData>
		<SimpleData name="KM">KM 6.9</SimpleData>
		<SimpleData name="Latitude">1.406</SimpleData>
		<SimpleData name="Longitude">103.5907057107</SimpleData>
	</SchemaData></ExtendedData>
      <Point><coordinates>103.590705710712,1.40579020129369,0</coordinates></Point>
  </Placemark>
  <Placemark id="interpolated_points_second_link_hala_jpo.71">
	<name>SECOND LINK HALA JPO</name>
	<ExtendedData><SchemaData schemaUrl="#interpolated_points_second_link_hala_jpo">
		<SimpleData name="fid">1</SimpleData>
		<SimpleData name="tessellate">1</SimpleData>
		<SimpleData name="extrude">0</SimpleData>
		<SimpleData name="visibility">-1</SimpleData>
		<SimpleData name="distance">7000</SimpleData>
		<SimpleData name="angle">34.4060517271551</SimpleData>
		<SimpleData name="KM">KM 7.0</SimpleData>
		<SimpleData name="Latitude">1.407</SimpleData>
		<SimpleData name="Longitude">103.5912130993</SimpleData>
	</SchemaData></ExtendedData>
      <Point><coordinates>103.591213099313,1.40653670329225,0</coordinates></Point>
  </Placemark>
  <Placemark id="interpolated_points_second_link_hala_jpo.72">
	<name>SECOND LINK HALA JPO</name>
	<ExtendedData><SchemaData schemaUrl="#interpolated_points_second_link_hala_jpo">
		<SimpleData name="fid">1</SimpleData>
		<SimpleData name="tessellate">1</SimpleData>
		<SimpleData name="extrude">0</SimpleData>
		<SimpleData name="visibility">-1</SimpleData>
		<SimpleData name="distance">7100</SimpleData>
		<SimpleData name="angle">34.4926436469491</SimpleData>
		<SimpleData name="KM">KM 7.1</SimpleData>
		<SimpleData name="Latitude">1.407</SimpleData>
		<SimpleData name="Longitude">103.5917210244</SimpleData>
	</SchemaData></ExtendedData>
      <Point><coordinates>103.59172102436,1.40728283572978,0</coordinates></Point>
  </Placemark>
  <Placemark id="interpolated_points_second_link_hala_jpo.73">
	<name>SECOND LINK HALA JPO</name>
	<ExtendedData><SchemaData schemaUrl="#interpolated_points_second_link_hala_jpo">
		<SimpleData name="fid">1</SimpleData>
		<SimpleData name="tessellate">1</SimpleData>
		<SimpleData name="extrude">0</SimpleData>
		<SimpleData name="visibility">-1</SimpleData>
		<SimpleData name="distance">7200</SimpleData>
		<SimpleData name="angle">35.3741647218839</SimpleData>
		<SimpleData name="KM">KM 7.2</SimpleData>
		<SimpleData name="Latitude">1.408</SimpleData>
		<SimpleData name="Longitude">103.5922361500</SimpleData>
	</SchemaData></ExtendedData>
      <Point><coordinates>103.592236150024,1.40802389037235,0</coordinates></Point>
  </Placemark>
  <Placemark id="interpolated_points_second_link_hala_jpo.74">
	<name>SECOND LINK HALA JPO</name>
	<ExtendedData><SchemaData schemaUrl="#interpolated_points_second_link_hala_jpo">
		<SimpleData name="fid">1</SimpleData>
		<SimpleData name="tessellate">1</SimpleData>
		<SimpleData name="extrude">0</SimpleData>
		<SimpleData name="visibility">-1</SimpleData>
		<SimpleData name="distance">7300</SimpleData>
		<SimpleData name="angle">33.8944022117378</SimpleData>
		<SimpleData name="KM">KM 7.3</SimpleData>
		<SimpleData name="Latitude">1.409</SimpleData>
		<SimpleData name="Longitude">103.5927458184</SimpleData>
	</SchemaData></ExtendedData>
      <Point><coordinates>103.592745818354,1.40876872753197,0</coordinates></Point>
  </Placemark>
  <Placemark id="interpolated_points_second_link_hala_jpo.75">
	<name>SECOND LINK HALA JPO</name>
	<ExtendedData><SchemaData schemaUrl="#interpolated_points_second_link_hala_jpo">
		<SimpleData name="fid">1</SimpleData>
		<SimpleData name="tessellate">1</SimpleData>
		<SimpleData name="extrude">0</SimpleData>
		<SimpleData name="visibility">-1</SimpleData>
		<SimpleData name="distance">7400</SimpleData>
		<SimpleData name="angle">32.6723839779612</SimpleData>
		<SimpleData name="KM">KM 7.4</SimpleData>
		<SimpleData name="Latitude">1.410</SimpleData>
		<SimpleData name="Longitude">103.5932367287</SimpleData>
	</SchemaData></ExtendedData>
      <Point><coordinates>103.593236728735,1.40952628801336,0</coordinates></Point>
  </Placemark>
  <Placemark id="interpolated_points_second_link_hala_jpo.76">
	<name>SECOND LINK HALA JPO</name>
	<ExtendedData><SchemaData schemaUrl="#interpolated_points_second_link_hala_jpo">
		<SimpleData name="fid">1</SimpleData>
		<SimpleData name="tessellate">1</SimpleData>
		<SimpleData name="extrude">0</SimpleData>
		<SimpleData name="visibility">-1</SimpleData>
		<SimpleData name="distance">7500</SimpleData>
		<SimpleData name="angle">32.7755240456432</SimpleData>
		<SimpleData name="KM">KM 7.5</SimpleData>
		<SimpleData name="Latitude">1.410</SimpleData>
		<SimpleData name="Longitude">103.5937141104</SimpleData>
	</SchemaData></ExtendedData>
      <Point><coordinates>103.593714110394,1.41029252061791,0</coordinates></Point>
  </Placemark>
  <Placemark id="interpolated_points_second_link_hala_jpo.77">
	<name>SECOND LINK HALA JPO</name>
	<ExtendedData><SchemaData schemaUrl="#interpolated_points_second_link_hala_jpo">
		<SimpleData name="fid">1</SimpleData>
		<SimpleData name="tessellate">1</SimpleData>
		<SimpleData name="extrude">0</SimpleData>
		<SimpleData name="visibility">-1</SimpleData>
		<SimpleData name="distance">7600</SimpleData>
		<SimpleData name="angle">32.2052911578751</SimpleData>
		<SimpleData name="KM">KM 7.6</SimpleData>
		<SimpleData name="Latitude">1.411</SimpleData>
		<SimpleData name="Longitude">103.5941925353</SimpleData>
	</SchemaData></ExtendedData>
      <Point><coordinates>103.594192535313,1.41105805650101,0</coordinates></Point>
  </Placemark>
  <Placemark id="interpolated_points_second_link_hala_jpo.78">
	<name>SECOND LINK HALA JPO</name>
	<ExtendedData><SchemaData schemaUrl="#interpolated_points_second_link_hala_jpo">
		<SimpleData name="fid">1</SimpleData>
		<SimpleData name="tessellate">1</SimpleData>
		<SimpleData name="extrude">0</SimpleData>
		<SimpleData name="visibility">-1</SimpleData>
		<SimpleData name="distance">7700</SimpleData>
		<SimpleData name="angle">32.2052894333727</SimpleData>
		<SimpleData name="KM">KM 7.7</SimpleData>
		<SimpleData name="Latitude">1.412</SimpleData>
		<SimpleData name="Longitude">103.5946646248</SimpleData>
	</SchemaData></ExtendedData>
      <Point><coordinates>103.594664624792,1.41182739966772,0</coordinates></Point>
  </Placemark>
  <Placemark id="interpolated_points_second_link_hala_jpo.79">
	<name>SECOND LINK HALA JPO</name>
	<ExtendedData><SchemaData schemaUrl="#interpolated_points_second_link_hala_jpo">
		<SimpleData name="fid">1</SimpleData>
		<SimpleData name="tessellate">1</SimpleData>
		<SimpleData name="extrude">0</SimpleData>
		<SimpleData name="visibility">-1</SimpleData>
		<SimpleData name="distance">7800</SimpleData>
		<SimpleData name="angle">28.7997318027068</SimpleData>
		<SimpleData name="KM">KM 7.8</SimpleData>
		<SimpleData name="Latitude">1.413</SimpleData>
		<SimpleData name="Longitude">103.5951286407</SimpleData>
	</SchemaData></ExtendedData>
      <Point><coordinates>103.595128640726,1.41260084133177,0</coordinates></Point>
  </Placemark>
  <Placemark id="interpolated_points_second_link_hala_jpo.80">
	<name>SECOND LINK HALA JPO</name>
	<ExtendedData><SchemaData schemaUrl="#interpolated_points_second_link_hala_jpo">
		<SimpleData name="fid">1</SimpleData>
		<SimpleData name="tessellate">1</SimpleData>
		<SimpleData name="extrude">0</SimpleData>
		<SimpleData name="visibility">-1</SimpleData>
		<SimpleData name="distance">7900</SimpleData>
		<SimpleData name="angle">30.7749402049766</SimpleData>
		<SimpleData name="KM">KM 7.9</SimpleData>
		<SimpleData name="Latitude">1.413</SimpleData>
		<SimpleData name="Longitude">103.5955855319</SimpleData>
	</SchemaData></ExtendedData>
      <Point><coordinates>103.595585531893,1.41337936166454,0</coordinates></Point>
  </Placemark>
  <Placemark id="interpolated_points_second_link_hala_jpo.81">
	<name>SECOND LINK HALA JPO</name>
	<ExtendedData><SchemaData schemaUrl="#interpolated_points_second_link_hala_jpo">
		<SimpleData name="fid">1</SimpleData>
		<SimpleData name="tessellate">1</SimpleData>
		<SimpleData name="extrude">0</SimpleData>
		<SimpleData name="visibility">-1</SimpleData>
		<SimpleData name="distance">8000</SimpleData>
		<SimpleData name="angle">29.9379562366574</SimpleData>
		<SimpleData name="KM">KM 8.0</SimpleData>
		<SimpleData name="Latitude">1.414</SimpleData>
		<SimpleData name="Longitude">103.5960269127</SimpleData>
	</SchemaData></ExtendedData>
      <Point><coordinates>103.59602691268,1.41416709718989,0</coordinates></Point>
  </Placemark>
  <Placemark id="interpolated_points_second_link_hala_jpo.82">
	<name>SECOND LINK HALA JPO</name>
	<ExtendedData><SchemaData schemaUrl="#interpolated_points_second_link_hala_jpo">
		<SimpleData name="fid">1</SimpleData>
		<SimpleData name="tessellate">1</SimpleData>
		<SimpleData name="extrude">0</SimpleData>
		<SimpleData name="visibility">-1</SimpleData>
		<SimpleData name="distance">8100</SimpleData>
		<SimpleData name="angle">29.9379557123701</SimpleData>
		<SimpleData name="KM">KM 8.1</SimpleData>
		<SimpleData name="Latitude">1.415</SimpleData>
		<SimpleData name="Longitude">103.5964813040</SimpleData>
	</SchemaData></ExtendedData>
      <Point><coordinates>103.596481303966,1.41494728194238,0</coordinates></Point>
  </Placemark>
  <Placemark id="interpolated_points_second_link_hala_jpo.83">
	<name>SECOND LINK HALA JPO</name>
	<ExtendedData><SchemaData schemaUrl="#interpolated_points_second_link_hala_jpo">
		<SimpleData name="fid">1</SimpleData>
		<SimpleData name="tessellate">1</SimpleData>
		<SimpleData name="extrude">0</SimpleData>
		<SimpleData name="visibility">-1</SimpleData>
		<SimpleData name="distance">8200</SimpleData>
		<SimpleData name="angle">28.4889464814401</SimpleData>
		<SimpleData name="KM">KM 8.2</SimpleData>
		<SimpleData name="Latitude">1.416</SimpleData>
		<SimpleData name="Longitude">103.5969209423</SimpleData>
	</SchemaData></ExtendedData>
      <Point><coordinates>103.596920942295,1.4157360356913,0</coordinates></Point>
  </Placemark>
  <Placemark id="interpolated_points_second_link_hala_jpo.84">
	<name>SECOND LINK HALA JPO</name>
	<ExtendedData><SchemaData schemaUrl="#interpolated_points_second_link_hala_jpo">
		<SimpleData name="fid">1</SimpleData>
		<SimpleData name="tessellate">1</SimpleData>
		<SimpleData name="extrude">0</SimpleData>
		<SimpleData name="visibility">-1</SimpleData>
		<SimpleData name="distance">8300</SimpleData>
		<SimpleData name="angle">29.5495574249496</SimpleData>
		<SimpleData name="KM">KM 8.3</SimpleData>
		<SimpleData name="Latitude">1.417</SimpleData>
		<SimpleData name="Longitude">103.5973758039</SimpleData>
	</SchemaData></ExtendedData>
      <Point><coordinates>103.597375803933,1.4165158736594,0</coordinates></Point>
  </Placemark>
  <Placemark id="interpolated_points_second_link_hala_jpo.85">
	<name>SECOND LINK HALA JPO</name>
	<ExtendedData><SchemaData schemaUrl="#interpolated_points_second_link_hala_jpo">
		<SimpleData name="fid">1</SimpleData>
		<SimpleData name="tessellate">1</SimpleData>
		<SimpleData name="extrude">0</SimpleData>
		<SimpleData name="visibility">-1</SimpleData>
		<SimpleData name="distance">8400</SimpleData>
		<SimpleData name="angle">29.245392895342</SimpleData>
		<SimpleData name="KM">KM 8.4</SimpleData>
		<SimpleData name="Latitude">1.417</SimpleData>
		<SimpleData name="Longitude">103.5978317016</SimpleData>
	</SchemaData></ExtendedData>
      <Point><coordinates>103.597831701617,1.41729506291117,0</coordinates></Point>
  </Placemark>
  <Placemark id="interpolated_points_second_link_hala_jpo.86">
	<name>SECOND LINK HALA JPO</name>
	<ExtendedData><SchemaData schemaUrl="#interpolated_points_second_link_hala_jpo">
		<SimpleData name="fid">1</SimpleData>
		<SimpleData name="tessellate">1</SimpleData>
		<SimpleData name="extrude">0</SimpleData>
		<SimpleData name="visibility">-1</SimpleData>
		<SimpleData name="distance">8500</SimpleData>
		<SimpleData name="angle">26.7468552826425</SimpleData>
		<SimpleData name="KM">KM 8.5</SimpleData>
		<SimpleData name="Latitude">1.418</SimpleData>
		<SimpleData name="Longitude">103.5982678872</SimpleData>
	</SchemaData></ExtendedData>
      <Point><coordinates>103.598267887158,1.41808577431544,0</coordinates></Point>
  </Placemark>
  <Placemark id="interpolated_points_second_link_hala_jpo.87">
	<name>SECOND LINK HALA JPO</name>
	<ExtendedData><SchemaData schemaUrl="#interpolated_points_second_link_hala_jpo">
		<SimpleData name="fid">1</SimpleData>
		<SimpleData name="tessellate">1</SimpleData>
		<SimpleData name="extrude">0</SimpleData>
		<SimpleData name="visibility">-1</SimpleData>
		<SimpleData name="distance">8600</SimpleData>
		<SimpleData name="angle">29.7590670559578</SimpleData>
		<SimpleData name="KM">KM 8.6</SimpleData>
		<SimpleData name="Latitude">1.419</SimpleData>
		<SimpleData name="Longitude">103.5987111169</SimpleData>
	</SchemaData></ExtendedData>
      <Point><coordinates>103.598711116908,1.41887213828043,0</coordinates></Point>
  </Placemark>
  <Placemark id="interpolated_points_second_link_hala_jpo.88">
	<name>SECOND LINK HALA JPO</name>
	<ExtendedData><SchemaData schemaUrl="#interpolated_points_second_link_hala_jpo">
		<SimpleData name="fid">1</SimpleData>
		<SimpleData name="tessellate">1</SimpleData>
		<SimpleData name="extrude">0</SimpleData>
		<SimpleData name="visibility">-1</SimpleData>
		<SimpleData name="distance">8700</SimpleData>
		<SimpleData name="angle">29.937953745512</SimpleData>
		<SimpleData name="KM">KM 8.7</SimpleData>
		<SimpleData name="Latitude">1.420</SimpleData>
		<SimpleData name="Longitude">103.5991570711</SimpleData>
	</SchemaData></ExtendedData>
      <Point><coordinates>103.599157071128,1.41965737447412,0</coordinates></Point>
  </Placemark>
  <Placemark id="interpolated_points_second_link_hala_jpo.89">
	<name>SECOND LINK HALA JPO</name>
	<ExtendedData><SchemaData schemaUrl="#interpolated_points_second_link_hala_jpo">
		<SimpleData name="fid">1</SimpleData>
		<SimpleData name="tessellate">1</SimpleData>
		<SimpleData name="extrude">0</SimpleData>
		<SimpleData name="visibility">-1</SimpleData>
		<SimpleData name="distance">8800</SimpleData>
		<SimpleData name="angle">30.6609026110764</SimpleData>
		<SimpleData name="KM">KM 8.8</SimpleData>
		<SimpleData name="Latitude">1.420</SimpleData>
		<SimpleData name="Longitude">103.5995988249</SimpleData>
	</SchemaData></ExtendedData>
      <Point><coordinates>103.599598824947,1.42044500241081,0</coordinates></Point>
  </Placemark>
  <Placemark id="interpolated_points_second_link_hala_jpo.90">
	<name>SECOND LINK HALA JPO</name>
	<ExtendedData><SchemaData schemaUrl="#interpolated_points_second_link_hala_jpo">
		<SimpleData name="fid">1</SimpleData>
		<SimpleData name="tessellate">1</SimpleData>
		<SimpleData name="extrude">0</SimpleData>
		<SimpleData name="visibility">-1</SimpleData>
		<SimpleData name="distance">8900</SimpleData>
		<SimpleData name="angle">31.1606342463901</SimpleData>
		<SimpleData name="KM">KM 8.9</SimpleData>
		<SimpleData name="Latitude">1.421</SimpleData>
		<SimpleData name="Longitude">103.6000546579</SimpleData>
	</SchemaData></ExtendedData>
      <Point><coordinates>103.600054657906,1.42122442984269,0</coordinates></Point>
  </Placemark>
  <Placemark id="interpolated_points_second_link_hala_jpo.91">
	<name>SECOND LINK HALA JPO</name>
	<ExtendedData><SchemaData schemaUrl="#interpolated_points_second_link_hala_jpo">
		<SimpleData name="fid">1</SimpleData>
		<SimpleData name="tessellate">1</SimpleData>
		<SimpleData name="extrude">0</SimpleData>
		<SimpleData name="visibility">-1</SimpleData>
		<SimpleData name="distance">9000</SimpleData>
		<SimpleData name="angle">28.2598690954582</SimpleData>
		<SimpleData name="KM">KM 9.0</SimpleData>
		<SimpleData name="Latitude">1.422</SimpleData>
		<SimpleData name="Longitude">103.6004876917</SimpleData>
	</SchemaData></ExtendedData>
      <Point><coordinates>103.600487691711,1.42201692195773,0</coordinates></Point>
  </Placemark>
  <Placemark id="interpolated_points_second_link_hala_jpo.92">
	<name>SECOND LINK HALA JPO</name>
	<ExtendedData><SchemaData schemaUrl="#interpolated_points_second_link_hala_jpo">
		<SimpleData name="fid">1</SimpleData>
		<SimpleData name="tessellate">1</SimpleData>
		<SimpleData name="extrude">0</SimpleData>
		<SimpleData name="visibility">-1</SimpleData>
		<SimpleData name="distance">9100</SimpleData>
		<SimpleData name="angle">29.179387904657</SimpleData>
		<SimpleData name="KM">KM 9.1</SimpleData>
		<SimpleData name="Latitude">1.423</SimpleData>
		<SimpleData name="Longitude">103.6009259600</SimpleData>
	</SchemaData></ExtendedData>
      <Point><coordinates>103.600925960028,1.42280514736804,0</coordinates></Point>
  </Placemark>
  <Placemark id="interpolated_points_second_link_hala_jpo.93">
	<name>SECOND LINK HALA JPO</name>
	<ExtendedData><SchemaData schemaUrl="#interpolated_points_second_link_hala_jpo">
		<SimpleData name="fid">1</SimpleData>
		<SimpleData name="tessellate">1</SimpleData>
		<SimpleData name="extrude">0</SimpleData>
		<SimpleData name="visibility">-1</SimpleData>
		<SimpleData name="distance">9200</SimpleData>
		<SimpleData name="angle">27.2342451164655</SimpleData>
		<SimpleData name="KM">KM 9.2</SimpleData>
		<SimpleData name="Latitude">1.424</SimpleData>
		<SimpleData name="Longitude">103.6013566495</SimpleData>
	</SchemaData></ExtendedData>
      <Point><coordinates>103.601356649472,1.42359885521383,0</coordinates></Point>
  </Placemark>
  <Placemark id="interpolated_points_second_link_hala_jpo.94">
	<name>SECOND LINK HALA JPO</name>
	<ExtendedData><SchemaData schemaUrl="#interpolated_points_second_link_hala_jpo">
		<SimpleData name="fid">1</SimpleData>
		<SimpleData name="tessellate">1</SimpleData>
		<SimpleData name="extrude">0</SimpleData>
		<SimpleData name="visibility">-1</SimpleData>
		<SimpleData name="distance">9300</SimpleData>
		<SimpleData name="angle">27.2793704835473</SimpleData>
		<SimpleData name="KM">KM 9.3</SimpleData>
		<SimpleData name="Latitude">1.424</SimpleData>
		<SimpleData name="Longitude">103.6017596502</SimpleData>
	</SchemaData></ExtendedData>
      <Point><coordinates>103.601759650179,1.42440704353138,0</coordinates></Point>
  </Placemark>
  <Placemark id="interpolated_points_second_link_hala_jpo.95">
	<name>SECOND LINK HALA JPO</name>
	<ExtendedData><SchemaData schemaUrl="#interpolated_points_second_link_hala_jpo">
		<SimpleData name="fid">1</SimpleData>
		<SimpleData name="tessellate">1</SimpleData>
		<SimpleData name="extrude">0</SimpleData>
		<SimpleData name="visibility">-1</SimpleData>
		<SimpleData name="distance">9400</SimpleData>
		<SimpleData name="angle">23.366495783571</SimpleData>
		<SimpleData name="KM">KM 9.4</SimpleData>
		<SimpleData name="Latitude">1.425</SimpleData>
		<SimpleData name="Longitude">103.6021564294</SimpleData>
	</SchemaData></ExtendedData>
      <Point><coordinates>103.602156429371,1.42521833519666,0</coordinates></Point>
  </Placemark>
  <Placemark id="interpolated_points_second_link_hala_jpo.96">
	<name>SECOND LINK HALA JPO</name>
	<ExtendedData><SchemaData schemaUrl="#interpolated_points_second_link_hala_jpo">
		<SimpleData name="fid">1</SimpleData>
		<SimpleData name="tessellate">1</SimpleData>
		<SimpleData name="extrude">0</SimpleData>
		<SimpleData name="visibility">-1</SimpleData>
		<SimpleData name="distance">9500</SimpleData>
		<SimpleData name="angle">24.6172330486887</SimpleData>
		<SimpleData name="KM">KM 9.5</SimpleData>
		<SimpleData name="Latitude">1.426</SimpleData>
		<SimpleData name="Longitude">103.6025160003</SimpleData>
	</SchemaData></ExtendedData>
      <Point><coordinates>103.602516000298,1.42604720065435,0</coordinates></Point>
  </Placemark>
  <Placemark id="interpolated_points_second_link_hala_jpo.97">
	<name>SECOND LINK HALA JPO</name>
	<ExtendedData><SchemaData schemaUrl="#interpolated_points_second_link_hala_jpo">
		<SimpleData name="fid">1</SimpleData>
		<SimpleData name="tessellate">1</SimpleData>
		<SimpleData name="extrude">0</SimpleData>
		<SimpleData name="visibility">-1</SimpleData>
		<SimpleData name="distance">9600</SimpleData>
		<SimpleData name="angle">20.8761587890312</SimpleData>
		<SimpleData name="KM">KM 9.6</SimpleData>
		<SimpleData name="Latitude">1.427</SimpleData>
		<SimpleData name="Longitude">103.6028521832</SimpleData>
	</SchemaData></ExtendedData>
      <Point><coordinates>103.602852183156,1.42688577155862,0</coordinates></Point>
  </Placemark>
  <Placemark id="interpolated_points_second_link_hala_jpo.98">
	<name>SECOND LINK HALA JPO</name>
	<ExtendedData><SchemaData schemaUrl="#interpolated_points_second_link_hala_jpo">
		<SimpleData name="fid">1</SimpleData>
		<SimpleData name="tessellate">1</SimpleData>
		<SimpleData name="extrude">0</SimpleData>
		<SimpleData name="visibility">-1</SimpleData>
		<SimpleData name="distance">9700</SimpleData>
		<SimpleData name="angle">20.8761587890312</SimpleData>
		<SimpleData name="KM">KM 9.7</SimpleData>
		<SimpleData name="Latitude">1.428</SimpleData>
		<SimpleData name="Longitude">103.6031719180</SimpleData>
	</SchemaData></ExtendedData>
      <Point><coordinates>103.603171918027,1.42773104744566,0</coordinates></Point>
  </Placemark>
  <Placemark id="interpolated_points_second_link_hala_jpo.99">
	<name>SECOND LINK HALA JPO</name>
	<ExtendedData><SchemaData schemaUrl="#interpolated_points_second_link_hala_jpo">
		<SimpleData name="fid">1</SimpleData>
		<SimpleData name="tessellate">1</SimpleData>
		<SimpleData name="extrude">0</SimpleData>
		<SimpleData name="visibility">-1</SimpleData>
		<SimpleData name="distance">9800</SimpleData>
		<SimpleData name="angle">20.8761587890312</SimpleData>
		<SimpleData name="KM">KM 9.8</SimpleData>
		<SimpleData name="Latitude">1.429</SimpleData>
		<SimpleData name="Longitude">103.6034916529</SimpleData>
	</SchemaData></ExtendedData>
      <Point><coordinates>103.603491652874,1.42857632351332,0</coordinates></Point>
  </Placemark>
  <Placemark id="interpolated_points_second_link_hala_jpo.100">
	<name>SECOND LINK HALA JPO</name>
	<ExtendedData><SchemaData schemaUrl="#interpolated_points_second_link_hala_jpo">
		<SimpleData name="fid">1</SimpleData>
		<SimpleData name="tessellate">1</SimpleData>
		<SimpleData name="extrude">0</SimpleData>
		<SimpleData name="visibility">-1</SimpleData>
		<SimpleData name="distance">9900</SimpleData>
		<SimpleData name="angle">21.4095317031587</SimpleData>
		<SimpleData name="KM">KM 9.9</SimpleData>
		<SimpleData name="Latitude">1.429</SimpleData>
		<SimpleData name="Longitude">103.6038211859</SimpleData>
	</SchemaData></ExtendedData>
      <Point><coordinates>103.603821185945,1.42941733528221,0</coordinates></Point>
  </Placemark>
  <Placemark id="interpolated_points_second_link_hala_jpo.101">
	<name>SECOND LINK HALA JPO</name>
	<ExtendedData><SchemaData schemaUrl="#interpolated_points_second_link_hala_jpo">
		<SimpleData name="fid">1</SimpleData>
		<SimpleData name="tessellate">1</SimpleData>
		<SimpleData name="extrude">0</SimpleData>
		<SimpleData name="visibility">-1</SimpleData>
		<SimpleData name="distance">10000</SimpleData>
		<SimpleData name="angle">23.8521334203306</SimpleData>
		<SimpleData name="KM">KM 10.0</SimpleData>
		<SimpleData name="Latitude">1.430</SimpleData>
		<SimpleData name="Longitude">103.6041755834</SimpleData>
	</SchemaData></ExtendedData>
      <Point><coordinates>103.604175583381,1.43024833007812,0</coordinates></Point>
  </Placemark>
  <Placemark id="interpolated_points_second_link_hala_jpo.102">
	<name>SECOND LINK HALA JPO</name>
	<ExtendedData><SchemaData schemaUrl="#interpolated_points_second_link_hala_jpo">
		<SimpleData name="fid">1</SimpleData>
		<SimpleData name="tessellate">1</SimpleData>
		<SimpleData name="extrude">0</SimpleData>
		<SimpleData name="visibility">-1</SimpleData>
		<SimpleData name="distance">10100</SimpleData>
		<SimpleData name="angle">27.2342712623711</SimpleData>
		<SimpleData name="KM">KM 10.1</SimpleData>
		<SimpleData name="Latitude">1.431</SimpleData>
		<SimpleData name="Longitude">103.6045467207</SimpleData>
	</SchemaData></ExtendedData>
      <Point><coordinates>103.604546720673,1.43107191131797,0</coordinates></Point>
  </Placemark>
  <Placemark id="interpolated_points_second_link_hala_jpo.103">
	<name>SECOND LINK HALA JPO</name>
	<ExtendedData><SchemaData schemaUrl="#interpolated_points_second_link_hala_jpo">
		<SimpleData name="fid">1</SimpleData>
		<SimpleData name="tessellate">1</SimpleData>
		<SimpleData name="extrude">0</SimpleData>
		<SimpleData name="visibility">-1</SimpleData>
		<SimpleData name="distance">10200</SimpleData>
		<SimpleData name="angle">26.746886099055</SimpleData>
		<SimpleData name="KM">KM 10.2</SimpleData>
		<SimpleData name="Latitude">1.432</SimpleData>
		<SimpleData name="Longitude">103.6049540576</SimpleData>
	</SchemaData></ExtendedData>
      <Point><coordinates>103.604954057555,1.43187811509952,0</coordinates></Point>
  </Placemark>
  <Placemark id="interpolated_points_second_link_hala_jpo.104">
	<name>SECOND LINK HALA JPO</name>
	<ExtendedData><SchemaData schemaUrl="#interpolated_points_second_link_hala_jpo">
		<SimpleData name="fid">1</SimpleData>
		<SimpleData name="tessellate">1</SimpleData>
		<SimpleData name="extrude">0</SimpleData>
		<SimpleData name="visibility">-1</SimpleData>
		<SimpleData name="distance">10300</SimpleData>
		<SimpleData name="angle">31.1606529592943</SimpleData>
		<SimpleData name="KM">KM 10.3</SimpleData>
		<SimpleData name="Latitude">1.433</SimpleData>
		<SimpleData name="Longitude">103.6053697235</SimpleData>
	</SchemaData></ExtendedData>
      <Point><coordinates>103.605369723469,1.43267953911691,0</coordinates></Point>
  </Placemark>
  <Placemark id="interpolated_points_second_link_hala_jpo.105">
	<name>SECOND LINK HALA JPO</name>
	<ExtendedData><SchemaData schemaUrl="#interpolated_points_second_link_hala_jpo">
		<SimpleData name="fid">1</SimpleData>
		<SimpleData name="tessellate">1</SimpleData>
		<SimpleData name="extrude">0</SimpleData>
		<SimpleData name="visibility">-1</SimpleData>
		<SimpleData name="distance">10400</SimpleData>
		<SimpleData name="angle">34.3529300757435</SimpleData>
		<SimpleData name="KM">KM 10.4</SimpleData>
		<SimpleData name="Latitude">1.433</SimpleData>
		<SimpleData name="Longitude">103.6058355649</SimpleData>
	</SchemaData></ExtendedData>
      <Point><coordinates>103.605835564862,1.43345294819686,0</coordinates></Point>
  </Placemark>
  <Placemark id="interpolated_points_second_link_hala_jpo.106">
	<name>SECOND LINK HALA JPO</name>
	<ExtendedData><SchemaData schemaUrl="#interpolated_points_second_link_hala_jpo">
		<SimpleData name="fid">1</SimpleData>
		<SimpleData name="tessellate">1</SimpleData>
		<SimpleData name="extrude">0</SimpleData>
		<SimpleData name="visibility">-1</SimpleData>
		<SimpleData name="distance">10500</SimpleData>
		<SimpleData name="angle">34.3529300757435</SimpleData>
		<SimpleData name="KM">KM 10.5</SimpleData>
		<SimpleData name="Latitude">1.434</SimpleData>
		<SimpleData name="Longitude">103.6063422320</SimpleData>
	</SchemaData></ExtendedData>
      <Point><coordinates>103.606342232006,1.43419995746951,0</coordinates></Point>
  </Placemark>
  <Placemark id="interpolated_points_second_link_hala_jpo.107">
	<name>SECOND LINK HALA JPO</name>
	<ExtendedData><SchemaData schemaUrl="#interpolated_points_second_link_hala_jpo">
		<SimpleData name="fid">1</SimpleData>
		<SimpleData name="tessellate">1</SimpleData>
		<SimpleData name="extrude">0</SimpleData>
		<SimpleData name="visibility">-1</SimpleData>
		<SimpleData name="distance">10600</SimpleData>
		<SimpleData name="angle">33.8943875622505</SimpleData>
		<SimpleData name="KM">KM 10.6</SimpleData>
		<SimpleData name="Latitude">1.435</SimpleData>
		<SimpleData name="Longitude">103.6068459733</SimpleData>
	</SchemaData></ExtendedData>
      <Point><coordinates>103.606845973281,1.43494895992284,0</coordinates></Point>
  </Placemark>
  <Placemark id="interpolated_points_second_link_hala_jpo.108">
	<name>SECOND LINK HALA JPO</name>
	<ExtendedData><SchemaData schemaUrl="#interpolated_points_second_link_hala_jpo">
		<SimpleData name="fid">1</SimpleData>
		<SimpleData name="tessellate">1</SimpleData>
		<SimpleData name="extrude">0</SimpleData>
		<SimpleData name="visibility">-1</SimpleData>
		<SimpleData name="distance">10700</SimpleData>
		<SimpleData name="angle">38.1721201021193</SimpleData>
		<SimpleData name="KM">KM 10.7</SimpleData>
		<SimpleData name="Latitude">1.436</SimpleData>
		<SimpleData name="Longitude">103.6073994348</SimpleData>
	</SchemaData></ExtendedData>
      <Point><coordinates>103.607399434842,1.43566145745608,0</coordinates></Point>
  </Placemark>
  <Placemark id="interpolated_points_second_link_hala_jpo.109">
	<name>SECOND LINK HALA JPO</name>
	<ExtendedData><SchemaData schemaUrl="#interpolated_points_second_link_hala_jpo">
		<SimpleData name="fid">1</SimpleData>
		<SimpleData name="tessellate">1</SimpleData>
		<SimpleData name="extrude">0</SimpleData>
		<SimpleData name="visibility">-1</SimpleData>
		<SimpleData name="distance">10800</SimpleData>
		<SimpleData name="angle">38.1721201021193</SimpleData>
		<SimpleData name="KM">KM 10.8</SimpleData>
		<SimpleData name="Latitude">1.436</SimpleData>
		<SimpleData name="Longitude">103.6079544170</SimpleData>
	</SchemaData></ExtendedData>
      <Point><coordinates>103.607954416982,1.43637284358697,0</coordinates></Point>
  </Placemark>
  <Placemark id="interpolated_points_second_link_hala_jpo.110">
	<name>SECOND LINK HALA JPO</name>
	<ExtendedData><SchemaData schemaUrl="#interpolated_points_second_link_hala_jpo">
		<SimpleData name="fid">1</SimpleData>
		<SimpleData name="tessellate">1</SimpleData>
		<SimpleData name="extrude">0</SimpleData>
		<SimpleData name="visibility">-1</SimpleData>
		<SimpleData name="distance">10900</SimpleData>
		<SimpleData name="angle">41.171964945542</SimpleData>
		<SimpleData name="KM">KM 10.9</SimpleData>
		<SimpleData name="Latitude">1.437</SimpleData>
		<SimpleData name="Longitude">103.6085383631</SimpleData>
	</SchemaData></ExtendedData>
      <Point><coordinates>103.608538363131,1.43706028796213,0</coordinates></Point>
  </Placemark>
  <Placemark id="interpolated_points_second_link_hala_jpo.111">
	<name>SECOND LINK HALA JPO</name>
	<ExtendedData><SchemaData schemaUrl="#interpolated_points_second_link_hala_jpo">
		<SimpleData name="fid">1</SimpleData>
		<SimpleData name="tessellate">1</SimpleData>
		<SimpleData name="extrude">0</SimpleData>
		<SimpleData name="visibility">-1</SimpleData>
		<SimpleData name="distance">11000</SimpleData>
		<SimpleData name="angle">42.8316546373081</SimpleData>
		<SimpleData name="KM">KM 11.0</SimpleData>
		<SimpleData name="Latitude">1.438</SimpleData>
		<SimpleData name="Longitude">103.6091364382</SimpleData>
	</SchemaData></ExtendedData>
      <Point><coordinates>103.609136438206,1.43773525894377,0</coordinates></Point>
  </Placemark>
  <Placemark id="interpolated_points_second_link_hala_jpo.112">
	<name>SECOND LINK HALA JPO</name>
	<ExtendedData><SchemaData schemaUrl="#interpolated_points_second_link_hala_jpo">
		<SimpleData name="fid">1</SimpleData>
		<SimpleData name="tessellate">1</SimpleData>
		<SimpleData name="extrude">0</SimpleData>
		<SimpleData name="visibility">-1</SimpleData>
		<SimpleData name="distance">11100</SimpleData>
		<SimpleData name="angle">43.015084739509</SimpleData>
		<SimpleData name="KM">KM 11.1</SimpleData>
		<SimpleData name="Latitude">1.438</SimpleData>
		<SimpleData name="Longitude">103.6097474807</SimpleData>
	</SchemaData></ExtendedData>
      <Point><coordinates>103.609747480683,1.43839847914127,0</coordinates></Point>
  </Placemark>
  <Placemark id="interpolated_points_second_link_hala_jpo.113">
	<name>SECOND LINK HALA JPO</name>
	<ExtendedData><SchemaData schemaUrl="#interpolated_points_second_link_hala_jpo">
		<SimpleData name="fid">1</SimpleData>
		<SimpleData name="tessellate">1</SimpleData>
		<SimpleData name="extrude">0</SimpleData>
		<SimpleData name="visibility">-1</SimpleData>
		<SimpleData name="distance">11200</SimpleData>
		<SimpleData name="angle">41.6928249228508</SimpleData>
		<SimpleData name="KM">KM 11.2</SimpleData>
		<SimpleData name="Latitude">1.439</SimpleData>
		<SimpleData name="Longitude">103.6103404546</SimpleData>
	</SchemaData></ExtendedData>
      <Point><coordinates>103.610340454577,1.43907776434672,0</coordinates></Point>
  </Placemark>
  <Placemark id="interpolated_points_second_link_hala_jpo.114">
	<name>SECOND LINK HALA JPO</name>
	<ExtendedData><SchemaData schemaUrl="#interpolated_points_second_link_hala_jpo">
		<SimpleData name="fid">1</SimpleData>
		<SimpleData name="tessellate">1</SimpleData>
		<SimpleData name="extrude">0</SimpleData>
		<SimpleData name="visibility">-1</SimpleData>
		<SimpleData name="distance">11300</SimpleData>
		<SimpleData name="angle">41.6928249228508</SimpleData>
		<SimpleData name="KM">KM 11.3</SimpleData>
		<SimpleData name="Latitude">1.440</SimpleData>
		<SimpleData name="Longitude">103.6109377979</SimpleData>
	</SchemaData></ExtendedData>
      <Point><coordinates>103.610937797867,1.43975350898377,0</coordinates></Point>
  </Placemark>
  <Placemark id="interpolated_points_second_link_hala_jpo.115">
	<name>SECOND LINK HALA JPO</name>
	<ExtendedData><SchemaData schemaUrl="#interpolated_points_second_link_hala_jpo">
		<SimpleData name="fid">1</SimpleData>
		<SimpleData name="tessellate">1</SimpleData>
		<SimpleData name="extrude">0</SimpleData>
		<SimpleData name="visibility">-1</SimpleData>
		<SimpleData name="distance">11400</SimpleData>
		<SimpleData name="angle">41.6928249228508</SimpleData>
		<SimpleData name="KM">KM 11.4</SimpleData>
		<SimpleData name="Latitude">1.440</SimpleData>
		<SimpleData name="Longitude">103.6115351415</SimpleData>
	</SchemaData></ExtendedData>
      <Point><coordinates>103.611535141469,1.4404292538031,0</coordinates></Point>
  </Placemark>
  <Placemark id="interpolated_points_second_link_hala_jpo.116">
	<name>SECOND LINK HALA JPO</name>
	<ExtendedData><SchemaData schemaUrl="#interpolated_points_second_link_hala_jpo">
		<SimpleData name="fid">1</SimpleData>
		<SimpleData name="tessellate">1</SimpleData>
		<SimpleData name="extrude">0</SimpleData>
		<SimpleData name="visibility">-1</SimpleData>
		<SimpleData name="distance">11500</SimpleData>
		<SimpleData name="angle">41.6286791751372</SimpleData>
		<SimpleData name="KM">KM 11.5</SimpleData>
		<SimpleData name="Latitude">1.441</SimpleData>
		<SimpleData name="Longitude">103.6121317898</SimpleData>
	</SchemaData></ExtendedData>
      <Point><coordinates>103.612131789778,1.44110562091934,0</coordinates></Point>
  </Placemark>
  <Placemark id="interpolated_points_second_link_hala_jpo.117">
	<name>SECOND LINK HALA JPO</name>
	<ExtendedData><SchemaData schemaUrl="#interpolated_points_second_link_hala_jpo">
		<SimpleData name="fid">1</SimpleData>
		<SimpleData name="tessellate">1</SimpleData>
		<SimpleData name="extrude">0</SimpleData>
		<SimpleData name="visibility">-1</SimpleData>
		<SimpleData name="distance">11600</SimpleData>
		<SimpleData name="angle">41.6286791751372</SimpleData>
		<SimpleData name="KM">KM 11.6</SimpleData>
		<SimpleData name="Latitude">1.442</SimpleData>
		<SimpleData name="Longitude">103.6127283819</SimpleData>
	</SchemaData></ExtendedData>
      <Point><coordinates>103.612728381919,1.44178203872974,0</coordinates></Point>
  </Placemark>
  <Placemark id="interpolated_points_second_link_hala_jpo.118">
	<name>SECOND LINK HALA JPO</name>
	<ExtendedData><SchemaData schemaUrl="#interpolated_points_second_link_hala_jpo">
		<SimpleData name="fid">1</SimpleData>
		<SimpleData name="tessellate">1</SimpleData>
		<SimpleData name="extrude">0</SimpleData>
		<SimpleData name="visibility">-1</SimpleData>
		<SimpleData name="distance">11700</SimpleData>
		<SimpleData name="angle">39.8256986364545</SimpleData>
		<SimpleData name="KM">KM 11.7</SimpleData>
		<SimpleData name="Latitude">1.442</SimpleData>
		<SimpleData name="Longitude">103.6133096147</SimpleData>
	</SchemaData></ExtendedData>
      <Point><coordinates>103.613309614745,1.44247161781755,0</coordinates></Point>
  </Placemark>
  <Placemark id="interpolated_points_second_link_hala_jpo.119">
	<name>SECOND LINK HALA JPO</name>
	<ExtendedData><SchemaData schemaUrl="#interpolated_points_second_link_hala_jpo">
		<SimpleData name="fid">1</SimpleData>
		<SimpleData name="tessellate">1</SimpleData>
		<SimpleData name="extrude">0</SimpleData>
		<SimpleData name="visibility">-1</SimpleData>
		<SimpleData name="distance">11800</SimpleData>
		<SimpleData name="angle">36.046668529038</SimpleData>
		<SimpleData name="KM">KM 11.8</SimpleData>
		<SimpleData name="Latitude">1.443</SimpleData>
		<SimpleData name="Longitude">103.6138511305</SimpleData>
	</SchemaData></ExtendedData>
      <Point><coordinates>103.613851130498,1.44319233453607,0</coordinates></Point>
  </Placemark>
  <Placemark id="interpolated_points_second_link_hala_jpo.120">
	<name>SECOND LINK HALA JPO</name>
	<ExtendedData><SchemaData schemaUrl="#interpolated_points_second_link_hala_jpo">
		<SimpleData name="fid">1</SimpleData>
		<SimpleData name="tessellate">1</SimpleData>
		<SimpleData name="extrude">0</SimpleData>
		<SimpleData name="visibility">-1</SimpleData>
		<SimpleData name="distance">11900</SimpleData>
		<SimpleData name="angle">28.4052067633699</SimpleData>
		<SimpleData name="KM">KM 11.9</SimpleData>
		<SimpleData name="Latitude">1.444</SimpleData>
		<SimpleData name="Longitude">103.6143112147</SimpleData>
	</SchemaData></ExtendedData>
      <Point><coordinates>103.614311214707,1.4439686274077,0</coordinates></Point>
  </Placemark>
  <Placemark id="interpolated_points_second_link_hala_jpo.121">
	<name>SECOND LINK HALA JPO</name>
	<ExtendedData><SchemaData schemaUrl="#interpolated_points_second_link_hala_jpo">
		<SimpleData name="fid">1</SimpleData>
		<SimpleData name="tessellate">1</SimpleData>
		<SimpleData name="extrude">0</SimpleData>
		<SimpleData name="visibility">-1</SimpleData>
		<SimpleData name="distance">12000</SimpleData>
		<SimpleData name="angle">21.9629781961943</SimpleData>
		<SimpleData name="KM">KM 12.0</SimpleData>
		<SimpleData name="Latitude">1.445</SimpleData>
		<SimpleData name="Longitude">103.6146920477</SimpleData>
	</SchemaData></ExtendedData>
      <Point><coordinates>103.614692047675,1.44478511918661,0</coordinates></Point>
  </Placemark>
  <Placemark id="interpolated_points_second_link_hala_jpo.122">
	<name>SECOND LINK HALA JPO</name>
	<ExtendedData><SchemaData schemaUrl="#interpolated_points_second_link_hala_jpo">
		<SimpleData name="fid">1</SimpleData>
		<SimpleData name="tessellate">1</SimpleData>
		<SimpleData name="extrude">0</SimpleData>
		<SimpleData name="visibility">-1</SimpleData>
		<SimpleData name="distance">12100</SimpleData>
		<SimpleData name="angle">16.5947855936792</SimpleData>
		<SimpleData name="KM">KM 12.1</SimpleData>
		<SimpleData name="Latitude">1.446</SimpleData>
		<SimpleData name="Longitude">103.6149965771</SimpleData>
	</SchemaData></ExtendedData>
      <Point><coordinates>103.614996577146,1.44563379955811,0</coordinates></Point>
  </Placemark>
  <Placemark id="interpolated_points_second_link_hala_jpo.123">
	<name>SECOND LINK HALA JPO</name>
	<ExtendedData><SchemaData schemaUrl="#interpolated_points_second_link_hala_jpo">
		<SimpleData name="fid">1</SimpleData>
		<SimpleData name="tessellate">1</SimpleData>
		<SimpleData name="extrude">0</SimpleData>
		<SimpleData name="visibility">-1</SimpleData>
		<SimpleData name="distance">12200</SimpleData>
		<SimpleData name="angle">10.8868008746495</SimpleData>
		<SimpleData name="KM">KM 12.2</SimpleData>
		<SimpleData name="Latitude">1.447</SimpleData>
		<SimpleData name="Longitude">103.6152016125</SimpleData>
	</SchemaData></ExtendedData>
      <Point><coordinates>103.615201612475,1.44651346547191,0</coordinates></Point>
  </Placemark>
  <Placemark id="interpolated_points_second_link_hala_jpo.124">
	<name>SECOND LINK HALA JPO</name>
	<ExtendedData><SchemaData schemaUrl="#interpolated_points_second_link_hala_jpo">
		<SimpleData name="fid">1</SimpleData>
		<SimpleData name="tessellate">1</SimpleData>
		<SimpleData name="extrude">0</SimpleData>
		<SimpleData name="visibility">-1</SimpleData>
		<SimpleData name="distance">12300</SimpleData>
		<SimpleData name="angle">4.63811646863393</SimpleData>
		<SimpleData name="KM">KM 12.3</SimpleData>
		<SimpleData name="Latitude">1.447</SimpleData>
		<SimpleData name="Longitude">103.6153262666</SimpleData>
	</SchemaData></ExtendedData>
      <Point><coordinates>103.61532626657,1.44740833209731,0</coordinates></Point>
  </Placemark>
  <Placemark id="interpolated_points_second_link_hala_jpo.125">
	<name>SECOND LINK HALA JPO</name>
	<ExtendedData><SchemaData schemaUrl="#interpolated_points_second_link_hala_jpo">
		<SimpleData name="fid">1</SimpleData>
		<SimpleData name="tessellate">1</SimpleData>
		<SimpleData name="extrude">0</SimpleData>
		<SimpleData name="visibility">-1</SimpleData>
		<SimpleData name="distance">12400</SimpleData>
		<SimpleData name="angle">0.0350020316497181</SimpleData>
		<SimpleData name="KM">KM 12.4</SimpleData>
		<SimpleData name="Latitude">1.448</SimpleData>
		<SimpleData name="Longitude">103.6153600000</SimpleData>
	</SchemaData></ExtendedData>
      <Point><coordinates>103.615360000017,1.44831167410354,0</coordinates></Point>
  </Placemark>
  <Placemark id="interpolated_points_second_link_hala_jpo.126">
	<name>SECOND LINK HALA JPO</name>
	<ExtendedData><SchemaData schemaUrl="#interpolated_points_second_link_hala_jpo">
		<SimpleData name="fid">1</SimpleData>
		<SimpleData name="tessellate">1</SimpleData>
		<SimpleData name="extrude">0</SimpleData>
		<SimpleData name="visibility">-1</SimpleData>
		<SimpleData name="distance">12500</SimpleData>
		<SimpleData name="angle">353.98776450656</SimpleData>
		<SimpleData name="KM">KM 12.5</SimpleData>
		<SimpleData name="Latitude">1.449</SimpleData>
		<SimpleData name="Longitude">103.6153038299</SimpleData>
	</SchemaData></ExtendedData>
      <Point><coordinates>103.615303829921,1.44921361578486,0</coordinates></Point>
  </Placemark>
  <Placemark id="interpolated_points_second_link_hala_jpo.127">
	<name>SECOND LINK HALA JPO</name>
	<ExtendedData><SchemaData schemaUrl="#interpolated_points_second_link_hala_jpo">
		<SimpleData name="fid">1</SimpleData>
		<SimpleData name="tessellate">1</SimpleData>
		<SimpleData name="extrude">0</SimpleData>
		<SimpleData name="visibility">-1</SimpleData>
		<SimpleData name="distance">12600</SimpleData>
		<SimpleData name="angle">347.231776170591</SimpleData>
		<SimpleData name="KM">KM 12.6</SimpleData>
		<SimpleData name="Latitude">1.450</SimpleData>
		<SimpleData name="Longitude">103.6151525739</SimpleData>
	</SchemaData></ExtendedData>
      <Point><coordinates>103.615152573929,1.45010431547892,0</coordinates></Point>
  </Placemark>
  <Placemark id="interpolated_points_second_link_hala_jpo.128">
	<name>SECOND LINK HALA JPO</name>
	<ExtendedData><SchemaData schemaUrl="#interpolated_points_second_link_hala_jpo">
		<SimpleData name="fid">1</SimpleData>
		<SimpleData name="tessellate">1</SimpleData>
		<SimpleData name="extrude">0</SimpleData>
		<SimpleData name="visibility">-1</SimpleData>
		<SimpleData name="distance">12700</SimpleData>
		<SimpleData name="angle">344.518765857321</SimpleData>
		<SimpleData name="KM">KM 12.7</SimpleData>
		<SimpleData name="Latitude">1.451</SimpleData>
		<SimpleData name="Longitude">103.6149257156</SimpleData>
	</SchemaData></ExtendedData>
      <Point><coordinates>103.614925715611,1.45097928092396,0</coordinates></Point>
  </Placemark>
  <Placemark id="interpolated_points_second_link_hala_jpo.129">
	<name>SECOND LINK HALA JPO</name>
	<ExtendedData><SchemaData schemaUrl="#interpolated_points_second_link_hala_jpo">
		<SimpleData name="fid">1</SimpleData>
		<SimpleData name="tessellate">1</SimpleData>
		<SimpleData name="extrude">0</SimpleData>
		<SimpleData name="visibility">-1</SimpleData>
		<SimpleData name="distance">12800</SimpleData>
		<SimpleData name="angle">334.950903997402</SimpleData>
		<SimpleData name="KM">KM 12.8</SimpleData>
		<SimpleData name="Latitude">1.452</SimpleData>
		<SimpleData name="Longitude">103.6145843562</SimpleData>
	</SchemaData></ExtendedData>
      <Point><coordinates>103.614584356233,1.4518146345823,0</coordinates></Point>
  </Placemark>
  <Placemark id="interpolated_points_second_link_hala_jpo.130">
	<name>SECOND LINK HALA JPO</name>
	<ExtendedData><SchemaData schemaUrl="#interpolated_points_second_link_hala_jpo">
		<SimpleData name="fid">1</SimpleData>
		<SimpleData name="tessellate">1</SimpleData>
		<SimpleData name="extrude">0</SimpleData>
		<SimpleData name="visibility">-1</SimpleData>
		<SimpleData name="distance">12900</SimpleData>
		<SimpleData name="angle">334.950903997402</SimpleData>
		<SimpleData name="KM">KM 12.9</SimpleData>
		<SimpleData name="Latitude">1.453</SimpleData>
		<SimpleData name="Longitude">103.6142033536</SimpleData>
	</SchemaData></ExtendedData>
      <Point><coordinates>103.61420335361,1.45263379041934,0</coordinates></Point>
  </Placemark>
  <Placemark id="interpolated_points_second_link_hala_jpo.131">
	<name>SECOND LINK HALA JPO</name>
	<ExtendedData><SchemaData schemaUrl="#interpolated_points_second_link_hala_jpo">
		<SimpleData name="fid">1</SimpleData>
		<SimpleData name="tessellate">1</SimpleData>
		<SimpleData name="extrude">0</SimpleData>
		<SimpleData name="visibility">-1</SimpleData>
		<SimpleData name="distance">13000</SimpleData>
		<SimpleData name="angle">332.914045633739</SimpleData>
		<SimpleData name="KM">KM 13.0</SimpleData>
		<SimpleData name="Latitude">1.453</SimpleData>
		<SimpleData name="Longitude">103.6138134918</SimpleData>
	</SchemaData></ExtendedData>
      <Point><coordinates>103.613813491795,1.45344857774645,0</coordinates></Point>
  </Placemark>
  <Placemark id="interpolated_points_second_link_hala_jpo.132">
	<name>SECOND LINK HALA JPO</name>
	<ExtendedData><SchemaData schemaUrl="#interpolated_points_second_link_hala_jpo">
		<SimpleData name="fid">1</SimpleData>
		<SimpleData name="tessellate">1</SimpleData>
		<SimpleData name="extrude">0</SimpleData>
		<SimpleData name="visibility">-1</SimpleData>
		<SimpleData name="distance">13100</SimpleData>
		<SimpleData name="angle">332.914045633739</SimpleData>
		<SimpleData name="KM">KM 13.1</SimpleData>
		<SimpleData name="Latitude">1.454</SimpleData>
		<SimpleData name="Longitude">103.6134037996</SimpleData>
	</SchemaData></ExtendedData>
      <Point><coordinates>103.613403799644,1.45425358673564,0</coordinates></Point>
  </Placemark>
  <Placemark id="interpolated_points_second_link_hala_jpo.133">
	<name>SECOND LINK HALA JPO</name>
	<ExtendedData><SchemaData schemaUrl="#interpolated_points_second_link_hala_jpo">
		<SimpleData name="fid">1</SimpleData>
		<SimpleData name="tessellate">1</SimpleData>
		<SimpleData name="extrude">0</SimpleData>
		<SimpleData name="visibility">-1</SimpleData>
		<SimpleData name="distance">13200</SimpleData>
		<SimpleData name="angle">333.323445298526</SimpleData>
		<SimpleData name="KM">KM 13.2</SimpleData>
		<SimpleData name="Latitude">1.455</SimpleData>
		<SimpleData name="Longitude">103.6130114226</SimpleData>
	</SchemaData></ExtendedData>
      <Point><coordinates>103.613011422591,1.45506715485558,0</coordinates></Point>
  </Placemark>
  <Placemark id="interpolated_points_second_link_hala_jpo.134">
	<name>SECOND LINK HALA JPO</name>
	<ExtendedData><SchemaData schemaUrl="#interpolated_points_second_link_hala_jpo">
		<SimpleData name="fid">1</SimpleData>
		<SimpleData name="tessellate">1</SimpleData>
		<SimpleData name="extrude">0</SimpleData>
		<SimpleData name="visibility">-1</SimpleData>
		<SimpleData name="distance">13300</SimpleData>
		<SimpleData name="angle">333.639534426465</SimpleData>
		<SimpleData name="KM">KM 13.3</SimpleData>
		<SimpleData name="Latitude">1.456</SimpleData>
		<SimpleData name="Longitude">103.6126122060</SimpleData>
	</SchemaData></ExtendedData>
      <Point><coordinates>103.612612206017,1.45587747132018,0</coordinates></Point>
  </Placemark>
  <Placemark id="interpolated_points_second_link_hala_jpo.135">
	<name>SECOND LINK HALA JPO</name>
	<ExtendedData><SchemaData schemaUrl="#interpolated_points_second_link_hala_jpo">
		<SimpleData name="fid">1</SimpleData>
		<SimpleData name="tessellate">1</SimpleData>
		<SimpleData name="extrude">0</SimpleData>
		<SimpleData name="visibility">-1</SimpleData>
		<SimpleData name="distance">13400</SimpleData>
		<SimpleData name="angle">333.639534426465</SimpleData>
		<SimpleData name="KM">KM 13.4</SimpleData>
		<SimpleData name="Latitude">1.457</SimpleData>
		<SimpleData name="Longitude">103.6122126732</SimpleData>
	</SchemaData></ExtendedData>
      <Point><coordinates>103.612212673185,1.45668763543055,0</coordinates></Point>
  </Placemark>
  <Placemark id="interpolated_points_second_link_hala_jpo.136">
	<name>SECOND LINK HALA JPO</name>
	<ExtendedData><SchemaData schemaUrl="#interpolated_points_second_link_hala_jpo">
		<SimpleData name="fid">1</SimpleData>
		<SimpleData name="tessellate">1</SimpleData>
		<SimpleData name="extrude">0</SimpleData>
		<SimpleData name="visibility">-1</SimpleData>
		<SimpleData name="distance">13500</SimpleData>
		<SimpleData name="angle">333.323557431194</SimpleData>
		<SimpleData name="KM">KM 13.5</SimpleData>
		<SimpleData name="Latitude">1.457</SimpleData>
		<SimpleData name="Longitude">103.6118115102</SimpleData>
	</SchemaData></ExtendedData>
      <Point><coordinates>103.611811510247,1.45749697956287,0</coordinates></Point>
  </Placemark>
  <Placemark id="interpolated_points_second_link_hala_jpo.137">
	<name>SECOND LINK HALA JPO</name>
	<ExtendedData><SchemaData schemaUrl="#interpolated_points_second_link_hala_jpo">
		<SimpleData name="fid">1</SimpleData>
		<SimpleData name="tessellate">1</SimpleData>
		<SimpleData name="extrude">0</SimpleData>
		<SimpleData name="visibility">-1</SimpleData>
		<SimpleData name="distance">13600</SimpleData>
		<SimpleData name="angle">334.378892210498</SimpleData>
		<SimpleData name="KM">KM 13.6</SimpleData>
		<SimpleData name="Latitude">1.458</SimpleData>
		<SimpleData name="Longitude">103.6114070590</SimpleData>
	</SchemaData></ExtendedData>
      <Point><coordinates>103.611407058969,1.4583042574123,0</coordinates></Point>
  </Placemark>
  <Placemark id="interpolated_points_second_link_hala_jpo.138">
	<name>SECOND LINK HALA JPO</name>
	<ExtendedData><SchemaData schemaUrl="#interpolated_points_second_link_hala_jpo">
		<SimpleData name="fid">1</SimpleData>
		<SimpleData name="tessellate">1</SimpleData>
		<SimpleData name="extrude">0</SimpleData>
		<SimpleData name="visibility">-1</SimpleData>
		<SimpleData name="distance">13700</SimpleData>
		<SimpleData name="angle">333.539064350816</SimpleData>
		<SimpleData name="KM">KM 13.7</SimpleData>
		<SimpleData name="Latitude">1.459</SimpleData>
		<SimpleData name="Longitude">103.6110167883</SimpleData>
	</SchemaData></ExtendedData>
      <Point><coordinates>103.611016788347,1.45911893695494,0</coordinates></Point>
  </Placemark>
  <Placemark id="interpolated_points_second_link_hala_jpo.139">
	<name>SECOND LINK HALA JPO</name>
	<ExtendedData><SchemaData schemaUrl="#interpolated_points_second_link_hala_jpo">
		<SimpleData name="fid">1</SimpleData>
		<SimpleData name="tessellate">1</SimpleData>
		<SimpleData name="extrude">0</SimpleData>
		<SimpleData name="visibility">-1</SimpleData>
		<SimpleData name="distance">13800</SimpleData>
		<SimpleData name="angle">335.93679716618</SimpleData>
		<SimpleData name="KM">KM 13.8</SimpleData>
		<SimpleData name="Latitude">1.460</SimpleData>
		<SimpleData name="Longitude">103.6106161951</SimpleData>
	</SchemaData></ExtendedData>
      <Point><coordinates>103.610616195103,1.45992856102079,0</coordinates></Point>
  </Placemark>
  <Placemark id="interpolated_points_second_link_hala_jpo.140">
	<name>SECOND LINK HALA JPO</name>
	<ExtendedData><SchemaData schemaUrl="#interpolated_points_second_link_hala_jpo">
		<SimpleData name="fid">1</SimpleData>
		<SimpleData name="tessellate">1</SimpleData>
		<SimpleData name="extrude">0</SimpleData>
		<SimpleData name="visibility">-1</SimpleData>
		<SimpleData name="distance">13900</SimpleData>
		<SimpleData name="angle">337.82722422501</SimpleData>
		<SimpleData name="KM">KM 13.9</SimpleData>
		<SimpleData name="Latitude">1.461</SimpleData>
		<SimpleData name="Longitude">103.6102505591</SimpleData>
	</SchemaData></ExtendedData>
      <Point><coordinates>103.610250559074,1.46075443601551,0</coordinates></Point>
  </Placemark>
  <Placemark id="interpolated_points_second_link_hala_jpo.141">
	<name>SECOND LINK HALA JPO</name>
	<ExtendedData><SchemaData schemaUrl="#interpolated_points_second_link_hala_jpo">
		<SimpleData name="fid">1</SimpleData>
		<SimpleData name="tessellate">1</SimpleData>
		<SimpleData name="extrude">0</SimpleData>
		<SimpleData name="visibility">-1</SimpleData>
		<SimpleData name="distance">14000</SimpleData>
		<SimpleData name="angle">340.417572496373</SimpleData>
		<SimpleData name="KM">KM 14.0</SimpleData>
		<SimpleData name="Latitude">1.462</SimpleData>
		<SimpleData name="Longitude">103.6099141285</SimpleData>
	</SchemaData></ExtendedData>
      <Point><coordinates>103.609914128466,1.46159304907053,0</coordinates></Point>
  </Placemark>
  <Placemark id="interpolated_points_second_link_hala_jpo.142">
	<name>SECOND LINK HALA JPO</name>
	<ExtendedData><SchemaData schemaUrl="#interpolated_points_second_link_hala_jpo">
		<SimpleData name="fid">1</SimpleData>
		<SimpleData name="tessellate">1</SimpleData>
		<SimpleData name="extrude">0</SimpleData>
		<SimpleData name="visibility">-1</SimpleData>
		<SimpleData name="distance">14100</SimpleData>
		<SimpleData name="angle">340.48032404767</SimpleData>
		<SimpleData name="KM">KM 14.1</SimpleData>
		<SimpleData name="Latitude">1.462</SimpleData>
		<SimpleData name="Longitude">103.6096128781</SimpleData>
	</SchemaData></ExtendedData>
      <Point><coordinates>103.609612878147,1.46244517859068,0</coordinates></Point>
  </Placemark>
  <Placemark id="interpolated_points_second_link_hala_jpo.143">
	<name>SECOND LINK HALA JPO</name>
	<ExtendedData><SchemaData schemaUrl="#interpolated_points_second_link_hala_jpo">
		<SimpleData name="fid">1</SimpleData>
		<SimpleData name="tessellate">1</SimpleData>
		<SimpleData name="extrude">0</SimpleData>
		<SimpleData name="visibility">-1</SimpleData>
		<SimpleData name="distance">14200</SimpleData>
		<SimpleData name="angle">342.829664795808</SimpleData>
		<SimpleData name="KM">KM 14.2</SimpleData>
		<SimpleData name="Latitude">1.463</SimpleData>
		<SimpleData name="Longitude">103.6093297050</SimpleData>
	</SchemaData></ExtendedData>
      <Point><coordinates>103.609329705032,1.46330345867898,0</coordinates></Point>
  </Placemark>
  <Placemark id="interpolated_points_second_link_hala_jpo.144">
	<name>SECOND LINK HALA JPO</name>
	<ExtendedData><SchemaData schemaUrl="#interpolated_points_second_link_hala_jpo">
		<SimpleData name="fid">1</SimpleData>
		<SimpleData name="tessellate">1</SimpleData>
		<SimpleData name="extrude">0</SimpleData>
		<SimpleData name="visibility">-1</SimpleData>
		<SimpleData name="distance">14300</SimpleData>
		<SimpleData name="angle">343.810058566979</SimpleData>
		<SimpleData name="KM">KM 14.3</SimpleData>
		<SimpleData name="Latitude">1.464</SimpleData>
		<SimpleData name="Longitude">103.6090769464</SimpleData>
	</SchemaData></ExtendedData>
      <Point><coordinates>103.609076946435,1.46417139363742,0</coordinates></Point>
  </Placemark>
  <Placemark id="interpolated_points_second_link_hala_jpo.145">
	<name>SECOND LINK HALA JPO</name>
	<ExtendedData><SchemaData schemaUrl="#interpolated_points_second_link_hala_jpo">
		<SimpleData name="fid">1</SimpleData>
		<SimpleData name="tessellate">1</SimpleData>
		<SimpleData name="extrude">0</SimpleData>
		<SimpleData name="visibility">-1</SimpleData>
		<SimpleData name="distance">14400</SimpleData>
		<SimpleData name="angle">346.324558231367</SimpleData>
		<SimpleData name="KM">KM 14.4</SimpleData>
		<SimpleData name="Latitude">1.465</SimpleData>
		<SimpleData name="Longitude">103.6088613612</SimpleData>
	</SchemaData></ExtendedData>
      <Point><coordinates>103.608861361195,1.46504938526311,0</coordinates></Point>
  </Placemark>
  <Placemark id="interpolated_points_second_link_hala_jpo.146">
	<name>SECOND LINK HALA JPO</name>
	<ExtendedData><SchemaData schemaUrl="#interpolated_points_second_link_hala_jpo">
		<SimpleData name="fid">1</SimpleData>
		<SimpleData name="tessellate">1</SimpleData>
		<SimpleData name="extrude">0</SimpleData>
		<SimpleData name="visibility">-1</SimpleData>
		<SimpleData name="distance">14500</SimpleData>
		<SimpleData name="angle">348.403433501396</SimpleData>
		<SimpleData name="KM">KM 14.5</SimpleData>
		<SimpleData name="Latitude">1.466</SimpleData>
		<SimpleData name="Longitude">103.6086937720</SimpleData>
	</SchemaData></ExtendedData>
      <Point><coordinates>103.608693771974,1.46593711486451,0</coordinates></Point>
  </Placemark>
  <Placemark id="interpolated_points_second_link_hala_jpo.147">
	<name>SECOND LINK HALA JPO</name>
	<ExtendedData><SchemaData schemaUrl="#interpolated_points_second_link_hala_jpo">
		<SimpleData name="fid">1</SimpleData>
		<SimpleData name="tessellate">1</SimpleData>
		<SimpleData name="extrude">0</SimpleData>
		<SimpleData name="visibility">-1</SimpleData>
		<SimpleData name="distance">14600</SimpleData>
		<SimpleData name="angle">351.006466907652</SimpleData>
		<SimpleData name="KM">KM 14.6</SimpleData>
		<SimpleData name="Latitude">1.467</SimpleData>
		<SimpleData name="Longitude">103.6085408141</SimpleData>
	</SchemaData></ExtendedData>
      <Point><coordinates>103.608540814065,1.46682817795817,0</coordinates></Point>
  </Placemark>
  <Placemark id="interpolated_points_second_link_hala_jpo.148">
	<name>SECOND LINK HALA JPO</name>
	<ExtendedData><SchemaData schemaUrl="#interpolated_points_second_link_hala_jpo">
		<SimpleData name="fid">1</SimpleData>
		<SimpleData name="tessellate">1</SimpleData>
		<SimpleData name="extrude">0</SimpleData>
		<SimpleData name="visibility">-1</SimpleData>
		<SimpleData name="distance">14700</SimpleData>
		<SimpleData name="angle">352.662828000088</SimpleData>
		<SimpleData name="KM">KM 14.7</SimpleData>
		<SimpleData name="Latitude">1.468</SimpleData>
		<SimpleData name="Longitude">103.6084162240</SimpleData>
	</SchemaData></ExtendedData>
      <Point><coordinates>103.60841622402,1.46772381332757,0</coordinates></Point>
  </Placemark>
  <Placemark id="interpolated_points_second_link_hala_jpo.149">
	<name>SECOND LINK HALA JPO</name>
	<ExtendedData><SchemaData schemaUrl="#interpolated_points_second_link_hala_jpo">
		<SimpleData name="fid">1</SimpleData>
		<SimpleData name="tessellate">1</SimpleData>
		<SimpleData name="extrude">0</SimpleData>
		<SimpleData name="visibility">-1</SimpleData>
		<SimpleData name="distance">14800</SimpleData>
		<SimpleData name="angle">355.67572404036</SimpleData>
		<SimpleData name="KM">KM 14.8</SimpleData>
		<SimpleData name="Latitude">1.469</SimpleData>
		<SimpleData name="Longitude">103.6083307820</SimpleData>
	</SchemaData></ExtendedData>
      <Point><coordinates>103.608330782048,1.46862367730116,0</coordinates></Point>
  </Placemark>
  <Placemark id="interpolated_points_second_link_hala_jpo.150">
	<name>SECOND LINK HALA JPO</name>
	<ExtendedData><SchemaData schemaUrl="#interpolated_points_second_link_hala_jpo">
		<SimpleData name="fid">1</SimpleData>
		<SimpleData name="tessellate">1</SimpleData>
		<SimpleData name="extrude">0</SimpleData>
		<SimpleData name="visibility">-1</SimpleData>
		<SimpleData name="distance">14900</SimpleData>
		<SimpleData name="angle">356.647727200614</SimpleData>
		<SimpleData name="KM">KM 14.9</SimpleData>
		<SimpleData name="Latitude">1.470</SimpleData>
		<SimpleData name="Longitude">103.6082708185</SimpleData>
	</SchemaData></ExtendedData>
      <Point><coordinates>103.608270818462,1.46952608639404,0</coordinates></Point>
  </Placemark>
  <Placemark id="interpolated_points_second_link_hala_jpo.151">
	<name>SECOND LINK HALA JPO</name>
	<ExtendedData><SchemaData schemaUrl="#interpolated_points_second_link_hala_jpo">
		<SimpleData name="fid">1</SimpleData>
		<SimpleData name="tessellate">1</SimpleData>
		<SimpleData name="extrude">0</SimpleData>
		<SimpleData name="visibility">-1</SimpleData>
		<SimpleData name="distance">15000</SimpleData>
		<SimpleData name="angle">358.694966001843</SimpleData>
		<SimpleData name="KM">KM 15.0</SimpleData>
		<SimpleData name="Latitude">1.470</SimpleData>
		<SimpleData name="Longitude">103.6082432553</SimpleData>
	</SchemaData></ExtendedData>
      <Point><coordinates>103.608243255276,1.47043002409192,0</coordinates></Point>
  </Placemark>
  <Placemark id="interpolated_points_second_link_hala_jpo.152">
	<name>SECOND LINK HALA JPO</name>
	<ExtendedData><SchemaData schemaUrl="#interpolated_points_second_link_hala_jpo">
		<SimpleData name="fid">1</SimpleData>
		<SimpleData name="tessellate">1</SimpleData>
		<SimpleData name="extrude">0</SimpleData>
		<SimpleData name="visibility">-1</SimpleData>
		<SimpleData name="distance">15100</SimpleData>
		<SimpleData name="angle">1.40839232101639</SimpleData>
		<SimpleData name="KM">KM 15.1</SimpleData>
		<SimpleData name="Latitude">1.471</SimpleData>
		<SimpleData name="Longitude">103.6082581958</SimpleData>
	</SchemaData></ExtendedData>
      <Point><coordinates>103.608258195803,1.47133422325588,0</coordinates></Point>
  </Placemark>
  <Placemark id="interpolated_points_second_link_hala_jpo.153">
	<name>SECOND LINK HALA JPO</name>
	<ExtendedData><SchemaData schemaUrl="#interpolated_points_second_link_hala_jpo">
		<SimpleData name="fid">1</SimpleData>
		<SimpleData name="tessellate">1</SimpleData>
		<SimpleData name="extrude">0</SimpleData>
		<SimpleData name="visibility">-1</SimpleData>
		<SimpleData name="distance">15200</SimpleData>
		<SimpleData name="angle">3.6919167763229</SimpleData>
		<SimpleData name="KM">KM 15.2</SimpleData>
		<SimpleData name="Latitude">1.472</SimpleData>
		<SimpleData name="Longitude">103.6082962117</SimpleData>
	</SchemaData></ExtendedData>
      <Point><coordinates>103.60829621174,1.47223783475481,0</coordinates></Point>
  </Placemark>
  <Placemark id="interpolated_points_second_link_hala_jpo.154">
	<name>SECOND LINK HALA JPO</name>
	<ExtendedData><SchemaData schemaUrl="#interpolated_points_second_link_hala_jpo">
		<SimpleData name="fid">1</SimpleData>
		<SimpleData name="tessellate">1</SimpleData>
		<SimpleData name="extrude">0</SimpleData>
		<SimpleData name="visibility">-1</SimpleData>
		<SimpleData name="distance">15300</SimpleData>
		<SimpleData name="angle">5.26328348505569</SimpleData>
		<SimpleData name="KM">KM 15.3</SimpleData>
		<SimpleData name="Latitude">1.473</SimpleData>
		<SimpleData name="Longitude">103.6083636057</SimpleData>
	</SchemaData></ExtendedData>
      <Point><coordinates>103.608363605683,1.4731396623915,0</coordinates></Point>
  </Placemark>
  <Placemark id="interpolated_points_second_link_hala_jpo.155">
	<name>SECOND LINK HALA JPO</name>
	<ExtendedData><SchemaData schemaUrl="#interpolated_points_second_link_hala_jpo">
		<SimpleData name="fid">1</SimpleData>
		<SimpleData name="tessellate">1</SimpleData>
		<SimpleData name="extrude">0</SimpleData>
		<SimpleData name="visibility">-1</SimpleData>
		<SimpleData name="distance">15400</SimpleData>
		<SimpleData name="angle">8.70577266002925</SimpleData>
		<SimpleData name="KM">KM 15.4</SimpleData>
		<SimpleData name="Latitude">1.474</SimpleData>
		<SimpleData name="Longitude">103.6084609708</SimpleData>
	</SchemaData></ExtendedData>
      <Point><coordinates>103.608460970812,1.4740384073329,0</coordinates></Point>
  </Placemark>
  <Placemark id="interpolated_points_second_link_hala_jpo.156">
	<name>SECOND LINK HALA JPO</name>
	<ExtendedData><SchemaData schemaUrl="#interpolated_points_second_link_hala_jpo">
		<SimpleData name="fid">1</SimpleData>
		<SimpleData name="tessellate">1</SimpleData>
		<SimpleData name="extrude">0</SimpleData>
		<SimpleData name="visibility">-1</SimpleData>
		<SimpleData name="distance">15500</SimpleData>
		<SimpleData name="angle">8.57565039812673</SimpleData>
		<SimpleData name="KM">KM 15.5</SimpleData>
		<SimpleData name="Latitude">1.475</SimpleData>
		<SimpleData name="Longitude">103.6085948581</SimpleData>
	</SchemaData></ExtendedData>
      <Point><coordinates>103.608594858085,1.47493277057465,0</coordinates></Point>
  </Placemark>
  <Placemark id="interpolated_points_second_link_hala_jpo.157">
	<name>SECOND LINK HALA JPO</name>
	<ExtendedData><SchemaData schemaUrl="#interpolated_points_second_link_hala_jpo">
		<SimpleData name="fid">1</SimpleData>
		<SimpleData name="tessellate">1</SimpleData>
		<SimpleData name="extrude">0</SimpleData>
		<SimpleData name="visibility">-1</SimpleData>
		<SimpleData name="distance">15600</SimpleData>
		<SimpleData name="angle">8.57565039812673</SimpleData>
		<SimpleData name="KM">KM 15.6</SimpleData>
		<SimpleData name="Latitude">1.476</SimpleData>
		<SimpleData name="Longitude">103.6087283127</SimpleData>
	</SchemaData></ExtendedData>
      <Point><coordinates>103.60872831271,1.47582719975817,0</coordinates></Point>
  </Placemark>
  <Placemark id="interpolated_points_second_link_hala_jpo.158">
	<name>SECOND LINK HALA JPO</name>
	<ExtendedData><SchemaData schemaUrl="#interpolated_points_second_link_hala_jpo">
		<SimpleData name="fid">1</SimpleData>
		<SimpleData name="tessellate">1</SimpleData>
		<SimpleData name="extrude">0</SimpleData>
		<SimpleData name="visibility">-1</SimpleData>
		<SimpleData name="distance">15700</SimpleData>
		<SimpleData name="angle">8.57565039812673</SimpleData>
		<SimpleData name="KM">KM 15.7</SimpleData>
		<SimpleData name="Latitude">1.477</SimpleData>
		<SimpleData name="Longitude">103.6088617671</SimpleData>
	</SchemaData></ExtendedData>
      <Point><coordinates>103.608861767112,1.47672162902843,0</coordinates></Point>
  </Placemark>
  <Placemark id="interpolated_points_second_link_hala_jpo.159">
	<name>SECOND LINK HALA JPO</name>
	<ExtendedData><SchemaData schemaUrl="#interpolated_points_second_link_hala_jpo">
		<SimpleData name="fid">1</SimpleData>
		<SimpleData name="tessellate">1</SimpleData>
		<SimpleData name="extrude">0</SimpleData>
		<SimpleData name="visibility">-1</SimpleData>
		<SimpleData name="distance">15800</SimpleData>
		<SimpleData name="angle">10.5929946973882</SimpleData>
		<SimpleData name="KM">KM 15.8</SimpleData>
		<SimpleData name="Latitude">1.478</SimpleData>
		<SimpleData name="Longitude">103.6090034564</SimpleData>
	</SchemaData></ExtendedData>
      <Point><coordinates>103.60900345635,1.47761466428434,0</coordinates></Point>
  </Placemark>
  <Placemark id="interpolated_points_second_link_hala_jpo.160">
	<name>SECOND LINK HALA JPO</name>
	<ExtendedData><SchemaData schemaUrl="#interpolated_points_second_link_hala_jpo">
		<SimpleData name="fid">1</SimpleData>
		<SimpleData name="tessellate">1</SimpleData>
		<SimpleData name="extrude">0</SimpleData>
		<SimpleData name="visibility">-1</SimpleData>
		<SimpleData name="distance">15900</SimpleData>
		<SimpleData name="angle">6.41632773726301</SimpleData>
		<SimpleData name="KM">KM 15.9</SimpleData>
		<SimpleData name="Latitude">1.479</SimpleData>
		<SimpleData name="Longitude">103.6091354564</SimpleData>
	</SchemaData></ExtendedData>
      <Point><coordinates>103.609135456352,1.47850910716178,0</coordinates></Point>
  </Placemark>
  <Placemark id="interpolated_points_second_link_hala_jpo.161">
	<name>SECOND LINK HALA JPO</name>
	<ExtendedData><SchemaData schemaUrl="#interpolated_points_second_link_hala_jpo">
		<SimpleData name="fid">1</SimpleData>
		<SimpleData name="tessellate">1</SimpleData>
		<SimpleData name="extrude">0</SimpleData>
		<SimpleData name="visibility">-1</SimpleData>
		<SimpleData name="distance">16000</SimpleData>
		<SimpleData name="angle">8.67364063408523</SimpleData>
		<SimpleData name="KM">KM 16.0</SimpleData>
		<SimpleData name="Latitude">1.479</SimpleData>
		<SimpleData name="Longitude">103.6092610640</SimpleData>
	</SchemaData></ExtendedData>
      <Point><coordinates>103.609261064033,1.47940454896428,0</coordinates></Point>
  </Placemark>
  <Placemark id="interpolated_points_second_link_hala_jpo.162">
	<name>SECOND LINK HALA JPO</name>
	<ExtendedData><SchemaData schemaUrl="#interpolated_points_second_link_hala_jpo">
		<SimpleData name="fid">1</SimpleData>
		<SimpleData name="tessellate">1</SimpleData>
		<SimpleData name="extrude">0</SimpleData>
		<SimpleData name="visibility">-1</SimpleData>
		<SimpleData name="distance">16100</SimpleData>
		<SimpleData name="angle">9.55769786523657</SimpleData>
		<SimpleData name="KM">KM 16.1</SimpleData>
		<SimpleData name="Latitude">1.480</SimpleData>
		<SimpleData name="Longitude">103.6093996933</SimpleData>
	</SchemaData></ExtendedData>
      <Point><coordinates>103.609399693263,1.48029815957426,0</coordinates></Point>
  </Placemark>
  <Placemark id="interpolated_points_second_link_hala_jpo.163">
	<name>SECOND LINK HALA JPO</name>
	<ExtendedData><SchemaData schemaUrl="#interpolated_points_second_link_hala_jpo">
		<SimpleData name="fid">1</SimpleData>
		<SimpleData name="tessellate">1</SimpleData>
		<SimpleData name="extrude">0</SimpleData>
		<SimpleData name="visibility">-1</SimpleData>
		<SimpleData name="distance">16200</SimpleData>
		<SimpleData name="angle">9.2046179637729</SimpleData>
		<SimpleData name="KM">KM 16.2</SimpleData>
		<SimpleData name="Latitude">1.481</SimpleData>
		<SimpleData name="Longitude">103.6095349642</SimpleData>
	</SchemaData></ExtendedData>
      <Point><coordinates>103.609534964228,1.48119212964887,0</coordinates></Point>
  </Placemark>
  <Placemark id="interpolated_points_second_link_hala_jpo.164">
	<name>SECOND LINK HALA JPO</name>
	<ExtendedData><SchemaData schemaUrl="#interpolated_points_second_link_hala_jpo">
		<SimpleData name="fid">1</SimpleData>
		<SimpleData name="tessellate">1</SimpleData>
		<SimpleData name="extrude">0</SimpleData>
		<SimpleData name="visibility">-1</SimpleData>
		<SimpleData name="distance">16300</SimpleData>
		<SimpleData name="angle">8.89822345188847</SimpleData>
		<SimpleData name="KM">KM 16.3</SimpleData>
		<SimpleData name="Latitude">1.482</SimpleData>
		<SimpleData name="Longitude">103.6096681797</SimpleData>
	</SchemaData></ExtendedData>
      <Point><coordinates>103.609668179713,1.48208643242642,0</coordinates></Point>
  </Placemark>
  <Placemark id="interpolated_points_second_link_hala_jpo.165">
	<name>SECOND LINK HALA JPO</name>
	<ExtendedData><SchemaData schemaUrl="#interpolated_points_second_link_hala_jpo">
		<SimpleData name="fid">1</SimpleData>
		<SimpleData name="tessellate">1</SimpleData>
		<SimpleData name="extrude">0</SimpleData>
		<SimpleData name="visibility">-1</SimpleData>
		<SimpleData name="distance">16400</SimpleData>
		<SimpleData name="angle">8.89822345188847</SimpleData>
		<SimpleData name="KM">KM 16.4</SimpleData>
		<SimpleData name="Latitude">1.483</SimpleData>
		<SimpleData name="Longitude">103.6098066340</SimpleData>
	</SchemaData></ExtendedData>
      <Point><coordinates>103.609806634017,1.48298009199326,0</coordinates></Point>
  </Placemark>
  <Placemark id="interpolated_points_second_link_hala_jpo.166">
	<name>SECOND LINK HALA JPO</name>
	<ExtendedData><SchemaData schemaUrl="#interpolated_points_second_link_hala_jpo">
		<SimpleData name="fid">1</SimpleData>
		<SimpleData name="tessellate">1</SimpleData>
		<SimpleData name="extrude">0</SimpleData>
		<SimpleData name="visibility">-1</SimpleData>
		<SimpleData name="distance">16500</SimpleData>
		<SimpleData name="angle">7.20612903619828</SimpleData>
		<SimpleData name="KM">KM 16.5</SimpleData>
		<SimpleData name="Latitude">1.484</SimpleData>
		<SimpleData name="Longitude">103.6099282511</SimpleData>
	</SchemaData></ExtendedData>
      <Point><coordinates>103.609928251059,1.4838760083962,0</coordinates></Point>
  </Placemark>
  <Placemark id="interpolated_points_second_link_hala_jpo.167">
	<name>SECOND LINK HALA JPO</name>
	<ExtendedData><SchemaData schemaUrl="#interpolated_points_second_link_hala_jpo">
		<SimpleData name="fid">1</SimpleData>
		<SimpleData name="tessellate">1</SimpleData>
		<SimpleData name="extrude">0</SimpleData>
		<SimpleData name="visibility">-1</SimpleData>
		<SimpleData name="distance">16600</SimpleData>
		<SimpleData name="angle">6.41643409466068</SimpleData>
		<SimpleData name="KM">KM 16.6</SimpleData>
		<SimpleData name="Latitude">1.485</SimpleData>
		<SimpleData name="Longitude">103.6100316053</SimpleData>
	</SchemaData></ExtendedData>
      <Point><coordinates>103.610031605266,1.48477444732208,0</coordinates></Point>
  </Placemark>
  <Placemark id="interpolated_points_second_link_hala_jpo.168">
	<name>SECOND LINK HALA JPO</name>
	<ExtendedData><SchemaData schemaUrl="#interpolated_points_second_link_hala_jpo">
		<SimpleData name="fid">1</SimpleData>
		<SimpleData name="tessellate">1</SimpleData>
		<SimpleData name="extrude">0</SimpleData>
		<SimpleData name="visibility">-1</SimpleData>
		<SimpleData name="distance">16700</SimpleData>
		<SimpleData name="angle">5.01348420031116</SimpleData>
		<SimpleData name="KM">KM 16.7</SimpleData>
		<SimpleData name="Latitude">1.486</SimpleData>
		<SimpleData name="Longitude">103.6101118981</SimpleData>
	</SchemaData></ExtendedData>
      <Point><coordinates>103.61011189814,1.48567526692947,0</coordinates></Point>
  </Placemark>
  <Placemark id="interpolated_points_second_link_hala_jpo.169">
	<name>SECOND LINK HALA JPO</name>
	<ExtendedData><SchemaData schemaUrl="#interpolated_points_second_link_hala_jpo">
		<SimpleData name="fid">1</SimpleData>
		<SimpleData name="tessellate">1</SimpleData>
		<SimpleData name="extrude">0</SimpleData>
		<SimpleData name="visibility">-1</SimpleData>
		<SimpleData name="distance">16800</SimpleData>
		<SimpleData name="angle">3.42400892232188</SimpleData>
		<SimpleData name="KM">KM 16.8</SimpleData>
		<SimpleData name="Latitude">1.487</SimpleData>
		<SimpleData name="Longitude">103.6101815063</SimpleData>
	</SchemaData></ExtendedData>
      <Point><coordinates>103.610181506261,1.48657560569473,0</coordinates></Point>
  </Placemark>
  <Placemark id="interpolated_points_second_link_hala_jpo.170">
	<name>SECOND LINK HALA JPO</name>
	<ExtendedData><SchemaData schemaUrl="#interpolated_points_second_link_hala_jpo">
		<SimpleData name="fid">1</SimpleData>
		<SimpleData name="tessellate">1</SimpleData>
		<SimpleData name="extrude">0</SimpleData>
		<SimpleData name="visibility">-1</SimpleData>
		<SimpleData name="distance">16900</SimpleData>
		<SimpleData name="angle">2.74757784502405</SimpleData>
		<SimpleData name="KM">KM 16.9</SimpleData>
		<SimpleData name="Latitude">1.487</SimpleData>
		<SimpleData name="Longitude">103.6102317007</SimpleData>
	</SchemaData></ExtendedData>
      <Point><coordinates>103.610231700678,1.48747863880696,0</coordinates></Point>
  </Placemark>
  <Placemark id="interpolated_points_second_link_hala_jpo.171">
	<name>SECOND LINK HALA JPO</name>
	<ExtendedData><SchemaData schemaUrl="#interpolated_points_second_link_hala_jpo">
		<SimpleData name="fid">1</SimpleData>
		<SimpleData name="tessellate">1</SimpleData>
		<SimpleData name="extrude">0</SimpleData>
		<SimpleData name="visibility">-1</SimpleData>
		<SimpleData name="distance">17000</SimpleData>
		<SimpleData name="angle">1.14485363190231</SimpleData>
		<SimpleData name="KM">KM 17.0</SimpleData>
		<SimpleData name="Latitude">1.488</SimpleData>
		<SimpleData name="Longitude">103.6102658147</SimpleData>
	</SchemaData></ExtendedData>
      <Point><coordinates>103.610265814737,1.48838236565427,0</coordinates></Point>
  </Placemark>
  <Placemark id="interpolated_points_second_link_hala_jpo.172">
	<name>SECOND LINK HALA JPO</name>
	<ExtendedData><SchemaData schemaUrl="#interpolated_points_second_link_hala_jpo">
		<SimpleData name="fid">1</SimpleData>
		<SimpleData name="tessellate">1</SimpleData>
		<SimpleData name="extrude">0</SimpleData>
		<SimpleData name="visibility">-1</SimpleData>
		<SimpleData name="distance">17100</SimpleData>
		<SimpleData name="angle">0.036127258963206</SimpleData>
		<SimpleData name="KM">KM 17.1</SimpleData>
		<SimpleData name="Latitude">1.489</SimpleData>
		<SimpleData name="Longitude">103.6102800000</SimpleData>
	</SchemaData></ExtendedData>
      <Point><coordinates>103.610280000026,1.48928650128079,0</coordinates></Point>
  </Placemark>
  <Placemark id="interpolated_points_second_link_hala_jpo.173">
	<name>SECOND LINK HALA JPO</name>
	<ExtendedData><SchemaData schemaUrl="#interpolated_points_second_link_hala_jpo">
		<SimpleData name="fid">1</SimpleData>
		<SimpleData name="tessellate">1</SimpleData>
		<SimpleData name="extrude">0</SimpleData>
		<SimpleData name="visibility">-1</SimpleData>
		<SimpleData name="distance">17200</SimpleData>
		<SimpleData name="angle">359.23534540005</SimpleData>
		<SimpleData name="KM">KM 17.2</SimpleData>
		<SimpleData name="Latitude">1.490</SimpleData>
		<SimpleData name="Longitude">103.6102695716</SimpleData>
	</SchemaData></ExtendedData>
      <Point><coordinates>103.61026957156,1.49019084803027,0</coordinates></Point>
  </Placemark>
  <Placemark id="interpolated_points_second_link_hala_jpo.174">
	<name>SECOND LINK HALA JPO</name>
	<ExtendedData><SchemaData schemaUrl="#interpolated_points_second_link_hala_jpo">
		<SimpleData name="fid">1</SimpleData>
		<SimpleData name="tessellate">1</SimpleData>
		<SimpleData name="extrude">0</SimpleData>
		<SimpleData name="visibility">-1</SimpleData>
		<SimpleData name="distance">17300</SimpleData>
		<SimpleData name="angle">358.289373701447</SimpleData>
		<SimpleData name="KM">KM 17.3</SimpleData>
		<SimpleData name="Latitude">1.491</SimpleData>
		<SimpleData name="Longitude">103.6102537836</SimpleData>
	</SchemaData></ExtendedData>
      <Point><coordinates>103.610253783557,1.49109514282258,0</coordinates></Point>
  </Placemark>
  <Placemark id="interpolated_points_second_link_hala_jpo.175">
	<name>SECOND LINK HALA JPO</name>
	<ExtendedData><SchemaData schemaUrl="#interpolated_points_second_link_hala_jpo">
		<SimpleData name="fid">1</SimpleData>
		<SimpleData name="tessellate">1</SimpleData>
		<SimpleData name="extrude">0</SimpleData>
		<SimpleData name="visibility">-1</SimpleData>
		<SimpleData name="distance">17400</SimpleData>
		<SimpleData name="angle">354.561291255519</SimpleData>
		<SimpleData name="KM">KM 17.4</SimpleData>
		<SimpleData name="Latitude">1.492</SimpleData>
		<SimpleData name="Longitude">103.6102182063</SimpleData>
	</SchemaData></ExtendedData>
      <Point><coordinates>103.610218206257,1.49199883431369,0</coordinates></Point>
  </Placemark>
  <Placemark id="interpolated_points_second_link_hala_jpo.176">
	<name>SECOND LINK HALA JPO</name>
	<ExtendedData><SchemaData schemaUrl="#interpolated_points_second_link_hala_jpo">
		<SimpleData name="fid">1</SimpleData>
		<SimpleData name="tessellate">1</SimpleData>
		<SimpleData name="extrude">0</SimpleData>
		<SimpleData name="visibility">-1</SimpleData>
		<SimpleData name="distance">17500</SimpleData>
		<SimpleData name="angle">355.077765710737</SimpleData>
		<SimpleData name="KM">KM 17.5</SimpleData>
		<SimpleData name="Latitude">1.493</SimpleData>
		<SimpleData name="Longitude">103.6101618030</SimpleData>
	</SchemaData></ExtendedData>
      <Point><coordinates>103.610161803048,1.49290108487516,0</coordinates></Point>
  </Placemark>
  <Placemark id="interpolated_points_second_link_hala_jpo.177">
	<name>SECOND LINK HALA JPO</name>
	<ExtendedData><SchemaData schemaUrl="#interpolated_points_second_link_hala_jpo">
		<SimpleData name="fid">1</SimpleData>
		<SimpleData name="tessellate">1</SimpleData>
		<SimpleData name="extrude">0</SimpleData>
		<SimpleData name="visibility">-1</SimpleData>
		<SimpleData name="distance">17600</SimpleData>
		<SimpleData name="angle">355.242285390287</SimpleData>
		<SimpleData name="KM">KM 17.6</SimpleData>
		<SimpleData name="Latitude">1.494</SimpleData>
		<SimpleData name="Longitude">103.6100782037</SimpleData>
	</SchemaData></ExtendedData>
      <Point><coordinates>103.610078203718,1.4938015554656,0</coordinates></Point>
  </Placemark>
  <Placemark id="interpolated_points_second_link_hala_jpo.178">
	<name>SECOND LINK HALA JPO</name>
	<ExtendedData><SchemaData schemaUrl="#interpolated_points_second_link_hala_jpo">
		<SimpleData name="fid">1</SimpleData>
		<SimpleData name="tessellate">1</SimpleData>
		<SimpleData name="extrude">0</SimpleData>
		<SimpleData name="visibility">-1</SimpleData>
		<SimpleData name="distance">17700</SimpleData>
		<SimpleData name="angle">352.866176277029</SimpleData>
		<SimpleData name="KM">KM 17.7</SimpleData>
		<SimpleData name="Latitude">1.495</SimpleData>
		<SimpleData name="Longitude">103.6099935439</SimpleData>
	</SchemaData></ExtendedData>
      <Point><coordinates>103.609993543932,1.49470164876103,0</coordinates></Point>
  </Placemark>
  <Placemark id="interpolated_points_second_link_hala_jpo.179">
	<name>SECOND LINK HALA JPO</name>
	<ExtendedData><SchemaData schemaUrl="#interpolated_points_second_link_hala_jpo">
		<SimpleData name="fid">1</SimpleData>
		<SimpleData name="tessellate">1</SimpleData>
		<SimpleData name="extrude">0</SimpleData>
		<SimpleData name="visibility">-1</SimpleData>
		<SimpleData name="distance">17800</SimpleData>
		<SimpleData name="angle">352.222097363657</SimpleData>
		<SimpleData name="KM">KM 17.8</SimpleData>
		<SimpleData name="Latitude">1.496</SimpleData>
		<SimpleData name="Longitude">103.6098765814</SimpleData>
	</SchemaData></ExtendedData>
      <Point><coordinates>103.609876581418,1.4955984030144,0</coordinates></Point>
  </Placemark>
  <Placemark id="interpolated_points_second_link_hala_jpo.180">
	<name>SECOND LINK HALA JPO</name>
	<ExtendedData><SchemaData schemaUrl="#interpolated_points_second_link_hala_jpo">
		<SimpleData name="fid">1</SimpleData>
		<SimpleData name="tessellate">1</SimpleData>
		<SimpleData name="extrude">0</SimpleData>
		<SimpleData name="visibility">-1</SimpleData>
		<SimpleData name="distance">17900</SimpleData>
		<SimpleData name="angle">356.437183068141</SimpleData>
		<SimpleData name="KM">KM 17.9</SimpleData>
		<SimpleData name="Latitude">1.496</SimpleData>
		<SimpleData name="Longitude">103.6097473135</SimpleData>
	</SchemaData></ExtendedData>
      <Point><coordinates>103.609747313507,1.49649298390587,0</coordinates></Point>
  </Placemark>
  <Placemark id="interpolated_points_second_link_hala_jpo.181">
	<name>SECOND LINK HALA JPO</name>
	<ExtendedData><SchemaData schemaUrl="#interpolated_points_second_link_hala_jpo">
		<SimpleData name="fid">1</SimpleData>
		<SimpleData name="tessellate">1</SimpleData>
		<SimpleData name="extrude">0</SimpleData>
		<SimpleData name="visibility">-1</SimpleData>
		<SimpleData name="distance">18000</SimpleData>
		<SimpleData name="angle">352.222158778437</SimpleData>
		<SimpleData name="KM">KM 18.0</SimpleData>
		<SimpleData name="Latitude">1.497</SimpleData>
		<SimpleData name="Longitude">103.6096018584</SimpleData>
	</SchemaData></ExtendedData>
      <Point><coordinates>103.609601858406,1.49737970504218,0</coordinates></Point>
  </Placemark>
  <Placemark id="interpolated_points_second_link_hala_jpo.182">
	<name>SECOND LINK HALA JPO</name>
	<ExtendedData><SchemaData schemaUrl="#interpolated_points_second_link_hala_jpo">
		<SimpleData name="fid">1</SimpleData>
		<SimpleData name="tessellate">1</SimpleData>
		<SimpleData name="extrude">0</SimpleData>
		<SimpleData name="visibility">-1</SimpleData>
		<SimpleData name="distance">18100</SimpleData>
		<SimpleData name="angle">347.866616685863</SimpleData>
		<SimpleData name="KM">KM 18.1</SimpleData>
		<SimpleData name="Latitude">1.498</SimpleData>
		<SimpleData name="Longitude">103.6094402361</SimpleData>
	</SchemaData></ExtendedData>
      <Point><coordinates>103.609440236113,1.49826889822546,0</coordinates></Point>
  </Placemark>
  <Placemark id="interpolated_points_second_link_hala_jpo.183">
	<name>SECOND LINK HALA JPO</name>
	<ExtendedData><SchemaData schemaUrl="#interpolated_points_second_link_hala_jpo">
		<SimpleData name="fid">1</SimpleData>
		<SimpleData name="tessellate">1</SimpleData>
		<SimpleData name="extrude">0</SimpleData>
		<SimpleData name="visibility">-1</SimpleData>
		<SimpleData name="distance">18200</SimpleData>
		<SimpleData name="angle">347.760320608133</SimpleData>
		<SimpleData name="KM">KM 18.2</SimpleData>
		<SimpleData name="Latitude">1.499</SimpleData>
		<SimpleData name="Longitude">103.6092582017</SimpleData>
	</SchemaData></ExtendedData>
      <Point><coordinates>103.609258201657,1.49915456736052,0</coordinates></Point>
  </Placemark>
  <Placemark id="interpolated_points_second_link_hala_jpo.184">
	<name>SECOND LINK HALA JPO</name>
	<ExtendedData><SchemaData schemaUrl="#interpolated_points_second_link_hala_jpo">
		<SimpleData name="fid">1</SimpleData>
		<SimpleData name="tessellate">1</SimpleData>
		<SimpleData name="extrude">0</SimpleData>
		<SimpleData name="visibility">-1</SimpleData>
		<SimpleData name="distance">18300</SimpleData>
		<SimpleData name="angle">345.914077662015</SimpleData>
		<SimpleData name="KM">KM 18.3</SimpleData>
		<SimpleData name="Latitude">1.500</SimpleData>
		<SimpleData name="Longitude">103.6090607731</SimpleData>
	</SchemaData></ExtendedData>
      <Point><coordinates>103.609060773054,1.5000369078261,0</coordinates></Point>
  </Placemark>
  <Placemark id="interpolated_points_second_link_hala_jpo.185">
	<name>SECOND LINK HALA JPO</name>
	<ExtendedData><SchemaData schemaUrl="#interpolated_points_second_link_hala_jpo">
		<SimpleData name="fid">1</SimpleData>
		<SimpleData name="tessellate">1</SimpleData>
		<SimpleData name="extrude">0</SimpleData>
		<SimpleData name="visibility">-1</SimpleData>
		<SimpleData name="distance">18400</SimpleData>
		<SimpleData name="angle">345.119446835579</SimpleData>
		<SimpleData name="KM">KM 18.4</SimpleData>
		<SimpleData name="Latitude">1.501</SimpleData>
		<SimpleData name="Longitude">103.6088404743</SimpleData>
	</SchemaData></ExtendedData>
      <Point><coordinates>103.608840474295,1.50091376380077,0</coordinates></Point>
  </Placemark>
  <Placemark id="interpolated_points_second_link_hala_jpo.186">
	<name>SECOND LINK HALA JPO</name>
	<ExtendedData><SchemaData schemaUrl="#interpolated_points_second_link_hala_jpo">
		<SimpleData name="fid">1</SimpleData>
		<SimpleData name="tessellate">1</SimpleData>
		<SimpleData name="extrude">0</SimpleData>
		<SimpleData name="visibility">-1</SimpleData>
		<SimpleData name="distance">18500</SimpleData>
		<SimpleData name="angle">343.907006837304</SimpleData>
		<SimpleData name="KM">KM 18.5</SimpleData>
		<SimpleData name="Latitude">1.502</SimpleData>
		<SimpleData name="Longitude">103.6085963856</SimpleData>
	</SchemaData></ExtendedData>
      <Point><coordinates>103.608596385595,1.50178417833232,0</coordinates></Point>
  </Placemark>
  <Placemark id="interpolated_points_second_link_hala_jpo.187">
	<name>SECOND LINK HALA JPO</name>
	<ExtendedData><SchemaData schemaUrl="#interpolated_points_second_link_hala_jpo">
		<SimpleData name="fid">1</SimpleData>
		<SimpleData name="tessellate">1</SimpleData>
		<SimpleData name="extrude">0</SimpleData>
		<SimpleData name="visibility">-1</SimpleData>
		<SimpleData name="distance">18600</SimpleData>
		<SimpleData name="angle">340.898157346707</SimpleData>
		<SimpleData name="KM">KM 18.6</SimpleData>
		<SimpleData name="Latitude">1.503</SimpleData>
		<SimpleData name="Longitude">103.6083155011</SimpleData>
	</SchemaData></ExtendedData>
      <Point><coordinates>103.608315501071,1.50264304708772,0</coordinates></Point>
  </Placemark>
  <Placemark id="interpolated_points_second_link_hala_jpo.188">
	<name>SECOND LINK HALA JPO</name>
	<ExtendedData><SchemaData schemaUrl="#interpolated_points_second_link_hala_jpo">
		<SimpleData name="fid">1</SimpleData>
		<SimpleData name="tessellate">1</SimpleData>
		<SimpleData name="extrude">0</SimpleData>
		<SimpleData name="visibility">-1</SimpleData>
		<SimpleData name="distance">18700</SimpleData>
		<SimpleData name="angle">340.529909013501</SimpleData>
		<SimpleData name="KM">KM 18.7</SimpleData>
		<SimpleData name="Latitude">1.503</SimpleData>
		<SimpleData name="Longitude">103.6080171728</SimpleData>
	</SchemaData></ExtendedData>
      <Point><coordinates>103.60801717283,1.50349621400178,0</coordinates></Point>
  </Placemark>
  <Placemark id="interpolated_points_second_link_hala_jpo.189">
	<name>SECOND LINK HALA JPO</name>
	<ExtendedData><SchemaData schemaUrl="#interpolated_points_second_link_hala_jpo">
		<SimpleData name="fid">1</SimpleData>
		<SimpleData name="tessellate">1</SimpleData>
		<SimpleData name="extrude">0</SimpleData>
		<SimpleData name="visibility">-1</SimpleData>
		<SimpleData name="distance">18800</SimpleData>
		<SimpleData name="angle">339.635086987346</SimpleData>
		<SimpleData name="KM">KM 18.8</SimpleData>
		<SimpleData name="Latitude">1.504</SimpleData>
		<SimpleData name="Longitude">103.6077143111</SimpleData>
	</SchemaData></ExtendedData>
      <Point><coordinates>103.607714311106,1.50434774647583,0</coordinates></Point>
  </Placemark>
  <Placemark id="interpolated_points_second_link_hala_jpo.190">
	<name>SECOND LINK HALA JPO</name>
	<ExtendedData><SchemaData schemaUrl="#interpolated_points_second_link_hala_jpo">
		<SimpleData name="fid">1</SimpleData>
		<SimpleData name="tessellate">1</SimpleData>
		<SimpleData name="extrude">0</SimpleData>
		<SimpleData name="visibility">-1</SimpleData>
		<SimpleData name="distance">18900</SimpleData>
		<SimpleData name="angle">342.467962481486</SimpleData>
		<SimpleData name="KM">KM 18.9</SimpleData>
		<SimpleData name="Latitude">1.505</SimpleData>
		<SimpleData name="Longitude">103.6074316379</SimpleData>
	</SchemaData></ExtendedData>
      <Point><coordinates>103.607431637934,1.50520550815481,0</coordinates></Point>
  </Placemark>
  <Placemark id="interpolated_points_second_link_hala_jpo.191">
	<name>SECOND LINK HALA JPO</name>
	<ExtendedData><SchemaData schemaUrl="#interpolated_points_second_link_hala_jpo">
		<SimpleData name="fid">1</SimpleData>
		<SimpleData name="tessellate">1</SimpleData>
		<SimpleData name="extrude">0</SimpleData>
		<SimpleData name="visibility">-1</SimpleData>
		<SimpleData name="distance">19000</SimpleData>
		<SimpleData name="angle">341.07162250037</SimpleData>
		<SimpleData name="KM">KM 19.0</SimpleData>
		<SimpleData name="Latitude">1.506</SimpleData>
		<SimpleData name="Longitude">103.6071565566</SimpleData>
	</SchemaData></ExtendedData>
      <Point><coordinates>103.607156556628,1.50606651278032,0</coordinates></Point>
  </Placemark>
  <Placemark id="interpolated_points_second_link_hala_jpo.192">
	<name>SECOND LINK HALA JPO</name>
	<ExtendedData><SchemaData schemaUrl="#interpolated_points_second_link_hala_jpo">
		<SimpleData name="fid">1</SimpleData>
		<SimpleData name="tessellate">1</SimpleData>
		<SimpleData name="extrude">0</SimpleData>
		<SimpleData name="visibility">-1</SimpleData>
		<SimpleData name="distance">19100</SimpleData>
		<SimpleData name="angle">345.668101104505</SimpleData>
		<SimpleData name="KM">KM 19.1</SimpleData>
		<SimpleData name="Latitude">1.507</SimpleData>
		<SimpleData name="Longitude">103.6069130699</SimpleData>
	</SchemaData></ExtendedData>
      <Point><coordinates>103.606913069859,1.5069365116731,0</coordinates></Point>
  </Placemark>
  <Placemark id="interpolated_points_second_link_hala_jpo.193">
	<name>SECOND LINK HALA JPO</name>
	<ExtendedData><SchemaData schemaUrl="#interpolated_points_second_link_hala_jpo">
		<SimpleData name="fid">1</SimpleData>
		<SimpleData name="tessellate">1</SimpleData>
		<SimpleData name="extrude">0</SimpleData>
		<SimpleData name="visibility">-1</SimpleData>
		<SimpleData name="distance">19200</SimpleData>
		<SimpleData name="angle">343.113965427524</SimpleData>
		<SimpleData name="KM">KM 19.2</SimpleData>
		<SimpleData name="Latitude">1.508</SimpleData>
		<SimpleData name="Longitude">103.6066796064</SimpleData>
	</SchemaData></ExtendedData>
      <Point><coordinates>103.606679606391,1.50780976363974,0</coordinates></Point>
  </Placemark>
  <Placemark id="interpolated_points_second_link_hala_jpo.194">
	<name>SECOND LINK HALA JPO</name>
	<ExtendedData><SchemaData schemaUrl="#interpolated_points_second_link_hala_jpo">
		<SimpleData name="fid">1</SimpleData>
		<SimpleData name="tessellate">1</SimpleData>
		<SimpleData name="extrude">0</SimpleData>
		<SimpleData name="visibility">-1</SimpleData>
		<SimpleData name="distance">19300</SimpleData>
		<SimpleData name="angle">344.771412703346</SimpleData>
		<SimpleData name="KM">KM 19.3</SimpleData>
		<SimpleData name="Latitude">1.509</SimpleData>
		<SimpleData name="Longitude">103.6064239258</SimpleData>
	</SchemaData></ExtendedData>
      <Point><coordinates>103.606423925829,1.50867677376955,0</coordinates></Point>
  </Placemark>
  <Placemark id="interpolated_points_second_link_hala_jpo.195">
	<name>SECOND LINK HALA JPO</name>
	<ExtendedData><SchemaData schemaUrl="#interpolated_points_second_link_hala_jpo">
		<SimpleData name="fid">1</SimpleData>
		<SimpleData name="tessellate">1</SimpleData>
		<SimpleData name="extrude">0</SimpleData>
		<SimpleData name="visibility">-1</SimpleData>
		<SimpleData name="distance">19400</SimpleData>
		<SimpleData name="angle">344.771412703346</SimpleData>
		<SimpleData name="KM">KM 19.4</SimpleData>
		<SimpleData name="Latitude">1.510</SimpleData>
		<SimpleData name="Longitude">103.6061873037</SimpleData>
	</SchemaData></ExtendedData>
      <Point><coordinates>103.606187303709,1.50954931771565,0</coordinates></Point>
  </Placemark>
  <Placemark id="interpolated_points_second_link_hala_jpo.196">
	<name>SECOND LINK HALA JPO</name>
	<ExtendedData><SchemaData schemaUrl="#interpolated_points_second_link_hala_jpo">
		<SimpleData name="fid">1</SimpleData>
		<SimpleData name="tessellate">1</SimpleData>
		<SimpleData name="extrude">0</SimpleData>
		<SimpleData name="visibility">-1</SimpleData>
		<SimpleData name="distance">19500</SimpleData>
		<SimpleData name="angle">345.203188673781</SimpleData>
		<SimpleData name="KM">KM 19.5</SimpleData>
		<SimpleData name="Latitude">1.510</SimpleData>
		<SimpleData name="Longitude">103.6059433101</SimpleData>
	</SchemaData></ExtendedData>
      <Point><coordinates>103.605943310092,1.51041942175815,0</coordinates></Point>
  </Placemark>
  <Placemark id="interpolated_points_second_link_hala_jpo.197">
	<name>SECOND LINK HALA JPO</name>
	<ExtendedData><SchemaData schemaUrl="#interpolated_points_second_link_hala_jpo">
		<SimpleData name="fid">1</SimpleData>
		<SimpleData name="tessellate">1</SimpleData>
		<SimpleData name="extrude">0</SimpleData>
		<SimpleData name="visibility">-1</SimpleData>
		<SimpleData name="distance">19600</SimpleData>
		<SimpleData name="angle">343.402178284659</SimpleData>
		<SimpleData name="KM">KM 19.6</SimpleData>
		<SimpleData name="Latitude">1.511</SimpleData>
		<SimpleData name="Longitude">103.6056935188</SimpleData>
	</SchemaData></ExtendedData>
      <Point><coordinates>103.605693518826,1.51128814712299,0</coordinates></Point>
  </Placemark>
  <Placemark id="interpolated_points_second_link_hala_jpo.198">
	<name>SECOND LINK HALA JPO</name>
	<ExtendedData><SchemaData schemaUrl="#interpolated_points_second_link_hala_jpo">
		<SimpleData name="fid">1</SimpleData>
		<SimpleData name="tessellate">1</SimpleData>
		<SimpleData name="extrude">0</SimpleData>
		<SimpleData name="visibility">-1</SimpleData>
		<SimpleData name="distance">19700</SimpleData>
		<SimpleData name="angle">342.04064996467</SimpleData>
		<SimpleData name="KM">KM 19.7</SimpleData>
		<SimpleData name="Latitude">1.512</SimpleData>
		<SimpleData name="Longitude">103.6054161361</SimpleData>
	</SchemaData></ExtendedData>
      <Point><coordinates>103.605416136145,1.51214844171332,0</coordinates></Point>
  </Placemark>
  <Placemark id="interpolated_points_second_link_hala_jpo.199">
	<name>SECOND LINK HALA JPO</name>
	<ExtendedData><SchemaData schemaUrl="#interpolated_points_second_link_hala_jpo">
		<SimpleData name="fid">1</SimpleData>
		<SimpleData name="tessellate">1</SimpleData>
		<SimpleData name="extrude">0</SimpleData>
		<SimpleData name="visibility">-1</SimpleData>
		<SimpleData name="distance">19800</SimpleData>
		<SimpleData name="angle">342.051337853217</SimpleData>
		<SimpleData name="KM">KM 19.8</SimpleData>
		<SimpleData name="Latitude">1.513</SimpleData>
		<SimpleData name="Longitude">103.6051384980</SimpleData>
	</SchemaData></ExtendedData>
      <Point><coordinates>103.605138497958,1.5130086563597,0</coordinates></Point>
  </Placemark>
  <Placemark id="interpolated_points_second_link_hala_jpo.200">
	<name>SECOND LINK HALA JPO</name>
	<ExtendedData><SchemaData schemaUrl="#interpolated_points_second_link_hala_jpo">
		<SimpleData name="fid">1</SimpleData>
		<SimpleData name="tessellate">1</SimpleData>
		<SimpleData name="extrude">0</SimpleData>
		<SimpleData name="visibility">-1</SimpleData>
		<SimpleData name="distance">19900</SimpleData>
		<SimpleData name="angle">342.959282769182</SimpleData>
		<SimpleData name="KM">KM 19.9</SimpleData>
		<SimpleData name="Latitude">1.514</SimpleData>
		<SimpleData name="Longitude">103.6048717122</SimpleData>
	</SchemaData></ExtendedData>
      <Point><coordinates>103.604871712198,1.51387232233793,0</coordinates></Point>
  </Placemark>
  <Placemark id="interpolated_points_second_link_hala_jpo.201">
	<name>SECOND LINK HALA JPO</name>
	<ExtendedData><SchemaData schemaUrl="#interpolated_points_second_link_hala_jpo">
		<SimpleData name="fid">1</SimpleData>
		<SimpleData name="tessellate">1</SimpleData>
		<SimpleData name="extrude">0</SimpleData>
		<SimpleData name="visibility">-1</SimpleData>
		<SimpleData name="distance">20000</SimpleData>
		<SimpleData name="angle">343.994927821198</SimpleData>
		<SimpleData name="KM">KM 20.0</SimpleData>
		<SimpleData name="Latitude">1.515</SimpleData>
		<SimpleData name="Longitude">103.6046185386</SimpleData>
	</SchemaData></ExtendedData>
      <Point><coordinates>103.604618538558,1.51474011507116,0</coordinates></Point>
  </Placemark>
  <Placemark id="interpolated_points_second_link_hala_jpo.202">
	<name>SECOND LINK HALA JPO</name>
	<ExtendedData><SchemaData schemaUrl="#interpolated_points_second_link_hala_jpo">
		<SimpleData name="fid">1</SimpleData>
		<SimpleData name="tessellate">1</SimpleData>
		<SimpleData name="extrude">0</SimpleData>
		<SimpleData name="visibility">-1</SimpleData>
		<SimpleData name="distance">20100</SimpleData>
		<SimpleData name="angle">344.876665980846</SimpleData>
		<SimpleData name="KM">KM 20.1</SimpleData>
		<SimpleData name="Latitude">1.516</SimpleData>
		<SimpleData name="Longitude">103.6043751792</SimpleData>
	</SchemaData></ExtendedData>
      <Point><coordinates>103.604375179197,1.51561076298984,0</coordinates></Point>
  </Placemark>
  <Placemark id="interpolated_points_second_link_hala_jpo.203">
	<name>SECOND LINK HALA JPO</name>
	<ExtendedData><SchemaData schemaUrl="#interpolated_points_second_link_hala_jpo">
		<SimpleData name="fid">1</SimpleData>
		<SimpleData name="tessellate">1</SimpleData>
		<SimpleData name="extrude">0</SimpleData>
		<SimpleData name="visibility">-1</SimpleData>
		<SimpleData name="distance">20200</SimpleData>
		<SimpleData name="angle">348.195655812693</SimpleData>
		<SimpleData name="KM">KM 20.2</SimpleData>
		<SimpleData name="Latitude">1.516</SimpleData>
		<SimpleData name="Longitude">103.6041896456</SimpleData>
	</SchemaData></ExtendedData>
      <Point><coordinates>103.604189645616,1.51649570148888,0</coordinates></Point>
  </Placemark>
  <Placemark id="interpolated_points_second_link_hala_jpo.204">
	<name>SECOND LINK HALA JPO</name>
	<ExtendedData><SchemaData schemaUrl="#interpolated_points_second_link_hala_jpo">
		<SimpleData name="fid">1</SimpleData>
		<SimpleData name="tessellate">1</SimpleData>
		<SimpleData name="extrude">0</SimpleData>
		<SimpleData name="visibility">-1</SimpleData>
		<SimpleData name="distance">20300</SimpleData>
		<SimpleData name="angle">347.736193806709</SimpleData>
		<SimpleData name="KM">KM 20.3</SimpleData>
		<SimpleData name="Latitude">1.517</SimpleData>
		<SimpleData name="Longitude">103.6039975394</SimpleData>
	</SchemaData></ExtendedData>
      <Point><coordinates>103.603997539444,1.5173790487843,0</coordinates></Point>
  </Placemark>
  <Placemark id="interpolated_points_second_link_hala_jpo.205">
	<name>SECOND LINK HALA JPO</name>
	<ExtendedData><SchemaData schemaUrl="#interpolated_points_second_link_hala_jpo">
		<SimpleData name="fid">1</SimpleData>
		<SimpleData name="tessellate">1</SimpleData>
		<SimpleData name="extrude">0</SimpleData>
		<SimpleData name="visibility">-1</SimpleData>
		<SimpleData name="distance">20400</SimpleData>
		<SimpleData name="angle">349.667826745189</SimpleData>
		<SimpleData name="KM">KM 20.4</SimpleData>
		<SimpleData name="Latitude">1.518</SimpleData>
		<SimpleData name="Longitude">103.6038216380</SimpleData>
	</SchemaData></ExtendedData>
      <Point><coordinates>103.603821638045,1.51826599079824,0</coordinates></Point>
  </Placemark>
  <Placemark id="interpolated_points_second_link_hala_jpo.206">
	<name>SECOND LINK HALA JPO</name>
	<ExtendedData><SchemaData schemaUrl="#interpolated_points_second_link_hala_jpo">
		<SimpleData name="fid">1</SimpleData>
		<SimpleData name="tessellate">1</SimpleData>
		<SimpleData name="extrude">0</SimpleData>
		<SimpleData name="visibility">-1</SimpleData>
		<SimpleData name="distance">20500</SimpleData>
		<SimpleData name="angle">350.515432426173</SimpleData>
		<SimpleData name="KM">KM 20.5</SimpleData>
		<SimpleData name="Latitude">1.519</SimpleData>
		<SimpleData name="Longitude">103.6036639350</SimpleData>
	</SchemaData></ExtendedData>
      <Point><coordinates>103.603663934982,1.51915639038619,0</coordinates></Point>
  </Placemark>
  <Placemark id="interpolated_points_second_link_hala_jpo.207">
	<name>SECOND LINK HALA JPO</name>
	<ExtendedData><SchemaData schemaUrl="#interpolated_points_second_link_hala_jpo">
		<SimpleData name="fid">1</SimpleData>
		<SimpleData name="tessellate">1</SimpleData>
		<SimpleData name="extrude">0</SimpleData>
		<SimpleData name="visibility">-1</SimpleData>
		<SimpleData name="distance">20600</SimpleData>
		<SimpleData name="angle">350.8172445828</SimpleData>
		<SimpleData name="KM">KM 20.6</SimpleData>
		<SimpleData name="Latitude">1.520</SimpleData>
		<SimpleData name="Longitude">103.6035169887</SimpleData>
	</SchemaData></ExtendedData>
      <Point><coordinates>103.6035169887,1.52004867023591,0</coordinates></Point>
  </Placemark>
  <Placemark id="interpolated_points_second_link_hala_jpo.208">
	<name>SECOND LINK HALA JPO</name>
	<ExtendedData><SchemaData schemaUrl="#interpolated_points_second_link_hala_jpo">
		<SimpleData name="fid">1</SimpleData>
		<SimpleData name="tessellate">1</SimpleData>
		<SimpleData name="extrude">0</SimpleData>
		<SimpleData name="visibility">-1</SimpleData>
		<SimpleData name="distance">20700</SimpleData>
		<SimpleData name="angle">352.685207667564</SimpleData>
		<SimpleData name="KM">KM 20.7</SimpleData>
		<SimpleData name="Latitude">1.521</SimpleData>
		<SimpleData name="Longitude">103.6033925253</SimpleData>
	</SchemaData></ExtendedData>
      <Point><coordinates>103.603392525319,1.52094430274045,0</coordinates></Point>
  </Placemark>
  <Placemark id="interpolated_points_second_link_hala_jpo.209">
	<name>SECOND LINK HALA JPO</name>
	<ExtendedData><SchemaData schemaUrl="#interpolated_points_second_link_hala_jpo">
		<SimpleData name="fid">1</SimpleData>
		<SimpleData name="tessellate">1</SimpleData>
		<SimpleData name="extrude">0</SimpleData>
		<SimpleData name="visibility">-1</SimpleData>
		<SimpleData name="distance">20800</SimpleData>
		<SimpleData name="angle">355.243208617927</SimpleData>
		<SimpleData name="KM">KM 20.8</SimpleData>
		<SimpleData name="Latitude">1.522</SimpleData>
		<SimpleData name="Longitude">103.6033054677</SimpleData>
	</SchemaData></ExtendedData>
      <Point><coordinates>103.603305467738,1.52184438730943,0</coordinates></Point>
  </Placemark>
  <Placemark id="interpolated_points_second_link_hala_jpo.210">
	<name>SECOND LINK HALA JPO</name>
	<ExtendedData><SchemaData schemaUrl="#interpolated_points_second_link_hala_jpo">
		<SimpleData name="fid">1</SimpleData>
		<SimpleData name="tessellate">1</SimpleData>
		<SimpleData name="extrude">0</SimpleData>
		<SimpleData name="visibility">-1</SimpleData>
		<SimpleData name="distance">20900</SimpleData>
		<SimpleData name="angle">356.58164415835</SimpleData>
		<SimpleData name="KM">KM 20.9</SimpleData>
		<SimpleData name="Latitude">1.523</SimpleData>
		<SimpleData name="Longitude">103.6032469871</SimpleData>
	</SchemaData></ExtendedData>
      <Point><coordinates>103.603246987063,1.52274688453338,0</coordinates></Point>
  </Placemark>
  <Placemark id="interpolated_points_second_link_hala_jpo.211">
	<name>SECOND LINK HALA JPO</name>
	<ExtendedData><SchemaData schemaUrl="#interpolated_points_second_link_hala_jpo">
		<SimpleData name="fid">1</SimpleData>
		<SimpleData name="tessellate">1</SimpleData>
		<SimpleData name="extrude">0</SimpleData>
		<SimpleData name="visibility">-1</SimpleData>
		<SimpleData name="distance">21000</SimpleData>
		<SimpleData name="angle">358.235836735784</SimpleData>
		<SimpleData name="KM">KM 21.0</SimpleData>
		<SimpleData name="Latitude">1.524</SimpleData>
		<SimpleData name="Longitude">103.6031962546</SimpleData>
	</SchemaData></ExtendedData>
      <Point><coordinates>103.603196254603,1.52364985342137,0</coordinates></Point>
  </Placemark>
  <Placemark id="interpolated_points_second_link_hala_jpo.212">
	<name>SECOND LINK HALA JPO</name>
	<ExtendedData><SchemaData schemaUrl="#interpolated_points_second_link_hala_jpo">
		<SimpleData name="fid">1</SimpleData>
		<SimpleData name="tessellate">1</SimpleData>
		<SimpleData name="extrude">0</SimpleData>
		<SimpleData name="visibility">-1</SimpleData>
		<SimpleData name="distance">21100</SimpleData>
		<SimpleData name="angle">0.0371748239842085</SimpleData>
		<SimpleData name="KM">KM 21.1</SimpleData>
		<SimpleData name="Latitude">1.525</SimpleData>
		<SimpleData name="Longitude">103.6031700000</SimpleData>
	</SchemaData></ExtendedData>
      <Point><coordinates>103.60317,1.52455389252546,0</coordinates></Point>
  </Placemark>
  <Placemark id="interpolated_points_second_link_hala_jpo.213">
	<name>SECOND LINK HALA JPO</name>
	<ExtendedData><SchemaData schemaUrl="#interpolated_points_second_link_hala_jpo">
		<SimpleData name="fid">1</SimpleData>
		<SimpleData name="tessellate">1</SimpleData>
		<SimpleData name="extrude">0</SimpleData>
		<SimpleData name="visibility">-1</SimpleData>
		<SimpleData name="distance">21200</SimpleData>
		<SimpleData name="angle">1.66103084889066</SimpleData>
		<SimpleData name="KM">KM 21.2</SimpleData>
		<SimpleData name="Latitude">1.525</SimpleData>
		<SimpleData name="Longitude">103.6031730508</SimpleData>
	</SchemaData></ExtendedData>
      <Point><coordinates>103.603173050831,1.52545830348242,0</coordinates></Point>
  </Placemark>
  <Placemark id="interpolated_points_second_link_hala_jpo.214">
	<name>SECOND LINK HALA JPO</name>
	<ExtendedData><SchemaData schemaUrl="#interpolated_points_second_link_hala_jpo">
		<SimpleData name="fid">1</SimpleData>
		<SimpleData name="tessellate">1</SimpleData>
		<SimpleData name="extrude">0</SimpleData>
		<SimpleData name="visibility">-1</SimpleData>
		<SimpleData name="distance">21300</SimpleData>
		<SimpleData name="angle">1.66103084889066</SimpleData>
		<SimpleData name="KM">KM 21.3</SimpleData>
		<SimpleData name="Latitude">1.526</SimpleData>
		<SimpleData name="Longitude">103.6031985182</SimpleData>
	</SchemaData></ExtendedData>
      <Point><coordinates>103.603198518243,1.52636239473533,0</coordinates></Point>
  </Placemark>
  <Placemark id="interpolated_points_second_link_hala_jpo.215">
	<name>SECOND LINK HALA JPO</name>
	<ExtendedData><SchemaData schemaUrl="#interpolated_points_second_link_hala_jpo">
		<SimpleData name="fid">1</SimpleData>
		<SimpleData name="tessellate">1</SimpleData>
		<SimpleData name="extrude">0</SimpleData>
		<SimpleData name="visibility">-1</SimpleData>
		<SimpleData name="distance">21400</SimpleData>
		<SimpleData name="angle">1.26826619206836</SimpleData>
		<SimpleData name="KM">KM 21.4</SimpleData>
		<SimpleData name="Latitude">1.527</SimpleData>
		<SimpleData name="Longitude">103.6032206032</SimpleData>
	</SchemaData></ExtendedData>
      <Point><coordinates>103.603220603167,1.52726657081521,0</coordinates></Point>
  </Placemark>
  <Placemark id="interpolated_points_second_link_hala_jpo.216">
	<name>SECOND LINK HALA JPO</name>
	<ExtendedData><SchemaData schemaUrl="#interpolated_points_second_link_hala_jpo">
		<SimpleData name="fid">1</SimpleData>
		<SimpleData name="tessellate">1</SimpleData>
		<SimpleData name="extrude">0</SimpleData>
		<SimpleData name="visibility">-1</SimpleData>
		<SimpleData name="distance">21500</SimpleData>
		<SimpleData name="angle">1.26826619206836</SimpleData>
		<SimpleData name="KM">KM 21.5</SimpleData>
		<SimpleData name="Latitude">1.528</SimpleData>
		<SimpleData name="Longitude">103.6032399111</SimpleData>
	</SchemaData></ExtendedData>
      <Point><coordinates>103.603239911071,1.52817081653492,0</coordinates></Point>
  </Placemark>
  <Placemark id="interpolated_points_second_link_hala_jpo.217">
	<name>SECOND LINK HALA JPO</name>
	<ExtendedData><SchemaData schemaUrl="#interpolated_points_second_link_hala_jpo">
		<SimpleData name="fid">1</SimpleData>
		<SimpleData name="tessellate">1</SimpleData>
		<SimpleData name="extrude">0</SimpleData>
		<SimpleData name="visibility">-1</SimpleData>
		<SimpleData name="distance">21600</SimpleData>
		<SimpleData name="angle">1.26826619206836</SimpleData>
		<SimpleData name="KM">KM 21.6</SimpleData>
		<SimpleData name="Latitude">1.529</SimpleData>
		<SimpleData name="Longitude">103.6032592186</SimpleData>
	</SchemaData></ExtendedData>
      <Point><coordinates>103.603259218646,1.529075062262,0</coordinates></Point>
  </Placemark>
  <Placemark id="interpolated_points_second_link_hala_jpo.218">
	<name>SECOND LINK HALA JPO</name>
	<ExtendedData><SchemaData schemaUrl="#interpolated_points_second_link_hala_jpo">
		<SimpleData name="fid">1</SimpleData>
		<SimpleData name="tessellate">1</SimpleData>
		<SimpleData name="extrude">0</SimpleData>
		<SimpleData name="visibility">-1</SimpleData>
		<SimpleData name="distance">21700</SimpleData>
		<SimpleData name="angle">0.0373000020407031</SimpleData>
		<SimpleData name="KM">KM 21.7</SimpleData>
		<SimpleData name="Latitude">1.530</SimpleData>
		<SimpleData name="Longitude">103.6032700000</SimpleData>
	</SchemaData></ExtendedData>
      <Point><coordinates>103.603270000015,1.52997940017044,0</coordinates></Point>
  </Placemark>
  <Placemark id="interpolated_points_second_link_hala_jpo.219">
	<name>SECOND LINK HALA JPO</name>
	<ExtendedData><SchemaData schemaUrl="#interpolated_points_second_link_hala_jpo">
		<SimpleData name="fid">1</SimpleData>
		<SimpleData name="tessellate">1</SimpleData>
		<SimpleData name="extrude">0</SimpleData>
		<SimpleData name="visibility">-1</SimpleData>
		<SimpleData name="distance">21800</SimpleData>
		<SimpleData name="angle">358.969652728896</SimpleData>
		<SimpleData name="KM">KM 21.8</SimpleData>
		<SimpleData name="Latitude">1.531</SimpleData>
		<SimpleData name="Longitude">103.6032680771</SimpleData>
	</SchemaData></ExtendedData>
      <Point><coordinates>103.60326807711,1.5308838366019,0</coordinates></Point>
  </Placemark>
  <Placemark id="interpolated_points_second_link_hala_jpo.220">
	<name>SECOND LINK HALA JPO</name>
	<ExtendedData><SchemaData schemaUrl="#interpolated_points_second_link_hala_jpo">
		<SimpleData name="fid">1</SimpleData>
		<SimpleData name="tessellate">1</SimpleData>
		<SimpleData name="extrude">0</SimpleData>
		<SimpleData name="visibility">-1</SimpleData>
		<SimpleData name="distance">21900</SimpleData>
		<SimpleData name="angle">359.122176636334</SimpleData>
		<SimpleData name="KM">KM 21.9</SimpleData>
		<SimpleData name="Latitude">1.532</SimpleData>
		<SimpleData name="Longitude">103.6032554258</SimpleData>
	</SchemaData></ExtendedData>
      <Point><coordinates>103.603255425799,1.5317881785503,0</coordinates></Point>
  </Placemark>
  <Placemark id="interpolated_points_second_link_hala_jpo.221">
	<name>SECOND LINK HALA JPO</name>
	<ExtendedData><SchemaData schemaUrl="#interpolated_points_second_link_hala_jpo">
		<SimpleData name="fid">1</SimpleData>
		<SimpleData name="tessellate">1</SimpleData>
		<SimpleData name="extrude">0</SimpleData>
		<SimpleData name="visibility">-1</SimpleData>
		<SimpleData name="distance">22000</SimpleData>
		<SimpleData name="angle">359.122176636334</SimpleData>
		<SimpleData name="KM">KM 22.0</SimpleData>
		<SimpleData name="Latitude">1.533</SimpleData>
		<SimpleData name="Longitude">103.6032410712</SimpleData>
	</SchemaData></ExtendedData>
      <Point><coordinates>103.603241071167,1.53269251761338,0</coordinates></Point>
  </Placemark>
  <Placemark id="interpolated_points_second_link_hala_jpo.222">
	<name>SECOND LINK HALA JPO</name>
	<ExtendedData><SchemaData schemaUrl="#interpolated_points_second_link_hala_jpo">
		<SimpleData name="fid">1</SimpleData>
		<SimpleData name="tessellate">1</SimpleData>
		<SimpleData name="extrude">0</SimpleData>
		<SimpleData name="visibility">-1</SimpleData>
		<SimpleData name="distance">22100</SimpleData>
		<SimpleData name="angle">355.925816290141</SimpleData>
		<SimpleData name="KM">KM 22.1</SimpleData>
		<SimpleData name="Latitude">1.534</SimpleData>
		<SimpleData name="Longitude">103.6032045758</SimpleData>
	</SchemaData></ExtendedData>
      <Point><coordinates>103.603204575755,1.53359593950411,0</coordinates></Point>
  </Placemark>
  <Placemark id="interpolated_points_second_link_hala_jpo.223">
	<name>SECOND LINK HALA JPO</name>
	<ExtendedData><SchemaData schemaUrl="#interpolated_points_second_link_hala_jpo">
		<SimpleData name="fid">1</SimpleData>
		<SimpleData name="tessellate">1</SimpleData>
		<SimpleData name="extrude">0</SimpleData>
		<SimpleData name="visibility">-1</SimpleData>
		<SimpleData name="distance">22200</SimpleData>
		<SimpleData name="angle">355.967226889675</SimpleData>
		<SimpleData name="KM">KM 22.2</SimpleData>
		<SimpleData name="Latitude">1.534</SimpleData>
		<SimpleData name="Longitude">103.6031407398</SimpleData>
	</SchemaData></ExtendedData>
      <Point><coordinates>103.603140739768,1.53449810943149,0</coordinates></Point>
  </Placemark>
  <Placemark id="interpolated_points_second_link_hala_jpo.224">
	<name>SECOND LINK HALA JPO</name>
	<ExtendedData><SchemaData schemaUrl="#interpolated_points_second_link_hala_jpo">
		<SimpleData name="fid">1</SimpleData>
		<SimpleData name="tessellate">1</SimpleData>
		<SimpleData name="extrude">0</SimpleData>
		<SimpleData name="visibility">-1</SimpleData>
		<SimpleData name="distance">22300</SimpleData>
		<SimpleData name="angle">353.390876849944</SimpleData>
		<SimpleData name="KM">KM 22.3</SimpleData>
		<SimpleData name="Latitude">1.535</SimpleData>
		<SimpleData name="Longitude">103.6030469412</SimpleData>
	</SchemaData></ExtendedData>
      <Point><coordinates>103.603046941245,1.53539732599895,0</coordinates></Point>
  </Placemark>
  <Placemark id="interpolated_points_second_link_hala_jpo.225">
	<name>SECOND LINK HALA JPO</name>
	<ExtendedData><SchemaData schemaUrl="#interpolated_points_second_link_hala_jpo">
		<SimpleData name="fid">1</SimpleData>
		<SimpleData name="tessellate">1</SimpleData>
		<SimpleData name="extrude">0</SimpleData>
		<SimpleData name="visibility">-1</SimpleData>
		<SimpleData name="distance">22400</SimpleData>
		<SimpleData name="angle">353.363053770119</SimpleData>
		<SimpleData name="KM">KM 22.4</SimpleData>
		<SimpleData name="Latitude">1.536</SimpleData>
		<SimpleData name="Longitude">103.6029425973</SimpleData>
	</SchemaData></ExtendedData>
      <Point><coordinates>103.602942597275,1.53629566373251,0</coordinates></Point>
  </Placemark>
  <Placemark id="interpolated_points_second_link_hala_jpo.226">
	<name>SECOND LINK HALA JPO</name>
	<ExtendedData><SchemaData schemaUrl="#interpolated_points_second_link_hala_jpo">
		<SimpleData name="fid">1</SimpleData>
		<SimpleData name="tessellate">1</SimpleData>
		<SimpleData name="extrude">0</SimpleData>
		<SimpleData name="visibility">-1</SimpleData>
		<SimpleData name="distance">22500</SimpleData>
		<SimpleData name="angle">350.930064018297</SimpleData>
		<SimpleData name="KM">KM 22.5</SimpleData>
		<SimpleData name="Latitude">1.537</SimpleData>
		<SimpleData name="Longitude">103.6028090363</SimpleData>
	</SchemaData></ExtendedData>
      <Point><coordinates>103.602809036254,1.53718993954736,0</coordinates></Point>
  </Placemark>
  <Placemark id="interpolated_points_second_link_hala_jpo.227">
	<name>SECOND LINK HALA JPO</name>
	<ExtendedData><SchemaData schemaUrl="#interpolated_points_second_link_hala_jpo">
		<SimpleData name="fid">1</SimpleData>
		<SimpleData name="tessellate">1</SimpleData>
		<SimpleData name="extrude">0</SimpleData>
		<SimpleData name="visibility">-1</SimpleData>
		<SimpleData name="distance">22600</SimpleData>
		<SimpleData name="angle">349.186126729129</SimpleData>
		<SimpleData name="KM">KM 22.6</SimpleData>
		<SimpleData name="Latitude">1.538</SimpleData>
		<SimpleData name="Longitude">103.6026642765</SimpleData>
	</SchemaData></ExtendedData>
      <Point><coordinates>103.602664276534,1.5380825482111,0</coordinates></Point>
  </Placemark>
  <Placemark id="interpolated_points_second_link_hala_jpo.228">
	<name>SECOND LINK HALA JPO</name>
	<ExtendedData><SchemaData schemaUrl="#interpolated_points_second_link_hala_jpo">
		<SimpleData name="fid">1</SimpleData>
		<SimpleData name="tessellate">1</SimpleData>
		<SimpleData name="extrude">0</SimpleData>
		<SimpleData name="visibility">-1</SimpleData>
		<SimpleData name="distance">22700</SimpleData>
		<SimpleData name="angle">348.122156311787</SimpleData>
		<SimpleData name="KM">KM 22.7</SimpleData>
		<SimpleData name="Latitude">1.539</SimpleData>
		<SimpleData name="Longitude">103.6024758277</SimpleData>
	</SchemaData></ExtendedData>
      <Point><coordinates>103.602475827686,1.53896682189783,0</coordinates></Point>
  </Placemark>
  <Placemark id="interpolated_points_second_link_hala_jpo.229">
	<name>SECOND LINK HALA JPO</name>
	<ExtendedData><SchemaData schemaUrl="#interpolated_points_second_link_hala_jpo">
		<SimpleData name="fid">1</SimpleData>
		<SimpleData name="tessellate">1</SimpleData>
		<SimpleData name="extrude">0</SimpleData>
		<SimpleData name="visibility">-1</SimpleData>
		<SimpleData name="distance">22800</SimpleData>
		<SimpleData name="angle">346.962994963533</SimpleData>
		<SimpleData name="KM">KM 22.8</SimpleData>
		<SimpleData name="Latitude">1.540</SimpleData>
		<SimpleData name="Longitude">103.6022903765</SimpleData>
	</SchemaData></ExtendedData>
      <Point><coordinates>103.60229037648,1.539851702017,0</coordinates></Point>
  </Placemark>
  <Placemark id="interpolated_points_second_link_hala_jpo.230">
	<name>SECOND LINK HALA JPO</name>
	<ExtendedData><SchemaData schemaUrl="#interpolated_points_second_link_hala_jpo">
		<SimpleData name="fid">1</SimpleData>
		<SimpleData name="tessellate">1</SimpleData>
		<SimpleData name="extrude">0</SimpleData>
		<SimpleData name="visibility">-1</SimpleData>
		<SimpleData name="distance">22900</SimpleData>
		<SimpleData name="angle">345.915497183988</SimpleData>
		<SimpleData name="KM">KM 22.9</SimpleData>
		<SimpleData name="Latitude">1.541</SimpleData>
		<SimpleData name="Longitude">103.6020680131</SimpleData>
	</SchemaData></ExtendedData>
      <Point><coordinates>103.602068013075,1.54072794772605,0</coordinates></Point>
  </Placemark>
  <Placemark id="interpolated_points_second_link_hala_jpo.231">
	<name>SECOND LINK HALA JPO</name>
	<ExtendedData><SchemaData schemaUrl="#interpolated_points_second_link_hala_jpo">
		<SimpleData name="fid">1</SimpleData>
		<SimpleData name="tessellate">1</SimpleData>
		<SimpleData name="extrude">0</SimpleData>
		<SimpleData name="visibility">-1</SimpleData>
		<SimpleData name="distance">23000</SimpleData>
		<SimpleData name="angle">343.15414038096</SimpleData>
		<SimpleData name="KM">KM 23.0</SimpleData>
		<SimpleData name="Latitude">1.542</SimpleData>
		<SimpleData name="Longitude">103.6018279937</SimpleData>
	</SchemaData></ExtendedData>
      <Point><coordinates>103.601827993673,1.54159928422325,0</coordinates></Point>
  </Placemark>
  <Placemark id="interpolated_points_second_link_hala_jpo.232">
	<name>SECOND LINK HALA JPO</name>
	<ExtendedData><SchemaData schemaUrl="#interpolated_points_second_link_hala_jpo">
		<SimpleData name="fid">1</SimpleData>
		<SimpleData name="tessellate">1</SimpleData>
		<SimpleData name="extrude">0</SimpleData>
		<SimpleData name="visibility">-1</SimpleData>
		<SimpleData name="distance">23100</SimpleData>
		<SimpleData name="angle">344.089869361133</SimpleData>
		<SimpleData name="KM">KM 23.1</SimpleData>
		<SimpleData name="Latitude">1.542</SimpleData>
		<SimpleData name="Longitude">103.6015730753</SimpleData>
	</SchemaData></ExtendedData>
      <Point><coordinates>103.601573075311,1.54246656107345,0</coordinates></Point>
  </Placemark>
  <Placemark id="interpolated_points_second_link_hala_jpo.233">
	<name>SECOND LINK HALA JPO</name>
	<ExtendedData><SchemaData schemaUrl="#interpolated_points_second_link_hala_jpo">
		<SimpleData name="fid">1</SimpleData>
		<SimpleData name="tessellate">1</SimpleData>
		<SimpleData name="extrude">0</SimpleData>
		<SimpleData name="visibility">-1</SimpleData>
		<SimpleData name="distance">23200</SimpleData>
		<SimpleData name="angle">345.585420997293</SimpleData>
		<SimpleData name="KM">KM 23.2</SimpleData>
		<SimpleData name="Latitude">1.543</SimpleData>
		<SimpleData name="Longitude">103.6013374940</SimpleData>
	</SchemaData></ExtendedData>
      <Point><coordinates>103.601337494044,1.54333930920087,0</coordinates></Point>
  </Placemark>
  <Placemark id="interpolated_points_second_link_hala_jpo.234">
	<name>SECOND LINK HALA JPO</name>
	<ExtendedData><SchemaData schemaUrl="#interpolated_points_second_link_hala_jpo">
		<SimpleData name="fid">1</SimpleData>
		<SimpleData name="tessellate">1</SimpleData>
		<SimpleData name="extrude">0</SimpleData>
		<SimpleData name="visibility">-1</SimpleData>
		<SimpleData name="distance">23300</SimpleData>
		<SimpleData name="angle">346.766054611935</SimpleData>
		<SimpleData name="KM">KM 23.3</SimpleData>
		<SimpleData name="Latitude">1.544</SimpleData>
		<SimpleData name="Longitude">103.6011181858</SimpleData>
	</SchemaData></ExtendedData>
      <Point><coordinates>103.601118185843,1.54421574050318,0</coordinates></Point>
  </Placemark>
  <Placemark id="interpolated_points_second_link_hala_jpo.235">
	<name>SECOND LINK HALA JPO</name>
	<ExtendedData><SchemaData schemaUrl="#interpolated_points_second_link_hala_jpo">
		<SimpleData name="fid">1</SimpleData>
		<SimpleData name="tessellate">1</SimpleData>
		<SimpleData name="extrude">0</SimpleData>
		<SimpleData name="visibility">-1</SimpleData>
		<SimpleData name="distance">23400</SimpleData>
		<SimpleData name="angle">347.868234233417</SimpleData>
		<SimpleData name="KM">KM 23.4</SimpleData>
		<SimpleData name="Latitude">1.545</SimpleData>
		<SimpleData name="Longitude">103.6009190697</SimpleData>
	</SchemaData></ExtendedData>
      <Point><coordinates>103.600919069701,1.54509767483116,0</coordinates></Point>
  </Placemark>
  <Placemark id="interpolated_points_second_link_hala_jpo.236">
	<name>SECOND LINK HALA JPO</name>
	<ExtendedData><SchemaData schemaUrl="#interpolated_points_second_link_hala_jpo">
		<SimpleData name="fid">1</SimpleData>
		<SimpleData name="tessellate">1</SimpleData>
		<SimpleData name="extrude">0</SimpleData>
		<SimpleData name="visibility">-1</SimpleData>
		<SimpleData name="distance">23500</SimpleData>
		<SimpleData name="angle">346.715916345056</SimpleData>
		<SimpleData name="KM">KM 23.5</SimpleData>
		<SimpleData name="Latitude">1.546</SimpleData>
		<SimpleData name="Longitude">103.6007128360</SimpleData>
	</SchemaData></ExtendedData>
      <Point><coordinates>103.600712835991,1.54597794703958,0</coordinates></Point>
  </Placemark>
  <Placemark id="interpolated_points_second_link_hala_jpo.237">
	<name>SECOND LINK HALA JPO</name>
	<ExtendedData><SchemaData schemaUrl="#interpolated_points_second_link_hala_jpo">
		<SimpleData name="fid">1</SimpleData>
		<SimpleData name="tessellate">1</SimpleData>
		<SimpleData name="extrude">0</SimpleData>
		<SimpleData name="visibility">-1</SimpleData>
		<SimpleData name="distance">23600</SimpleData>
		<SimpleData name="angle">349.967375459038</SimpleData>
		<SimpleData name="KM">KM 23.6</SimpleData>
		<SimpleData name="Latitude">1.547</SimpleData>
		<SimpleData name="Longitude">103.6005407866</SimpleData>
	</SchemaData></ExtendedData>
      <Point><coordinates>103.600540786603,1.54686554258533,0</coordinates></Point>
  </Placemark>
  <Placemark id="interpolated_points_second_link_hala_jpo.238">
	<name>SECOND LINK HALA JPO</name>
	<ExtendedData><SchemaData schemaUrl="#interpolated_points_second_link_hala_jpo">
		<SimpleData name="fid">1</SimpleData>
		<SimpleData name="tessellate">1</SimpleData>
		<SimpleData name="extrude">0</SimpleData>
		<SimpleData name="visibility">-1</SimpleData>
		<SimpleData name="distance">23700</SimpleData>
		<SimpleData name="angle">345.915760370204</SimpleData>
		<SimpleData name="KM">KM 23.7</SimpleData>
		<SimpleData name="Latitude">1.548</SimpleData>
		<SimpleData name="Longitude">103.6003716816</SimpleData>
	</SchemaData></ExtendedData>
      <Point><coordinates>103.600371681588,1.5477532736496,0</coordinates></Point>
  </Placemark>
  <Placemark id="interpolated_points_second_link_hala_jpo.239">
	<name>SECOND LINK HALA JPO</name>
	<ExtendedData><SchemaData schemaUrl="#interpolated_points_second_link_hala_jpo">
		<SimpleData name="fid">1</SimpleData>
		<SimpleData name="tessellate">1</SimpleData>
		<SimpleData name="extrude">0</SimpleData>
		<SimpleData name="visibility">-1</SimpleData>
		<SimpleData name="distance">23800</SimpleData>
		<SimpleData name="angle">351.009016244193</SimpleData>
		<SimpleData name="KM">KM 23.8</SimpleData>
		<SimpleData name="Latitude">1.549</SimpleData>
		<SimpleData name="Longitude">103.6002238890</SimpleData>
	</SchemaData></ExtendedData>
      <Point><coordinates>103.600223888959,1.54864536994067,0</coordinates></Point>
  </Placemark>
  <Placemark id="interpolated_points_second_link_hala_jpo.240">
	<name>SECOND LINK HALA JPO</name>
	<ExtendedData><SchemaData schemaUrl="#interpolated_points_second_link_hala_jpo">
		<SimpleData name="fid">1</SimpleData>
		<SimpleData name="tessellate">1</SimpleData>
		<SimpleData name="extrude">0</SimpleData>
		<SimpleData name="visibility">-1</SimpleData>
		<SimpleData name="distance">23900</SimpleData>
		<SimpleData name="angle">352.322841261611</SimpleData>
		<SimpleData name="KM">KM 23.9</SimpleData>
		<SimpleData name="Latitude">1.550</SimpleData>
		<SimpleData name="Longitude">103.6000932410</SimpleData>
	</SchemaData></ExtendedData>
      <Point><coordinates>103.600093241044,1.5495402094393,0</coordinates></Point>
  </Placemark>
  <Placemark id="interpolated_points_second_link_hala_jpo.241">
	<name>SECOND LINK HALA JPO</name>
	<ExtendedData><SchemaData schemaUrl="#interpolated_points_second_link_hala_jpo">
		<SimpleData name="fid">1</SimpleData>
		<SimpleData name="tessellate">1</SimpleData>
		<SimpleData name="extrude">0</SimpleData>
		<SimpleData name="visibility">-1</SimpleData>
		<SimpleData name="distance">24000</SimpleData>
		<SimpleData name="angle">352.591713305396</SimpleData>
		<SimpleData name="KM">KM 24.0</SimpleData>
		<SimpleData name="Latitude">1.550</SimpleData>
		<SimpleData name="Longitude">103.5999745790</SimpleData>
	</SchemaData></ExtendedData>
      <Point><coordinates>103.599974579026,1.55043674181096,0</coordinates></Point>
  </Placemark>
  <Placemark id="interpolated_points_second_link_hala_jpo.242">
	<name>SECOND LINK HALA JPO</name>
	<ExtendedData><SchemaData schemaUrl="#interpolated_points_second_link_hala_jpo">
		<SimpleData name="fid">1</SimpleData>
		<SimpleData name="tessellate">1</SimpleData>
		<SimpleData name="extrude">0</SimpleData>
		<SimpleData name="visibility">-1</SimpleData>
		<SimpleData name="distance">24100</SimpleData>
		<SimpleData name="angle">354.19447541255</SimpleData>
		<SimpleData name="KM">KM 24.1</SimpleData>
		<SimpleData name="Latitude">1.551</SimpleData>
		<SimpleData name="Longitude">103.5998718505</SimpleData>
	</SchemaData></ExtendedData>
      <Point><coordinates>103.599871850502,1.55133513694019,0</coordinates></Point>
  </Placemark>
  <Placemark id="interpolated_points_second_link_hala_jpo.243">
	<name>SECOND LINK HALA JPO</name>
	<ExtendedData><SchemaData schemaUrl="#interpolated_points_second_link_hala_jpo">
		<SimpleData name="fid">1</SimpleData>
		<SimpleData name="tessellate">1</SimpleData>
		<SimpleData name="extrude">0</SimpleData>
		<SimpleData name="visibility">-1</SimpleData>
		<SimpleData name="distance">24200</SimpleData>
		<SimpleData name="angle">354.59996456983</SimpleData>
		<SimpleData name="KM">KM 24.2</SimpleData>
		<SimpleData name="Latitude">1.552</SimpleData>
		<SimpleData name="Longitude">103.5997947417</SimpleData>
	</SchemaData></ExtendedData>
      <Point><coordinates>103.599794741665,1.55223558821841,0</coordinates></Point>
  </Placemark>
  <Placemark id="interpolated_points_second_link_hala_jpo.244">
	<name>SECOND LINK HALA JPO</name>
	<ExtendedData><SchemaData schemaUrl="#interpolated_points_second_link_hala_jpo">
		<SimpleData name="fid">1</SimpleData>
		<SimpleData name="tessellate">1</SimpleData>
		<SimpleData name="extrude">0</SimpleData>
		<SimpleData name="visibility">-1</SimpleData>
		<SimpleData name="distance">24300</SimpleData>
		<SimpleData name="angle">354.810653230187</SimpleData>
		<SimpleData name="KM">KM 24.3</SimpleData>
		<SimpleData name="Latitude">1.553</SimpleData>
		<SimpleData name="Longitude">103.5997130755</SimpleData>
	</SchemaData></ExtendedData>
      <Point><coordinates>103.599713075514,1.55313616942187,0</coordinates></Point>
  </Placemark>
  <Placemark id="interpolated_points_second_link_hala_jpo.245">
	<name>SECOND LINK HALA JPO</name>
	<ExtendedData><SchemaData schemaUrl="#interpolated_points_second_link_hala_jpo">
		<SimpleData name="fid">1</SimpleData>
		<SimpleData name="tessellate">1</SimpleData>
		<SimpleData name="extrude">0</SimpleData>
		<SimpleData name="visibility">-1</SimpleData>
		<SimpleData name="distance">24400</SimpleData>
		<SimpleData name="angle">356.438951028045</SimpleData>
		<SimpleData name="KM">KM 24.4</SimpleData>
		<SimpleData name="Latitude">1.554</SimpleData>
		<SimpleData name="Longitude">103.5996644293</SimpleData>
	</SchemaData></ExtendedData>
      <Point><coordinates>103.599664429255,1.55403913230452,0</coordinates></Point>
  </Placemark>
  <Placemark id="interpolated_points_second_link_hala_jpo.246">
	<name>SECOND LINK HALA JPO</name>
	<ExtendedData><SchemaData schemaUrl="#interpolated_points_second_link_hala_jpo">
		<SimpleData name="fid">1</SimpleData>
		<SimpleData name="tessellate">1</SimpleData>
		<SimpleData name="extrude">0</SimpleData>
		<SimpleData name="visibility">-1</SimpleData>
		<SimpleData name="distance">24500</SimpleData>
		<SimpleData name="angle">358.436748987224</SimpleData>
		<SimpleData name="KM">KM 24.5</SimpleData>
		<SimpleData name="Latitude">1.555</SimpleData>
		<SimpleData name="Longitude">103.5996221533</SimpleData>
	</SchemaData></ExtendedData>
      <Point><coordinates>103.599622153296,1.55494248234703,0</coordinates></Point>
  </Placemark>
  <Placemark id="interpolated_points_second_link_hala_jpo.247">
	<name>SECOND LINK HALA JPO</name>
	<ExtendedData><SchemaData schemaUrl="#interpolated_points_second_link_hala_jpo">
		<SimpleData name="fid">1</SimpleData>
		<SimpleData name="tessellate">1</SimpleData>
		<SimpleData name="extrude">0</SimpleData>
		<SimpleData name="visibility">-1</SimpleData>
		<SimpleData name="distance">24600</SimpleData>
		<SimpleData name="angle">358.61461059204</SimpleData>
		<SimpleData name="KM">KM 24.6</SimpleData>
		<SimpleData name="Latitude">1.556</SimpleData>
		<SimpleData name="Longitude">103.5996002064</SimpleData>
	</SchemaData></ExtendedData>
      <Point><coordinates>103.599600206411,1.55584664183303,0</coordinates></Point>
  </Placemark>
  <Placemark id="interpolated_points_second_link_hala_jpo.248">
	<name>SECOND LINK HALA JPO</name>
	<ExtendedData><SchemaData schemaUrl="#interpolated_points_second_link_hala_jpo">
		<SimpleData name="fid">1</SimpleData>
		<SimpleData name="tessellate">1</SimpleData>
		<SimpleData name="extrude">0</SimpleData>
		<SimpleData name="visibility">-1</SimpleData>
		<SimpleData name="distance">24700</SimpleData>
		<SimpleData name="angle">2.54342879641542</SimpleData>
		<SimpleData name="KM">KM 24.7</SimpleData>
		<SimpleData name="Latitude">1.557</SimpleData>
		<SimpleData name="Longitude">103.5995808672</SimpleData>
	</SchemaData></ExtendedData>
      <Point><coordinates>103.599580867186,1.55674994526482,0</coordinates></Point>
  </Placemark>
  <Placemark id="interpolated_points_second_link_hala_jpo.249">
	<name>SECOND LINK HALA JPO</name>
	<ExtendedData><SchemaData schemaUrl="#interpolated_points_second_link_hala_jpo">
		<SimpleData name="fid">1</SimpleData>
		<SimpleData name="tessellate">1</SimpleData>
		<SimpleData name="extrude">0</SimpleData>
		<SimpleData name="visibility">-1</SimpleData>
		<SimpleData name="distance">24800</SimpleData>
		<SimpleData name="angle">1.59606992957707</SimpleData>
		<SimpleData name="KM">KM 24.8</SimpleData>
		<SimpleData name="Latitude">1.558</SimpleData>
		<SimpleData name="Longitude">103.5996087552</SimpleData>
	</SchemaData></ExtendedData>
      <Point><coordinates>103.599608755154,1.55765394046683,0</coordinates></Point>
  </Placemark>
  <Placemark id="interpolated_points_second_link_hala_jpo.250">
	<name>SECOND LINK HALA JPO</name>
	<ExtendedData><SchemaData schemaUrl="#interpolated_points_second_link_hala_jpo">
		<SimpleData name="fid">1</SimpleData>
		<SimpleData name="tessellate">1</SimpleData>
		<SimpleData name="extrude">0</SimpleData>
		<SimpleData name="visibility">-1</SimpleData>
		<SimpleData name="distance">24900</SimpleData>
		<SimpleData name="angle">0.0380963671839321</SimpleData>
		<SimpleData name="KM">KM 24.9</SimpleData>
		<SimpleData name="Latitude">1.559</SimpleData>
		<SimpleData name="Longitude">103.5996400000</SimpleData>
	</SchemaData></ExtendedData>
      <Point><coordinates>103.599640000001,1.55855782730513,0</coordinates></Point>
  </Placemark>
  <Placemark id="interpolated_points_second_link_hala_jpo.251">
	<name>SECOND LINK HALA JPO</name>
	<ExtendedData><SchemaData schemaUrl="#interpolated_points_second_link_hala_jpo">
		<SimpleData name="fid">1</SimpleData>
		<SimpleData name="tessellate">1</SimpleData>
		<SimpleData name="extrude">0</SimpleData>
		<SimpleData name="visibility">-1</SimpleData>
		<SimpleData name="distance">25000</SimpleData>
		<SimpleData name="angle">2.37440293813461</SimpleData>
		<SimpleData name="KM">KM 25.0</SimpleData>
		<SimpleData name="Latitude">1.559</SimpleData>
		<SimpleData name="Longitude">103.5996693862</SimpleData>
	</SchemaData></ExtendedData>
      <Point><coordinates>103.599669386184,1.55946152531133,0</coordinates></Point>
  </Placemark>
  <Placemark id="interpolated_points_second_link_hala_jpo.252">
	<name>SECOND LINK HALA JPO</name>
	<ExtendedData><SchemaData schemaUrl="#interpolated_points_second_link_hala_jpo">
		<SimpleData name="fid">1</SimpleData>
		<SimpleData name="tessellate">1</SimpleData>
		<SimpleData name="extrude">0</SimpleData>
		<SimpleData name="visibility">-1</SimpleData>
		<SimpleData name="distance">25100</SimpleData>
		<SimpleData name="angle">2.91871658193189</SimpleData>
		<SimpleData name="KM">KM 25.1</SimpleData>
		<SimpleData name="Latitude">1.560</SimpleData>
		<SimpleData name="Longitude">103.5997097528</SimpleData>
	</SchemaData></ExtendedData>
      <Point><coordinates>103.599709752767,1.56036505533049,0</coordinates></Point>
  </Placemark>
  <Placemark id="interpolated_points_second_link_hala_jpo.253">
	<name>SECOND LINK HALA JPO</name>
	<ExtendedData><SchemaData schemaUrl="#interpolated_points_second_link_hala_jpo">
		<SimpleData name="fid">1</SimpleData>
		<SimpleData name="tessellate">1</SimpleData>
		<SimpleData name="extrude">0</SimpleData>
		<SimpleData name="visibility">-1</SimpleData>
		<SimpleData name="distance">25200</SimpleData>
		<SimpleData name="angle">4.94831325397335</SimpleData>
		<SimpleData name="KM">KM 25.2</SimpleData>
		<SimpleData name="Latitude">1.561</SimpleData>
		<SimpleData name="Longitude">103.5997874733</SimpleData>
	</SchemaData></ExtendedData>
      <Point><coordinates>103.59978747332,1.56126611574152,0</coordinates></Point>
  </Placemark>
  <Placemark id="interpolated_points_second_link_hala_jpo.254">
	<name>SECOND LINK HALA JPO</name>
	<ExtendedData><SchemaData schemaUrl="#interpolated_points_second_link_hala_jpo">
		<SimpleData name="fid">1</SimpleData>
		<SimpleData name="tessellate">1</SimpleData>
		<SimpleData name="extrude">0</SimpleData>
		<SimpleData name="visibility">-1</SimpleData>
		<SimpleData name="distance">25300</SimpleData>
		<SimpleData name="angle">5.78484395651921</SimpleData>
		<SimpleData name="KM">KM 25.3</SimpleData>
		<SimpleData name="Latitude">1.562</SimpleData>
		<SimpleData name="Longitude">103.5998736382</SimpleData>
	</SchemaData></ExtendedData>
      <Point><coordinates>103.599873638229,1.56216638222683,0</coordinates></Point>
  </Placemark>
  <Placemark id="interpolated_points_second_link_hala_jpo.255">
	<name>SECOND LINK HALA JPO</name>
	<ExtendedData><SchemaData schemaUrl="#interpolated_points_second_link_hala_jpo">
		<SimpleData name="fid">1</SimpleData>
		<SimpleData name="tessellate">1</SimpleData>
		<SimpleData name="extrude">0</SimpleData>
		<SimpleData name="visibility">-1</SimpleData>
		<SimpleData name="distance">25400</SimpleData>
		<SimpleData name="angle">7.68057294515998</SimpleData>
		<SimpleData name="KM">KM 25.4</SimpleData>
		<SimpleData name="Latitude">1.563</SimpleData>
		<SimpleData name="Longitude">103.5999805841</SimpleData>
	</SchemaData></ExtendedData>
      <Point><coordinates>103.599980584121,1.56306438085659,0</coordinates></Point>
  </Placemark>
  <Placemark id="interpolated_points_second_link_hala_jpo.256">
	<name>SECOND LINK HALA JPO</name>
	<ExtendedData><SchemaData schemaUrl="#interpolated_points_second_link_hala_jpo">
		<SimpleData name="fid">1</SimpleData>
		<SimpleData name="tessellate">1</SimpleData>
		<SimpleData name="extrude">0</SimpleData>
		<SimpleData name="visibility">-1</SimpleData>
		<SimpleData name="distance">25500</SimpleData>
		<SimpleData name="angle">8.03154908138919</SimpleData>
		<SimpleData name="KM">KM 25.5</SimpleData>
		<SimpleData name="Latitude">1.564</SimpleData>
		<SimpleData name="Longitude">103.6001037621</SimpleData>
	</SchemaData></ExtendedData>
      <Point><coordinates>103.600103762098,1.56396029486691,0</coordinates></Point>
  </Placemark>
  <Placemark id="interpolated_points_second_link_hala_jpo.257">
	<name>SECOND LINK HALA JPO</name>
	<ExtendedData><SchemaData schemaUrl="#interpolated_points_second_link_hala_jpo">
		<SimpleData name="fid">1</SimpleData>
		<SimpleData name="tessellate">1</SimpleData>
		<SimpleData name="extrude">0</SimpleData>
		<SimpleData name="visibility">-1</SimpleData>
		<SimpleData name="distance">25600</SimpleData>
		<SimpleData name="angle">9.5596287709549</SimpleData>
		<SimpleData name="KM">KM 25.6</SimpleData>
		<SimpleData name="Latitude">1.565</SimpleData>
		<SimpleData name="Longitude">103.6002374300</SimpleData>
	</SchemaData></ExtendedData>
      <Point><coordinates>103.600237430009,1.56485458001834,0</coordinates></Point>
  </Placemark>
  <Placemark id="interpolated_points_second_link_hala_jpo.258">
	<name>SECOND LINK HALA JPO</name>
	<ExtendedData><SchemaData schemaUrl="#interpolated_points_second_link_hala_jpo">
		<SimpleData name="fid">1</SimpleData>
		<SimpleData name="tessellate">1</SimpleData>
		<SimpleData name="extrude">0</SimpleData>
		<SimpleData name="visibility">-1</SimpleData>
		<SimpleData name="distance">25700</SimpleData>
		<SimpleData name="angle">9.90547104197715</SimpleData>
		<SimpleData name="KM">KM 25.7</SimpleData>
		<SimpleData name="Latitude">1.566</SimpleData>
		<SimpleData name="Longitude">103.6003899116</SimpleData>
	</SchemaData></ExtendedData>
      <Point><coordinates>103.600389911624,1.56574591716645,0</coordinates></Point>
  </Placemark>
  <Placemark id="interpolated_points_second_link_hala_jpo.259">
	<name>SECOND LINK HALA JPO</name>
	<ExtendedData><SchemaData schemaUrl="#interpolated_points_second_link_hala_jpo">
		<SimpleData name="fid">1</SimpleData>
		<SimpleData name="tessellate">1</SimpleData>
		<SimpleData name="extrude">0</SimpleData>
		<SimpleData name="visibility">-1</SimpleData>
		<SimpleData name="distance">25800</SimpleData>
		<SimpleData name="angle">11.0602760787929</SimpleData>
		<SimpleData name="KM">KM 25.8</SimpleData>
		<SimpleData name="Latitude">1.567</SimpleData>
		<SimpleData name="Longitude">103.6005532664</SimpleData>
	</SchemaData></ExtendedData>
      <Point><coordinates>103.600553266423,1.56663520984552,0</coordinates></Point>
  </Placemark>
  <Placemark id="interpolated_points_second_link_hala_jpo.260">
	<name>SECOND LINK HALA JPO</name>
	<ExtendedData><SchemaData schemaUrl="#interpolated_points_second_link_hala_jpo">
		<SimpleData name="fid">1</SimpleData>
		<SimpleData name="tessellate">1</SimpleData>
		<SimpleData name="extrude">0</SimpleData>
		<SimpleData name="visibility">-1</SimpleData>
		<SimpleData name="distance">25900</SimpleData>
		<SimpleData name="angle">11.4182507724005</SimpleData>
		<SimpleData name="KM">KM 25.9</SimpleData>
		<SimpleData name="Latitude">1.568</SimpleData>
		<SimpleData name="Longitude">103.6007226810</SimpleData>
	</SchemaData></ExtendedData>
      <Point><coordinates>103.600722680995,1.56752340490994,0</coordinates></Point>
  </Placemark>
  <Placemark id="interpolated_points_second_link_hala_jpo.261">
	<name>SECOND LINK HALA JPO</name>
	<ExtendedData><SchemaData schemaUrl="#interpolated_points_second_link_hala_jpo">
		<SimpleData name="fid">1</SimpleData>
		<SimpleData name="tessellate">1</SimpleData>
		<SimpleData name="extrude">0</SimpleData>
		<SimpleData name="visibility">-1</SimpleData>
		<SimpleData name="distance">26000</SimpleData>
		<SimpleData name="angle">14.1602139270925</SimpleData>
		<SimpleData name="KM">KM 26.0</SimpleData>
		<SimpleData name="Latitude">1.568</SimpleData>
		<SimpleData name="Longitude">103.6009307683</SimpleData>
	</SchemaData></ExtendedData>
      <Point><coordinates>103.600930768333,1.56840307331087,0</coordinates></Point>
  </Placemark>
  <Placemark id="interpolated_points_second_link_hala_jpo.262">
	<name>SECOND LINK HALA JPO</name>
	<ExtendedData><SchemaData schemaUrl="#interpolated_points_second_link_hala_jpo">
		<SimpleData name="fid">1</SimpleData>
		<SimpleData name="tessellate">1</SimpleData>
		<SimpleData name="extrude">0</SimpleData>
		<SimpleData name="visibility">-1</SimpleData>
		<SimpleData name="distance">26100</SimpleData>
		<SimpleData name="angle">14.1602260783851</SimpleData>
		<SimpleData name="KM">KM 26.1</SimpleData>
		<SimpleData name="Latitude">1.569</SimpleData>
		<SimpleData name="Longitude">103.6011406219</SimpleData>
	</SchemaData></ExtendedData>
      <Point><coordinates>103.601140621889,1.56928248754379,0</coordinates></Point>
  </Placemark>
  <Placemark id="interpolated_points_second_link_hala_jpo.263">
	<name>SECOND LINK HALA JPO</name>
	<ExtendedData><SchemaData schemaUrl="#interpolated_points_second_link_hala_jpo">
		<SimpleData name="fid">1</SimpleData>
		<SimpleData name="tessellate">1</SimpleData>
		<SimpleData name="extrude">0</SimpleData>
		<SimpleData name="visibility">-1</SimpleData>
		<SimpleData name="distance">26200</SimpleData>
		<SimpleData name="angle">14.7747685282569</SimpleData>
		<SimpleData name="KM">KM 26.2</SimpleData>
		<SimpleData name="Latitude">1.570</SimpleData>
		<SimpleData name="Longitude">103.6013679866</SimpleData>
	</SchemaData></ExtendedData>
      <Point><coordinates>103.601367986571,1.57015751380302,0</coordinates></Point>
  </Placemark>
  <Placemark id="interpolated_points_second_link_hala_jpo.264">
	<name>SECOND LINK HALA JPO</name>
	<ExtendedData><SchemaData schemaUrl="#interpolated_points_second_link_hala_jpo">
		<SimpleData name="fid">1</SimpleData>
		<SimpleData name="tessellate">1</SimpleData>
		<SimpleData name="extrude">0</SimpleData>
		<SimpleData name="visibility">-1</SimpleData>
		<SimpleData name="distance">26300</SimpleData>
		<SimpleData name="angle">16.0798921454423</SimpleData>
		<SimpleData name="KM">KM 26.3</SimpleData>
		<SimpleData name="Latitude">1.571</SimpleData>
		<SimpleData name="Longitude">103.6016043130</SimpleData>
	</SchemaData></ExtendedData>
      <Point><coordinates>103.601604312974,1.5710300954069,0</coordinates></Point>
  </Placemark>
  <Placemark id="interpolated_points_second_link_hala_jpo.265">
	<name>SECOND LINK HALA JPO</name>
	<ExtendedData><SchemaData schemaUrl="#interpolated_points_second_link_hala_jpo">
		<SimpleData name="fid">1</SimpleData>
		<SimpleData name="tessellate">1</SimpleData>
		<SimpleData name="extrude">0</SimpleData>
		<SimpleData name="visibility">-1</SimpleData>
		<SimpleData name="distance">26400</SimpleData>
		<SimpleData name="angle">18.5824843611446</SimpleData>
		<SimpleData name="KM">KM 26.4</SimpleData>
		<SimpleData name="Latitude">1.572</SimpleData>
		<SimpleData name="Longitude">103.6018591104</SimpleData>
	</SchemaData></ExtendedData>
      <Point><coordinates>103.601859110373,1.57189733111955,0</coordinates></Point>
  </Placemark>
  <Placemark id="interpolated_points_second_link_hala_jpo.266">
	<name>SECOND LINK HALA JPO</name>
	<ExtendedData><SchemaData schemaUrl="#interpolated_points_second_link_hala_jpo">
		<SimpleData name="fid">1</SimpleData>
		<SimpleData name="tessellate">1</SimpleData>
		<SimpleData name="extrude">0</SimpleData>
		<SimpleData name="visibility">-1</SimpleData>
		<SimpleData name="distance">26500</SimpleData>
		<SimpleData name="angle">17.3828511371261</SimpleData>
		<SimpleData name="KM">KM 26.5</SimpleData>
		<SimpleData name="Latitude">1.573</SimpleData>
		<SimpleData name="Longitude">103.6021299180</SimpleData>
	</SchemaData></ExtendedData>
      <Point><coordinates>103.602129917955,1.57275973563201,0</coordinates></Point>
  </Placemark>
  <Placemark id="interpolated_points_second_link_hala_jpo.267">
	<name>SECOND LINK HALA JPO</name>
	<ExtendedData><SchemaData schemaUrl="#interpolated_points_second_link_hala_jpo">
		<SimpleData name="fid">1</SimpleData>
		<SimpleData name="tessellate">1</SimpleData>
		<SimpleData name="extrude">0</SimpleData>
		<SimpleData name="visibility">-1</SimpleData>
		<SimpleData name="distance">26600</SimpleData>
		<SimpleData name="angle">14.1602691248112</SimpleData>
		<SimpleData name="KM">KM 26.6</SimpleData>
		<SimpleData name="Latitude">1.574</SimpleData>
		<SimpleData name="Longitude">103.6024166912</SimpleData>
	</SchemaData></ExtendedData>
      <Point><coordinates>103.602416691203,1.57361676481314,0</coordinates></Point>
  </Placemark>
  <Placemark id="interpolated_points_second_link_hala_jpo.268">
	<name>SECOND LINK HALA JPO</name>
	<ExtendedData><SchemaData schemaUrl="#interpolated_points_second_link_hala_jpo">
		<SimpleData name="fid">1</SimpleData>
		<SimpleData name="tessellate">1</SimpleData>
		<SimpleData name="extrude">0</SimpleData>
		<SimpleData name="visibility">-1</SimpleData>
		<SimpleData name="distance">26700</SimpleData>
		<SimpleData name="angle">20.2620760281173</SimpleData>
		<SimpleData name="KM">KM 26.7</SimpleData>
		<SimpleData name="Latitude">1.574</SimpleData>
		<SimpleData name="Longitude">103.6027198515</SimpleData>
	</SchemaData></ExtendedData>
      <Point><coordinates>103.602719851454,1.57446813077404,0</coordinates></Point>
  </Placemark>
  <Placemark id="interpolated_points_second_link_hala_jpo.269">
	<name>SECOND LINK HALA JPO</name>
	<ExtendedData><SchemaData schemaUrl="#interpolated_points_second_link_hala_jpo">
		<SimpleData name="fid">1</SimpleData>
		<SimpleData name="tessellate">1</SimpleData>
		<SimpleData name="extrude">0</SimpleData>
		<SimpleData name="visibility">-1</SimpleData>
		<SimpleData name="distance">26800</SimpleData>
		<SimpleData name="angle">20.2620760281173</SimpleData>
		<SimpleData name="KM">KM 26.8</SimpleData>
		<SimpleData name="Latitude">1.575</SimpleData>
		<SimpleData name="Longitude">103.6030305343</SimpleData>
	</SchemaData></ExtendedData>
      <Point><coordinates>103.603030534298,1.5753168253915,0</coordinates></Point>
  </Placemark>
  <Placemark id="interpolated_points_second_link_hala_jpo.270">
	<name>SECOND LINK HALA JPO</name>
	<ExtendedData><SchemaData schemaUrl="#interpolated_points_second_link_hala_jpo">
		<SimpleData name="fid">1</SimpleData>
		<SimpleData name="tessellate">1</SimpleData>
		<SimpleData name="extrude">0</SimpleData>
		<SimpleData name="visibility">-1</SimpleData>
		<SimpleData name="distance">26900</SimpleData>
		<SimpleData name="angle">23.2207534655346</SimpleData>
		<SimpleData name="KM">KM 26.9</SimpleData>
		<SimpleData name="Latitude">1.576</SimpleData>
		<SimpleData name="Longitude">103.6033689793</SimpleData>
	</SchemaData></ExtendedData>
      <Point><coordinates>103.603368979339,1.57615460144328,0</coordinates></Point>
  </Placemark>
  <Placemark id="interpolated_points_second_link_hala_jpo.271">
	<name>SECOND LINK HALA JPO</name>
	<ExtendedData><SchemaData schemaUrl="#interpolated_points_second_link_hala_jpo">
		<SimpleData name="fid">1</SimpleData>
		<SimpleData name="tessellate">1</SimpleData>
		<SimpleData name="extrude">0</SimpleData>
		<SimpleData name="visibility">-1</SimpleData>
		<SimpleData name="distance">27000</SimpleData>
		<SimpleData name="angle">23.2207534655346</SimpleData>
		<SimpleData name="KM">KM 27.0</SimpleData>
		<SimpleData name="Latitude">1.577</SimpleData>
		<SimpleData name="Longitude">103.6037227775</SimpleData>
	</SchemaData></ExtendedData>
      <Point><coordinates>103.6037227775,1.57698602712046,0</coordinates></Point>
  </Placemark>
  <Placemark id="interpolated_points_second_link_hala_jpo.272">
	<name>SECOND LINK HALA JPO</name>
	<ExtendedData><SchemaData schemaUrl="#interpolated_points_second_link_hala_jpo">
		<SimpleData name="fid">1</SimpleData>
		<SimpleData name="tessellate">1</SimpleData>
		<SimpleData name="extrude">0</SimpleData>
		<SimpleData name="visibility">-1</SimpleData>
		<SimpleData name="distance">27100</SimpleData>
		<SimpleData name="angle">24.3753668496629</SimpleData>
		<SimpleData name="KM">KM 27.1</SimpleData>
		<SimpleData name="Latitude">1.578</SimpleData>
		<SimpleData name="Longitude">103.6040925546</SimpleData>
	</SchemaData></ExtendedData>
      <Point><coordinates>103.604092554612,1.57781018401091,0</coordinates></Point>
  </Placemark>
  <Placemark id="interpolated_points_second_link_hala_jpo.273">
	<name>SECOND LINK HALA JPO</name>
	<ExtendedData><SchemaData schemaUrl="#interpolated_points_second_link_hala_jpo">
		<SimpleData name="fid">1</SimpleData>
		<SimpleData name="tessellate">1</SimpleData>
		<SimpleData name="extrude">0</SimpleData>
		<SimpleData name="visibility">-1</SimpleData>
		<SimpleData name="distance">27200</SimpleData>
		<SimpleData name="angle">24.3753668496629</SimpleData>
		<SimpleData name="KM">KM 27.2</SimpleData>
		<SimpleData name="Latitude">1.579</SimpleData>
		<SimpleData name="Longitude">103.6044629289</SimpleData>
	</SchemaData></ExtendedData>
      <Point><coordinates>103.604462928885,1.57863426676791,0</coordinates></Point>
  </Placemark>
  <Placemark id="interpolated_points_second_link_hala_jpo.274">
	<name>SECOND LINK HALA JPO</name>
	<ExtendedData><SchemaData schemaUrl="#interpolated_points_second_link_hala_jpo">
		<SimpleData name="fid">1</SimpleData>
		<SimpleData name="tessellate">1</SimpleData>
		<SimpleData name="extrude">0</SimpleData>
		<SimpleData name="visibility">-1</SimpleData>
		<SimpleData name="distance">27300</SimpleData>
		<SimpleData name="angle">25.6637752552529</SimpleData>
		<SimpleData name="KM">KM 27.3</SimpleData>
		<SimpleData name="Latitude">1.579</SimpleData>
		<SimpleData name="Longitude">103.6048512725</SimpleData>
	</SchemaData></ExtendedData>
      <Point><coordinates>103.604851272453,1.57944992455684,0</coordinates></Point>
  </Placemark>
  <Placemark id="interpolated_points_second_link_hala_jpo.275">
	<name>SECOND LINK HALA JPO</name>
	<ExtendedData><SchemaData schemaUrl="#interpolated_points_second_link_hala_jpo">
		<SimpleData name="fid">1</SimpleData>
		<SimpleData name="tessellate">1</SimpleData>
		<SimpleData name="extrude">0</SimpleData>
		<SimpleData name="visibility">-1</SimpleData>
		<SimpleData name="distance">27400</SimpleData>
		<SimpleData name="angle">26.9808042735877</SimpleData>
		<SimpleData name="KM">KM 27.4</SimpleData>
		<SimpleData name="Latitude">1.580</SimpleData>
		<SimpleData name="Longitude">103.6052523542</SimpleData>
	</SchemaData></ExtendedData>
      <Point><coordinates>103.605252354209,1.58025926133908,0</coordinates></Point>
  </Placemark>
  <Placemark id="interpolated_points_second_link_hala_jpo.276">
	<name>SECOND LINK HALA JPO</name>
	<ExtendedData><SchemaData schemaUrl="#interpolated_points_second_link_hala_jpo">
		<SimpleData name="fid">1</SimpleData>
		<SimpleData name="tessellate">1</SimpleData>
		<SimpleData name="extrude">0</SimpleData>
		<SimpleData name="visibility">-1</SimpleData>
		<SimpleData name="distance">27500</SimpleData>
		<SimpleData name="angle">27.9467894092844</SimpleData>
		<SimpleData name="KM">KM 27.5</SimpleData>
		<SimpleData name="Latitude">1.581</SimpleData>
		<SimpleData name="Longitude">103.6056623847</SimpleData>
	</SchemaData></ExtendedData>
      <Point><coordinates>103.605662384701,1.58106253093308,0</coordinates></Point>
  </Placemark>
  <Placemark id="interpolated_points_second_link_hala_jpo.277">
	<name>SECOND LINK HALA JPO</name>
	<ExtendedData><SchemaData schemaUrl="#interpolated_points_second_link_hala_jpo">
		<SimpleData name="fid">1</SimpleData>
		<SimpleData name="tessellate">1</SimpleData>
		<SimpleData name="extrude">0</SimpleData>
		<SimpleData name="visibility">-1</SimpleData>
		<SimpleData name="distance">27600</SimpleData>
		<SimpleData name="angle">29.7057306089049</SimpleData>
		<SimpleData name="KM">KM 27.6</SimpleData>
		<SimpleData name="Latitude">1.582</SimpleData>
		<SimpleData name="Longitude">103.6060847635</SimpleData>
	</SchemaData></ExtendedData>
      <Point><coordinates>103.606084763461,1.58186041545254,0</coordinates></Point>
  </Placemark>
  <Placemark id="interpolated_points_second_link_hala_jpo.278">
	<name>SECOND LINK HALA JPO</name>
	<ExtendedData><SchemaData schemaUrl="#interpolated_points_second_link_hala_jpo">
		<SimpleData name="fid">1</SimpleData>
		<SimpleData name="tessellate">1</SimpleData>
		<SimpleData name="extrude">0</SimpleData>
		<SimpleData name="visibility">-1</SimpleData>
		<SimpleData name="distance">27700</SimpleData>
		<SimpleData name="angle">31.0140076638271</SimpleData>
		<SimpleData name="KM">KM 27.7</SimpleData>
		<SimpleData name="Latitude">1.583</SimpleData>
		<SimpleData name="Longitude">103.6065309830</SimpleData>
	</SchemaData></ExtendedData>
      <Point><coordinates>103.60653098296,1.58264547143588,0</coordinates></Point>
  </Placemark>
  <Placemark id="interpolated_points_second_link_hala_jpo.279">
	<name>SECOND LINK HALA JPO</name>
	<ExtendedData><SchemaData schemaUrl="#interpolated_points_second_link_hala_jpo">
		<SimpleData name="fid">1</SimpleData>
		<SimpleData name="tessellate">1</SimpleData>
		<SimpleData name="extrude">0</SimpleData>
		<SimpleData name="visibility">-1</SimpleData>
		<SimpleData name="distance">27800</SimpleData>
		<SimpleData name="angle">30.3880142011251</SimpleData>
		<SimpleData name="KM">KM 27.8</SimpleData>
		<SimpleData name="Latitude">1.583</SimpleData>
		<SimpleData name="Longitude">103.6069910486</SimpleData>
	</SchemaData></ExtendedData>
      <Point><coordinates>103.606991048569,1.5834224272342,0</coordinates></Point>
  </Placemark>
  <Placemark id="interpolated_points_second_link_hala_jpo.280">
	<name>SECOND LINK HALA JPO</name>
	<ExtendedData><SchemaData schemaUrl="#interpolated_points_second_link_hala_jpo">
		<SimpleData name="fid">1</SimpleData>
		<SimpleData name="tessellate">1</SimpleData>
		<SimpleData name="extrude">0</SimpleData>
		<SimpleData name="visibility">-1</SimpleData>
		<SimpleData name="distance">27900</SimpleData>
		<SimpleData name="angle">32.1321968801875</SimpleData>
		<SimpleData name="KM">KM 27.9</SimpleData>
		<SimpleData name="Latitude">1.584</SimpleData>
		<SimpleData name="Longitude">103.6074593389</SimpleData>
	</SchemaData></ExtendedData>
      <Point><coordinates>103.607459338945,1.58419428808543,0</coordinates></Point>
  </Placemark>
  <Placemark id="interpolated_points_second_link_hala_jpo.281">
	<name>SECOND LINK HALA JPO</name>
	<ExtendedData><SchemaData schemaUrl="#interpolated_points_second_link_hala_jpo">
		<SimpleData name="fid">1</SimpleData>
		<SimpleData name="tessellate">1</SimpleData>
		<SimpleData name="extrude">0</SimpleData>
		<SimpleData name="visibility">-1</SimpleData>
		<SimpleData name="distance">28000</SimpleData>
		<SimpleData name="angle">33.896148730615</SimpleData>
		<SimpleData name="KM">KM 28.0</SimpleData>
		<SimpleData name="Latitude">1.585</SimpleData>
		<SimpleData name="Longitude">103.6079532230</SimpleData>
	</SchemaData></ExtendedData>
      <Point><coordinates>103.607953222963,1.5849498344451,0</coordinates></Point>
  </Placemark>
  <Placemark id="interpolated_points_second_link_hala_jpo.282">
	<name>SECOND LINK HALA JPO</name>
	<ExtendedData><SchemaData schemaUrl="#interpolated_points_second_link_hala_jpo">
		<SimpleData name="fid">1</SimpleData>
		<SimpleData name="tessellate">1</SimpleData>
		<SimpleData name="extrude">0</SimpleData>
		<SimpleData name="visibility">-1</SimpleData>
		<SimpleData name="distance">28100</SimpleData>
		<SimpleData name="angle">33.8961401967372</SimpleData>
		<SimpleData name="KM">KM 28.1</SimpleData>
		<SimpleData name="Latitude">1.586</SimpleData>
		<SimpleData name="Longitude">103.6084562369</SimpleData>
	</SchemaData></ExtendedData>
      <Point><coordinates>103.608456236856,1.5856993552891,0</coordinates></Point>
  </Placemark>
  <Placemark id="interpolated_points_second_link_hala_jpo.283">
	<name>SECOND LINK HALA JPO</name>
	<ExtendedData><SchemaData schemaUrl="#interpolated_points_second_link_hala_jpo">
		<SimpleData name="fid">1</SimpleData>
		<SimpleData name="tessellate">1</SimpleData>
		<SimpleData name="extrude">0</SimpleData>
		<SimpleData name="visibility">-1</SimpleData>
		<SimpleData name="distance">28200</SimpleData>
		<SimpleData name="angle">33.8961401967372</SimpleData>
		<SimpleData name="KM">KM 28.2</SimpleData>
		<SimpleData name="Latitude">1.586</SimpleData>
		<SimpleData name="Longitude">103.6089569586</SimpleData>
	</SchemaData></ExtendedData>
      <Point><coordinates>103.608956958554,1.58645043785851,0</coordinates></Point>
  </Placemark>
  <Placemark id="interpolated_points_second_link_hala_jpo.284">
	<name>SECOND LINK HALA JPO</name>
	<ExtendedData><SchemaData schemaUrl="#interpolated_points_second_link_hala_jpo">
		<SimpleData name="fid">1</SimpleData>
		<SimpleData name="tessellate">1</SimpleData>
		<SimpleData name="extrude">0</SimpleData>
		<SimpleData name="visibility">-1</SimpleData>
		<SimpleData name="distance">28300</SimpleData>
		<SimpleData name="angle">33.8961332893493</SimpleData>
		<SimpleData name="KM">KM 28.3</SimpleData>
		<SimpleData name="Latitude">1.587</SimpleData>
		<SimpleData name="Longitude">103.6094666185</SimpleData>
	</SchemaData></ExtendedData>
      <Point><coordinates>103.609466618525,1.58719492779245,0</coordinates></Point>
  </Placemark>
  <Placemark id="interpolated_points_second_link_hala_jpo.285">
	<name>SECOND LINK HALA JPO</name>
	<ExtendedData><SchemaData schemaUrl="#interpolated_points_second_link_hala_jpo">
		<SimpleData name="fid">1</SimpleData>
		<SimpleData name="tessellate">1</SimpleData>
		<SimpleData name="extrude">0</SimpleData>
		<SimpleData name="visibility">-1</SimpleData>
		<SimpleData name="distance">28400</SimpleData>
		<SimpleData name="angle">30.7767857194296</SimpleData>
		<SimpleData name="KM">KM 28.4</SimpleData>
		<SimpleData name="Latitude">1.588</SimpleData>
		<SimpleData name="Longitude">103.6099394794</SimpleData>
	</SchemaData></ExtendedData>
      <Point><coordinates>103.609939479374,1.58796373433101,0</coordinates></Point>
  </Placemark>
  <Placemark id="interpolated_points_second_link_hala_jpo.286">
	<name>SECOND LINK HALA JPO</name>
	<ExtendedData><SchemaData schemaUrl="#interpolated_points_second_link_hala_jpo">
		<SimpleData name="fid">1</SimpleData>
		<SimpleData name="tessellate">1</SimpleData>
		<SimpleData name="extrude">0</SimpleData>
		<SimpleData name="visibility">-1</SimpleData>
		<SimpleData name="distance">28500</SimpleData>
		<SimpleData name="angle">30.2973847398505</SimpleData>
		<SimpleData name="KM">KM 28.5</SimpleData>
		<SimpleData name="Latitude">1.589</SimpleData>
		<SimpleData name="Longitude">103.6103935029</SimpleData>
	</SchemaData></ExtendedData>
      <Point><coordinates>103.61039350287,1.58874429245331,0</coordinates></Point>
  </Placemark>
  <Placemark id="interpolated_points_second_link_hala_jpo.287">
	<name>SECOND LINK HALA JPO</name>
	<ExtendedData><SchemaData schemaUrl="#interpolated_points_second_link_hala_jpo">
		<SimpleData name="fid">1</SimpleData>
		<SimpleData name="tessellate">1</SimpleData>
		<SimpleData name="extrude">0</SimpleData>
		<SimpleData name="visibility">-1</SimpleData>
		<SimpleData name="distance">28600</SimpleData>
		<SimpleData name="angle">31.1624632343258</SimpleData>
		<SimpleData name="KM">KM 28.6</SimpleData>
		<SimpleData name="Latitude">1.590</SimpleData>
		<SimpleData name="Longitude">103.6108366038</SimpleData>
	</SchemaData></ExtendedData>
      <Point><coordinates>103.610836603846,1.58953100641024,0</coordinates></Point>
  </Placemark>
  <Placemark id="interpolated_points_second_link_hala_jpo.288">
	<name>SECOND LINK HALA JPO</name>
	<ExtendedData><SchemaData schemaUrl="#interpolated_points_second_link_hala_jpo">
		<SimpleData name="fid">1</SimpleData>
		<SimpleData name="tessellate">1</SimpleData>
		<SimpleData name="extrude">0</SimpleData>
		<SimpleData name="visibility">-1</SimpleData>
		<SimpleData name="distance">28700</SimpleData>
		<SimpleData name="angle">25.1058533086863</SimpleData>
		<SimpleData name="KM">KM 28.7</SimpleData>
		<SimpleData name="Latitude">1.590</SimpleData>
		<SimpleData name="Longitude">103.6112424695</SimpleData>
	</SchemaData></ExtendedData>
      <Point><coordinates>103.611242469486,1.59033743434589,0</coordinates></Point>
  </Placemark>
  <Placemark id="interpolated_points_second_link_hala_jpo.289">
	<name>SECOND LINK HALA JPO</name>
	<ExtendedData><SchemaData schemaUrl="#interpolated_points_second_link_hala_jpo">
		<SimpleData name="fid">1</SimpleData>
		<SimpleData name="tessellate">1</SimpleData>
		<SimpleData name="extrude">0</SimpleData>
		<SimpleData name="visibility">-1</SimpleData>
		<SimpleData name="distance">28800</SimpleData>
		<SimpleData name="angle">25.1058533086863</SimpleData>
		<SimpleData name="KM">KM 28.8</SimpleData>
		<SimpleData name="Latitude">1.591</SimpleData>
		<SimpleData name="Longitude">103.6116232555</SimpleData>
	</SchemaData></ExtendedData>
      <Point><coordinates>103.611623255549,1.59115670132793,0</coordinates></Point>
  </Placemark>
  <Placemark id="interpolated_points_second_link_hala_jpo.290">
	<name>SECOND LINK HALA JPO</name>
	<ExtendedData><SchemaData schemaUrl="#interpolated_points_second_link_hala_jpo">
		<SimpleData name="fid">1</SimpleData>
		<SimpleData name="tessellate">1</SimpleData>
		<SimpleData name="extrude">0</SimpleData>
		<SimpleData name="visibility">-1</SimpleData>
		<SimpleData name="distance">28900</SimpleData>
		<SimpleData name="angle">23.3686715911224</SimpleData>
		<SimpleData name="KM">KM 28.9</SimpleData>
		<SimpleData name="Latitude">1.592</SimpleData>
		<SimpleData name="Longitude">103.6119871241</SimpleData>
	</SchemaData></ExtendedData>
      <Point><coordinates>103.611987124142,1.59198328966476,0</coordinates></Point>
  </Placemark>
  <Placemark id="interpolated_points_second_link_hala_jpo.291">
	<name>SECOND LINK HALA JPO</name>
	<ExtendedData><SchemaData schemaUrl="#interpolated_points_second_link_hala_jpo">
		<SimpleData name="fid">1</SimpleData>
		<SimpleData name="tessellate">1</SimpleData>
		<SimpleData name="extrude">0</SimpleData>
		<SimpleData name="visibility">-1</SimpleData>
		<SimpleData name="distance">29000</SimpleData>
		<SimpleData name="angle">20.0399474046101</SimpleData>
		<SimpleData name="KM">KM 29.0</SimpleData>
		<SimpleData name="Latitude">1.593</SimpleData>
		<SimpleData name="Longitude">103.6122904119</SimpleData>
	</SchemaData></ExtendedData>
      <Point><coordinates>103.612290411873,1.59283466811075,0</coordinates></Point>
  </Placemark>
  <Placemark id="interpolated_points_second_link_hala_jpo.292">
	<name>SECOND LINK HALA JPO</name>
	<ExtendedData><SchemaData schemaUrl="#interpolated_points_second_link_hala_jpo">
		<SimpleData name="fid">1</SimpleData>
		<SimpleData name="tessellate">1</SimpleData>
		<SimpleData name="extrude">0</SimpleData>
		<SimpleData name="visibility">-1</SimpleData>
		<SimpleData name="distance">29100</SimpleData>
		<SimpleData name="angle">17.3829058215</SimpleData>
		<SimpleData name="KM">KM 29.1</SimpleData>
		<SimpleData name="Latitude">1.594</SimpleData>
		<SimpleData name="Longitude">103.6125886395</SimpleData>
	</SchemaData></ExtendedData>
      <Point><coordinates>103.612588639549,1.59368783854489,0</coordinates></Point>
  </Placemark>
  <Placemark id="interpolated_points_second_link_hala_jpo.293">
	<name>SECOND LINK HALA JPO</name>
	<ExtendedData><SchemaData schemaUrl="#interpolated_points_second_link_hala_jpo">
		<SimpleData name="fid">1</SimpleData>
		<SimpleData name="tessellate">1</SimpleData>
		<SimpleData name="extrude">0</SimpleData>
		<SimpleData name="visibility">-1</SimpleData>
		<SimpleData name="distance">29200</SimpleData>
		<SimpleData name="angle">16.3002558215425</SimpleData>
		<SimpleData name="KM">KM 29.2</SimpleData>
		<SimpleData name="Latitude">1.595</SimpleData>
		<SimpleData name="Longitude">103.6128476398</SimpleData>
	</SchemaData></ExtendedData>
      <Point><coordinates>103.612847639791,1.59455385725836,0</coordinates></Point>
  </Placemark>
  <Placemark id="interpolated_points_second_link_hala_jpo.294">
	<name>SECOND LINK HALA JPO</name>
	<ExtendedData><SchemaData schemaUrl="#interpolated_points_second_link_hala_jpo">
		<SimpleData name="fid">1</SimpleData>
		<SimpleData name="tessellate">1</SimpleData>
		<SimpleData name="extrude">0</SimpleData>
		<SimpleData name="visibility">-1</SimpleData>
		<SimpleData name="distance">29300</SimpleData>
		<SimpleData name="angle">14.4751903599657</SimpleData>
		<SimpleData name="KM">KM 29.3</SimpleData>
		<SimpleData name="Latitude">1.595</SimpleData>
		<SimpleData name="Longitude">103.6130763534</SimpleData>
	</SchemaData></ExtendedData>
      <Point><coordinates>103.613076353424,1.59542847244068,0</coordinates></Point>
  </Placemark>
  <Placemark id="interpolated_points_second_link_hala_jpo.295">
	<name>SECOND LINK HALA JPO</name>
	<ExtendedData><SchemaData schemaUrl="#interpolated_points_second_link_hala_jpo">
		<SimpleData name="fid">1</SimpleData>
		<SimpleData name="tessellate">1</SimpleData>
		<SimpleData name="extrude">0</SimpleData>
		<SimpleData name="visibility">-1</SimpleData>
		<SimpleData name="distance">29400</SimpleData>
		<SimpleData name="angle">12.0885289366945</SimpleData>
		<SimpleData name="KM">KM 29.4</SimpleData>
		<SimpleData name="Latitude">1.596</SimpleData>
		<SimpleData name="Longitude">103.6132790020</SimpleData>
	</SchemaData></ExtendedData>
      <Point><coordinates>103.613279002039,1.59630958102763,0</coordinates></Point>
  </Placemark>
</Folder>
</Document></kml>
